symbol,date
AAPL,2023-01-03
AMC,2023-01-03
AMZN,2023-01-03
IWM,2023-01-03
MRNA,2023-01-03
MSFT,2023-01-03
NVDA,2023-01-03
QQQ,2023-01-03
SHOP,2023-01-03
SOXL,2023-01-03
SOXS,2023-01-03
SPY,2023-01-03
SQQQ,2023-01-03
TQQQ,2023-01-03
TSLA,2023-01-03
UVXY,2023-01-03
AAPL,2023-01-04
AMC,2023-01-04
AMZN,2023-01-04
IWM,2023-01-04
META,2023-01-04
MRNA,2023-01-04
MSFT,2023-01-04
NVDA,2023-01-04
PDD,2023-01-04
QQQ,2023-01-04
SOXL,2023-01-04
SOXS,2023-01-04
SPY,2023-01-04
SQQQ,2023-01-04
TQQQ,2023-01-04
TSLA,2023-01-04
UVXY,2023-01-04
AAPL,2023-01-05
AMZN,2023-01-05
META,2023-01-05
MSFT,2023-01-05
NVDA,2023-01-05
QQQ,2023-01-05
SNOW,2023-01-05
SOXS,2023-01-05
SPY,2023-01-05
SQQQ,2023-01-05
TQQQ,2023-01-05
UVXY,2023-01-05
AAPL,2023-01-06
AMZN,2023-01-06
BABA,2023-01-06
CRWD,2023-01-06
META,2023-01-06
MSFT,2023-01-06
NVDA,2023-01-06
PDD,2023-01-06
QQQ,2023-01-06
SNOW,2023-01-06
SPY,2023-01-06
SQQQ,2023-01-06
TQQQ,2023-01-06
TSLA,2023-01-06
UVXY,2023-01-06
AAPL,2023-01-09
AMD,2023-01-09
AMZN,2023-01-09
BABA,2023-01-09
MSFT,2023-01-09
NVDA,2023-01-09
PDD,2023-01-09
QQQ,2023-01-09
SOXS,2023-01-09
SPY,2023-01-09
SQQQ,2023-01-09
TSLA,2023-01-09
UVXY,2023-01-09
AAPL,2023-01-10
AMZN,2023-01-10
BABA,2023-01-10
MSFT,2023-01-10
QQQ,2023-01-10
SOXS,2023-01-10
SPY,2023-01-10
SQQQ,2023-01-10
TQQQ,2023-01-10
UVXY,2023-01-10
AAPL,2023-01-11
AMD,2023-01-11
AMZN,2023-01-11
BABA,2023-01-11
MSFT,2023-01-11
NFLX,2023-01-11
NVDA,2023-01-11
QQQ,2023-01-11
SOXL,2023-01-11
SOXS,2023-01-11
SPY,2023-01-11
SQQQ,2023-01-11
TQQQ,2023-01-11
TSLA,2023-01-11
UVXY,2023-01-11
AAPL,2023-01-12
AMD,2023-01-12
BABA,2023-01-12
IWM,2023-01-12
META,2023-01-12
MSFT,2023-01-12
NVDA,2023-01-12
QQQ,2023-01-12
SOXL,2023-01-12
SOXS,2023-01-12
SPY,2023-01-12
SQQQ,2023-01-12
TQQQ,2023-01-12
TSLA,2023-01-12
UVXY,2023-01-12
AAPL,2023-01-13
AMC,2023-01-13
AMD,2023-01-13
AMZN,2023-01-13
BABA,2023-01-13
IWM,2023-01-13
MSFT,2023-01-13
NVDA,2023-01-13
QQQ,2023-01-13
SOXL,2023-01-13
SOXS,2023-01-13
SPY,2023-01-13
SQQQ,2023-01-13
TQQQ,2023-01-13
TSLA,2023-01-13
UVXY,2023-01-13
AAPL,2023-01-17
AMC,2023-01-17
AMD,2023-01-17
AMZN,2023-01-17
BABA,2023-01-17
IWM,2023-01-17
MSFT,2023-01-17
NVDA,2023-01-17
QQQ,2023-01-17
SOXL,2023-01-17
SPY,2023-01-17
SQQQ,2023-01-17
TQQQ,2023-01-17
TSLA,2023-01-17
UVXY,2023-01-17
AAPL,2023-01-18
AMZN,2023-01-18
GS,2023-01-18
IWM,2023-01-18
MSFT,2023-01-18
NVDA,2023-01-18
QQQ,2023-01-18
SHOP,2023-01-18
SOXL,2023-01-18
SOXS,2023-01-18
SPY,2023-01-18
SQQQ,2023-01-18
TQQQ,2023-01-18
UVXY,2023-01-18
AAPL,2023-01-19
AMC,2023-01-19
AMZN,2023-01-19
COIN,2023-01-19
IWM,2023-01-19
MRNA,2023-01-19
MSFT,2023-01-19
NVDA,2023-01-19
QQQ,2023-01-19
SOXL,2023-01-19
SOXS,2023-01-19
SPY,2023-01-19
SQQQ,2023-01-19
TQQQ,2023-01-19
TSLA,2023-01-19
AAPL,2023-01-20
AMC,2023-01-20
AMZN,2023-01-20
COIN,2023-01-20
IWM,2023-01-20
MRNA,2023-01-20
MSFT,2023-01-20
NFLX,2023-01-20
NVDA,2023-01-20
QQQ,2023-01-20
SOXL,2023-01-20
SPY,2023-01-20
SQQQ,2023-01-20
TQQQ,2023-01-20
TSLA,2023-01-20
UVXY,2023-01-20
AAPL,2023-01-23
AMC,2023-01-23
AMZN,2023-01-23
IWM,2023-01-23
MRNA,2023-01-23
MSFT,2023-01-23
QQQ,2023-01-23
SOXS,2023-01-23
SPY,2023-01-23
SQQQ,2023-01-23
TSLA,2023-01-23
UVXY,2023-01-23
AAPL,2023-01-24
AMC,2023-01-24
AMZN,2023-01-24
COIN,2023-01-24
MSFT,2023-01-24
NFLX,2023-01-24
QQQ,2023-01-24
SOXS,2023-01-24
SPY,2023-01-24
SQQQ,2023-01-24
UVXY,2023-01-24
AAPL,2023-01-25
AMC,2023-01-25
AMD,2023-01-25
AMZN,2023-01-25
COIN,2023-01-25
MSFT,2023-01-25
NFLX,2023-01-25
NVDA,2023-01-25
QQQ,2023-01-25
SHOP,2023-01-25
SOXL,2023-01-25
SOXS,2023-01-25
SPY,2023-01-25
SQQQ,2023-01-25
TQQQ,2023-01-25
TSLA,2023-01-25
UVXY,2023-01-25
AAPL,2023-01-26
AMC,2023-01-26
AMZN,2023-01-26
GOOGL,2023-01-26
MSFT,2023-01-26
NVDA,2023-01-26
QQQ,2023-01-26
SNOW,2023-01-26
SOXL,2023-01-26
SOXS,2023-01-26
SPY,2023-01-26
SQQQ,2023-01-26
TQQQ,2023-01-26
TSLA,2023-01-26
UVXY,2023-01-26
AAPL,2023-01-27
AMC,2023-01-27
AMZN,2023-01-27
META,2023-01-27
MSFT,2023-01-27
NOW,2023-01-27
NVDA,2023-01-27
QQQ,2023-01-27
SHOP,2023-01-27
SOXL,2023-01-27
SPY,2023-01-27
SQQQ,2023-01-27
UVXY,2023-01-27
AAPL,2023-01-30
AMC,2023-01-30
AMD,2023-01-30
AMZN,2023-01-30
META,2023-01-30
MSFT,2023-01-30
NVDA,2023-01-30
QQQ,2023-01-30
SNOW,2023-01-30
SOXL,2023-01-30
SPY,2023-01-30
SQQQ,2023-01-30
TQQQ,2023-01-30
UVXY,2023-01-30
AAPL,2023-01-31
AMC,2023-01-31
AMD,2023-01-31
AMZN,2023-01-31
META,2023-01-31
MSFT,2023-01-31
NVDA,2023-01-31
QQQ,2023-01-31
SOXL,2023-01-31
SPY,2023-01-31
TQQQ,2023-01-31
TSLA,2023-01-31
UVXY,2023-01-31
AAPL,2023-02-01
AMD,2023-02-01
AMZN,2023-02-01
IWM,2023-02-01
META,2023-02-01
MSFT,2023-02-01
NOW,2023-02-01
NVDA,2023-02-01
QQQ,2023-02-01
SHOP,2023-02-01
SPY,2023-02-01
SQQQ,2023-02-01
TQQQ,2023-02-01
TSLA,2023-02-01
UVXY,2023-02-01
AAPL,2023-02-02
AMZN,2023-02-02
META,2023-02-02
MSFT,2023-02-02
QQQ,2023-02-02
SHOP,2023-02-02
SOXS,2023-02-02
SPY,2023-02-02
SQQQ,2023-02-02
TSLA,2023-02-02
UVXY,2023-02-02
AAPL,2023-02-03
AMD,2023-02-03
MSFT,2023-02-03
NVDA,2023-02-03
QQQ,2023-02-03
SPY,2023-02-03
SQQQ,2023-02-03
TSLA,2023-02-03
UVXY,2023-02-03
AAPL,2023-02-06
AMC,2023-02-06
AMD,2023-02-06
AMZN,2023-02-06
COIN,2023-02-06
GOOGL,2023-02-06
META,2023-02-06
MSFT,2023-02-06
NVDA,2023-02-06
QQQ,2023-02-06
SOXL,2023-02-06
SPY,2023-02-06
TQQQ,2023-02-06
TSLA,2023-02-06
UVXY,2023-02-06
AAPL,2023-02-07
AMD,2023-02-07
AMZN,2023-02-07
COIN,2023-02-07
META,2023-02-07
MSFT,2023-02-07
NVDA,2023-02-07
QQQ,2023-02-07
SOXL,2023-02-07
SPY,2023-02-07
SQQQ,2023-02-07
TQQQ,2023-02-07
TSLA,2023-02-07
UBER,2023-02-07
UVXY,2023-02-07
AAPL,2023-02-08
AMC,2023-02-08
AMD,2023-02-08
AMZN,2023-02-08
COIN,2023-02-08
META,2023-02-08
MSFT,2023-02-08
QQQ,2023-02-08
SPY,2023-02-08
SQQQ,2023-02-08
TSLA,2023-02-08
UBER,2023-02-08
UVXY,2023-02-08
AAPL,2023-02-09
AMC,2023-02-09
AMD,2023-02-09
AMZN,2023-02-09
COIN,2023-02-09
GOOGL,2023-02-09
META,2023-02-09
MSFT,2023-02-09
NVDA,2023-02-09
QQQ,2023-02-09
SOXL,2023-02-09
SPY,2023-02-09
TQQQ,2023-02-09
TSLA,2023-02-09
AAPL,2023-02-10
AMC,2023-02-10
AMD,2023-02-10
AMZN,2023-02-10
COIN,2023-02-10
GOOGL,2023-02-10
META,2023-02-10
MSFT,2023-02-10
NVDA,2023-02-10
QQQ,2023-02-10
SOXL,2023-02-10
SPY,2023-02-10
SQQQ,2023-02-10
TQQQ,2023-02-10
TSLA,2023-02-10
UBER,2023-02-10
UVXY,2023-02-10
AAPL,2023-02-13
AMC,2023-02-13
AMD,2023-02-13
AMZN,2023-02-13
GOOGL,2023-02-13
META,2023-02-13
MSFT,2023-02-13
NET,2023-02-13
NVDA,2023-02-13
QQQ,2023-02-13
SOXL,2023-02-13
SPY,2023-02-13
SQQQ,2023-02-13
TQQQ,2023-02-13
TSLA,2023-02-13
UBER,2023-02-13
UVXY,2023-02-13
AAPL,2023-02-14
AMC,2023-02-14
AMD,2023-02-14
AMZN,2023-02-14
GOOGL,2023-02-14
META,2023-02-14
MSFT,2023-02-14
NVDA,2023-02-14
PDD,2023-02-14
QQQ,2023-02-14
SOXL,2023-02-14
SPY,2023-02-14
SQQQ,2023-02-14
TQQQ,2023-02-14
TSLA,2023-02-14
UBER,2023-02-14
UVXY,2023-02-14
AAPL,2023-02-15
AMC,2023-02-15
AMD,2023-02-15
AMZN,2023-02-15
COIN,2023-02-15
GOOGL,2023-02-15
MSFT,2023-02-15
QQQ,2023-02-15
SPY,2023-02-15
SQQQ,2023-02-15
TQQQ,2023-02-15
UVXY,2023-02-15
AAPL,2023-02-16
AMD,2023-02-16
AMZN,2023-02-16
GOOGL,2023-02-16
META,2023-02-16
MSFT,2023-02-16
NVDA,2023-02-16
QQQ,2023-02-16
SOXL,2023-02-16
SPY,2023-02-16
SQQQ,2023-02-16
TQQQ,2023-02-16
TSLA,2023-02-16
AAPL,2023-02-17
AMC,2023-02-17
AMD,2023-02-17
AMZN,2023-02-17
COIN,2023-02-17
MSFT,2023-02-17
NVDA,2023-02-17
QQQ,2023-02-17
SHOP,2023-02-17
SOXL,2023-02-17
SPY,2023-02-17
TQQQ,2023-02-17
TSLA,2023-02-17
AAPL,2023-02-21
AMC,2023-02-21
AMD,2023-02-21
AMZN,2023-02-21
COIN,2023-02-21
IWM,2023-02-21
MSFT,2023-02-21
NVDA,2023-02-21
QQQ,2023-02-21
SOXL,2023-02-21
SPY,2023-02-21
SQQQ,2023-02-21
TQQQ,2023-02-21
TSLA,2023-02-21
UVXY,2023-02-21
AAPL,2023-02-22
AMD,2023-02-22
AMZN,2023-02-22
COIN,2023-02-22
IWM,2023-02-22
META,2023-02-22
MSFT,2023-02-22
NVDA,2023-02-22
PDD,2023-02-22
QQQ,2023-02-22
SHOP,2023-02-22
SPY,2023-02-22
TQQQ,2023-02-22
TSLA,2023-02-22
AAPL,2023-02-23
AMC,2023-02-23
AMD,2023-02-23
AMZN,2023-02-23
COIN,2023-02-23
IWM,2023-02-23
MSFT,2023-02-23
NVDA,2023-02-23
QQQ,2023-02-23
SOXL,2023-02-23
SOXS,2023-02-23
SPY,2023-02-23
SQQQ,2023-02-23
TQQQ,2023-02-23
TSLA,2023-02-23
UVXY,2023-02-23
AAPL,2023-02-24
AMC,2023-02-24
AMD,2023-02-24
AMZN,2023-02-24
COIN,2023-02-24
MSFT,2023-02-24
NFLX,2023-02-24
QQQ,2023-02-24
SOXS,2023-02-24
SPY,2023-02-24
SQQQ,2023-02-24
TQQQ,2023-02-24
TSLA,2023-02-24
UVXY,2023-02-24
AAPL,2023-02-27
AMC,2023-02-27
AMD,2023-02-27
AMZN,2023-02-27
IWM,2023-02-27
MSFT,2023-02-27
NVDA,2023-02-27
QQQ,2023-02-27
SHOP,2023-02-27
SOXL,2023-02-27
SPY,2023-02-27
TQQQ,2023-02-27
TSLA,2023-02-27
AAPL,2023-02-28
AMD,2023-02-28
AMZN,2023-02-28
COIN,2023-02-28
MSFT,2023-02-28
NVDA,2023-02-28
PDD,2023-02-28
QQQ,2023-02-28
SOXL,2023-02-28
SPY,2023-02-28
SQQQ,2023-02-28
TQQQ,2023-02-28
UVXY,2023-02-28
AAPL,2023-03-01
AMC,2023-03-01
AMD,2023-03-01
AMZN,2023-03-01
META,2023-03-01
MSFT,2023-03-01
NVDA,2023-03-01
QQQ,2023-03-01
SPY,2023-03-01
SQQQ,2023-03-01
TEAM,2023-03-01
TQQQ,2023-03-01
TSLA,2023-03-01
UVXY,2023-03-01
ZM,2023-03-01
AAPL,2023-03-02
AMC,2023-03-02
AMD,2023-03-02
AMZN,2023-03-02
COIN,2023-03-02
IWM,2023-03-02
META,2023-03-02
MSFT,2023-03-02
NVDA,2023-03-02
QQQ,2023-03-02
RIVN,2023-03-02
SNOW,2023-03-02
SPY,2023-03-02
SQQQ,2023-03-02
TQQQ,2023-03-02
TSLA,2023-03-02
UVXY,2023-03-02
AAPL,2023-03-03
AMC,2023-03-03
AMD,2023-03-03
AMZN,2023-03-03
COIN,2023-03-03
MSFT,2023-03-03
NVDA,2023-03-03
QQQ,2023-03-03
SNOW,2023-03-03
SOXL,2023-03-03
SPY,2023-03-03
SQQQ,2023-03-03
TQQQ,2023-03-03
TSLA,2023-03-03
UVXY,2023-03-03
AAPL,2023-03-06
AMD,2023-03-06
AMZN,2023-03-06
COIN,2023-03-06
IWM,2023-03-06
MRVL,2023-03-06
MSFT,2023-03-06
NVDA,2023-03-06
QQQ,2023-03-06
SOXL,2023-03-06
SPY,2023-03-06
SQQQ,2023-03-06
TSLA,2023-03-06
UVXY,2023-03-06
AAPL,2023-03-07
AMC,2023-03-07
AMD,2023-03-07
AMZN,2023-03-07
COIN,2023-03-07
CRWD,2023-03-07
IWM,2023-03-07
META,2023-03-07
MRVL,2023-03-07
MSFT,2023-03-07
NVDA,2023-03-07
QQQ,2023-03-07
SNOW,2023-03-07
SOXL,2023-03-07
SPY,2023-03-07
SQQQ,2023-03-07
TQQQ,2023-03-07
TSLA,2023-03-07
UVXY,2023-03-07
AAPL,2023-03-08
AMC,2023-03-08
AMD,2023-03-08
COIN,2023-03-08
IWM,2023-03-08
META,2023-03-08
MSFT,2023-03-08
NVDA,2023-03-08
QQQ,2023-03-08
RIVN,2023-03-08
SOXL,2023-03-08
SOXS,2023-03-08
SPY,2023-03-08
SQQQ,2023-03-08
TQQQ,2023-03-08
TSLA,2023-03-08
UBER,2023-03-08
UVXY,2023-03-08
AAPL,2023-03-09
AMC,2023-03-09
AMD,2023-03-09
AMZN,2023-03-09
COIN,2023-03-09
CRWD,2023-03-09
IWM,2023-03-09
MDB,2023-03-09
MSFT,2023-03-09
NVDA,2023-03-09
QQQ,2023-03-09
RIVN,2023-03-09
SPY,2023-03-09
SQQQ,2023-03-09
TQQQ,2023-03-09
TSLA,2023-03-09
UVXY,2023-03-09
AAPL,2023-03-10
AMD,2023-03-10
AMZN,2023-03-10
COIN,2023-03-10
CRWD,2023-03-10
IWM,2023-03-10
MDB,2023-03-10
MSFT,2023-03-10
NVDA,2023-03-10
QQQ,2023-03-10
SHOP,2023-03-10
SOXL,2023-03-10
SPY,2023-03-10
TQQQ,2023-03-10
TSLA,2023-03-10
AAPL,2023-03-13
COIN,2023-03-13
CRWD,2023-03-13
IWM,2023-03-13
MDB,2023-03-13
MSFT,2023-03-13
NVDA,2023-03-13
QQQ,2023-03-13
SNOW,2023-03-13
SOXL,2023-03-13
SPY,2023-03-13
SQQQ,2023-03-13
TQQQ,2023-03-13
TSLA,2023-03-13
AAPL,2023-03-14
IWM,2023-03-14
MRVL,2023-03-14
MSFT,2023-03-14
NVDA,2023-03-14
QQQ,2023-03-14
SNOW,2023-03-14
SOXL,2023-03-14
SOXS,2023-03-14
SPY,2023-03-14
SQQQ,2023-03-14
TQQQ,2023-03-14
TSLA,2023-03-14
AAPL,2023-03-15
AMC,2023-03-15
IWM,2023-03-15
MSFT,2023-03-15
NVDA,2023-03-15
QQQ,2023-03-15
SNOW,2023-03-15
SOXS,2023-03-15
SPY,2023-03-15
SQQQ,2023-03-15
UVXY,2023-03-15
AAPL,2023-03-16
AMC,2023-03-16
COIN,2023-03-16
CRWD,2023-03-16
IWM,2023-03-16
META,2023-03-16
MSFT,2023-03-16
NVDA,2023-03-16
PDD,2023-03-16
QQQ,2023-03-16
SOXL,2023-03-16
SOXS,2023-03-16
SPY,2023-03-16
SQQQ,2023-03-16
TQQQ,2023-03-16
TSLA,2023-03-16
AAPL,2023-03-17
AMC,2023-03-17
AMZN,2023-03-17
CRWD,2023-03-17
IWM,2023-03-17
META,2023-03-17
MSFT,2023-03-17
QQQ,2023-03-17
SOXS,2023-03-17
SPY,2023-03-17
SQQQ,2023-03-17
TSLA,2023-03-17
UVXY,2023-03-17
AAPL,2023-03-20
AMC,2023-03-20
AMD,2023-03-20
AMZN,2023-03-20
IWM,2023-03-20
META,2023-03-20
MRNA,2023-03-20
MSFT,2023-03-20
NVDA,2023-03-20
PDD,2023-03-20
QQQ,2023-03-20
SOXL,2023-03-20
SPY,2023-03-20
SQQQ,2023-03-20
TQQQ,2023-03-20
TSLA,2023-03-20
AAPL,2023-03-21
AMC,2023-03-21
AMD,2023-03-21
AMZN,2023-03-21
COIN,2023-03-21
IWM,2023-03-21
META,2023-03-21
MSFT,2023-03-21
NVDA,2023-03-21
PDD,2023-03-21
QQQ,2023-03-21
SHOP,2023-03-21
SOXL,2023-03-21
SPY,2023-03-21
SQQQ,2023-03-21
TQQQ,2023-03-21
TSLA,2023-03-21
UVXY,2023-03-21
AAPL,2023-03-22
AMC,2023-03-22
AMD,2023-03-22
AMZN,2023-03-22
IWM,2023-03-22
META,2023-03-22
MSFT,2023-03-22
NVDA,2023-03-22
PDD,2023-03-22
QQQ,2023-03-22
SOXL,2023-03-22
SOXS,2023-03-22
SPY,2023-03-22
SQQQ,2023-03-22
TQQQ,2023-03-22
UVXY,2023-03-22
AAPL,2023-03-23
AMC,2023-03-23
AMD,2023-03-23
COIN,2023-03-23
IWM,2023-03-23
MSFT,2023-03-23
NVDA,2023-03-23
PDD,2023-03-23
QQQ,2023-03-23
SOXL,2023-03-23
SPY,2023-03-23
SQQQ,2023-03-23
TQQQ,2023-03-23
TSLA,2023-03-23
UVXY,2023-03-23
AAPL,2023-03-24
AMD,2023-03-24
AMZN,2023-03-24
COIN,2023-03-24
IWM,2023-03-24
MSFT,2023-03-24
NVDA,2023-03-24
PDD,2023-03-24
QQQ,2023-03-24
SNOW,2023-03-24
SOXS,2023-03-24
SPY,2023-03-24
SQQQ,2023-03-24
TQQQ,2023-03-24
TSLA,2023-03-24
UVXY,2023-03-24
AAPL,2023-03-27
AMD,2023-03-27
COIN,2023-03-27
IWM,2023-03-27
META,2023-03-27
MSFT,2023-03-27
NVDA,2023-03-27
PDD,2023-03-27
QQQ,2023-03-27
SOXL,2023-03-27
SPY,2023-03-27
SQQQ,2023-03-27
TQQQ,2023-03-27
TSLA,2023-03-27
TZA,2023-03-27
UVXY,2023-03-27
AAPL,2023-03-28
AMC,2023-03-28
AMD,2023-03-28
AMZN,2023-03-28
COIN,2023-03-28
IWM,2023-03-28
META,2023-03-28
MSFT,2023-03-28
NVDA,2023-03-28
PDD,2023-03-28
QQQ,2023-03-28
SOXL,2023-03-28
SOXS,2023-03-28
SPY,2023-03-28
SQQQ,2023-03-28
TQQQ,2023-03-28
TSLA,2023-03-28
UVXY,2023-03-28
AAPL,2023-03-29
AMD,2023-03-29
COIN,2023-03-29
IWM,2023-03-29
MSFT,2023-03-29
NVDA,2023-03-29
PDD,2023-03-29
QQQ,2023-03-29
SOXL,2023-03-29
SOXS,2023-03-29
SPY,2023-03-29
SQQQ,2023-03-29
TQQQ,2023-03-29
TSLA,2023-03-29
UVXY,2023-03-29
AAPL,2023-03-30
AMC,2023-03-30
AMD,2023-03-30
AMZN,2023-03-30
BABA,2023-03-30
COIN,2023-03-30
IWM,2023-03-30
MSFT,2023-03-30
NVDA,2023-03-30
PDD,2023-03-30
QQQ,2023-03-30
SOXS,2023-03-30
SPY,2023-03-30
SQQQ,2023-03-30
TSLA,2023-03-30
UVXY,2023-03-30
AAPL,2023-03-31
AMC,2023-03-31
AMD,2023-03-31
AMZN,2023-03-31
BABA,2023-03-31
COIN,2023-03-31
META,2023-03-31
MSFT,2023-03-31
NVDA,2023-03-31
PDD,2023-03-31
QQQ,2023-03-31
SOXS,2023-03-31
SPY,2023-03-31
SQQQ,2023-03-31
TQQQ,2023-03-31
TSLA,2023-03-31
UVXY,2023-03-31
AAPL,2023-04-03
AMC,2023-04-03
AMD,2023-04-03
AMZN,2023-04-03
IWM,2023-04-03
META,2023-04-03
MSFT,2023-04-03
NVDA,2023-04-03
PDD,2023-04-03
QQQ,2023-04-03
SOXL,2023-04-03
SPY,2023-04-03
SQQQ,2023-04-03
TQQQ,2023-04-03
UVXY,2023-04-03
AAPL,2023-04-04
AMC,2023-04-04
AMD,2023-04-04
AMZN,2023-04-04
COIN,2023-04-04
IWM,2023-04-04
META,2023-04-04
MSFT,2023-04-04
NVDA,2023-04-04
QQQ,2023-04-04
SNOW,2023-04-04
SOXL,2023-04-04
SOXS,2023-04-04
SPY,2023-04-04
SQQQ,2023-04-04
TQQQ,2023-04-04
TSLA,2023-04-04
UVXY,2023-04-04
AAPL,2023-04-05
AMC,2023-04-05
AMD,2023-04-05
AMZN,2023-04-05
COIN,2023-04-05
IWM,2023-04-05
META,2023-04-05
MSFT,2023-04-05
NVDA,2023-04-05
QQQ,2023-04-05
SNOW,2023-04-05
SOXL,2023-04-05
SPY,2023-04-05
SQQQ,2023-04-05
TQQQ,2023-04-05
TSLA,2023-04-05
UVXY,2023-04-05
AAPL,2023-04-06
AMC,2023-04-06
AMD,2023-04-06
AMZN,2023-04-06
COIN,2023-04-06
IWM,2023-04-06
META,2023-04-06
MSFT,2023-04-06
NVDA,2023-04-06
QQQ,2023-04-06
SNOW,2023-04-06
SOXL,2023-04-06
SPY,2023-04-06
SQQQ,2023-04-06
TQQQ,2023-04-06
TSLA,2023-04-06
UVXY,2023-04-06
AAPL,2023-04-10
AMD,2023-04-10
AMZN,2023-04-10
COIN,2023-04-10
GOOGL,2023-04-10
IWM,2023-04-10
META,2023-04-10
MSFT,2023-04-10
NVDA,2023-04-10
QQQ,2023-04-10
SHOP,2023-04-10
SOXL,2023-04-10
SOXS,2023-04-10
SPY,2023-04-10
SQQQ,2023-04-10
TQQQ,2023-04-10
TSLA,2023-04-10
UVXY,2023-04-10
AAPL,2023-04-11
AMD,2023-04-11
AMZN,2023-04-11
IWM,2023-04-11
META,2023-04-11
MSFT,2023-04-11
NVDA,2023-04-11
QQQ,2023-04-11
SNOW,2023-04-11
SOXL,2023-04-11
SOXS,2023-04-11
SPY,2023-04-11
SQQQ,2023-04-11
TQQQ,2023-04-11
TSLA,2023-04-11
UVXY,2023-04-11
AAPL,2023-04-12
AMC,2023-04-12
AMD,2023-04-12
AMZN,2023-04-12
IWM,2023-04-12
META,2023-04-12
MSFT,2023-04-12
NVDA,2023-04-12
QQQ,2023-04-12
SNOW,2023-04-12
SOXL,2023-04-12
SPY,2023-04-12
SQQQ,2023-04-12
TQQQ,2023-04-12
TSLA,2023-04-12
UVXY,2023-04-12
AAPL,2023-04-13
AMC,2023-04-13
AMD,2023-04-13
AMZN,2023-04-13
COIN,2023-04-13
IWM,2023-04-13
MSFT,2023-04-13
NVDA,2023-04-13
PDD,2023-04-13
QQQ,2023-04-13
SHOP,2023-04-13
SNOW,2023-04-13
SOXL,2023-04-13
SPY,2023-04-13
SQQQ,2023-04-13
TQQQ,2023-04-13
TSLA,2023-04-13
UVXY,2023-04-13
AAPL,2023-04-14
AMC,2023-04-14
AMD,2023-04-14
AMZN,2023-04-14
COIN,2023-04-14
IWM,2023-04-14
META,2023-04-14
MSFT,2023-04-14
NVDA,2023-04-14
QQQ,2023-04-14
SHOP,2023-04-14
SNOW,2023-04-14
SOXL,2023-04-14
SPY,2023-04-14
SQQQ,2023-04-14
TSLA,2023-04-14
UVXY,2023-04-14
AAPL,2023-04-17
AMC,2023-04-17
AMZN,2023-04-17
COIN,2023-04-17
IWM,2023-04-17
MARA,2023-04-17
META,2023-04-17
MSFT,2023-04-17
NVDA,2023-04-17
QQQ,2023-04-17
SNOW,2023-04-17
SOXL,2023-04-17
SOXS,2023-04-17
SPY,2023-04-17
SQQQ,2023-04-17
TQQQ,2023-04-17
TSLA,2023-04-17
UVXY,2023-04-17
AAPL,2023-04-18
AMC,2023-04-18
AMD,2023-04-18
AMZN,2023-04-18
COIN,2023-04-18
GOOGL,2023-04-18
IWM,2023-04-18
MSFT,2023-04-18
NVDA,2023-04-18
PDD,2023-04-18
QQQ,2023-04-18
SHOP,2023-04-18
SNOW,2023-04-18
SOXL,2023-04-18
SPY,2023-04-18
SQQQ,2023-04-18
TQQQ,2023-04-18
TSLA,2023-04-18
UVXY,2023-04-18
AAPL,2023-04-19
AMC,2023-04-19
AMD,2023-04-19
AMZN,2023-04-19
COIN,2023-04-19
IWM,2023-04-19
MARA,2023-04-19
MSFT,2023-04-19
NFLX,2023-04-19
NVDA,2023-04-19
QQQ,2023-04-19
SNOW,2023-04-19
SOXL,2023-04-19
SOXS,2023-04-19
SPY,2023-04-19
SQQQ,2023-04-19
TQQQ,2023-04-19
TSLA,2023-04-19
UVXY,2023-04-19
AAPL,2023-04-20
AMC,2023-04-20
AMZN,2023-04-20
COIN,2023-04-20
DKNG,2023-04-20
IWM,2023-04-20
META,2023-04-20
MSFT,2023-04-20
NFLX,2023-04-20
NVDA,2023-04-20
QQQ,2023-04-20
RIVN,2023-04-20
SNOW,2023-04-20
SOXL,2023-04-20
SOXS,2023-04-20
SPY,2023-04-20
SQQQ,2023-04-20
TQQQ,2023-04-20
TSLA,2023-04-20
UVXY,2023-04-20
AAPL,2023-04-21
AMC,2023-04-21
AMD,2023-04-21
AMZN,2023-04-21
COIN,2023-04-21
DKNG,2023-04-21
MSFT,2023-04-21
NVDA,2023-04-21
QQQ,2023-04-21
RIVN,2023-04-21
SOXL,2023-04-21
SOXS,2023-04-21
SPY,2023-04-21
SQQQ,2023-04-21
TQQQ,2023-04-21
TSLA,2023-04-21
TZA,2023-04-21
UVXY,2023-04-21
AAPL,2023-04-24
AMC,2023-04-24
AMD,2023-04-24
AMZN,2023-04-24
COIN,2023-04-24
DDOG,2023-04-24
IWM,2023-04-24
MARA,2023-04-24
MDB,2023-04-24
META,2023-04-24
MSFT,2023-04-24
NVDA,2023-04-24
QQQ,2023-04-24
RIVN,2023-04-24
SOXL,2023-04-24
SOXS,2023-04-24
SPY,2023-04-24
TSLA,2023-04-24
TZA,2023-04-24
UVXY,2023-04-24
AAPL,2023-04-25
AMC,2023-04-25
AMD,2023-04-25
AMZN,2023-04-25
COIN,2023-04-25
DKNG,2023-04-25
MARA,2023-04-25
MDB,2023-04-25
META,2023-04-25
MSFT,2023-04-25
NVDA,2023-04-25
QQQ,2023-04-25
SMCI,2023-04-25
SOXL,2023-04-25
SOXS,2023-04-25
SPY,2023-04-25
SQQQ,2023-04-25
TSLA,2023-04-25
TZA,2023-04-25
UVXY,2023-04-25
AAPL,2023-04-26
AMC,2023-04-26
AMD,2023-04-26
AMZN,2023-04-26
COIN,2023-04-26
DDOG,2023-04-26
GOOGL,2023-04-26
IWM,2023-04-26
MARA,2023-04-26
MDB,2023-04-26
MSFT,2023-04-26
NVDA,2023-04-26
QQQ,2023-04-26
SOXL,2023-04-26
SPY,2023-04-26
TEAM,2023-04-26
TSLA,2023-04-26
AAPL,2023-04-27
AMC,2023-04-27
AMZN,2023-04-27
COIN,2023-04-27
GOOGL,2023-04-27
IWM,2023-04-27
META,2023-04-27
MSTR,2023-04-27
NVDA,2023-04-27
QQQ,2023-04-27
SOXL,2023-04-27
SOXS,2023-04-27
SPY,2023-04-27
TSLA,2023-04-27
TZA,2023-04-27
UVXY,2023-04-27
AAPL,2023-04-28
AMC,2023-04-28
AMZN,2023-04-28
COIN,2023-04-28
GOOGL,2023-04-28
IWM,2023-04-28
MSFT,2023-04-28
NET,2023-04-28
NVDA,2023-04-28
QQQ,2023-04-28
SNOW,2023-04-28
SOXL,2023-04-28
SOXS,2023-04-28
SPY,2023-04-28
SQQQ,2023-04-28
TSLA,2023-04-28
UVXY,2023-04-28
AAPL,2023-05-01
AMC,2023-05-01
AMD,2023-05-01
AMZN,2023-05-01
COIN,2023-05-01
IWM,2023-05-01
META,2023-05-01
MSFT,2023-05-01
NET,2023-05-01
NVDA,2023-05-01
QQQ,2023-05-01
SNOW,2023-05-01
SOXS,2023-05-01
SPY,2023-05-01
SQQQ,2023-05-01
TQQQ,2023-05-01
TSLA,2023-05-01
UVXY,2023-05-01
AAPL,2023-05-02
AMC,2023-05-02
AMD,2023-05-02
AMZN,2023-05-02
COIN,2023-05-02
DDOG,2023-05-02
IWM,2023-05-02
MDB,2023-05-02
META,2023-05-02
MSFT,2023-05-02
NET,2023-05-02
NVDA,2023-05-02
QQQ,2023-05-02
SOFI,2023-05-02
SOXL,2023-05-02
SOXS,2023-05-02
SPY,2023-05-02
TSLA,2023-05-02
TZA,2023-05-02
UVXY,2023-05-02
AAPL,2023-05-03
AMC,2023-05-03
AMD,2023-05-03
AMZN,2023-05-03
COIN,2023-05-03
IWM,2023-05-03
META,2023-05-03
MSFT,2023-05-03
NVDA,2023-05-03
QQQ,2023-05-03
SOFI,2023-05-03
SOXL,2023-05-03
SOXS,2023-05-03
SPY,2023-05-03
SQQQ,2023-05-03
TQQQ,2023-05-03
TSLA,2023-05-03
AAPL,2023-05-04
AMC,2023-05-04
AMD,2023-05-04
AMZN,2023-05-04
COIN,2023-05-04
DDOG,2023-05-04
IWM,2023-05-04
META,2023-05-04
MSFT,2023-05-04
NVDA,2023-05-04
QQQ,2023-05-04
SOXL,2023-05-04
SOXS,2023-05-04
SPY,2023-05-04
SQQQ,2023-05-04
TQQQ,2023-05-04
TSLA,2023-05-04
TZA,2023-05-04
UVXY,2023-05-04
AAPL,2023-05-05
AMC,2023-05-05
AMZN,2023-05-05
COIN,2023-05-05
IWM,2023-05-05
MSFT,2023-05-05
NVDA,2023-05-05
QQQ,2023-05-05
SOXL,2023-05-05
SOXS,2023-05-05
SPY,2023-05-05
SQQQ,2023-05-05
TQQQ,2023-05-05
TSLA,2023-05-05
TZA,2023-05-05
AAPL,2023-05-08
AMC,2023-05-08
AMD,2023-05-08
AMZN,2023-05-08
IWM,2023-05-08
META,2023-05-08
MSFT,2023-05-08
NVDA,2023-05-08
QQQ,2023-05-08
SPY,2023-05-08
SQQQ,2023-05-08
TEAM,2023-05-08
UVXY,2023-05-08
AAPL,2023-05-09
AMC,2023-05-09
AMZN,2023-05-09
COIN,2023-05-09
DKNG,2023-05-09
IWM,2023-05-09
META,2023-05-09
MSFT,2023-05-09
NVDA,2023-05-09
QQQ,2023-05-09
SHOP,2023-05-09
SOXL,2023-05-09
SPY,2023-05-09
SQQQ,2023-05-09
TEAM,2023-05-09
TSLA,2023-05-09
UVXY,2023-05-09
AAPL,2023-05-10
AMC,2023-05-10
AMD,2023-05-10
AMZN,2023-05-10
COIN,2023-05-10
CVNA,2023-05-10
DDOG,2023-05-10
MDB,2023-05-10
META,2023-05-10
MSFT,2023-05-10
NVDA,2023-05-10
PYPL,2023-05-10
QQQ,2023-05-10
RIVN,2023-05-10
SHOP,2023-05-10
SOXL,2023-05-10
SPY,2023-05-10
TSLA,2023-05-10
UVXY,2023-05-10
AAPL,2023-05-11
AMC,2023-05-11
AMD,2023-05-11
AMZN,2023-05-11
COIN,2023-05-11
GOOGL,2023-05-11
IWM,2023-05-11
MDB,2023-05-11
MSFT,2023-05-11
NVDA,2023-05-11
PLTR,2023-05-11
QQQ,2023-05-11
RIVN,2023-05-11
SHOP,2023-05-11
SOXL,2023-05-11
SOXS,2023-05-11
SPY,2023-05-11
TSLA,2023-05-11
UVXY,2023-05-11
AAPL,2023-05-12
AMC,2023-05-12
AMD,2023-05-12
AMZN,2023-05-12
COIN,2023-05-12
DDOG,2023-05-12
DIS,2023-05-12
GOOGL,2023-05-12
MSFT,2023-05-12
MSTR,2023-05-12
NVDA,2023-05-12
PLTR,2023-05-12
QQQ,2023-05-12
SHOP,2023-05-12
SOXL,2023-05-12
SOXS,2023-05-12
SPY,2023-05-12
TSLA,2023-05-12
UVXY,2023-05-12
AAPL,2023-05-15
AMC,2023-05-15
AMD,2023-05-15
AMZN,2023-05-15
COIN,2023-05-15
DDOG,2023-05-15
GOOGL,2023-05-15
MDB,2023-05-15
META,2023-05-15
MSFT,2023-05-15
NVDA,2023-05-15
PLTR,2023-05-15
QQQ,2023-05-15
SHOP,2023-05-15
SOXL,2023-05-15
SOXS,2023-05-15
SPY,2023-05-15
TSLA,2023-05-15
UVXY,2023-05-15
AAPL,2023-05-16
AMC,2023-05-16
AMD,2023-05-16
AMZN,2023-05-16
DDOG,2023-05-16
IWM,2023-05-16
MDB,2023-05-16
META,2023-05-16
MSFT,2023-05-16
NVDA,2023-05-16
PLTR,2023-05-16
QQQ,2023-05-16
SOFI,2023-05-16
SOXS,2023-05-16
SPY,2023-05-16
TSLA,2023-05-16
UVXY,2023-05-16
AAPL,2023-05-17
AMC,2023-05-17
AMD,2023-05-17
AMZN,2023-05-17
COIN,2023-05-17
DDOG,2023-05-17
GOOGL,2023-05-17
MDB,2023-05-17
META,2023-05-17
MSFT,2023-05-17
NVDA,2023-05-17
PLTR,2023-05-17
QQQ,2023-05-17
SOXL,2023-05-17
SOXS,2023-05-17
SPY,2023-05-17
TSLA,2023-05-17
UVXY,2023-05-17
AAPL,2023-05-18
AMC,2023-05-18
AMD,2023-05-18
AMZN,2023-05-18
DDOG,2023-05-18
IWM,2023-05-18
MDB,2023-05-18
META,2023-05-18
MSFT,2023-05-18
NVDA,2023-05-18
QQQ,2023-05-18
SOXS,2023-05-18
SPY,2023-05-18
TSLA,2023-05-18
UVXY,2023-05-18
AAPL,2023-05-19
AMD,2023-05-19
AMZN,2023-05-19
DKNG,2023-05-19
MDB,2023-05-19
META,2023-05-19
MSFT,2023-05-19
NVDA,2023-05-19
PDD,2023-05-19
QQQ,2023-05-19
SHOP,2023-05-19
SOXS,2023-05-19
SPY,2023-05-19
TSLA,2023-05-19
UVXY,2023-05-19
AAPL,2023-05-22
AMC,2023-05-22
AMD,2023-05-22
AMZN,2023-05-22
COIN,2023-05-22
DDOG,2023-05-22
IWM,2023-05-22
MDB,2023-05-22
META,2023-05-22
MSFT,2023-05-22
NET,2023-05-22
NVDA,2023-05-22
PLTR,2023-05-22
QQQ,2023-05-22
SOXL,2023-05-22
SOXS,2023-05-22
SPY,2023-05-22
TSLA,2023-05-22
UVXY,2023-05-22
AAPL,2023-05-23
AMC,2023-05-23
AMD,2023-05-23
AMZN,2023-05-23
DKNG,2023-05-23
IWM,2023-05-23
META,2023-05-23
MSFT,2023-05-23
NVDA,2023-05-23
PLTR,2023-05-23
QQQ,2023-05-23
SHOP,2023-05-23
SOXL,2023-05-23
SOXS,2023-05-23
SPY,2023-05-23
TSLA,2023-05-23
UVXY,2023-05-23
AAPL,2023-05-24
AMC,2023-05-24
AMD,2023-05-24
AMZN,2023-05-24
COIN,2023-05-24
IWM,2023-05-24
META,2023-05-24
MSFT,2023-05-24
NVDA,2023-05-24
PDD,2023-05-24
QQQ,2023-05-24
SHOP,2023-05-24
SOXL,2023-05-24
SOXS,2023-05-24
SPY,2023-05-24
TSLA,2023-05-24
TZA,2023-05-24
UVXY,2023-05-24
AAPL,2023-05-25
AMC,2023-05-25
AMD,2023-05-25
AMZN,2023-05-25
IWM,2023-05-25
MDB,2023-05-25
META,2023-05-25
MRNA,2023-05-25
MSFT,2023-05-25
NVDA,2023-05-25
PDD,2023-05-25
PLTR,2023-05-25
QQQ,2023-05-25
SHOP,2023-05-25
SOXL,2023-05-25
SPY,2023-05-25
TSLA,2023-05-25
AAPL,2023-05-26
AMC,2023-05-26
AMZN,2023-05-26
IWM,2023-05-26
MSFT,2023-05-26
PDD,2023-05-26
PLTR,2023-05-26
QQQ,2023-05-26
SHOP,2023-05-26
SNOW,2023-05-26
SOXS,2023-05-26
SPY,2023-05-26
TSLA,2023-05-26
UVXY,2023-05-26
AAPL,2023-05-30
AMZN,2023-05-30
MDB,2023-05-30
META,2023-05-30
MSFT,2023-05-30
NVDA,2023-05-30
QQQ,2023-05-30
SHOP,2023-05-30
SNOW,2023-05-30
SOXS,2023-05-30
SPY,2023-05-30
TSLA,2023-05-30
UVXY,2023-05-30
AAPL,2023-05-31
AMD,2023-05-31
AMZN,2023-05-31
AVGO,2023-05-31
META,2023-05-31
MRVL,2023-05-31
MSFT,2023-05-31
NVDA,2023-05-31
PDD,2023-05-31
QQQ,2023-05-31
SOXL,2023-05-31
SOXS,2023-05-31
SPY,2023-05-31
TSLA,2023-05-31
UVXY,2023-05-31
AAPL,2023-06-01
AMD,2023-06-01
AMZN,2023-06-01
AVGO,2023-06-01
META,2023-06-01
MRVL,2023-06-01
MSFT,2023-06-01
NVDA,2023-06-01
PDD,2023-06-01
PLTR,2023-06-01
QQQ,2023-06-01
SMCI,2023-06-01
SNOW,2023-06-01
SOXL,2023-06-01
SPY,2023-06-01
TSLA,2023-06-01
AAPL,2023-06-02
AMD,2023-06-02
AMZN,2023-06-02
AVGO,2023-06-02
CRWD,2023-06-02
MDB,2023-06-02
META,2023-06-02
MRVL,2023-06-02
MSFT,2023-06-02
PLTR,2023-06-02
QQQ,2023-06-02
SHOP,2023-06-02
SNOW,2023-06-02
SOXL,2023-06-02
SPY,2023-06-02
TSLA,2023-06-02
UVXY,2023-06-02
AAPL,2023-06-05
AMD,2023-06-05
AMZN,2023-06-05
CRWD,2023-06-05
IWM,2023-06-05
META,2023-06-05
MRVL,2023-06-05
MSFT,2023-06-05
NVDA,2023-06-05
PLTR,2023-06-05
QQQ,2023-06-05
SNOW,2023-06-05
SOXL,2023-06-05
SPY,2023-06-05
TSLA,2023-06-05
UVXY,2023-06-05
AAPL,2023-06-06
AMD,2023-06-06
AMZN,2023-06-06
COIN,2023-06-06
CRWD,2023-06-06
IWM,2023-06-06
MDB,2023-06-06
META,2023-06-06
MRVL,2023-06-06
MSFT,2023-06-06
NVDA,2023-06-06
PLTR,2023-06-06
QQQ,2023-06-06
SHOP,2023-06-06
SNOW,2023-06-06
SOXL,2023-06-06
SPY,2023-06-06
TSLA,2023-06-06
UVXY,2023-06-06
AAPL,2023-06-07
AMZN,2023-06-07
COIN,2023-06-07
IWM,2023-06-07
MDB,2023-06-07
META,2023-06-07
MRVL,2023-06-07
MSFT,2023-06-07
NVDA,2023-06-07
PLTR,2023-06-07
QQQ,2023-06-07
SNOW,2023-06-07
SOXL,2023-06-07
SPY,2023-06-07
TSLA,2023-06-07
UVXY,2023-06-07
AAPL,2023-06-08
AMD,2023-06-08
AMZN,2023-06-08
COIN,2023-06-08
IWM,2023-06-08
META,2023-06-08
MRVL,2023-06-08
MSFT,2023-06-08
NVDA,2023-06-08
PLTR,2023-06-08
QQQ,2023-06-08
SHOP,2023-06-08
SMCI,2023-06-08
SNOW,2023-06-08
SOXL,2023-06-08
SPY,2023-06-08
TSLA,2023-06-08
AAPL,2023-06-09
AMD,2023-06-09
AMZN,2023-06-09
IWM,2023-06-09
META,2023-06-09
MSFT,2023-06-09
NVDA,2023-06-09
PDD,2023-06-09
PLTR,2023-06-09
QQQ,2023-06-09
SNOW,2023-06-09
SOXL,2023-06-09
SPY,2023-06-09
SQQQ,2023-06-09
TSLA,2023-06-09
UVXY,2023-06-09
AAPL,2023-06-12
AMD,2023-06-12
AMZN,2023-06-12
CVNA,2023-06-12
IWM,2023-06-12
MSFT,2023-06-12
NFLX,2023-06-12
NVDA,2023-06-12
PDD,2023-06-12
PLTR,2023-06-12
QQQ,2023-06-12
SMCI,2023-06-12
SNOW,2023-06-12
SOXL,2023-06-12
SPY,2023-06-12
SQQQ,2023-06-12
TQQQ,2023-06-12
TSLA,2023-06-12
AAPL,2023-06-13
AMD,2023-06-13
AMZN,2023-06-13
IWM,2023-06-13
MRVL,2023-06-13
MSFT,2023-06-13
NVDA,2023-06-13
PLTR,2023-06-13
QQQ,2023-06-13
SPY,2023-06-13
SQQQ,2023-06-13
TSLA,2023-06-13
AAPL,2023-06-14
AMC,2023-06-14
AMD,2023-06-14
AMZN,2023-06-14
IWM,2023-06-14
MSFT,2023-06-14
NVDA,2023-06-14
PLTR,2023-06-14
QQQ,2023-06-14
SHOP,2023-06-14
SMCI,2023-06-14
SOFI,2023-06-14
SOXL,2023-06-14
SPY,2023-06-14
SQQQ,2023-06-14
TQQQ,2023-06-14
TSLA,2023-06-14
AAPL,2023-06-15
AMD,2023-06-15
AMZN,2023-06-15
IWM,2023-06-15
MSFT,2023-06-15
NVDA,2023-06-15
PLTR,2023-06-15
QQQ,2023-06-15
SHOP,2023-06-15
SNOW,2023-06-15
SOFI,2023-06-15
SOXL,2023-06-15
SPY,2023-06-15
SQQQ,2023-06-15
TQQQ,2023-06-15
TSLA,2023-06-15
UNH,2023-06-15
UVXY,2023-06-15
AAPL,2023-06-16
AMD,2023-06-16
AMZN,2023-06-16
CRWD,2023-06-16
INTC,2023-06-16
IWM,2023-06-16
META,2023-06-16
MSFT,2023-06-16
NVDA,2023-06-16
PLTR,2023-06-16
QQQ,2023-06-16
SOXL,2023-06-16
SPY,2023-06-16
SQQQ,2023-06-16
TQQQ,2023-06-16
TSLA,2023-06-16
AAPL,2023-06-20
AMD,2023-06-20
AMZN,2023-06-20
INTC,2023-06-20
META,2023-06-20
MRVL,2023-06-20
MSFT,2023-06-20
NVDA,2023-06-20
PANW,2023-06-20
PLTR,2023-06-20
QQQ,2023-06-20
RIVN,2023-06-20
SNOW,2023-06-20
SOXL,2023-06-20
SPY,2023-06-20
SQQQ,2023-06-20
TQQQ,2023-06-20
TSLA,2023-06-20
AAPL,2023-06-21
AMD,2023-06-21
AMZN,2023-06-21
INTC,2023-06-21
IWM,2023-06-21
META,2023-06-21
MSFT,2023-06-21
NVDA,2023-06-21
PDD,2023-06-21
PLTR,2023-06-21
QQQ,2023-06-21
SNOW,2023-06-21
SOXL,2023-06-21
SPY,2023-06-21
SQQQ,2023-06-21
TQQQ,2023-06-21
AAPL,2023-06-22
AMD,2023-06-22
AMZN,2023-06-22
COIN,2023-06-22
INTC,2023-06-22
IWM,2023-06-22
MARA,2023-06-22
META,2023-06-22
MSFT,2023-06-22
NVDA,2023-06-22
PLTR,2023-06-22
QQQ,2023-06-22
SNOW,2023-06-22
SOXL,2023-06-22
SPY,2023-06-22
SQQQ,2023-06-22
TQQQ,2023-06-22
TSLA,2023-06-22
AAPL,2023-06-23
AMC,2023-06-23
AMD,2023-06-23
AMZN,2023-06-23
INTC,2023-06-23
IWM,2023-06-23
MDB,2023-06-23
META,2023-06-23
MSFT,2023-06-23
NVDA,2023-06-23
PLTR,2023-06-23
QQQ,2023-06-23
SNOW,2023-06-23
SOXL,2023-06-23
SPY,2023-06-23
SQQQ,2023-06-23
TQQQ,2023-06-23
TSLA,2023-06-23
AAPL,2023-06-26
AMD,2023-06-26
AMZN,2023-06-26
INTC,2023-06-26
IWM,2023-06-26
MDB,2023-06-26
META,2023-06-26
MRVL,2023-06-26
MSFT,2023-06-26
NVDA,2023-06-26
QQQ,2023-06-26
SNOW,2023-06-26
SPY,2023-06-26
SQQQ,2023-06-26
TQQQ,2023-06-26
TSLA,2023-06-26
AAPL,2023-06-27
AMD,2023-06-27
AMZN,2023-06-27
COIN,2023-06-27
INTC,2023-06-27
IWM,2023-06-27
MDB,2023-06-27
META,2023-06-27
MSFT,2023-06-27
NVDA,2023-06-27
PLTR,2023-06-27
QQQ,2023-06-27
SNOW,2023-06-27
SOXL,2023-06-27
SPY,2023-06-27
SQQQ,2023-06-27
TQQQ,2023-06-27
TSLA,2023-06-27
AAPL,2023-06-28
AMD,2023-06-28
AMZN,2023-06-28
INTC,2023-06-28
IWM,2023-06-28
META,2023-06-28
MSFT,2023-06-28
NVDA,2023-06-28
PLTR,2023-06-28
QQQ,2023-06-28
SNOW,2023-06-28
SPY,2023-06-28
SQQQ,2023-06-28
TQQQ,2023-06-28
TSLA,2023-06-28
AAPL,2023-06-29
AMD,2023-06-29
AMZN,2023-06-29
COIN,2023-06-29
INTC,2023-06-29
MDB,2023-06-29
META,2023-06-29
MSFT,2023-06-29
NVDA,2023-06-29
QQQ,2023-06-29
SNOW,2023-06-29
SOXL,2023-06-29
SPY,2023-06-29
SQQQ,2023-06-29
TQQQ,2023-06-29
TSLA,2023-06-29
AAPL,2023-06-30
AMC,2023-06-30
AMD,2023-06-30
AMZN,2023-06-30
COIN,2023-06-30
IWM,2023-06-30
MDB,2023-06-30
META,2023-06-30
MSFT,2023-06-30
NVDA,2023-06-30
QQQ,2023-06-30
SNOW,2023-06-30
SOXL,2023-06-30
SPY,2023-06-30
SQQQ,2023-06-30
TQQQ,2023-06-30
TSLA,2023-06-30
AAPL,2023-07-03
AMD,2023-07-03
AMZN,2023-07-03
COIN,2023-07-03
IWM,2023-07-03
MARA,2023-07-03
MDB,2023-07-03
META,2023-07-03
MSFT,2023-07-03
NVDA,2023-07-03
QQQ,2023-07-03
SNOW,2023-07-03
SOFI,2023-07-03
SOXL,2023-07-03
SPY,2023-07-03
SQQQ,2023-07-03
TQQQ,2023-07-03
TSLA,2023-07-03
AAPL,2023-07-05
AMC,2023-07-05
AMD,2023-07-05
AMZN,2023-07-05
IWM,2023-07-05
META,2023-07-05
MSFT,2023-07-05
NVDA,2023-07-05
QQQ,2023-07-05
SHOP,2023-07-05
SOXL,2023-07-05
SPY,2023-07-05
SQQQ,2023-07-05
TQQQ,2023-07-05
AAPL,2023-07-06
AMC,2023-07-06
AMD,2023-07-06
AMZN,2023-07-06
COIN,2023-07-06
IWM,2023-07-06
META,2023-07-06
MSFT,2023-07-06
NVDA,2023-07-06
QQQ,2023-07-06
RIVN,2023-07-06
SHOP,2023-07-06
SNOW,2023-07-06
SOXL,2023-07-06
SPY,2023-07-06
SQQQ,2023-07-06
TQQQ,2023-07-06
TSLA,2023-07-06
AAPL,2023-07-07
AMD,2023-07-07
AMZN,2023-07-07
COIN,2023-07-07
IWM,2023-07-07
META,2023-07-07
MSFT,2023-07-07
NVDA,2023-07-07
PLTR,2023-07-07
QQQ,2023-07-07
SHOP,2023-07-07
SNOW,2023-07-07
SOXL,2023-07-07
SPY,2023-07-07
SQQQ,2023-07-07
TQQQ,2023-07-07
TSLA,2023-07-07
AAPL,2023-07-10
AMC,2023-07-10
AMZN,2023-07-10
COIN,2023-07-10
IWM,2023-07-10
MARA,2023-07-10
META,2023-07-10
MSFT,2023-07-10
NVDA,2023-07-10
PLTR,2023-07-10
QQQ,2023-07-10
SMCI,2023-07-10
SOXL,2023-07-10
SPY,2023-07-10
SQQQ,2023-07-10
TSLA,2023-07-10
AAPL,2023-07-11
AMC,2023-07-11
AMD,2023-07-11
AMZN,2023-07-11
COIN,2023-07-11
IWM,2023-07-11
META,2023-07-11
MSFT,2023-07-11
NVDA,2023-07-11
QQQ,2023-07-11
RIVN,2023-07-11
SMCI,2023-07-11
SNOW,2023-07-11
SPY,2023-07-11
TSLA,2023-07-11
AAPL,2023-07-12
AMC,2023-07-12
AMD,2023-07-12
AMZN,2023-07-12
CVNA,2023-07-12
IWM,2023-07-12
MARA,2023-07-12
META,2023-07-12
MSFT,2023-07-12
MSTR,2023-07-12
NVDA,2023-07-12
PLTR,2023-07-12
QQQ,2023-07-12
RIVN,2023-07-12
SMCI,2023-07-12
SNOW,2023-07-12
SOXL,2023-07-12
SPY,2023-07-12
TSLA,2023-07-12
AAPL,2023-07-13
AMC,2023-07-13
AMD,2023-07-13
AMZN,2023-07-13
COIN,2023-07-13
IWM,2023-07-13
MARA,2023-07-13
META,2023-07-13
MSFT,2023-07-13
NVDA,2023-07-13
PLTR,2023-07-13
QQQ,2023-07-13
RIVN,2023-07-13
SMCI,2023-07-13
SNOW,2023-07-13
SOXS,2023-07-13
SPY,2023-07-13
TSLA,2023-07-13
AAPL,2023-07-14
AMC,2023-07-14
AMD,2023-07-14
AMZN,2023-07-14
CVNA,2023-07-14
META,2023-07-14
MSFT,2023-07-14
NVDA,2023-07-14
PLTR,2023-07-14
QQQ,2023-07-14
RIVN,2023-07-14
SPY,2023-07-14
TSLA,2023-07-14
AAPL,2023-07-17
AMC,2023-07-17
AMD,2023-07-17
AMZN,2023-07-17
COIN,2023-07-17
CVNA,2023-07-17
IWM,2023-07-17
MARA,2023-07-17
META,2023-07-17
MSFT,2023-07-17
MSTR,2023-07-17
NVDA,2023-07-17
PLTR,2023-07-17
QQQ,2023-07-17
RIVN,2023-07-17
SMCI,2023-07-17
SNOW,2023-07-17
SOXL,2023-07-17
SPY,2023-07-17
TSLA,2023-07-17
AAPL,2023-07-18
AMC,2023-07-18
AMD,2023-07-18
AMZN,2023-07-18
COIN,2023-07-18
CVNA,2023-07-18
IWM,2023-07-18
MARA,2023-07-18
META,2023-07-18
MSFT,2023-07-18
NVDA,2023-07-18
QQQ,2023-07-18
RIVN,2023-07-18
SMCI,2023-07-18
SNOW,2023-07-18
SOXS,2023-07-18
SPY,2023-07-18
TSLA,2023-07-18
AAPL,2023-07-19
AMC,2023-07-19
AMD,2023-07-19
AMZN,2023-07-19
COIN,2023-07-19
MARA,2023-07-19
MDB,2023-07-19
META,2023-07-19
MSFT,2023-07-19
NVDA,2023-07-19
PLTR,2023-07-19
QQQ,2023-07-19
RIVN,2023-07-19
SNOW,2023-07-19
SOXL,2023-07-19
SPY,2023-07-19
TSLA,2023-07-19
AAPL,2023-07-20
AMC,2023-07-20
AMD,2023-07-20
AMZN,2023-07-20
MARA,2023-07-20
MDB,2023-07-20
META,2023-07-20
MSFT,2023-07-20
NFLX,2023-07-20
NVDA,2023-07-20
PLTR,2023-07-20
QQQ,2023-07-20
RIVN,2023-07-20
SMCI,2023-07-20
SNOW,2023-07-20
SOXL,2023-07-20
SPY,2023-07-20
TSLA,2023-07-20
AAPL,2023-07-21
AMC,2023-07-21
AMD,2023-07-21
AMZN,2023-07-21
COIN,2023-07-21
CVNA,2023-07-21
MDB,2023-07-21
META,2023-07-21
MSFT,2023-07-21
NFLX,2023-07-21
NVDA,2023-07-21
PLTR,2023-07-21
QQQ,2023-07-21
RIVN,2023-07-21
SMCI,2023-07-21
SNOW,2023-07-21
SOXL,2023-07-21
SPY,2023-07-21
TSLA,2023-07-21
AAPL,2023-07-24
AMC,2023-07-24
AMD,2023-07-24
AMZN,2023-07-24
COIN,2023-07-24
CVNA,2023-07-24
GOOGL,2023-07-24
META,2023-07-24
MSFT,2023-07-24
NVDA,2023-07-24
PLTR,2023-07-24
QQQ,2023-07-24
RIVN,2023-07-24
SMCI,2023-07-24
SNOW,2023-07-24
SOXL,2023-07-24
SOXS,2023-07-24
SPY,2023-07-24
TEAM,2023-07-24
TSLA,2023-07-24
AAPL,2023-07-25
AMD,2023-07-25
AMZN,2023-07-25
COIN,2023-07-25
CVNA,2023-07-25
MARA,2023-07-25
META,2023-07-25
MSFT,2023-07-25
NVDA,2023-07-25
PLTR,2023-07-25
QQQ,2023-07-25
RIVN,2023-07-25
SMCI,2023-07-25
SNOW,2023-07-25
SOXL,2023-07-25
SOXS,2023-07-25
SPY,2023-07-25
TSLA,2023-07-25
AAPL,2023-07-26
AMC,2023-07-26
AMD,2023-07-26
AMZN,2023-07-26
COIN,2023-07-26
CVNA,2023-07-26
GOOGL,2023-07-26
MARA,2023-07-26
META,2023-07-26
MSFT,2023-07-26
NVDA,2023-07-26
PLTR,2023-07-26
QQQ,2023-07-26
RIVN,2023-07-26
SMCI,2023-07-26
SOXL,2023-07-26
SOXS,2023-07-26
SPY,2023-07-26
TSLA,2023-07-26
ZS,2023-07-26
AAPL,2023-07-27
AMC,2023-07-27
AMD,2023-07-27
AMZN,2023-07-27
COIN,2023-07-27
CVNA,2023-07-27
MARA,2023-07-27
META,2023-07-27
MSFT,2023-07-27
NVDA,2023-07-27
PDD,2023-07-27
PLTR,2023-07-27
QQQ,2023-07-27
SMCI,2023-07-27
SOXL,2023-07-27
SOXS,2023-07-27
SPY,2023-07-27
TSLA,2023-07-27
AAPL,2023-07-28
AMC,2023-07-28
AMD,2023-07-28
AMZN,2023-07-28
COIN,2023-07-28
CVNA,2023-07-28
IWM,2023-07-28
META,2023-07-28
MSFT,2023-07-28
NVDA,2023-07-28
PDD,2023-07-28
PLTR,2023-07-28
QQQ,2023-07-28
RIVN,2023-07-28
SMCI,2023-07-28
SOXS,2023-07-28
SPY,2023-07-28
TSLA,2023-07-28
TZA,2023-07-28
AAPL,2023-07-31
AMC,2023-07-31
AMD,2023-07-31
AMZN,2023-07-31
COIN,2023-07-31
GOOGL,2023-07-31
META,2023-07-31
MSFT,2023-07-31
NVDA,2023-07-31
QQQ,2023-07-31
RIVN,2023-07-31
SMCI,2023-07-31
SOXS,2023-07-31
SPY,2023-07-31
TSLA,2023-07-31
AAPL,2023-08-01
AMD,2023-08-01
AMZN,2023-08-01
COIN,2023-08-01
CVNA,2023-08-01
IWM,2023-08-01
MARA,2023-08-01
META,2023-08-01
MSFT,2023-08-01
NVDA,2023-08-01
PDD,2023-08-01
QQQ,2023-08-01
RIVN,2023-08-01
SMCI,2023-08-01
SOXL,2023-08-01
SPY,2023-08-01
TSLA,2023-08-01
AAPL,2023-08-02
AMC,2023-08-02
AMD,2023-08-02
AMZN,2023-08-02
COIN,2023-08-02
IWM,2023-08-02
MARA,2023-08-02
META,2023-08-02
MSFT,2023-08-02
NVDA,2023-08-02
PDD,2023-08-02
PLTR,2023-08-02
QQQ,2023-08-02
RIVN,2023-08-02
SMCI,2023-08-02
SOFI,2023-08-02
SOXL,2023-08-02
SPY,2023-08-02
TSLA,2023-08-02
AAPL,2023-08-03
AMC,2023-08-03
AMD,2023-08-03
AMZN,2023-08-03
COIN,2023-08-03
IWM,2023-08-03
META,2023-08-03
MSFT,2023-08-03
NVDA,2023-08-03
PDD,2023-08-03
PLTR,2023-08-03
QQQ,2023-08-03
RIVN,2023-08-03
SMCI,2023-08-03
SOFI,2023-08-03
SOXL,2023-08-03
SPY,2023-08-03
TSLA,2023-08-03
AAPL,2023-08-04
AMC,2023-08-04
AMD,2023-08-04
AMZN,2023-08-04
COIN,2023-08-04
CVNA,2023-08-04
IWM,2023-08-04
MDB,2023-08-04
META,2023-08-04
MSFT,2023-08-04
NVDA,2023-08-04
PLTR,2023-08-04
QQQ,2023-08-04
RIVN,2023-08-04
SMCI,2023-08-04
SOXL,2023-08-04
SOXS,2023-08-04
SPY,2023-08-04
TSLA,2023-08-04
AAPL,2023-08-07
AMC,2023-08-07
AMD,2023-08-07
COIN,2023-08-07
META,2023-08-07
MSFT,2023-08-07
NVDA,2023-08-07
PLTR,2023-08-07
QQQ,2023-08-07
SHOP,2023-08-07
SOXL,2023-08-07
SPY,2023-08-07
TQQQ,2023-08-07
TSLA,2023-08-07
AAPL,2023-08-08
AMC,2023-08-08
AMD,2023-08-08
AMZN,2023-08-08
COIN,2023-08-08
DKNG,2023-08-08
IWM,2023-08-08
META,2023-08-08
MSFT,2023-08-08
NVDA,2023-08-08
PDD,2023-08-08
PLTR,2023-08-08
QQQ,2023-08-08
RIVN,2023-08-08
SHOP,2023-08-08
SMCI,2023-08-08
SOXL,2023-08-08
SPY,2023-08-08
TSLA,2023-08-08
AAPL,2023-08-09
AMC,2023-08-09
AMD,2023-08-09
AMZN,2023-08-09
COIN,2023-08-09
DKNG,2023-08-09
IWM,2023-08-09
MDB,2023-08-09
MSFT,2023-08-09
NVDA,2023-08-09
PLTR,2023-08-09
QQQ,2023-08-09
RIVN,2023-08-09
SHOP,2023-08-09
SMCI,2023-08-09
SOXL,2023-08-09
SPY,2023-08-09
TSLA,2023-08-09
AAPL,2023-08-10
AMC,2023-08-10
AMD,2023-08-10
AMZN,2023-08-10
COIN,2023-08-10
CVNA,2023-08-10
DDOG,2023-08-10
DKNG,2023-08-10
IWM,2023-08-10
META,2023-08-10
MSFT,2023-08-10
NVDA,2023-08-10
PLTR,2023-08-10
QQQ,2023-08-10
RIVN,2023-08-10
SMCI,2023-08-10
SOXL,2023-08-10
SPY,2023-08-10
TSLA,2023-08-10
AAPL,2023-08-11
AMD,2023-08-11
AMZN,2023-08-11
BABA,2023-08-11
IWM,2023-08-11
MSFT,2023-08-11
NVDA,2023-08-11
PDD,2023-08-11
PLTR,2023-08-11
QQQ,2023-08-11
RIVN,2023-08-11
SMCI,2023-08-11
SOXL,2023-08-11
SOXS,2023-08-11
SPY,2023-08-11
SQQQ,2023-08-11
TQQQ,2023-08-11
TSLA,2023-08-11
AAPL,2023-08-14
AMD,2023-08-14
AMZN,2023-08-14
IWM,2023-08-14
META,2023-08-14
MSFT,2023-08-14
NVDA,2023-08-14
PLTR,2023-08-14
QQQ,2023-08-14
RIVN,2023-08-14
SMCI,2023-08-14
SOXL,2023-08-14
SPY,2023-08-14
SQQQ,2023-08-14
TQQQ,2023-08-14
TSLA,2023-08-14
AAPL,2023-08-15
AMC,2023-08-15
AMD,2023-08-15
AMZN,2023-08-15
META,2023-08-15
MSFT,2023-08-15
PDD,2023-08-15
PLTR,2023-08-15
QQQ,2023-08-15
RIVN,2023-08-15
SOXS,2023-08-15
SPY,2023-08-15
SQQQ,2023-08-15
TQQQ,2023-08-15
TSLA,2023-08-15
AAPL,2023-08-16
AMD,2023-08-16
AMZN,2023-08-16
COIN,2023-08-16
IWM,2023-08-16
MDB,2023-08-16
META,2023-08-16
MSFT,2023-08-16
NVDA,2023-08-16
PDD,2023-08-16
PLTR,2023-08-16
QQQ,2023-08-16
RIVN,2023-08-16
SMCI,2023-08-16
SOXL,2023-08-16
SPY,2023-08-16
TSLA,2023-08-16
AAPL,2023-08-17
AMC,2023-08-17
AMD,2023-08-17
AMZN,2023-08-17
COHR,2023-08-17
COIN,2023-08-17
IWM,2023-08-17
META,2023-08-17
MSFT,2023-08-17
NVDA,2023-08-17
PLTR,2023-08-17
QQQ,2023-08-17
RIVN,2023-08-17
SMCI,2023-08-17
SOXL,2023-08-17
SPY,2023-08-17
SQQQ,2023-08-17
TQQQ,2023-08-17
TSLA,2023-08-17
AAPL,2023-08-18
AMD,2023-08-18
AMZN,2023-08-18
COHR,2023-08-18
COIN,2023-08-18
IWM,2023-08-18
MARA,2023-08-18
META,2023-08-18
MSFT,2023-08-18
NVDA,2023-08-18
PLTR,2023-08-18
QQQ,2023-08-18
RIVN,2023-08-18
SMCI,2023-08-18
SOXL,2023-08-18
SOXS,2023-08-18
SPY,2023-08-18
TSLA,2023-08-18
AAPL,2023-08-21
AMC,2023-08-21
AMD,2023-08-21
AMZN,2023-08-21
COIN,2023-08-21
DDOG,2023-08-21
IWM,2023-08-21
META,2023-08-21
MRNA,2023-08-21
MSFT,2023-08-21
NVDA,2023-08-21
PLTR,2023-08-21
QQQ,2023-08-21
RIVN,2023-08-21
SMCI,2023-08-21
SOXL,2023-08-21
SOXS,2023-08-21
SPY,2023-08-21
TSLA,2023-08-21
UVXY,2023-08-21
AAPL,2023-08-22
AMC,2023-08-22
AMD,2023-08-22
AMZN,2023-08-22
COIN,2023-08-22
META,2023-08-22
MSFT,2023-08-22
PLTR,2023-08-22
QQQ,2023-08-22
RIVN,2023-08-22
SMCI,2023-08-22
SOXS,2023-08-22
SPY,2023-08-22
SQQQ,2023-08-22
TQQQ,2023-08-22
AAPL,2023-08-23
AMC,2023-08-23
AMD,2023-08-23
AMZN,2023-08-23
IWM,2023-08-23
META,2023-08-23
MRNA,2023-08-23
MSFT,2023-08-23
NVDA,2023-08-23
PLTR,2023-08-23
QQQ,2023-08-23
RIVN,2023-08-23
SMCI,2023-08-23
SOXL,2023-08-23
SOXS,2023-08-23
SPY,2023-08-23
SQQQ,2023-08-23
TQQQ,2023-08-23
TSLA,2023-08-23
AAPL,2023-08-24
AMC,2023-08-24
AMD,2023-08-24
AMZN,2023-08-24
COIN,2023-08-24
IWM,2023-08-24
META,2023-08-24
MSFT,2023-08-24
NVDA,2023-08-24
PLTR,2023-08-24
QQQ,2023-08-24
SOXS,2023-08-24
SPY,2023-08-24
SQQQ,2023-08-24
TQQQ,2023-08-24
TSLA,2023-08-24
AAPL,2023-08-25
AMC,2023-08-25
AMD,2023-08-25
AMZN,2023-08-25
COIN,2023-08-25
IWM,2023-08-25
MDB,2023-08-25
META,2023-08-25
MSFT,2023-08-25
NVDA,2023-08-25
PLTR,2023-08-25
QQQ,2023-08-25
SMCI,2023-08-25
SOXL,2023-08-25
SPY,2023-08-25
TQQQ,2023-08-25
TSLA,2023-08-25
AAPL,2023-08-28
AMD,2023-08-28
AMZN,2023-08-28
IWM,2023-08-28
META,2023-08-28
MRVL,2023-08-28
MSFT,2023-08-28
NVDA,2023-08-28
PLTR,2023-08-28
QQQ,2023-08-28
SHOP,2023-08-28
SMCI,2023-08-28
SOXL,2023-08-28
SOXS,2023-08-28
SPY,2023-08-28
SQQQ,2023-08-28
TQQQ,2023-08-28
TSLA,2023-08-28
AAPL,2023-08-29
AMD,2023-08-29
AMZN,2023-08-29
IWM,2023-08-29
META,2023-08-29
MRVL,2023-08-29
MSFT,2023-08-29
NVDA,2023-08-29
PLTR,2023-08-29
QQQ,2023-08-29
SMCI,2023-08-29
SOXL,2023-08-29
SOXS,2023-08-29
SPY,2023-08-29
SQQQ,2023-08-29
TQQQ,2023-08-29
TSLA,2023-08-29
AAPL,2023-08-30
AMD,2023-08-30
AMZN,2023-08-30
GOOGL,2023-08-30
META,2023-08-30
MSFT,2023-08-30
NVDA,2023-08-30
QQQ,2023-08-30
SMCI,2023-08-30
SPY,2023-08-30
SQQQ,2023-08-30
AAPL,2023-08-31
AMD,2023-08-31
AMZN,2023-08-31
COIN,2023-08-31
CVNA,2023-08-31
META,2023-08-31
MSFT,2023-08-31
NVDA,2023-08-31
QQQ,2023-08-31
SMCI,2023-08-31
SOXL,2023-08-31
SPY,2023-08-31
SQQQ,2023-08-31
TQQQ,2023-08-31
TSLA,2023-08-31
AAPL,2023-09-01
AMD,2023-09-01
AMZN,2023-09-01
AVGO,2023-09-01
COIN,2023-09-01
DKNG,2023-09-01
MDB,2023-09-01
META,2023-09-01
MSFT,2023-09-01
NVDA,2023-09-01
PLTR,2023-09-01
QQQ,2023-09-01
SMCI,2023-09-01
SOXL,2023-09-01
SPY,2023-09-01
SQQQ,2023-09-01
TQQQ,2023-09-01
TSLA,2023-09-01
AAPL,2023-09-05
AMD,2023-09-05
AMZN,2023-09-05
AVGO,2023-09-05
IWM,2023-09-05
MDB,2023-09-05
MSFT,2023-09-05
NVDA,2023-09-05
PLTR,2023-09-05
QQQ,2023-09-05
RIVN,2023-09-05
SMCI,2023-09-05
SOXL,2023-09-05
SPY,2023-09-05
SQQQ,2023-09-05
TQQQ,2023-09-05
TSLA,2023-09-05
AAPL,2023-09-06
AMD,2023-09-06
AMZN,2023-09-06
IWM,2023-09-06
META,2023-09-06
MSFT,2023-09-06
NVDA,2023-09-06
PLTR,2023-09-06
QQQ,2023-09-06
RIVN,2023-09-06
SMCI,2023-09-06
SOXL,2023-09-06
SOXS,2023-09-06
SPY,2023-09-06
SQQQ,2023-09-06
TQQQ,2023-09-06
TSLA,2023-09-06
AAPL,2023-09-07
AMC,2023-09-07
AMD,2023-09-07
AMZN,2023-09-07
IWM,2023-09-07
META,2023-09-07
MSFT,2023-09-07
NVDA,2023-09-07
PLTR,2023-09-07
QQQ,2023-09-07
SMCI,2023-09-07
SOXL,2023-09-07
SOXS,2023-09-07
SPY,2023-09-07
SQQQ,2023-09-07
TQQQ,2023-09-07
TSLA,2023-09-07
AAPL,2023-09-08
AMD,2023-09-08
AMZN,2023-09-08
IWM,2023-09-08
META,2023-09-08
MSFT,2023-09-08
NVDA,2023-09-08
PDD,2023-09-08
PLTR,2023-09-08
QQQ,2023-09-08
SMCI,2023-09-08
SOXL,2023-09-08
SPY,2023-09-08
SQQQ,2023-09-08
TQQQ,2023-09-08
TSLA,2023-09-08
AAPL,2023-09-11
AMD,2023-09-11
AMZN,2023-09-11
IWM,2023-09-11
MARA,2023-09-11
META,2023-09-11
MSFT,2023-09-11
NVDA,2023-09-11
PLTR,2023-09-11
QQQ,2023-09-11
SMCI,2023-09-11
SOXL,2023-09-11
SOXS,2023-09-11
SPY,2023-09-11
SQQQ,2023-09-11
TQQQ,2023-09-11
TSLA,2023-09-11
AAPL,2023-09-12
AMD,2023-09-12
AMZN,2023-09-12
IWM,2023-09-12
META,2023-09-12
MSFT,2023-09-12
NVDA,2023-09-12
PDD,2023-09-12
PLTR,2023-09-12
QQQ,2023-09-12
RIVN,2023-09-12
SMCI,2023-09-12
SOXL,2023-09-12
SPY,2023-09-12
SQQQ,2023-09-12
TQQQ,2023-09-12
AAPL,2023-09-13
AMD,2023-09-13
AMZN,2023-09-13
COIN,2023-09-13
CVNA,2023-09-13
META,2023-09-13
MSFT,2023-09-13
NVDA,2023-09-13
ORCL,2023-09-13
PDD,2023-09-13
PLTR,2023-09-13
QQQ,2023-09-13
SOXL,2023-09-13
SPY,2023-09-13
SQQQ,2023-09-13
TQQQ,2023-09-13
TSLA,2023-09-13
AAPL,2023-09-14
AMD,2023-09-14
AMZN,2023-09-14
IWM,2023-09-14
MRNA,2023-09-14
MSFT,2023-09-14
NFLX,2023-09-14
NVDA,2023-09-14
PDD,2023-09-14
QQQ,2023-09-14
SMCI,2023-09-14
SOXL,2023-09-14
SOXS,2023-09-14
SPY,2023-09-14
SQQQ,2023-09-14
TQQQ,2023-09-14
TSLA,2023-09-14
AAPL,2023-09-15
AMD,2023-09-15
AMZN,2023-09-15
COIN,2023-09-15
IWM,2023-09-15
META,2023-09-15
MRNA,2023-09-15
MSFT,2023-09-15
NVDA,2023-09-15
PLTR,2023-09-15
QQQ,2023-09-15
SMCI,2023-09-15
SOXL,2023-09-15
SPY,2023-09-15
SQQQ,2023-09-15
TQQQ,2023-09-15
TSLA,2023-09-15
AAPL,2023-09-18
AMD,2023-09-18
AMZN,2023-09-18
BX,2023-09-18
CVNA,2023-09-18
IWM,2023-09-18
META,2023-09-18
MSFT,2023-09-18
NVDA,2023-09-18
QQQ,2023-09-18
RIVN,2023-09-18
SMCI,2023-09-18
SOXL,2023-09-18
SPY,2023-09-18
TQQQ,2023-09-18
TSLA,2023-09-18
AAPL,2023-09-19
AMD,2023-09-19
AMZN,2023-09-19
CVNA,2023-09-19
IWM,2023-09-19
META,2023-09-19
MRNA,2023-09-19
MSFT,2023-09-19
NVDA,2023-09-19
QQQ,2023-09-19
SMCI,2023-09-19
SOXL,2023-09-19
SOXS,2023-09-19
SPY,2023-09-19
SQQQ,2023-09-19
TQQQ,2023-09-19
TSLA,2023-09-19
AAPL,2023-09-20
AMD,2023-09-20
AMZN,2023-09-20
COIN,2023-09-20
CVNA,2023-09-20
IWM,2023-09-20
META,2023-09-20
MSFT,2023-09-20
NVDA,2023-09-20
PLTR,2023-09-20
QQQ,2023-09-20
RIVN,2023-09-20
SOXL,2023-09-20
SOXS,2023-09-20
SPY,2023-09-20
SQQQ,2023-09-20
TQQQ,2023-09-20
TSLA,2023-09-20
AAPL,2023-09-21
AMD,2023-09-21
AMZN,2023-09-21
ARM,2023-09-21
COIN,2023-09-21
IWM,2023-09-21
META,2023-09-21
MSFT,2023-09-21
NVDA,2023-09-21
PLTR,2023-09-21
QQQ,2023-09-21
RIVN,2023-09-21
SOXL,2023-09-21
SPY,2023-09-21
SQQQ,2023-09-21
TQQQ,2023-09-21
TSLA,2023-09-21
AAPL,2023-09-22
AMD,2023-09-22
AMZN,2023-09-22
ARM,2023-09-22
COIN,2023-09-22
IWM,2023-09-22
META,2023-09-22
MSFT,2023-09-22
NVDA,2023-09-22
PLTR,2023-09-22
QQQ,2023-09-22
SMCI,2023-09-22
SOXL,2023-09-22
SPY,2023-09-22
TQQQ,2023-09-22
TSLA,2023-09-22
AAPL,2023-09-25
AMD,2023-09-25
AMZN,2023-09-25
ARM,2023-09-25
COIN,2023-09-25
CVNA,2023-09-25
IWM,2023-09-25
META,2023-09-25
MSFT,2023-09-25
NVDA,2023-09-25
PLTR,2023-09-25
QQQ,2023-09-25
RIVN,2023-09-25
SMCI,2023-09-25
SOXL,2023-09-25
SOXS,2023-09-25
SPY,2023-09-25
TSLA,2023-09-25
UVXY,2023-09-25
AAPL,2023-09-26
AMD,2023-09-26
AMZN,2023-09-26
COIN,2023-09-26
CVNA,2023-09-26
IWM,2023-09-26
META,2023-09-26
MSFT,2023-09-26
NVDA,2023-09-26
PLTR,2023-09-26
QQQ,2023-09-26
RIVN,2023-09-26
SOXL,2023-09-26
SOXS,2023-09-26
SPY,2023-09-26
TSLA,2023-09-26
UVXY,2023-09-26
AAPL,2023-09-27
AMD,2023-09-27
AMZN,2023-09-27
ARM,2023-09-27
COIN,2023-09-27
CVNA,2023-09-27
IWM,2023-09-27
META,2023-09-27
MSFT,2023-09-27
NVDA,2023-09-27
PLTR,2023-09-27
QQQ,2023-09-27
SMCI,2023-09-27
SOXL,2023-09-27
SPY,2023-09-27
TSLA,2023-09-27
AAPL,2023-09-28
AMD,2023-09-28
AMZN,2023-09-28
ARM,2023-09-28
COIN,2023-09-28
CVNA,2023-09-28
IWM,2023-09-28
META,2023-09-28
MSFT,2023-09-28
NVDA,2023-09-28
QQQ,2023-09-28
RIVN,2023-09-28
SMCI,2023-09-28
SOXL,2023-09-28
SOXS,2023-09-28
SPY,2023-09-28
TSLA,2023-09-28
TSLL,2023-09-28
UVXY,2023-09-28
AAPL,2023-09-29
AMD,2023-09-29
AMZN,2023-09-29
ARM,2023-09-29
CVNA,2023-09-29
IWM,2023-09-29
META,2023-09-29
MSFT,2023-09-29
NVDA,2023-09-29
QQQ,2023-09-29
RIVN,2023-09-29
SMCI,2023-09-29
SOXS,2023-09-29
SPY,2023-09-29
TSLA,2023-09-29
UVXY,2023-09-29
AAPL,2023-10-02
AMD,2023-10-02
AMZN,2023-10-02
ARM,2023-10-02
COIN,2023-10-02
CVNA,2023-10-02
IWM,2023-10-02
META,2023-10-02
MSFT,2023-10-02
NVDA,2023-10-02
PLTR,2023-10-02
QQQ,2023-10-02
SMCI,2023-10-02
SOXL,2023-10-02
SOXS,2023-10-02
SPY,2023-10-02
TSLA,2023-10-02
TSLL,2023-10-02
UVXY,2023-10-02
AAPL,2023-10-03
AMD,2023-10-03
AMZN,2023-10-03
ARM,2023-10-03
COIN,2023-10-03
CVNA,2023-10-03
IWM,2023-10-03
MARA,2023-10-03
META,2023-10-03
MSFT,2023-10-03
MSTR,2023-10-03
NVDA,2023-10-03
PLTR,2023-10-03
QQQ,2023-10-03
RIVN,2023-10-03
SOXL,2023-10-03
SOXS,2023-10-03
SPY,2023-10-03
TSLA,2023-10-03
AAPL,2023-10-04
AMD,2023-10-04
AMZN,2023-10-04
COIN,2023-10-04
CVNA,2023-10-04
IWM,2023-10-04
META,2023-10-04
MSFT,2023-10-04
NVDA,2023-10-04
PLTR,2023-10-04
QQQ,2023-10-04
RIVN,2023-10-04
SMCI,2023-10-04
SOFI,2023-10-04
SOXL,2023-10-04
SPY,2023-10-04
TQQQ,2023-10-04
TSLA,2023-10-04
AAPL,2023-10-05
AMD,2023-10-05
AMZN,2023-10-05
ARM,2023-10-05
COIN,2023-10-05
IWM,2023-10-05
META,2023-10-05
MSFT,2023-10-05
NVDA,2023-10-05
QQQ,2023-10-05
SMCI,2023-10-05
SOXL,2023-10-05
SOXS,2023-10-05
SPY,2023-10-05
SQQQ,2023-10-05
TQQQ,2023-10-05
UVXY,2023-10-05
AAPL,2023-10-06
AMD,2023-10-06
AMZN,2023-10-06
COIN,2023-10-06
CVNA,2023-10-06
IWM,2023-10-06
META,2023-10-06
MSFT,2023-10-06
NVDA,2023-10-06
PLTR,2023-10-06
QQQ,2023-10-06
RIVN,2023-10-06
SMCI,2023-10-06
SOXL,2023-10-06
SOXS,2023-10-06
SPY,2023-10-06
SQQQ,2023-10-06
TQQQ,2023-10-06
TSLA,2023-10-06
UVXY,2023-10-06
AAPL,2023-10-09
AMD,2023-10-09
AMZN,2023-10-09
IWM,2023-10-09
META,2023-10-09
MSFT,2023-10-09
NVDA,2023-10-09
QQQ,2023-10-09
RIVN,2023-10-09
SMCI,2023-10-09
SOXS,2023-10-09
SPY,2023-10-09
SQQQ,2023-10-09
TSLA,2023-10-09
TZA,2023-10-09
UVXY,2023-10-09
AAPL,2023-10-10
AMD,2023-10-10
AMZN,2023-10-10
ARM,2023-10-10
COIN,2023-10-10
IWM,2023-10-10
META,2023-10-10
MRNA,2023-10-10
MSFT,2023-10-10
NVDA,2023-10-10
QQQ,2023-10-10
RIVN,2023-10-10
SMCI,2023-10-10
SOXL,2023-10-10
SOXS,2023-10-10
SPY,2023-10-10
SQQQ,2023-10-10
TQQQ,2023-10-10
TSLA,2023-10-10
AAPL,2023-10-11
AMD,2023-10-11
AMZN,2023-10-11
COIN,2023-10-11
IWM,2023-10-11
META,2023-10-11
MSFT,2023-10-11
NVDA,2023-10-11
PLTR,2023-10-11
QQQ,2023-10-11
RIVN,2023-10-11
SOXL,2023-10-11
SOXS,2023-10-11
SPY,2023-10-11
SQQQ,2023-10-11
TQQQ,2023-10-11
TSLA,2023-10-11
TZA,2023-10-11
VRT,2023-10-11
AAPL,2023-10-12
AMD,2023-10-12
AMZN,2023-10-12
COIN,2023-10-12
META,2023-10-12
MSFT,2023-10-12
NVDA,2023-10-12
PLTR,2023-10-12
QQQ,2023-10-12
RIVN,2023-10-12
SMCI,2023-10-12
SOXL,2023-10-12
SOXS,2023-10-12
SPY,2023-10-12
SQQQ,2023-10-12
TQQQ,2023-10-12
TSLA,2023-10-12
UVXY,2023-10-12
VRT,2023-10-12
XOM,2023-10-12
AAPL,2023-10-13
AMD,2023-10-13
AMZN,2023-10-13
COIN,2023-10-13
CVNA,2023-10-13
IWM,2023-10-13
META,2023-10-13
MSFT,2023-10-13
NVDA,2023-10-13
PLTR,2023-10-13
QQQ,2023-10-13
RIVN,2023-10-13
SMCI,2023-10-13
SOXL,2023-10-13
SOXS,2023-10-13
SPY,2023-10-13
SQQQ,2023-10-13
TQQQ,2023-10-13
TSLA,2023-10-13
UVXY,2023-10-13
AAPL,2023-10-16
AMD,2023-10-16
AMZN,2023-10-16
COIN,2023-10-16
IWM,2023-10-16
META,2023-10-16
MSFT,2023-10-16
NVDA,2023-10-16
PLTR,2023-10-16
QQQ,2023-10-16
RIVN,2023-10-16
SHOP,2023-10-16
SMCI,2023-10-16
SOXL,2023-10-16
SPY,2023-10-16
SQQQ,2023-10-16
TQQQ,2023-10-16
TSLA,2023-10-16
AAPL,2023-10-17
AMD,2023-10-17
AMZN,2023-10-17
COIN,2023-10-17
IWM,2023-10-17
META,2023-10-17
MSFT,2023-10-17
NVDA,2023-10-17
PLTR,2023-10-17
QQQ,2023-10-17
RIVN,2023-10-17
SHOP,2023-10-17
SMCI,2023-10-17
SOXL,2023-10-17
SOXS,2023-10-17
SPY,2023-10-17
SQQQ,2023-10-17
TQQQ,2023-10-17
TSLA,2023-10-17
AAPL,2023-10-18
AMD,2023-10-18
AMZN,2023-10-18
COIN,2023-10-18
IWM,2023-10-18
META,2023-10-18
MSFT,2023-10-18
NVDA,2023-10-18
PLTR,2023-10-18
QQQ,2023-10-18
RIVN,2023-10-18
SHOP,2023-10-18
SMCI,2023-10-18
SOXL,2023-10-18
SOXS,2023-10-18
SPY,2023-10-18
SQQQ,2023-10-18
TQQQ,2023-10-18
TSLA,2023-10-18
UVXY,2023-10-18
AAPL,2023-10-19
AMD,2023-10-19
AMZN,2023-10-19
COIN,2023-10-19
IWM,2023-10-19
META,2023-10-19
MSFT,2023-10-19
NVDA,2023-10-19
PLTR,2023-10-19
QQQ,2023-10-19
RIVN,2023-10-19
SHOP,2023-10-19
SMCI,2023-10-19
SOXL,2023-10-19
SPY,2023-10-19
SQQQ,2023-10-19
TQQQ,2023-10-19
TSLA,2023-10-19
AAPL,2023-10-20
AMZN,2023-10-20
IWM,2023-10-20
MSFT,2023-10-20
NVDA,2023-10-20
PLTR,2023-10-20
QQQ,2023-10-20
RIVN,2023-10-20
SMCI,2023-10-20
SOXL,2023-10-20
SOXS,2023-10-20
SPY,2023-10-20
SQQQ,2023-10-20
TQQQ,2023-10-20
TSLA,2023-10-20
TZA,2023-10-20
AAPL,2023-10-23
AMD,2023-10-23
AMZN,2023-10-23
COIN,2023-10-23
IWM,2023-10-23
MDB,2023-10-23
META,2023-10-23
MSFT,2023-10-23
NVDA,2023-10-23
PLTR,2023-10-23
QQQ,2023-10-23
RIVN,2023-10-23
SMCI,2023-10-23
SOXL,2023-10-23
SOXS,2023-10-23
SPY,2023-10-23
SQQQ,2023-10-23
TQQQ,2023-10-23
TSLA,2023-10-23
UVXY,2023-10-23
AAPL,2023-10-24
AMD,2023-10-24
AMZN,2023-10-24
COIN,2023-10-24
IWM,2023-10-24
META,2023-10-24
MSFT,2023-10-24
NVDA,2023-10-24
PLTR,2023-10-24
QQQ,2023-10-24
RIVN,2023-10-24
SMCI,2023-10-24
SOXL,2023-10-24
SOXS,2023-10-24
SPY,2023-10-24
SQQQ,2023-10-24
TQQQ,2023-10-24
TSLA,2023-10-24
AAPL,2023-10-25
AMZN,2023-10-25
GOOGL,2023-10-25
IWM,2023-10-25
META,2023-10-25
MSFT,2023-10-25
NVDA,2023-10-25
PLTR,2023-10-25
QQQ,2023-10-25
SMCI,2023-10-25
SOXL,2023-10-25
SOXS,2023-10-25
SPY,2023-10-25
SQQQ,2023-10-25
TQQQ,2023-10-25
TSLA,2023-10-25
AAPL,2023-10-26
AMZN,2023-10-26
COIN,2023-10-26
GOOGL,2023-10-26
IWM,2023-10-26
META,2023-10-26
MSFT,2023-10-26
NVDA,2023-10-26
PLTR,2023-10-26
QQQ,2023-10-26
SHOP,2023-10-26
SOXL,2023-10-26
SPY,2023-10-26
TQQQ,2023-10-26
TSLA,2023-10-26
VRT,2023-10-26
AAPL,2023-10-27
AMZN,2023-10-27
COIN,2023-10-27
GOOGL,2023-10-27
IWM,2023-10-27
META,2023-10-27
MSFT,2023-10-27
NVDA,2023-10-27
PLTR,2023-10-27
QQQ,2023-10-27
SHOP,2023-10-27
SMCI,2023-10-27
SOXL,2023-10-27
SOXS,2023-10-27
SPY,2023-10-27
TQQQ,2023-10-27
TSLA,2023-10-27
UVXY,2023-10-27
AAPL,2023-10-30
COIN,2023-10-30
GOOGL,2023-10-30
IWM,2023-10-30
META,2023-10-30
MSFT,2023-10-30
NVDA,2023-10-30
PLTR,2023-10-30
QQQ,2023-10-30
SHOP,2023-10-30
SOXL,2023-10-30
SOXS,2023-10-30
SPY,2023-10-30
SQQQ,2023-10-30
TQQQ,2023-10-30
TSLA,2023-10-30
TZA,2023-10-30
UVXY,2023-10-30
AAPL,2023-10-31
AMZN,2023-10-31
COIN,2023-10-31
IWM,2023-10-31
META,2023-10-31
MSFT,2023-10-31
NVDA,2023-10-31
PLTR,2023-10-31
QQQ,2023-10-31
SHOP,2023-10-31
SMCI,2023-10-31
SOFI,2023-10-31
SOXL,2023-10-31
SOXS,2023-10-31
SPY,2023-10-31
SQQQ,2023-10-31
TQQQ,2023-10-31
TSLA,2023-10-31
AAPL,2023-11-01
AMD,2023-11-01
AMZN,2023-11-01
COIN,2023-11-01
IWM,2023-11-01
META,2023-11-01
MSFT,2023-11-01
NVDA,2023-11-01
PLTR,2023-11-01
QQQ,2023-11-01
RIVN,2023-11-01
SHOP,2023-11-01
SOXL,2023-11-01
SOXS,2023-11-01
SPY,2023-11-01
SQQQ,2023-11-01
TQQQ,2023-11-01
TSLA,2023-11-01
WDC,2023-11-01
AAPL,2023-11-02
AMZN,2023-11-02
COIN,2023-11-02
IWM,2023-11-02
META,2023-11-02
MSFT,2023-11-02
NVDA,2023-11-02
PLTR,2023-11-02
QQQ,2023-11-02
SHOP,2023-11-02
SOXS,2023-11-02
SPY,2023-11-02
SQQQ,2023-11-02
TSLA,2023-11-02
WDC,2023-11-02
AAPL,2023-11-03
AMD,2023-11-03
AMZN,2023-11-03
IWM,2023-11-03
META,2023-11-03
MRNA,2023-11-03
MSFT,2023-11-03
NVDA,2023-11-03
QQQ,2023-11-03
SMCI,2023-11-03
SPY,2023-11-03
SQQQ,2023-11-03
AAPL,2023-11-06
AMD,2023-11-06
AMZN,2023-11-06
COIN,2023-11-06
IWM,2023-11-06
META,2023-11-06
MSFT,2023-11-06
NVDA,2023-11-06
QQQ,2023-11-06
SHOP,2023-11-06
SMCI,2023-11-06
SOXS,2023-11-06
SPY,2023-11-06
SQQQ,2023-11-06
TQQQ,2023-11-06
TSLA,2023-11-06
AAPL,2023-11-07
AMD,2023-11-07
AMZN,2023-11-07
COIN,2023-11-07
DDOG,2023-11-07
DKNG,2023-11-07
IWM,2023-11-07
META,2023-11-07
MSFT,2023-11-07
NVDA,2023-11-07
PLTR,2023-11-07
QQQ,2023-11-07
SHOP,2023-11-07
SMCI,2023-11-07
SOXL,2023-11-07
SPY,2023-11-07
SQQQ,2023-11-07
TQQQ,2023-11-07
TSLA,2023-11-07
AAPL,2023-11-08
AMD,2023-11-08
AMZN,2023-11-08
DKNG,2023-11-08
IWM,2023-11-08
META,2023-11-08
MSFT,2023-11-08
NVDA,2023-11-08
PLTR,2023-11-08
QQQ,2023-11-08
RIVN,2023-11-08
SHOP,2023-11-08
SOXL,2023-11-08
SPY,2023-11-08
SQQQ,2023-11-08
TQQQ,2023-11-08
TSLA,2023-11-08
AAPL,2023-11-09
AMD,2023-11-09
AMZN,2023-11-09
COIN,2023-11-09
DDOG,2023-11-09
IWM,2023-11-09
LLY,2023-11-09
MSFT,2023-11-09
NVDA,2023-11-09
PLTR,2023-11-09
QQQ,2023-11-09
RIVN,2023-11-09
SHOP,2023-11-09
SMCI,2023-11-09
SOXL,2023-11-09
SPY,2023-11-09
SQQQ,2023-11-09
TQQQ,2023-11-09
TSLA,2023-11-09
AAPL,2023-11-10
AMD,2023-11-10
AMZN,2023-11-10
IWM,2023-11-10
META,2023-11-10
MSFT,2023-11-10
MSTR,2023-11-10
NVDA,2023-11-10
PLTR,2023-11-10
QQQ,2023-11-10
RIVN,2023-11-10
SMCI,2023-11-10
SOXL,2023-11-10
SPY,2023-11-10
SQQQ,2023-11-10
TQQQ,2023-11-10
TSLA,2023-11-10
AAPL,2023-11-13
AMD,2023-11-13
AMZN,2023-11-13
COIN,2023-11-13
IWM,2023-11-13
META,2023-11-13
MSFT,2023-11-13
NVDA,2023-11-13
QQQ,2023-11-13
RIVN,2023-11-13
SMCI,2023-11-13
SNOW,2023-11-13
SOXS,2023-11-13
SPY,2023-11-13
SQQQ,2023-11-13
TSLA,2023-11-13
AAPL,2023-11-14
AMD,2023-11-14
AMZN,2023-11-14
COIN,2023-11-14
IWM,2023-11-14
META,2023-11-14
MSFT,2023-11-14
NVDA,2023-11-14
PLTR,2023-11-14
QQQ,2023-11-14
SHOP,2023-11-14
SMCI,2023-11-14
SNOW,2023-11-14
SOXL,2023-11-14
SPY,2023-11-14
SQQQ,2023-11-14
TQQQ,2023-11-14
TSLA,2023-11-14
AAPL,2023-11-15
AMD,2023-11-15
AMZN,2023-11-15
COIN,2023-11-15
DKNG,2023-11-15
META,2023-11-15
MSFT,2023-11-15
NVDA,2023-11-15
PLTR,2023-11-15
QQQ,2023-11-15
SNOW,2023-11-15
SPY,2023-11-15
SQQQ,2023-11-15
AAPL,2023-11-16
AMD,2023-11-16
AMZN,2023-11-16
IWM,2023-11-16
META,2023-11-16
MSFT,2023-11-16
NVDA,2023-11-16
PLTR,2023-11-16
QQQ,2023-11-16
RIVN,2023-11-16
SHOP,2023-11-16
SMCI,2023-11-16
SOXL,2023-11-16
SPY,2023-11-16
SQQQ,2023-11-16
TQQQ,2023-11-16
TSLA,2023-11-16
AAPL,2023-11-17
AMD,2023-11-17
AMZN,2023-11-17
COIN,2023-11-17
IWM,2023-11-17
META,2023-11-17
MSFT,2023-11-17
MSTR,2023-11-17
NVDA,2023-11-17
PLTR,2023-11-17
QQQ,2023-11-17
RIVN,2023-11-17
SHOP,2023-11-17
SOXL,2023-11-17
SOXS,2023-11-17
SPY,2023-11-17
SQQQ,2023-11-17
TQQQ,2023-11-17
TSLA,2023-11-17
AAPL,2023-11-20
AMZN,2023-11-20
COIN,2023-11-20
DKNG,2023-11-20
GOOGL,2023-11-20
IWM,2023-11-20
META,2023-11-20
MSFT,2023-11-20
MSTR,2023-11-20
NVDA,2023-11-20
PLTR,2023-11-20
QQQ,2023-11-20
RIVN,2023-11-20
SHOP,2023-11-20
SMCI,2023-11-20
SOXL,2023-11-20
SOXS,2023-11-20
SPY,2023-11-20
TSLA,2023-11-20
AAPL,2023-11-21
AMD,2023-11-21
AMZN,2023-11-21
IWM,2023-11-21
MDB,2023-11-21
META,2023-11-21
MSFT,2023-11-21
MSTR,2023-11-21
NVDA,2023-11-21
PLTR,2023-11-21
QQQ,2023-11-21
SHOP,2023-11-21
SOXL,2023-11-21
SOXS,2023-11-21
SPY,2023-11-21
TSLA,2023-11-21
AAPL,2023-11-22
AMD,2023-11-22
AMZN,2023-11-22
AVGO,2023-11-22
COIN,2023-11-22
DKNG,2023-11-22
IWM,2023-11-22
MARA,2023-11-22
MSFT,2023-11-22
NVDA,2023-11-22
PLTR,2023-11-22
QQQ,2023-11-22
RIVN,2023-11-22
SHOP,2023-11-22
SMCI,2023-11-22
SOXL,2023-11-22
SPY,2023-11-22
TSLA,2023-11-22
AAPL,2023-11-24
AMD,2023-11-24
AMZN,2023-11-24
COIN,2023-11-24
IWM,2023-11-24
MDB,2023-11-24
MSFT,2023-11-24
NVDA,2023-11-24
PLTR,2023-11-24
QQQ,2023-11-24
SHOP,2023-11-24
SMCI,2023-11-24
SOXL,2023-11-24
SOXS,2023-11-24
SPY,2023-11-24
TQQQ,2023-11-24
TSLA,2023-11-24
AAPL,2023-11-27
AMD,2023-11-27
AMZN,2023-11-27
ARM,2023-11-27
AVGO,2023-11-27
IWM,2023-11-27
MARA,2023-11-27
MSFT,2023-11-27
MSTR,2023-11-27
NVDA,2023-11-27
PLTR,2023-11-27
QQQ,2023-11-27
RIVN,2023-11-27
SMCI,2023-11-27
SOXL,2023-11-27
SOXS,2023-11-27
SPY,2023-11-27
TSLA,2023-11-27
AAPL,2023-11-28
AMZN,2023-11-28
AVGO,2023-11-28
COIN,2023-11-28
IWM,2023-11-28
MARA,2023-11-28
MDB,2023-11-28
META,2023-11-28
MSFT,2023-11-28
MSTR,2023-11-28
NVDA,2023-11-28
PLTR,2023-11-28
QQQ,2023-11-28
RIVN,2023-11-28
SMCI,2023-11-28
SOXL,2023-11-28
SOXS,2023-11-28
SPY,2023-11-28
TSLA,2023-11-28
AAPL,2023-11-29
AMZN,2023-11-29
DKNG,2023-11-29
IWM,2023-11-29
META,2023-11-29
MSFT,2023-11-29
MSTR,2023-11-29
NVDA,2023-11-29
PLTR,2023-11-29
QQQ,2023-11-29
RIVN,2023-11-29
SMCI,2023-11-29
SOXL,2023-11-29
SOXS,2023-11-29
SPY,2023-11-29
TSLA,2023-11-29
AAPL,2023-11-30
AMD,2023-11-30
AMZN,2023-11-30
COIN,2023-11-30
IWM,2023-11-30
MARA,2023-11-30
META,2023-11-30
MSFT,2023-11-30
NVDA,2023-11-30
PLTR,2023-11-30
QQQ,2023-11-30
RIVN,2023-11-30
SMCI,2023-11-30
SOXL,2023-11-30
SOXS,2023-11-30
SPY,2023-11-30
TSLA,2023-11-30
VRT,2023-11-30
AAPL,2023-12-01
AMZN,2023-12-01
COIN,2023-12-01
IWM,2023-12-01
MDB,2023-12-01
META,2023-12-01
MSFT,2023-12-01
NVDA,2023-12-01
PATH,2023-12-01
PLTR,2023-12-01
QQQ,2023-12-01
RIVN,2023-12-01
SMCI,2023-12-01
SOXL,2023-12-01
SOXS,2023-12-01
SPY,2023-12-01
TSLA,2023-12-01
VRT,2023-12-01
AAPL,2023-12-04
AMD,2023-12-04
AMZN,2023-12-04
IWM,2023-12-04
MDB,2023-12-04
META,2023-12-04
MSFT,2023-12-04
NVDA,2023-12-04
PLTR,2023-12-04
QQQ,2023-12-04
SMCI,2023-12-04
SOXL,2023-12-04
SPY,2023-12-04
TSLA,2023-12-04
AAPL,2023-12-05
AMZN,2023-12-05
IWM,2023-12-05
MDB,2023-12-05
META,2023-12-05
MSFT,2023-12-05
NVDA,2023-12-05
PATH,2023-12-05
PLTR,2023-12-05
QQQ,2023-12-05
SMCI,2023-12-05
SOXL,2023-12-05
SPY,2023-12-05
TSLA,2023-12-05
UBER,2023-12-05
AAPL,2023-12-06
AMD,2023-12-06
AMZN,2023-12-06
ARM,2023-12-06
COIN,2023-12-06
IWM,2023-12-06
MARA,2023-12-06
META,2023-12-06
MSFT,2023-12-06
MSTR,2023-12-06
NVDA,2023-12-06
PLTR,2023-12-06
QQQ,2023-12-06
SMCI,2023-12-06
SOXL,2023-12-06
SOXS,2023-12-06
SPY,2023-12-06
TSLA,2023-12-06
AAPL,2023-12-07
AMD,2023-12-07
AMZN,2023-12-07
COIN,2023-12-07
IWM,2023-12-07
MARA,2023-12-07
META,2023-12-07
MSFT,2023-12-07
MSTR,2023-12-07
NVDA,2023-12-07
PLTR,2023-12-07
QQQ,2023-12-07
SMCI,2023-12-07
SOXL,2023-12-07
SOXS,2023-12-07
SPY,2023-12-07
TSLA,2023-12-07
AAPL,2023-12-08
AMZN,2023-12-08
COIN,2023-12-08
IWM,2023-12-08
MARA,2023-12-08
MSFT,2023-12-08
MSTR,2023-12-08
NVDA,2023-12-08
PLTR,2023-12-08
QQQ,2023-12-08
RIVN,2023-12-08
SMCI,2023-12-08
SOXS,2023-12-08
SPY,2023-12-08
TSLA,2023-12-08
AAPL,2023-12-11
AMD,2023-12-11
AMZN,2023-12-11
AVGO,2023-12-11
IWM,2023-12-11
MSFT,2023-12-11
MSTR,2023-12-11
NVDA,2023-12-11
PLTR,2023-12-11
QQQ,2023-12-11
RIVN,2023-12-11
SOXL,2023-12-11
SOXS,2023-12-11
SPY,2023-12-11
TSLA,2023-12-11
AAPL,2023-12-12
AMD,2023-12-12
AMZN,2023-12-12
ARM,2023-12-12
COIN,2023-12-12
MARA,2023-12-12
META,2023-12-12
MSFT,2023-12-12
MSTR,2023-12-12
NVDA,2023-12-12
PLTR,2023-12-12
QQQ,2023-12-12
RIVN,2023-12-12
SMCI,2023-12-12
SOXS,2023-12-12
SPY,2023-12-12
TSLA,2023-12-12
VRT,2023-12-12
AAPL,2023-12-13
AMD,2023-12-13
AMZN,2023-12-13
AVGO,2023-12-13
COIN,2023-12-13
CVNA,2023-12-13
MARA,2023-12-13
META,2023-12-13
MRNA,2023-12-13
MSFT,2023-12-13
MSTR,2023-12-13
NVDA,2023-12-13
PLTR,2023-12-13
QQQ,2023-12-13
RIVN,2023-12-13
SMCI,2023-12-13
SOXL,2023-12-13
SOXS,2023-12-13
SPY,2023-12-13
TSLA,2023-12-13
AAPL,2023-12-14
AMD,2023-12-14
AMZN,2023-12-14
AVGO,2023-12-14
IWM,2023-12-14
MRNA,2023-12-14
MSFT,2023-12-14
NVDA,2023-12-14
PLTR,2023-12-14
QQQ,2023-12-14
SMCI,2023-12-14
SOXL,2023-12-14
SOXS,2023-12-14
SPY,2023-12-14
TSLA,2023-12-14
AAPL,2023-12-15
AMD,2023-12-15
AMZN,2023-12-15
AVGO,2023-12-15
COIN,2023-12-15
IWM,2023-12-15
MSFT,2023-12-15
NVDA,2023-12-15
PLTR,2023-12-15
QQQ,2023-12-15
SPY,2023-12-15
TSLA,2023-12-15
AAPL,2023-12-18
AMZN,2023-12-18
AVGO,2023-12-18
COIN,2023-12-18
CVNA,2023-12-18
IWM,2023-12-18
MARA,2023-12-18
MRNA,2023-12-18
MSFT,2023-12-18
NVDA,2023-12-18
PLTR,2023-12-18
QQQ,2023-12-18
RIVN,2023-12-18
SMCI,2023-12-18
SOXL,2023-12-18
SOXS,2023-12-18
SPY,2023-12-18
TSLA,2023-12-18
TZA,2023-12-18
UBER,2023-12-18
AAPL,2023-12-19
AMZN,2023-12-19
AVGO,2023-12-19
COIN,2023-12-19
IWM,2023-12-19
META,2023-12-19
MRNA,2023-12-19
MSFT,2023-12-19
MSTR,2023-12-19
NVDA,2023-12-19
PLTR,2023-12-19
QQQ,2023-12-19
RIVN,2023-12-19
SOFI,2023-12-19
SOXL,2023-12-19
SPY,2023-12-19
TSLA,2023-12-19
AAPL,2023-12-20
AMD,2023-12-20
AMZN,2023-12-20
IWM,2023-12-20
META,2023-12-20
MRNA,2023-12-20
MSFT,2023-12-20
MSTR,2023-12-20
NVDA,2023-12-20
PLTR,2023-12-20
QQQ,2023-12-20
RIVN,2023-12-20
SMCI,2023-12-20
SOFI,2023-12-20
SOXL,2023-12-20
SPY,2023-12-20
TSLA,2023-12-20
AAPL,2023-12-21
AMD,2023-12-21
AMZN,2023-12-21
COIN,2023-12-21
CVNA,2023-12-21
GOOGL,2023-12-21
IWM,2023-12-21
MARA,2023-12-21
MSFT,2023-12-21
MSTR,2023-12-21
NVDA,2023-12-21
PLTR,2023-12-21
QQQ,2023-12-21
RIVN,2023-12-21
SMCI,2023-12-21
SOFI,2023-12-21
SOXL,2023-12-21
SPY,2023-12-21
TSLA,2023-12-21
AAPL,2023-12-22
AMD,2023-12-22
AMZN,2023-12-22
COIN,2023-12-22
CVNA,2023-12-22
IWM,2023-12-22
META,2023-12-22
MSFT,2023-12-22
NVDA,2023-12-22
PLTR,2023-12-22
QQQ,2023-12-22
RIVN,2023-12-22
SMCI,2023-12-22
SOXS,2023-12-22
SPY,2023-12-22
TSLA,2023-12-22
TZA,2023-12-22
AAPL,2023-12-26
AMD,2023-12-26
AMZN,2023-12-26
ARM,2023-12-26
COIN,2023-12-26
CVNA,2023-12-26
IWM,2023-12-26
MRNA,2023-12-26
MSFT,2023-12-26
NKE,2023-12-26
NVDA,2023-12-26
QQQ,2023-12-26
RIVN,2023-12-26
SMCI,2023-12-26
SOXL,2023-12-26
SPY,2023-12-26
TSLA,2023-12-26
TZA,2023-12-26
AAPL,2023-12-27
AMD,2023-12-27
AMZN,2023-12-27
ARM,2023-12-27
COIN,2023-12-27
CVNA,2023-12-27
IWM,2023-12-27
MARA,2023-12-27
META,2023-12-27
MRNA,2023-12-27
MSFT,2023-12-27
MSTR,2023-12-27
NVDA,2023-12-27
QQQ,2023-12-27
RIVN,2023-12-27
SMCI,2023-12-27
SOXS,2023-12-27
SPY,2023-12-27
TSLA,2023-12-27
AAPL,2023-12-28
AMD,2023-12-28
AMZN,2023-12-28
CVNA,2023-12-28
IWM,2023-12-28
META,2023-12-28
MRNA,2023-12-28
MSFT,2023-12-28
NVDA,2023-12-28
QQQ,2023-12-28
RIVN,2023-12-28
SMCI,2023-12-28
SOFI,2023-12-28
SOXL,2023-12-28
SPY,2023-12-28
TSLA,2023-12-28
TZA,2023-12-28
AAPL,2023-12-29
AMD,2023-12-29
AMZN,2023-12-29
ARM,2023-12-29
COIN,2023-12-29
CVNA,2023-12-29
IWM,2023-12-29
MARA,2023-12-29
META,2023-12-29
MRNA,2023-12-29
MSFT,2023-12-29
MSTR,2023-12-29
NVDA,2023-12-29
QQQ,2023-12-29
RIVN,2023-12-29
SMCI,2023-12-29
SOXL,2023-12-29
SPY,2023-12-29
TSLA,2023-12-29
TZA,2023-12-29
AAPL,2024-01-02
AMD,2024-01-02
AMZN,2024-01-02
ARM,2024-01-02
COIN,2024-01-02
IWM,2024-01-02
MARA,2024-01-02
META,2024-01-02
MRNA,2024-01-02
MSFT,2024-01-02
MSTR,2024-01-02
NVDA,2024-01-02
QQQ,2024-01-02
RIVN,2024-01-02
SMCI,2024-01-02
SOXL,2024-01-02
SOXS,2024-01-02
SPY,2024-01-02
TSLA,2024-01-02
TZA,2024-01-02
AAPL,2024-01-03
AMD,2024-01-03
AMZN,2024-01-03
ARM,2024-01-03
COIN,2024-01-03
IWM,2024-01-03
MARA,2024-01-03
META,2024-01-03
MSFT,2024-01-03
NVDA,2024-01-03
QQQ,2024-01-03
RIVN,2024-01-03
SMCI,2024-01-03
SOXL,2024-01-03
SPY,2024-01-03
TSLA,2024-01-03
TZA,2024-01-03
AAPL,2024-01-04
AMD,2024-01-04
AMZN,2024-01-04
ARM,2024-01-04
COIN,2024-01-04
IWM,2024-01-04
MARA,2024-01-04
META,2024-01-04
MRNA,2024-01-04
MSFT,2024-01-04
MSTR,2024-01-04
NVDA,2024-01-04
QQQ,2024-01-04
RIVN,2024-01-04
SOFI,2024-01-04
SOXL,2024-01-04
SPY,2024-01-04
TSLA,2024-01-04
AAPL,2024-01-05
AMD,2024-01-05
AMZN,2024-01-05
ARM,2024-01-05
COIN,2024-01-05
IWM,2024-01-05
META,2024-01-05
MRNA,2024-01-05
MSFT,2024-01-05
MSTR,2024-01-05
NVDA,2024-01-05
QQQ,2024-01-05
RIVN,2024-01-05
SMCI,2024-01-05
SOXL,2024-01-05
SOXS,2024-01-05
SPY,2024-01-05
TSLA,2024-01-05
TZA,2024-01-05
AAPL,2024-01-08
AMD,2024-01-08
AMZN,2024-01-08
ARM,2024-01-08
COIN,2024-01-08
IWM,2024-01-08
MARA,2024-01-08
META,2024-01-08
MRNA,2024-01-08
MSFT,2024-01-08
MSTR,2024-01-08
NVDA,2024-01-08
QQQ,2024-01-08
RIVN,2024-01-08
SMCI,2024-01-08
SOXL,2024-01-08
SOXS,2024-01-08
SPY,2024-01-08
TSLA,2024-01-08
TZA,2024-01-08
AAPL,2024-01-09
AMZN,2024-01-09
COIN,2024-01-09
IWM,2024-01-09
META,2024-01-09
MRNA,2024-01-09
MSFT,2024-01-09
MSTR,2024-01-09
QQQ,2024-01-09
RIVN,2024-01-09
SOXS,2024-01-09
SPY,2024-01-09
TSLA,2024-01-09
TZA,2024-01-09
AAPL,2024-01-10
AMD,2024-01-10
AMZN,2024-01-10
ARM,2024-01-10
COIN,2024-01-10
IWM,2024-01-10
MARA,2024-01-10
META,2024-01-10
MRNA,2024-01-10
MSFT,2024-01-10
MSTR,2024-01-10
NVDA,2024-01-10
QQQ,2024-01-10
RIVN,2024-01-10
SOXL,2024-01-10
SOXS,2024-01-10
SPY,2024-01-10
TSLA,2024-01-10
TZA,2024-01-10
AAPL,2024-01-11
AMD,2024-01-11
AMZN,2024-01-11
ARM,2024-01-11
COIN,2024-01-11
IWM,2024-01-11
MARA,2024-01-11
META,2024-01-11
MRNA,2024-01-11
MSFT,2024-01-11
MSTR,2024-01-11
NVDA,2024-01-11
QQQ,2024-01-11
SMCI,2024-01-11
SOFI,2024-01-11
SOXL,2024-01-11
SOXS,2024-01-11
SPY,2024-01-11
TSLA,2024-01-11
TZA,2024-01-11
AAPL,2024-01-12
AMD,2024-01-12
AMZN,2024-01-12
ARM,2024-01-12
COIN,2024-01-12
IWM,2024-01-12
MARA,2024-01-12
META,2024-01-12
MRNA,2024-01-12
MSFT,2024-01-12
MSTR,2024-01-12
NVDA,2024-01-12
QQQ,2024-01-12
RIVN,2024-01-12
SMCI,2024-01-12
SOXL,2024-01-12
SOXS,2024-01-12
SPY,2024-01-12
TSLA,2024-01-12
TZA,2024-01-12
AAPL,2024-01-16
AMD,2024-01-16
AMZN,2024-01-16
COIN,2024-01-16
IWM,2024-01-16
MARA,2024-01-16
META,2024-01-16
MRNA,2024-01-16
MSFT,2024-01-16
MSTR,2024-01-16
NVDA,2024-01-16
QQQ,2024-01-16
RIVN,2024-01-16
SMCI,2024-01-16
SOFI,2024-01-16
SOXL,2024-01-16
SOXS,2024-01-16
SPY,2024-01-16
TSLA,2024-01-16
TZA,2024-01-16
AAPL,2024-01-17
AMZN,2024-01-17
ARM,2024-01-17
COIN,2024-01-17
IWM,2024-01-17
MARA,2024-01-17
META,2024-01-17
MRNA,2024-01-17
MSFT,2024-01-17
MSTR,2024-01-17
NVDA,2024-01-17
QQQ,2024-01-17
RIVN,2024-01-17
SMCI,2024-01-17
SOXL,2024-01-17
SOXS,2024-01-17
SPY,2024-01-17
TSLA,2024-01-17
TZA,2024-01-17
AAPL,2024-01-18
AMD,2024-01-18
AMZN,2024-01-18
ARM,2024-01-18
COIN,2024-01-18
IWM,2024-01-18
MARA,2024-01-18
META,2024-01-18
MRNA,2024-01-18
MSFT,2024-01-18
MSTR,2024-01-18
NVDA,2024-01-18
QQQ,2024-01-18
RIVN,2024-01-18
SMCI,2024-01-18
SOXL,2024-01-18
SOXS,2024-01-18
SPY,2024-01-18
TSLA,2024-01-18
TZA,2024-01-18
AAPL,2024-01-19
AMD,2024-01-19
COIN,2024-01-19
IWM,2024-01-19
MARA,2024-01-19
META,2024-01-19
MRNA,2024-01-19
MSFT,2024-01-19
MSTR,2024-01-19
NVDA,2024-01-19
QQQ,2024-01-19
RIVN,2024-01-19
SMCI,2024-01-19
SOXS,2024-01-19
SPY,2024-01-19
TSLA,2024-01-19
TZA,2024-01-19
AAPL,2024-01-22
COIN,2024-01-22
IWM,2024-01-22
MARA,2024-01-22
META,2024-01-22
MRNA,2024-01-22
MSFT,2024-01-22
MSTR,2024-01-22
NVDA,2024-01-22
QQQ,2024-01-22
RIVN,2024-01-22
SOXS,2024-01-22
SPY,2024-01-22
TSLA,2024-01-22
TZA,2024-01-22
AAPL,2024-01-23
AMD,2024-01-23
AMZN,2024-01-23
ARM,2024-01-23
COIN,2024-01-23
IWM,2024-01-23
MARA,2024-01-23
MSFT,2024-01-23
MSTR,2024-01-23
NVDA,2024-01-23
QQQ,2024-01-23
RIVN,2024-01-23
SMCI,2024-01-23
SOXL,2024-01-23
SOXS,2024-01-23
SPY,2024-01-23
TSLA,2024-01-23
AAPL,2024-01-24
AMD,2024-01-24
COIN,2024-01-24
DJT,2024-01-24
IWM,2024-01-24
MARA,2024-01-24
META,2024-01-24
MSFT,2024-01-24
MSTR,2024-01-24
NFLX,2024-01-24
NVDA,2024-01-24
QQQ,2024-01-24
RIVN,2024-01-24
SMCI,2024-01-24
SOXL,2024-01-24
SOXS,2024-01-24
SPY,2024-01-24
TSLA,2024-01-24
TZA,2024-01-24
AAPL,2024-01-25
AMZN,2024-01-25
ARM,2024-01-25
COIN,2024-01-25
DJT,2024-01-25
IWM,2024-01-25
MARA,2024-01-25
MSFT,2024-01-25
NVDA,2024-01-25
QQQ,2024-01-25
RIVN,2024-01-25
SMCI,2024-01-25
SOXL,2024-01-25
SOXS,2024-01-25
SPY,2024-01-25
TSLA,2024-01-25
TZA,2024-01-25
AAPL,2024-01-26
AMD,2024-01-26
AMZN,2024-01-26
ARM,2024-01-26
COIN,2024-01-26
IWM,2024-01-26
MARA,2024-01-26
MSFT,2024-01-26
NVDA,2024-01-26
QQQ,2024-01-26
RIVN,2024-01-26
SMCI,2024-01-26
SOFI,2024-01-26
SOXL,2024-01-26
SOXS,2024-01-26
SPY,2024-01-26
TSLA,2024-01-26
TZA,2024-01-26
UNH,2024-01-26
AAPL,2024-01-29
AMD,2024-01-29
AMZN,2024-01-29
ARM,2024-01-29
COIN,2024-01-29
IWM,2024-01-29
MSFT,2024-01-29
NFLX,2024-01-29
NVDA,2024-01-29
PYPL,2024-01-29
QQQ,2024-01-29
SMCI,2024-01-29
SOFI,2024-01-29
SOXL,2024-01-29
SPY,2024-01-29
TSLA,2024-01-29
AAPL,2024-01-30
AMD,2024-01-30
AMZN,2024-01-30
IWM,2024-01-30
MARA,2024-01-30
META,2024-01-30
MSFT,2024-01-30
MSTR,2024-01-30
NVDA,2024-01-30
PYPL,2024-01-30
QQQ,2024-01-30
SMCI,2024-01-30
SOXL,2024-01-30
SOXS,2024-01-30
SPY,2024-01-30
TSLA,2024-01-30
AAPL,2024-01-31
AMD,2024-01-31
AMZN,2024-01-31
COIN,2024-01-31
MARA,2024-01-31
META,2024-01-31
MSFT,2024-01-31
MSTR,2024-01-31
NVDA,2024-01-31
PYPL,2024-01-31
QQQ,2024-01-31
RIVN,2024-01-31
SMCI,2024-01-31
SOFI,2024-01-31
SOXL,2024-01-31
SOXS,2024-01-31
SPY,2024-01-31
TSLA,2024-01-31
AAPL,2024-02-01
AMD,2024-02-01
COIN,2024-02-01
GOOGL,2024-02-01
IWM,2024-02-01
MARA,2024-02-01
META,2024-02-01
MSFT,2024-02-01
NVDA,2024-02-01
PYPL,2024-02-01
QQQ,2024-02-01
RIVN,2024-02-01
SMCI,2024-02-01
SOFI,2024-02-01
SOXL,2024-02-01
SOXS,2024-02-01
SPY,2024-02-01
TSLA,2024-02-01
AAPL,2024-02-02
AMD,2024-02-02
AMZN,2024-02-02
COIN,2024-02-02
IWM,2024-02-02
MARA,2024-02-02
META,2024-02-02
MSFT,2024-02-02
NVDA,2024-02-02
PYPL,2024-02-02
QQQ,2024-02-02
RIVN,2024-02-02
SOFI,2024-02-02
SOXL,2024-02-02
SOXS,2024-02-02
SPY,2024-02-02
TSLA,2024-02-02
TZA,2024-02-02
AAPL,2024-02-05
AMD,2024-02-05
COIN,2024-02-05
IWM,2024-02-05
MARA,2024-02-05
MSFT,2024-02-05
NVDA,2024-02-05
PYPL,2024-02-05
QQQ,2024-02-05
SMCI,2024-02-05
SOFI,2024-02-05
SOXL,2024-02-05
SOXS,2024-02-05
SPY,2024-02-05
TSLA,2024-02-05
TZA,2024-02-05
AAPL,2024-02-06
AMD,2024-02-06
AMZN,2024-02-06
ARM,2024-02-06
COIN,2024-02-06
MARA,2024-02-06
MDB,2024-02-06
META,2024-02-06
MSFT,2024-02-06
NVDA,2024-02-06
PLTR,2024-02-06
QQQ,2024-02-06
SOXL,2024-02-06
SOXS,2024-02-06
SPY,2024-02-06
TSLA,2024-02-06
TZA,2024-02-06
AAPL,2024-02-07
AMD,2024-02-07
ARM,2024-02-07
COIN,2024-02-07
MARA,2024-02-07
MDB,2024-02-07
META,2024-02-07
MSFT,2024-02-07
NVDA,2024-02-07
QQQ,2024-02-07
SMCI,2024-02-07
SOXL,2024-02-07
SOXS,2024-02-07
SPY,2024-02-07
TSLA,2024-02-07
AAPL,2024-02-08
AMD,2024-02-08
AMZN,2024-02-08
COIN,2024-02-08
MARA,2024-02-08
MDB,2024-02-08
META,2024-02-08
MSFT,2024-02-08
MSTR,2024-02-08
NVDA,2024-02-08
QQQ,2024-02-08
SMCI,2024-02-08
SOXL,2024-02-08
SOXS,2024-02-08
SPY,2024-02-08
TSLA,2024-02-08
AAPL,2024-02-09
AMD,2024-02-09
AMZN,2024-02-09
META,2024-02-09
MSFT,2024-02-09
NVDA,2024-02-09
PLTR,2024-02-09
PYPL,2024-02-09
QQQ,2024-02-09
SMCI,2024-02-09
SPY,2024-02-09
TSLA,2024-02-09
AAPL,2024-02-12
AMD,2024-02-12
AMZN,2024-02-12
ARM,2024-02-12
IWM,2024-02-12
META,2024-02-12
MSFT,2024-02-12
NVDA,2024-02-12
PLTR,2024-02-12
PYPL,2024-02-12
QQQ,2024-02-12
SPY,2024-02-12
TSLA,2024-02-12
AMD,2024-02-13
AMZN,2024-02-13
COIN,2024-02-13
META,2024-02-13
MSFT,2024-02-13
NET,2024-02-13
NVDA,2024-02-13
PLTR,2024-02-13
PYPL,2024-02-13
QQQ,2024-02-13
SMCI,2024-02-13
SOXL,2024-02-13
SPY,2024-02-13
TSLA,2024-02-13
AAPL,2024-02-14
AMD,2024-02-14
ARM,2024-02-14
COIN,2024-02-14
DDOG,2024-02-14
IWM,2024-02-14
MARA,2024-02-14
META,2024-02-14
MSFT,2024-02-14
MSTR,2024-02-14
NVDA,2024-02-14
PLTR,2024-02-14
PYPL,2024-02-14
QQQ,2024-02-14
SMCI,2024-02-14
SOXL,2024-02-14
SPY,2024-02-14
TSLA,2024-02-14
AAPL,2024-02-15
AMD,2024-02-15
DDOG,2024-02-15
IWM,2024-02-15
META,2024-02-15
MSFT,2024-02-15
NVDA,2024-02-15
PLTR,2024-02-15
PYPL,2024-02-15
QQQ,2024-02-15
SPY,2024-02-15
TSLA,2024-02-15
AAPL,2024-02-16
AMD,2024-02-16
COIN,2024-02-16
IWM,2024-02-16
MARA,2024-02-16
META,2024-02-16
MSFT,2024-02-16
MSTR,2024-02-16
NVDA,2024-02-16
PLTR,2024-02-16
QQQ,2024-02-16
SHOP,2024-02-16
SOXL,2024-02-16
SPY,2024-02-16
AAPL,2024-02-20
AMD,2024-02-20
ARM,2024-02-20
DDOG,2024-02-20
IWM,2024-02-20
MARA,2024-02-20
META,2024-02-20
MSFT,2024-02-20
MSTR,2024-02-20
NVDA,2024-02-20
PLTR,2024-02-20
QQQ,2024-02-20
SMCI,2024-02-20
SOXL,2024-02-20
SPY,2024-02-20
TSLA,2024-02-20
TZA,2024-02-20
AAPL,2024-02-21
AMD,2024-02-21
AMZN,2024-02-21
ARM,2024-02-21
COIN,2024-02-21
DKNG,2024-02-21
MARA,2024-02-21
META,2024-02-21
MSFT,2024-02-21
MSTR,2024-02-21
NVDA,2024-02-21
PLTR,2024-02-21
QQQ,2024-02-21
SMCI,2024-02-21
SOXL,2024-02-21
SPY,2024-02-21
TSLA,2024-02-21
AAPL,2024-02-22
AMD,2024-02-22
AMZN,2024-02-22
ARM,2024-02-22
COIN,2024-02-22
MARA,2024-02-22
MSFT,2024-02-22
NVDA,2024-02-22
PANW,2024-02-22
PLTR,2024-02-22
QQQ,2024-02-22
RIVN,2024-02-22
SHOP,2024-02-22
SMCI,2024-02-22
SOXL,2024-02-22
SPY,2024-02-22
TSLA,2024-02-22
VRT,2024-02-22
AAPL,2024-02-23
AMZN,2024-02-23
ARM,2024-02-23
META,2024-02-23
MSFT,2024-02-23
PLTR,2024-02-23
QQQ,2024-02-23
RIVN,2024-02-23
SPY,2024-02-23
TSLA,2024-02-23
AAPL,2024-02-26
AMD,2024-02-26
AMZN,2024-02-26
ARM,2024-02-26
COIN,2024-02-26
IWM,2024-02-26
MARA,2024-02-26
META,2024-02-26
NVDA,2024-02-26
NVDL,2024-02-26
PLTR,2024-02-26
QQQ,2024-02-26
RIVN,2024-02-26
SMCI,2024-02-26
SOXL,2024-02-26
SPY,2024-02-26
TSLA,2024-02-26
AAPL,2024-02-27
AMD,2024-02-27
AMZN,2024-02-27
CVNA,2024-02-27
GOOGL,2024-02-27
NVDA,2024-02-27
PLTR,2024-02-27
QQQ,2024-02-27
SMCI,2024-02-27
SOXL,2024-02-27
SPY,2024-02-27
TSLA,2024-02-27
AAPL,2024-02-28
AMD,2024-02-28
ARM,2024-02-28
COIN,2024-02-28
IWM,2024-02-28
MARA,2024-02-28
MSFT,2024-02-28
NVDA,2024-02-28
PANW,2024-02-28
PLTR,2024-02-28
QQQ,2024-02-28
RIVN,2024-02-28
SMCI,2024-02-28
SOXL,2024-02-28
SPY,2024-02-28
TSLA,2024-02-28
AAPL,2024-02-29
AMD,2024-02-29
ARM,2024-02-29
COIN,2024-02-29
CVNA,2024-02-29
IWM,2024-02-29
MARA,2024-02-29
MDB,2024-02-29
META,2024-02-29
MSFT,2024-02-29
NVDA,2024-02-29
PLTR,2024-02-29
QQQ,2024-02-29
RIVN,2024-02-29
SMCI,2024-02-29
SOXL,2024-02-29
SPY,2024-02-29
TSLA,2024-02-29
AAPL,2024-03-01
AMZN,2024-03-01
APP,2024-03-01
COIN,2024-03-01
IWM,2024-03-01
MARA,2024-03-01
MDB,2024-03-01
META,2024-03-01
MSFT,2024-03-01
NVDA,2024-03-01
PLTR,2024-03-01
QQQ,2024-03-01
SPY,2024-03-01
TSLA,2024-03-01
AAPL,2024-03-04
ARM,2024-03-04
COIN,2024-03-04
MARA,2024-03-04
META,2024-03-04
MSFT,2024-03-04
NVDA,2024-03-04
PLTR,2024-03-04
QQQ,2024-03-04
SMCI,2024-03-04
SOXS,2024-03-04
SPY,2024-03-04
TSLA,2024-03-04
AAPL,2024-03-05
AMD,2024-03-05
ARM,2024-03-05
GOOGL,2024-03-05
MARA,2024-03-05
MSFT,2024-03-05
NVDA,2024-03-05
PANW,2024-03-05
PLTR,2024-03-05
QQQ,2024-03-05
SOXL,2024-03-05
SPY,2024-03-05
TSLA,2024-03-05
AAPL,2024-03-06
AMD,2024-03-06
ARM,2024-03-06
COIN,2024-03-06
GTLB,2024-03-06
IWM,2024-03-06
MARA,2024-03-06
META,2024-03-06
MSFT,2024-03-06
MSTR,2024-03-06
NVDA,2024-03-06
PANW,2024-03-06
PLTR,2024-03-06
QQQ,2024-03-06
SMCI,2024-03-06
SOFI,2024-03-06
SOXL,2024-03-06
SPY,2024-03-06
TSLA,2024-03-06
AAPL,2024-03-07
AMD,2024-03-07
ARM,2024-03-07
IWM,2024-03-07
MARA,2024-03-07
MSFT,2024-03-07
NVDA,2024-03-07
PANW,2024-03-07
QQQ,2024-03-07
SMCI,2024-03-07
SOFI,2024-03-07
SPY,2024-03-07
TSLA,2024-03-07
AAPL,2024-03-08
AMD,2024-03-08
ARM,2024-03-08
AVGO,2024-03-08
COIN,2024-03-08
CRWD,2024-03-08
MARA,2024-03-08
META,2024-03-08
MSFT,2024-03-08
MSTR,2024-03-08
NVDA,2024-03-08
PANW,2024-03-08
PLTR,2024-03-08
QQQ,2024-03-08
SMCI,2024-03-08
SPY,2024-03-08
TSLA,2024-03-08
AAPL,2024-03-11
AMD,2024-03-11
AVGO,2024-03-11
CRWD,2024-03-11
MDB,2024-03-11
META,2024-03-11
NVDA,2024-03-11
PLTR,2024-03-11
QQQ,2024-03-11
SMCI,2024-03-11
SOXL,2024-03-11
SPY,2024-03-11
TQQQ,2024-03-11
TSLA,2024-03-11
AAPL,2024-03-12
AMD,2024-03-12
COIN,2024-03-12
MARA,2024-03-12
META,2024-03-12
MSFT,2024-03-12
MSTR,2024-03-12
NVDA,2024-03-12
PANW,2024-03-12
PLTR,2024-03-12
QQQ,2024-03-12
SMCI,2024-03-12
SOXL,2024-03-12
SPY,2024-03-12
TSLA,2024-03-12
AAPL,2024-03-13
AMD,2024-03-13
ARM,2024-03-13
COIN,2024-03-13
CRWD,2024-03-13
IWM,2024-03-13
META,2024-03-13
MSFT,2024-03-13
PLTR,2024-03-13
QQQ,2024-03-13
SPY,2024-03-13
TSLA,2024-03-13
AAPL,2024-03-14
AMD,2024-03-14
ARM,2024-03-14
COIN,2024-03-14
META,2024-03-14
MSFT,2024-03-14
NVDA,2024-03-14
PANW,2024-03-14
PLTR,2024-03-14
QQQ,2024-03-14
SMCI,2024-03-14
SOXL,2024-03-14
SPY,2024-03-14
TSLA,2024-03-14
AAPL,2024-03-15
AMD,2024-03-15
AMZN,2024-03-15
ARM,2024-03-15
BITO,2024-03-15
COIN,2024-03-15
IWM,2024-03-15
MSFT,2024-03-15
MSTR,2024-03-15
NVDA,2024-03-15
PANW,2024-03-15
QQQ,2024-03-15
SMCI,2024-03-15
SOXL,2024-03-15
SPY,2024-03-15
TSLA,2024-03-15
AAPL,2024-03-18
AMD,2024-03-18
AMZN,2024-03-18
COIN,2024-03-18
CRWD,2024-03-18
META,2024-03-18
MSFT,2024-03-18
NVDA,2024-03-18
PANW,2024-03-18
PLTR,2024-03-18
QQQ,2024-03-18
SMCI,2024-03-18
SOXL,2024-03-18
SPY,2024-03-18
TSLA,2024-03-18
AAPL,2024-03-19
AMD,2024-03-19
COIN,2024-03-19
GOOGL,2024-03-19
MARA,2024-03-19
MSFT,2024-03-19
MSTR,2024-03-19
NVDA,2024-03-19
PANW,2024-03-19
PLTR,2024-03-19
QQQ,2024-03-19
SMCI,2024-03-19
SOXL,2024-03-19
SPY,2024-03-19
AAPL,2024-03-20
AMD,2024-03-20
ARM,2024-03-20
COIN,2024-03-20
IWM,2024-03-20
MSFT,2024-03-20
MSTR,2024-03-20
NVDA,2024-03-20
PANW,2024-03-20
PLTR,2024-03-20
QQQ,2024-03-20
SMCI,2024-03-20
SOXL,2024-03-20
SPY,2024-03-20
TSLA,2024-03-20
AAPL,2024-03-21
AMD,2024-03-21
DELL,2024-03-21
IWM,2024-03-21
MSFT,2024-03-21
NVDA,2024-03-21
PDD,2024-03-21
QQQ,2024-03-21
SMCI,2024-03-21
SOXL,2024-03-21
SPY,2024-03-21
TSLA,2024-03-21
AAPL,2024-03-22
AMD,2024-03-22
COIN,2024-03-22
DELL,2024-03-22
IWM,2024-03-22
MARA,2024-03-22
MSFT,2024-03-22
MSTR,2024-03-22
NVDA,2024-03-22
PDD,2024-03-22
QQQ,2024-03-22
SPY,2024-03-22
TSLA,2024-03-22
AAPL,2024-03-25
AMD,2024-03-25
AMZN,2024-03-25
ARM,2024-03-25
AVGO,2024-03-25
COIN,2024-03-25
CRWD,2024-03-25
IWM,2024-03-25
MSFT,2024-03-25
MSTR,2024-03-25
NVDA,2024-03-25
PDD,2024-03-25
QQQ,2024-03-25
SMCI,2024-03-25
SOXL,2024-03-25
SPY,2024-03-25
TSLA,2024-03-25
AAPL,2024-03-26
AMD,2024-03-26
ARM,2024-03-26
MARA,2024-03-26
MSFT,2024-03-26
NVDA,2024-03-26
PDD,2024-03-26
QQQ,2024-03-26
SOXL,2024-03-26
SPY,2024-03-26
TSLA,2024-03-26
AAPL,2024-03-27
AMD,2024-03-27
AMZN,2024-03-27
ARM,2024-03-27
COIN,2024-03-27
META,2024-03-27
MSFT,2024-03-27
MSTR,2024-03-27
NVDA,2024-03-27
PDD,2024-03-27
QQQ,2024-03-27
SMCI,2024-03-27
SOXL,2024-03-27
SPY,2024-03-27
TSLA,2024-03-27
AAPL,2024-03-28
AMD,2024-03-28
AMZN,2024-03-28
ARM,2024-03-28
COIN,2024-03-28
IWM,2024-03-28
MSFT,2024-03-28
MSTR,2024-03-28
NVDA,2024-03-28
QQQ,2024-03-28
SMCI,2024-03-28
SOXL,2024-03-28
SPY,2024-03-28
TSLA,2024-03-28
AAPL,2024-04-01
AMD,2024-04-01
COIN,2024-04-01
DJT,2024-04-01
IWM,2024-04-01
MARA,2024-04-01
META,2024-04-01
MSFT,2024-04-01
MSTR,2024-04-01
NVDA,2024-04-01
PLTR,2024-04-01
QQQ,2024-04-01
SMCI,2024-04-01
SOXL,2024-04-01
SPY,2024-04-01
TSLA,2024-04-01
AAPL,2024-04-02
AMD,2024-04-02
COIN,2024-04-02
DJT,2024-04-02
IWM,2024-04-02
MARA,2024-04-02
MSFT,2024-04-02
MSTR,2024-04-02
NVDA,2024-04-02
PLTR,2024-04-02
QQQ,2024-04-02
SMCI,2024-04-02
SOXL,2024-04-02
SPY,2024-04-02
TSLA,2024-04-02
AAPL,2024-04-03
AMD,2024-04-03
AMZN,2024-04-03
ARM,2024-04-03
COIN,2024-04-03
CRWD,2024-04-03
IWM,2024-04-03
MARA,2024-04-03
META,2024-04-03
MSFT,2024-04-03
MSTR,2024-04-03
NVDA,2024-04-03
PLTR,2024-04-03
QQQ,2024-04-03
SMCI,2024-04-03
SOXL,2024-04-03
SPY,2024-04-03
TSLA,2024-04-03
AAPL,2024-04-04
AMD,2024-04-04
AMZN,2024-04-04
APP,2024-04-04
COIN,2024-04-04
MARA,2024-04-04
META,2024-04-04
MSFT,2024-04-04
MSTR,2024-04-04
NVDA,2024-04-04
PLTR,2024-04-04
QQQ,2024-04-04
SMCI,2024-04-04
SOXL,2024-04-04
SPY,2024-04-04
TSLA,2024-04-04
AAPL,2024-04-05
AMD,2024-04-05
AMZN,2024-04-05
COIN,2024-04-05
DELL,2024-04-05
IWM,2024-04-05
MARA,2024-04-05
META,2024-04-05
MSFT,2024-04-05
MSTR,2024-04-05
MU,2024-04-05
NVDA,2024-04-05
PLTR,2024-04-05
QQQ,2024-04-05
SMCI,2024-04-05
SOXL,2024-04-05
SPY,2024-04-05
TSLA,2024-04-05
AAPL,2024-04-08
AMD,2024-04-08
AMZN,2024-04-08
COIN,2024-04-08
DELL,2024-04-08
IWM,2024-04-08
META,2024-04-08
MSFT,2024-04-08
MSTR,2024-04-08
MU,2024-04-08
NVDA,2024-04-08
PDD,2024-04-08
QQQ,2024-04-08
SMCI,2024-04-08
SOXL,2024-04-08
SPY,2024-04-08
TSLA,2024-04-08
AAPL,2024-04-09
AMD,2024-04-09
AMZN,2024-04-09
ARM,2024-04-09
DELL,2024-04-09
IWM,2024-04-09
META,2024-04-09
MSFT,2024-04-09
MU,2024-04-09
NVDA,2024-04-09
QQQ,2024-04-09
SMCI,2024-04-09
SOXL,2024-04-09
SPY,2024-04-09
TSLA,2024-04-09
AAPL,2024-04-10
AMD,2024-04-10
AMZN,2024-04-10
ARM,2024-04-10
COIN,2024-04-10
DELL,2024-04-10
GEV,2024-04-10
GOOGL,2024-04-10
META,2024-04-10
MSFT,2024-04-10
MSTR,2024-04-10
MU,2024-04-10
NVDA,2024-04-10
QQQ,2024-04-10
SMCI,2024-04-10
SOXL,2024-04-10
SPY,2024-04-10
TSLA,2024-04-10
AAPL,2024-04-11
AMD,2024-04-11
AMZN,2024-04-11
COIN,2024-04-11
DELL,2024-04-11
GEV,2024-04-11
IWM,2024-04-11
MSFT,2024-04-11
MU,2024-04-11
NVDA,2024-04-11
QQQ,2024-04-11
SMCI,2024-04-11
SOXL,2024-04-11
SPY,2024-04-11
TQQQ,2024-04-11
TSLA,2024-04-11
VRT,2024-04-11
AAPL,2024-04-12
AMD,2024-04-12
AMZN,2024-04-12
ARM,2024-04-12
COIN,2024-04-12
GEV,2024-04-12
IWM,2024-04-12
META,2024-04-12
MSFT,2024-04-12
MSTR,2024-04-12
MU,2024-04-12
NVDA,2024-04-12
QQQ,2024-04-12
RIVN,2024-04-12
SMCI,2024-04-12
SPY,2024-04-12
TSLA,2024-04-12
VRT,2024-04-12
AAPL,2024-04-15
AMD,2024-04-15
AMZN,2024-04-15
ARM,2024-04-15
COIN,2024-04-15
DELL,2024-04-15
IWM,2024-04-15
MARA,2024-04-15
META,2024-04-15
MSFT,2024-04-15
MSTR,2024-04-15
MU,2024-04-15
NVDA,2024-04-15
PDD,2024-04-15
QQQ,2024-04-15
SMCI,2024-04-15
SOXL,2024-04-15
SPY,2024-04-15
TSLA,2024-04-15
AAPL,2024-04-16
AMD,2024-04-16
AMZN,2024-04-16
ARM,2024-04-16
COIN,2024-04-16
DELL,2024-04-16
IWM,2024-04-16
META,2024-04-16
MSFT,2024-04-16
MSTR,2024-04-16
MU,2024-04-16
NVDA,2024-04-16
PDD,2024-04-16
QQQ,2024-04-16
RIVN,2024-04-16
SMCI,2024-04-16
SOXL,2024-04-16
SPY,2024-04-16
TSLA,2024-04-16
VRT,2024-04-16
AAPL,2024-04-17
AMD,2024-04-17
AMZN,2024-04-17
COIN,2024-04-17
DELL,2024-04-17
GEV,2024-04-17
IWM,2024-04-17
MSFT,2024-04-17
MSTR,2024-04-17
MU,2024-04-17
NVDA,2024-04-17
PDD,2024-04-17
QQQ,2024-04-17
SOXL,2024-04-17
SOXS,2024-04-17
SPY,2024-04-17
TSLA,2024-04-17
VRT,2024-04-17
AAPL,2024-04-18
AMD,2024-04-18
ARM,2024-04-18
COIN,2024-04-18
DELL,2024-04-18
GEV,2024-04-18
IWM,2024-04-18
META,2024-04-18
MSFT,2024-04-18
MSTR,2024-04-18
MU,2024-04-18
NVDA,2024-04-18
QQQ,2024-04-18
SMCI,2024-04-18
SOXL,2024-04-18
SPY,2024-04-18
TSLA,2024-04-18
AAPL,2024-04-19
AMD,2024-04-19
AMZN,2024-04-19
ARM,2024-04-19
COIN,2024-04-19
GEV,2024-04-19
IWM,2024-04-19
META,2024-04-19
MRVL,2024-04-19
MSFT,2024-04-19
MSTR,2024-04-19
MU,2024-04-19
NVDA,2024-04-19
QQQ,2024-04-19
SMCI,2024-04-19
SOXL,2024-04-19
SPY,2024-04-19
TSLA,2024-04-19
TZA,2024-04-19
AAPL,2024-04-22
AMD,2024-04-22
AMZN,2024-04-22
ARM,2024-04-22
COIN,2024-04-22
META,2024-04-22
MSFT,2024-04-22
MSTR,2024-04-22
MU,2024-04-22
NVDA,2024-04-22
QQQ,2024-04-22
SMCI,2024-04-22
SOXL,2024-04-22
SPY,2024-04-22
TQQQ,2024-04-22
TSLA,2024-04-22
AAPL,2024-04-23
AMD,2024-04-23
AMZN,2024-04-23
META,2024-04-23
MSFT,2024-04-23
MU,2024-04-23
NVDA,2024-04-23
QQQ,2024-04-23
SMCI,2024-04-23
SOXL,2024-04-23
SPY,2024-04-23
SQQQ,2024-04-23
TQQQ,2024-04-23
TSLA,2024-04-23
AAPL,2024-04-24
AMD,2024-04-24
AMZN,2024-04-24
ARM,2024-04-24
COIN,2024-04-24
META,2024-04-24
MSFT,2024-04-24
MSTR,2024-04-24
MU,2024-04-24
NVDA,2024-04-24
QQQ,2024-04-24
SPY,2024-04-24
SQQQ,2024-04-24
TQQQ,2024-04-24
TSLA,2024-04-24
AAPL,2024-04-25
AMD,2024-04-25
AMZN,2024-04-25
ARM,2024-04-25
COIN,2024-04-25
IWM,2024-04-25
META,2024-04-25
MSFT,2024-04-25
MSTR,2024-04-25
MU,2024-04-25
NVDA,2024-04-25
QQQ,2024-04-25
SMCI,2024-04-25
SOXL,2024-04-25
SPY,2024-04-25
SQQQ,2024-04-25
TQQQ,2024-04-25
AAPL,2024-04-26
AMD,2024-04-26
AMZN,2024-04-26
COIN,2024-04-26
GOOGL,2024-04-26
META,2024-04-26
MSFT,2024-04-26
MU,2024-04-26
NVDA,2024-04-26
QQQ,2024-04-26
SMCI,2024-04-26
SOXS,2024-04-26
SPY,2024-04-26
SQQQ,2024-04-26
TQQQ,2024-04-26
TSLA,2024-04-26
AAPL,2024-04-29
AMD,2024-04-29
AMZN,2024-04-29
META,2024-04-29
MSFT,2024-04-29
MSTR,2024-04-29
MU,2024-04-29
QQQ,2024-04-29
SPY,2024-04-29
SQQQ,2024-04-29
TQQQ,2024-04-29
TSLA,2024-04-29
VRT,2024-04-29
AAPL,2024-04-30
AMD,2024-04-30
AMZN,2024-04-30
COIN,2024-04-30
GOOGL,2024-04-30
META,2024-04-30
MSFT,2024-04-30
MSTR,2024-04-30
MU,2024-04-30
NVDA,2024-04-30
QQQ,2024-04-30
SMCI,2024-04-30
SOXL,2024-04-30
SPY,2024-04-30
SQQQ,2024-04-30
TQQQ,2024-04-30
VRT,2024-04-30
AAPL,2024-05-01
AMD,2024-05-01
AMZN,2024-05-01
COIN,2024-05-01
META,2024-05-01
MSFT,2024-05-01
MSTR,2024-05-01
MU,2024-05-01
NVDA,2024-05-01
QQQ,2024-05-01
SMCI,2024-05-01
SOXL,2024-05-01
SPY,2024-05-01
TQQQ,2024-05-01
TSLA,2024-05-01
VRT,2024-05-01
AAPL,2024-05-02
AMD,2024-05-02
AMZN,2024-05-02
COIN,2024-05-02
META,2024-05-02
MSFT,2024-05-02
MSTR,2024-05-02
MU,2024-05-02
NVDA,2024-05-02
QQQ,2024-05-02
SMCI,2024-05-02
SOXL,2024-05-02
SPY,2024-05-02
SQQQ,2024-05-02
TQQQ,2024-05-02
TSLA,2024-05-02
AAPL,2024-05-03
AMD,2024-05-03
AMZN,2024-05-03
IWM,2024-05-03
META,2024-05-03
MSFT,2024-05-03
MU,2024-05-03
NVDA,2024-05-03
QQQ,2024-05-03
SMCI,2024-05-03
SPY,2024-05-03
SQQQ,2024-05-03
TQQQ,2024-05-03
TSLA,2024-05-03
AMD,2024-05-06
AMZN,2024-05-06
COIN,2024-05-06
CVNA,2024-05-06
DKNG,2024-05-06
IWM,2024-05-06
META,2024-05-06
MSFT,2024-05-06
NVDA,2024-05-06
QQQ,2024-05-06
SMCI,2024-05-06
SPY,2024-05-06
SQQQ,2024-05-06
TSLA,2024-05-06
AAPL,2024-05-07
AMD,2024-05-07
AMZN,2024-05-07
COIN,2024-05-07
CVNA,2024-05-07
IWM,2024-05-07
META,2024-05-07
MSFT,2024-05-07
MSTR,2024-05-07
NVDA,2024-05-07
QQQ,2024-05-07
SPY,2024-05-07
SQQQ,2024-05-07
TQQQ,2024-05-07
TSLA,2024-05-07
AAPL,2024-05-08
AMZN,2024-05-08
COIN,2024-05-08
DIS,2024-05-08
MARA,2024-05-08
META,2024-05-08
MSFT,2024-05-08
MSTR,2024-05-08
NVDA,2024-05-08
PLTR,2024-05-08
QQQ,2024-05-08
SMCI,2024-05-08
SOXL,2024-05-08
SPY,2024-05-08
TQQQ,2024-05-08
TSLA,2024-05-08
VST,2024-05-08
AAPL,2024-05-09
AMD,2024-05-09
AMZN,2024-05-09
ARM,2024-05-09
META,2024-05-09
MSFT,2024-05-09
MSTR,2024-05-09
NVDA,2024-05-09
PLTR,2024-05-09
QQQ,2024-05-09
SMCI,2024-05-09
SOXL,2024-05-09
SPY,2024-05-09
SQQQ,2024-05-09
TQQQ,2024-05-09
TSLA,2024-05-09
UBER,2024-05-09
AAPL,2024-05-10
AMD,2024-05-10
AMZN,2024-05-10
ARM,2024-05-10
IWM,2024-05-10
META,2024-05-10
MSFT,2024-05-10
MSTR,2024-05-10
NVDA,2024-05-10
PLTR,2024-05-10
QQQ,2024-05-10
SMCI,2024-05-10
SOXL,2024-05-10
SPY,2024-05-10
SQQQ,2024-05-10
TQQQ,2024-05-10
TSLA,2024-05-10
AAPL,2024-05-13
AMD,2024-05-13
AMZN,2024-05-13
COIN,2024-05-13
GOOGL,2024-05-13
META,2024-05-13
MSFT,2024-05-13
MSTR,2024-05-13
NVDA,2024-05-13
PLTR,2024-05-13
QQQ,2024-05-13
SMCI,2024-05-13
SOXL,2024-05-13
SPY,2024-05-13
SQQQ,2024-05-13
TQQQ,2024-05-13
TSLA,2024-05-13
AAPL,2024-05-14
AMZN,2024-05-14
COIN,2024-05-14
GOOGL,2024-05-14
META,2024-05-14
MSFT,2024-05-14
NVDA,2024-05-14
PLTR,2024-05-14
QQQ,2024-05-14
SMCI,2024-05-14
SOXL,2024-05-14
SPY,2024-05-14
TSLA,2024-05-14
AAPL,2024-05-15
AMZN,2024-05-15
ARM,2024-05-15
COIN,2024-05-15
IWM,2024-05-15
MSFT,2024-05-15
MSTR,2024-05-15
NVDA,2024-05-15
PLTR,2024-05-15
QQQ,2024-05-15
SOXL,2024-05-15
SPY,2024-05-15
TSLA,2024-05-15
V,2024-05-15
AAPL,2024-05-16
AMC,2024-05-16
AMD,2024-05-16
AMZN,2024-05-16
ARM,2024-05-16
GME,2024-05-16
IWM,2024-05-16
MSFT,2024-05-16
NVDA,2024-05-16
QQQ,2024-05-16
SPY,2024-05-16
TSLA,2024-05-16
AAPL,2024-05-17
AMD,2024-05-17
AMZN,2024-05-17
ARM,2024-05-17
COIN,2024-05-17
DELL,2024-05-17
GME,2024-05-17
META,2024-05-17
MSFT,2024-05-17
MSTR,2024-05-17
NVDA,2024-05-17
QQQ,2024-05-17
SMCI,2024-05-17
SOXL,2024-05-17
SPY,2024-05-17
TSLA,2024-05-17
VRT,2024-05-17
AAPL,2024-05-20
AMD,2024-05-20
AMZN,2024-05-20
COIN,2024-05-20
DELL,2024-05-20
GME,2024-05-20
IWM,2024-05-20
MARA,2024-05-20
META,2024-05-20
MSFT,2024-05-20
NVDA,2024-05-20
QQQ,2024-05-20
SMCI,2024-05-20
SOXL,2024-05-20
SPY,2024-05-20
TSLA,2024-05-20
AAPL,2024-05-21
AMD,2024-05-21
AMZN,2024-05-21
DELL,2024-05-21
GME,2024-05-21
META,2024-05-21
MSFT,2024-05-21
NVDA,2024-05-21
QQQ,2024-05-21
SMCI,2024-05-21
SPY,2024-05-21
TSLA,2024-05-21
AAPL,2024-05-22
AMD,2024-05-22
AMZN,2024-05-22
ARM,2024-05-22
COIN,2024-05-22
DELL,2024-05-22
GME,2024-05-22
MARA,2024-05-22
META,2024-05-22
MSFT,2024-05-22
MSTR,2024-05-22
NVDA,2024-05-22
QQQ,2024-05-22
SMCI,2024-05-22
SOXL,2024-05-22
SPY,2024-05-22
VST,2024-05-22
AAPL,2024-05-23
AMD,2024-05-23
AMZN,2024-05-23
ARM,2024-05-23
COIN,2024-05-23
GME,2024-05-23
MARA,2024-05-23
META,2024-05-23
MSFT,2024-05-23
MSTR,2024-05-23
NVDA,2024-05-23
NVDL,2024-05-23
QQQ,2024-05-23
SMCI,2024-05-23
SOXL,2024-05-23
SPY,2024-05-23
TSLA,2024-05-23
AAPL,2024-05-24
AMD,2024-05-24
AMZN,2024-05-24
ARM,2024-05-24
COIN,2024-05-24
DELL,2024-05-24
IWM,2024-05-24
MRNA,2024-05-24
MSFT,2024-05-24
MSTR,2024-05-24
QQQ,2024-05-24
SMCI,2024-05-24
SOXL,2024-05-24
SOXS,2024-05-24
SPY,2024-05-24
TSLA,2024-05-24
VRT,2024-05-24
AAPL,2024-05-28
AMD,2024-05-28
AMZN,2024-05-28
DELL,2024-05-28
GME,2024-05-28
META,2024-05-28
MRNA,2024-05-28
MSFT,2024-05-28
NVDA,2024-05-28
QQQ,2024-05-28
SMCI,2024-05-28
SPY,2024-05-28
TSLA,2024-05-28
VRT,2024-05-28
AAPL,2024-05-29
AMD,2024-05-29
AMZN,2024-05-29
COIN,2024-05-29
DELL,2024-05-29
DKNG,2024-05-29
META,2024-05-29
MSFT,2024-05-29
MSTR,2024-05-29
PDD,2024-05-29
QQQ,2024-05-29
SMCI,2024-05-29
SPY,2024-05-29
TSLA,2024-05-29
AAPL,2024-05-30
AMD,2024-05-30
AMZN,2024-05-30
ARM,2024-05-30
COIN,2024-05-30
IWM,2024-05-30
META,2024-05-30
MRNA,2024-05-30
MSFT,2024-05-30
MSTR,2024-05-30
NVDA,2024-05-30
NVDL,2024-05-30
PDD,2024-05-30
QQQ,2024-05-30
SMCI,2024-05-30
SOXL,2024-05-30
SPY,2024-05-30
TSLA,2024-05-30
AAPL,2024-05-31
AMD,2024-05-31
AMZN,2024-05-31
ARM,2024-05-31
COIN,2024-05-31
CRM,2024-05-31
DELL,2024-05-31
HOOD,2024-05-31
MARA,2024-05-31
MSFT,2024-05-31
MSTR,2024-05-31
NVDA,2024-05-31
NVDL,2024-05-31
PDD,2024-05-31
QQQ,2024-05-31
SMCI,2024-05-31
SOXL,2024-05-31
SPY,2024-05-31
TSLA,2024-05-31
AAPL,2024-06-03
AMD,2024-06-03
AMZN,2024-06-03
ARM,2024-06-03
AVGO,2024-06-03
COIN,2024-06-03
DELL,2024-06-03
MSFT,2024-06-03
MSTR,2024-06-03
NVDA,2024-06-03
NVDL,2024-06-03
QQQ,2024-06-03
SMCI,2024-06-03
SOXL,2024-06-03
SOXS,2024-06-03
SPY,2024-06-03
TSLA,2024-06-03
VRT,2024-06-03
VST,2024-06-03
AAPL,2024-06-04
AMD,2024-06-04
AMZN,2024-06-04
COIN,2024-06-04
DELL,2024-06-04
MARA,2024-06-04
META,2024-06-04
MSFT,2024-06-04
NVDA,2024-06-04
QQQ,2024-06-04
SMCI,2024-06-04
SOXL,2024-06-04
SPY,2024-06-04
TSLA,2024-06-04
VST,2024-06-04
AAPL,2024-06-05
AMD,2024-06-05
AMZN,2024-06-05
DELL,2024-06-05
GME,2024-06-05
GOOGL,2024-06-05
IWM,2024-06-05
MARA,2024-06-05
MSFT,2024-06-05
MSTR,2024-06-05
NVDA,2024-06-05
NVDL,2024-06-05
QQQ,2024-06-05
SMCI,2024-06-05
SOXL,2024-06-05
SPY,2024-06-05
TSLA,2024-06-05
VRT,2024-06-05
VST,2024-06-05
AAPL,2024-06-06
AMD,2024-06-06
AMZN,2024-06-06
COIN,2024-06-06
DELL,2024-06-06
GEV,2024-06-06
MARA,2024-06-06
META,2024-06-06
MSFT,2024-06-06
MSTR,2024-06-06
QQQ,2024-06-06
SMCI,2024-06-06
SPY,2024-06-06
TSLA,2024-06-06
AAPL,2024-06-07
AMD,2024-06-07
AMZN,2024-06-07
COIN,2024-06-07
CRWD,2024-06-07
DELL,2024-06-07
META,2024-06-07
MSFT,2024-06-07
MSTR,2024-06-07
NVDA,2024-06-07
NVDL,2024-06-07
QQQ,2024-06-07
SMCI,2024-06-07
SOXL,2024-06-07
SPY,2024-06-07
TSLA,2024-06-07
VRT,2024-06-07
AAPL,2024-06-10
AMD,2024-06-10
AMZN,2024-06-10
COIN,2024-06-10
CRWD,2024-06-10
DELL,2024-06-10
GME,2024-06-10
IWM,2024-06-10
MSFT,2024-06-10
MSTR,2024-06-10
NVDA,2024-06-10
NVDL,2024-06-10
QQQ,2024-06-10
SMCI,2024-06-10
SOXL,2024-06-10
SPY,2024-06-10
TSLA,2024-06-10
VRT,2024-06-10
AAPL,2024-06-11
AMD,2024-06-11
AMZN,2024-06-11
ARM,2024-06-11
COIN,2024-06-11
DELL,2024-06-11
GME,2024-06-11
META,2024-06-11
MSFT,2024-06-11
MSTR,2024-06-11
NVDA,2024-06-11
NVDL,2024-06-11
QQQ,2024-06-11
SMCI,2024-06-11
SOXL,2024-06-11
SPY,2024-06-11
TSLA,2024-06-11
AMD,2024-06-12
AMZN,2024-06-12
ARM,2024-06-12
AVGO,2024-06-12
COIN,2024-06-12
CRWD,2024-06-12
DELL,2024-06-12
MARA,2024-06-12
META,2024-06-12
MSFT,2024-06-12
MSTR,2024-06-12
NVDA,2024-06-12
QQQ,2024-06-12
SMCI,2024-06-12
SOXL,2024-06-12
SPY,2024-06-12
TSLA,2024-06-12
AAPL,2024-06-13
AMD,2024-06-13
AMZN,2024-06-13
AVGO,2024-06-13
COIN,2024-06-13
CRWD,2024-06-13
DELL,2024-06-13
GME,2024-06-13
IWM,2024-06-13
MSFT,2024-06-13
MSTR,2024-06-13
NVDA,2024-06-13
QQQ,2024-06-13
SMCI,2024-06-13
SPY,2024-06-13
TSLA,2024-06-13
AAPL,2024-06-14
AMD,2024-06-14
AMZN,2024-06-14
ARM,2024-06-14
COIN,2024-06-14
CRWD,2024-06-14
DELL,2024-06-14
MSFT,2024-06-14
MSTR,2024-06-14
NVDA,2024-06-14
QQQ,2024-06-14
SOXL,2024-06-14
SPY,2024-06-14
TSLA,2024-06-14
AAPL,2024-06-17
ARM,2024-06-17
AVGO,2024-06-17
COIN,2024-06-17
CRWD,2024-06-17
DELL,2024-06-17
GME,2024-06-17
IWM,2024-06-17
MSFT,2024-06-17
MSTR,2024-06-17
NVDA,2024-06-17
NVDL,2024-06-17
QQQ,2024-06-17
SMCI,2024-06-17
SOXL,2024-06-17
SPY,2024-06-17
TSLA,2024-06-17
VRT,2024-06-17
AAPL,2024-06-18
AMD,2024-06-18
AMZN,2024-06-18
ARM,2024-06-18
COIN,2024-06-18
CRWD,2024-06-18
GME,2024-06-18
MSFT,2024-06-18
MSTR,2024-06-18
NVDA,2024-06-18
NVDL,2024-06-18
QQQ,2024-06-18
SOXL,2024-06-18
SPY,2024-06-18
AAPL,2024-06-20
AMD,2024-06-20
AMZN,2024-06-20
AVGO,2024-06-20
COIN,2024-06-20
CRWD,2024-06-20
MSFT,2024-06-20
MSTR,2024-06-20
NVDA,2024-06-20
QQQ,2024-06-20
SMCI,2024-06-20
SOXL,2024-06-20
SPY,2024-06-20
TSLA,2024-06-20
AAPL,2024-06-21
AMD,2024-06-21
AMZN,2024-06-21
ARM,2024-06-21
AVGO,2024-06-21
COIN,2024-06-21
CRWD,2024-06-21
DELL,2024-06-21
MSFT,2024-06-21
NVDA,2024-06-21
NVDL,2024-06-21
QQQ,2024-06-21
SMCI,2024-06-21
SOXL,2024-06-21
SPY,2024-06-21
TSLA,2024-06-21
AAPL,2024-06-24
AMD,2024-06-24
AMZN,2024-06-24
ARM,2024-06-24
AVGO,2024-06-24
COIN,2024-06-24
CRWD,2024-06-24
DELL,2024-06-24
META,2024-06-24
MSFT,2024-06-24
MU,2024-06-24
NVDA,2024-06-24
NVDL,2024-06-24
QQQ,2024-06-24
SMCI,2024-06-24
SOXL,2024-06-24
SPY,2024-06-24
TSLA,2024-06-24
AAPL,2024-06-25
AMD,2024-06-25
AMZN,2024-06-25
ARM,2024-06-25
AVGO,2024-06-25
COIN,2024-06-25
CRWD,2024-06-25
DELL,2024-06-25
META,2024-06-25
MSFT,2024-06-25
MSTR,2024-06-25
NVDA,2024-06-25
NVDL,2024-06-25
QQQ,2024-06-25
SMCI,2024-06-25
SOXL,2024-06-25
SPY,2024-06-25
TSLA,2024-06-25
AAPL,2024-06-26
AMD,2024-06-26
AMZN,2024-06-26
AVGO,2024-06-26
COIN,2024-06-26
CRWD,2024-06-26
DELL,2024-06-26
META,2024-06-26
MSFT,2024-06-26
QQQ,2024-06-26
SMCI,2024-06-26
SOXL,2024-06-26
SPY,2024-06-26
TSLA,2024-06-26
AAPL,2024-06-27
AMD,2024-06-27
AMZN,2024-06-27
ARM,2024-06-27
AVGO,2024-06-27
COIN,2024-06-27
CRWD,2024-06-27
DELL,2024-06-27
MSFT,2024-06-27
MSTR,2024-06-27
MU,2024-06-27
NVDA,2024-06-27
NVDL,2024-06-27
QQQ,2024-06-27
SMCI,2024-06-27
SOXL,2024-06-27
SPY,2024-06-27
TSLA,2024-06-27
AAPL,2024-06-28
AMD,2024-06-28
AMZN,2024-06-28
ARM,2024-06-28
COIN,2024-06-28
CRWD,2024-06-28
DELL,2024-06-28
MSFT,2024-06-28
MSTR,2024-06-28
MU,2024-06-28
NVDA,2024-06-28
PLTR,2024-06-28
QQQ,2024-06-28
RIVN,2024-06-28
SOXL,2024-06-28
SPY,2024-06-28
TSLA,2024-06-28
AAPL,2024-07-01
AMZN,2024-07-01
AVGO,2024-07-01
COIN,2024-07-01
CVNA,2024-07-01
DELL,2024-07-01
MRVL,2024-07-01
MSFT,2024-07-01
MSTR,2024-07-01
NVDA,2024-07-01
QQQ,2024-07-01
SMCI,2024-07-01
SOXL,2024-07-01
SPY,2024-07-01
TSLA,2024-07-01
UNH,2024-07-01
VRT,2024-07-01
VST,2024-07-01
AAPL,2024-07-02
AMD,2024-07-02
AMZN,2024-07-02
ARM,2024-07-02
AVGO,2024-07-02
DELL,2024-07-02
MSFT,2024-07-02
MSTR,2024-07-02
NVDA,2024-07-02
NVDL,2024-07-02
QQQ,2024-07-02
RIVN,2024-07-02
SMCI,2024-07-02
SOXL,2024-07-02
SPY,2024-07-02
AAPL,2024-07-03
AMD,2024-07-03
AMZN,2024-07-03
AVGO,2024-07-03
COIN,2024-07-03
DELL,2024-07-03
MARA,2024-07-03
MSFT,2024-07-03
MSTR,2024-07-03
NVDA,2024-07-03
QQQ,2024-07-03
SMCI,2024-07-03
SOXL,2024-07-03
SPY,2024-07-03
AAPL,2024-07-05
AMD,2024-07-05
AMZN,2024-07-05
ARM,2024-07-05
AVGO,2024-07-05
DELL,2024-07-05
META,2024-07-05
MSFT,2024-07-05
MSTR,2024-07-05
NVDA,2024-07-05
QQQ,2024-07-05
RIVN,2024-07-05
SMCI,2024-07-05
SOXL,2024-07-05
SPY,2024-07-05
AAPL,2024-07-08
AMD,2024-07-08
AMZN,2024-07-08
AVGO,2024-07-08
COIN,2024-07-08
DELL,2024-07-08
MSFT,2024-07-08
MSTR,2024-07-08
NVDA,2024-07-08
NVDL,2024-07-08
QQQ,2024-07-08
SMCI,2024-07-08
SOXL,2024-07-08
SPY,2024-07-08
TSLA,2024-07-08
AAPL,2024-07-09
AMD,2024-07-09
AMZN,2024-07-09
ARM,2024-07-09
AVGO,2024-07-09
COIN,2024-07-09
META,2024-07-09
NVDA,2024-07-09
NVDL,2024-07-09
PLTR,2024-07-09
QQQ,2024-07-09
SPY,2024-07-09
TSLA,2024-07-09
TSLL,2024-07-09
AAPL,2024-07-10
AMD,2024-07-10
AMZN,2024-07-10
ARM,2024-07-10
AVGO,2024-07-10
COIN,2024-07-10
DELL,2024-07-10
MSFT,2024-07-10
MSTR,2024-07-10
NVDA,2024-07-10
PLTR,2024-07-10
QQQ,2024-07-10
SMCI,2024-07-10
SOXL,2024-07-10
SPY,2024-07-10
TSLA,2024-07-10
AAPL,2024-07-11
AMD,2024-07-11
AMZN,2024-07-11
ARM,2024-07-11
AVGO,2024-07-11
COIN,2024-07-11
CVNA,2024-07-11
DELL,2024-07-11
META,2024-07-11
MSFT,2024-07-11
NVDA,2024-07-11
PLTR,2024-07-11
QQQ,2024-07-11
SMCI,2024-07-11
SPY,2024-07-11
TSLA,2024-07-11
AAPL,2024-07-12
AMD,2024-07-12
AMZN,2024-07-12
ARM,2024-07-12
AVGO,2024-07-12
COIN,2024-07-12
IWM,2024-07-12
MSFT,2024-07-12
MSTR,2024-07-12
NVDA,2024-07-12
NVDL,2024-07-12
PLTR,2024-07-12
QQQ,2024-07-12
SMCI,2024-07-12
SOXL,2024-07-12
SPY,2024-07-12
TSLA,2024-07-12
TSLL,2024-07-12
AAPL,2024-07-15
AMD,2024-07-15
AMZN,2024-07-15
ARM,2024-07-15
IWM,2024-07-15
META,2024-07-15
MSFT,2024-07-15
MSTR,2024-07-15
NVDA,2024-07-15
NVDL,2024-07-15
QQQ,2024-07-15
SMCI,2024-07-15
SOXL,2024-07-15
SOXS,2024-07-15
SPY,2024-07-15
TSLA,2024-07-15
AAPL,2024-07-16
AMD,2024-07-16
AMZN,2024-07-16
DELL,2024-07-16
IWM,2024-07-16
MSFT,2024-07-16
NVDA,2024-07-16
PLTR,2024-07-16
QQQ,2024-07-16
SMCI,2024-07-16
SOXL,2024-07-16
SPY,2024-07-16
TSLA,2024-07-16
AAPL,2024-07-17
AMD,2024-07-17
AMZN,2024-07-17
ARM,2024-07-17
COIN,2024-07-17
DELL,2024-07-17
IWM,2024-07-17
META,2024-07-17
MSFT,2024-07-17
MSTR,2024-07-17
NVDA,2024-07-17
PLTR,2024-07-17
QQQ,2024-07-17
SMCI,2024-07-17
SOXL,2024-07-17
SPY,2024-07-17
TSLA,2024-07-17
AAPL,2024-07-18
AMD,2024-07-18
AMZN,2024-07-18
ARM,2024-07-18
COIN,2024-07-18
DELL,2024-07-18
IWM,2024-07-18
META,2024-07-18
MSFT,2024-07-18
MSTR,2024-07-18
NVDA,2024-07-18
QQQ,2024-07-18
SMCI,2024-07-18
SOXL,2024-07-18
SPY,2024-07-18
TSLA,2024-07-18
AAPL,2024-07-19
AMD,2024-07-19
AMZN,2024-07-19
ARM,2024-07-19
COIN,2024-07-19
IWM,2024-07-19
META,2024-07-19
MSFT,2024-07-19
MU,2024-07-19
NVDA,2024-07-19
PLTR,2024-07-19
QQQ,2024-07-19
SMCI,2024-07-19
SOXL,2024-07-19
SOXS,2024-07-19
SPY,2024-07-19
TSLA,2024-07-19
AAPL,2024-07-22
AMD,2024-07-22
AMZN,2024-07-22
CRWD,2024-07-22
IWM,2024-07-22
MARA,2024-07-22
META,2024-07-22
MSFT,2024-07-22
NVDA,2024-07-22
PLTR,2024-07-22
QQQ,2024-07-22
SMCI,2024-07-22
SOXL,2024-07-22
SPY,2024-07-22
TSLA,2024-07-22
AAPL,2024-07-23
AMD,2024-07-23
AMZN,2024-07-23
COIN,2024-07-23
CRWD,2024-07-23
IWM,2024-07-23
MARA,2024-07-23
MSFT,2024-07-23
MSTR,2024-07-23
NVDA,2024-07-23
NVDL,2024-07-23
QQQ,2024-07-23
SMCI,2024-07-23
SOXS,2024-07-23
SPY,2024-07-23
AAPL,2024-07-24
AMZN,2024-07-24
ARM,2024-07-24
COIN,2024-07-24
CRWD,2024-07-24
GOOGL,2024-07-24
IWM,2024-07-24
MARA,2024-07-24
MSFT,2024-07-24
MSTR,2024-07-24
NVDA,2024-07-24
PLTR,2024-07-24
QQQ,2024-07-24
SMCI,2024-07-24
SOXL,2024-07-24
SPY,2024-07-24
TSLA,2024-07-24
VRT,2024-07-24
AAPL,2024-07-25
AMD,2024-07-25
AMZN,2024-07-25
COIN,2024-07-25
CRWD,2024-07-25
DELL,2024-07-25
GOOGL,2024-07-25
IWM,2024-07-25
META,2024-07-25
MSFT,2024-07-25
MSTR,2024-07-25
NVDA,2024-07-25
QQQ,2024-07-25
SMCI,2024-07-25
SOXL,2024-07-25
SPY,2024-07-25
TQQQ,2024-07-25
TSLA,2024-07-25
AAPL,2024-07-26
AMD,2024-07-26
AMZN,2024-07-26
ARM,2024-07-26
CRWD,2024-07-26
IWM,2024-07-26
META,2024-07-26
MSFT,2024-07-26
MSTR,2024-07-26
NVDA,2024-07-26
QQQ,2024-07-26
SMCI,2024-07-26
SOXL,2024-07-26
SOXS,2024-07-26
SPY,2024-07-26
TQQQ,2024-07-26
TSLA,2024-07-26
AAPL,2024-07-29
AMD,2024-07-29
COIN,2024-07-29
CRWD,2024-07-29
GOOGL,2024-07-29
IWM,2024-07-29
META,2024-07-29
MSFT,2024-07-29
MSTR,2024-07-29
NVDA,2024-07-29
QQQ,2024-07-29
SMCI,2024-07-29
SOXL,2024-07-29
SPY,2024-07-29
SQQQ,2024-07-29
TQQQ,2024-07-29
TSLA,2024-07-29
AAPL,2024-07-30
AMD,2024-07-30
AMZN,2024-07-30
COIN,2024-07-30
CRWD,2024-07-30
IWM,2024-07-30
META,2024-07-30
MSFT,2024-07-30
MSTR,2024-07-30
NVDA,2024-07-30
QQQ,2024-07-30
SMCI,2024-07-30
SOXL,2024-07-30
SPY,2024-07-30
SQQQ,2024-07-30
TQQQ,2024-07-30
TSLA,2024-07-30
AAPL,2024-07-31
AMD,2024-07-31
AMZN,2024-07-31
CRWD,2024-07-31
IWM,2024-07-31
MSFT,2024-07-31
NVDA,2024-07-31
NVDL,2024-07-31
QQQ,2024-07-31
SMCI,2024-07-31
SOXL,2024-07-31
SOXS,2024-07-31
SPY,2024-07-31
SQQQ,2024-07-31
TQQQ,2024-07-31
TSLA,2024-07-31
AAPL,2024-08-01
AMD,2024-08-01
AMZN,2024-08-01
ARM,2024-08-01
AVGO,2024-08-01
CRWD,2024-08-01
IWM,2024-08-01
META,2024-08-01
MSFT,2024-08-01
NVDA,2024-08-01
QQQ,2024-08-01
SMCI,2024-08-01
SOXL,2024-08-01
SPY,2024-08-01
SQQQ,2024-08-01
TQQQ,2024-08-01
TSLA,2024-08-01
AAPL,2024-08-02
AMD,2024-08-02
AMZN,2024-08-02
ARM,2024-08-02
AVGO,2024-08-02
IWM,2024-08-02
META,2024-08-02
MSFT,2024-08-02
NVDA,2024-08-02
QQQ,2024-08-02
SMCI,2024-08-02
SOXL,2024-08-02
SPY,2024-08-02
SQQQ,2024-08-02
TQQQ,2024-08-02
TSLA,2024-08-02
TSM,2024-08-02
AAPL,2024-08-05
AMD,2024-08-05
AMZN,2024-08-05
AVGO,2024-08-05
IWM,2024-08-05
META,2024-08-05
MSFT,2024-08-05
MU,2024-08-05
NVDA,2024-08-05
QQQ,2024-08-05
SMCI,2024-08-05
SOXL,2024-08-05
SPY,2024-08-05
TQQQ,2024-08-05
TSLA,2024-08-05
TSM,2024-08-05
AAPL,2024-08-06
AMD,2024-08-06
AMZN,2024-08-06
AVGO,2024-08-06
COIN,2024-08-06
IWM,2024-08-06
META,2024-08-06
MSFT,2024-08-06
NVDA,2024-08-06
QQQ,2024-08-06
SMCI,2024-08-06
SOXL,2024-08-06
SPY,2024-08-06
TQQQ,2024-08-06
TSLA,2024-08-06
TSM,2024-08-06
AAPL,2024-08-07
AMD,2024-08-07
AMZN,2024-08-07
AVGO,2024-08-07
GOOGL,2024-08-07
META,2024-08-07
MSFT,2024-08-07
NVDA,2024-08-07
QQQ,2024-08-07
SMCI,2024-08-07
SOXL,2024-08-07
SPY,2024-08-07
SQQQ,2024-08-07
TQQQ,2024-08-07
TSLA,2024-08-07
AAPL,2024-08-08
AMD,2024-08-08
AMZN,2024-08-08
AVGO,2024-08-08
META,2024-08-08
MSFT,2024-08-08
NVDA,2024-08-08
QQQ,2024-08-08
SMCI,2024-08-08
SOXL,2024-08-08
SPY,2024-08-08
SQQQ,2024-08-08
TQQQ,2024-08-08
TSLA,2024-08-08
TSM,2024-08-08
AAPL,2024-08-09
AMZN,2024-08-09
META,2024-08-09
MSFT,2024-08-09
QQQ,2024-08-09
SMCI,2024-08-09
SPY,2024-08-09
TSLA,2024-08-09
AAPL,2024-08-12
AMD,2024-08-12
AMZN,2024-08-12
AVGO,2024-08-12
META,2024-08-12
MSFT,2024-08-12
MU,2024-08-12
NVDA,2024-08-12
PLTR,2024-08-12
QQQ,2024-08-12
SMCI,2024-08-12
SOXL,2024-08-12
SPY,2024-08-12
TQQQ,2024-08-12
TSLA,2024-08-12
TSM,2024-08-12
AAPL,2024-08-13
AMD,2024-08-13
AMZN,2024-08-13
AVGO,2024-08-13
META,2024-08-13
MSFT,2024-08-13
MU,2024-08-13
NVDA,2024-08-13
PLTR,2024-08-13
QQQ,2024-08-13
SOXL,2024-08-13
SPY,2024-08-13
TQQQ,2024-08-13
TSLA,2024-08-13
TSM,2024-08-13
V,2024-08-13
AAPL,2024-08-14
AMD,2024-08-14
AMZN,2024-08-14
IWM,2024-08-14
META,2024-08-14
MSFT,2024-08-14
MU,2024-08-14
QCOM,2024-08-14
QQQ,2024-08-14
SMCI,2024-08-14
SPY,2024-08-14
TSM,2024-08-14
AAPL,2024-08-15
AMD,2024-08-15
AVGO,2024-08-15
GOOGL,2024-08-15
IWM,2024-08-15
META,2024-08-15
MSFT,2024-08-15
MU,2024-08-15
NVDA,2024-08-15
NVDL,2024-08-15
QQQ,2024-08-15
SMCI,2024-08-15
SOXL,2024-08-15
SPY,2024-08-15
TQQQ,2024-08-15
TSLA,2024-08-15
TSM,2024-08-15
AAPL,2024-08-16
AMD,2024-08-16
AMZN,2024-08-16
IWM,2024-08-16
META,2024-08-16
MSFT,2024-08-16
NVDA,2024-08-16
QQQ,2024-08-16
SPY,2024-08-16
TSM,2024-08-16
AAPL,2024-08-19
AMAT,2024-08-19
AMD,2024-08-19
AMZN,2024-08-19
ASTS,2024-08-19
AVGO,2024-08-19
IWM,2024-08-19
META,2024-08-19
MSFT,2024-08-19
NVDA,2024-08-19
PLTR,2024-08-19
QQQ,2024-08-19
SMCI,2024-08-19
SOXL,2024-08-19
SPY,2024-08-19
TQQQ,2024-08-19
TSLA,2024-08-19
AAPL,2024-08-20
AMD,2024-08-20
AMZN,2024-08-20
AVGO,2024-08-20
META,2024-08-20
MSFT,2024-08-20
MU,2024-08-20
NVDA,2024-08-20
QQQ,2024-08-20
SMCI,2024-08-20
SOXL,2024-08-20
SPY,2024-08-20
TQQQ,2024-08-20
TSLA,2024-08-20
TSM,2024-08-20
AAPL,2024-08-21
AMD,2024-08-21
AMZN,2024-08-21
AVGO,2024-08-21
COIN,2024-08-21
INTC,2024-08-21
LLY,2024-08-21
MSFT,2024-08-21
NVDA,2024-08-21
QQQ,2024-08-21
SMCI,2024-08-21
SOXL,2024-08-21
SPY,2024-08-21
TQQQ,2024-08-21
TSLA,2024-08-21
TSM,2024-08-21
AAPL,2024-08-22
AMD,2024-08-22
AMZN,2024-08-22
AVGO,2024-08-22
COIN,2024-08-22
IWM,2024-08-22
META,2024-08-22
MSFT,2024-08-22
NVDA,2024-08-22
QQQ,2024-08-22
SMCI,2024-08-22
SOXL,2024-08-22
SPY,2024-08-22
TQQQ,2024-08-22
TSLA,2024-08-22
TSM,2024-08-22
AAPL,2024-08-23
AMD,2024-08-23
AMZN,2024-08-23
AVGO,2024-08-23
META,2024-08-23
MSFT,2024-08-23
MU,2024-08-23
NVDA,2024-08-23
QQQ,2024-08-23
SMCI,2024-08-23
SMH,2024-08-23
SOXL,2024-08-23
SPY,2024-08-23
TQQQ,2024-08-23
TSLA,2024-08-23
TSM,2024-08-23
AAPL,2024-08-26
AMD,2024-08-26
AMZN,2024-08-26
AVGO,2024-08-26
IWM,2024-08-26
META,2024-08-26
MSFT,2024-08-26
MU,2024-08-26
NVDA,2024-08-26
QQQ,2024-08-26
SMCI,2024-08-26
SPY,2024-08-26
TQQQ,2024-08-26
TSLA,2024-08-26
TSM,2024-08-26
AAPL,2024-08-27
AMD,2024-08-27
AVGO,2024-08-27
IWM,2024-08-27
MSFT,2024-08-27
MU,2024-08-27
NVDA,2024-08-27
PDD,2024-08-27
QQQ,2024-08-27
SMCI,2024-08-27
SMH,2024-08-27
SOXL,2024-08-27
SPY,2024-08-27
TQQQ,2024-08-27
TSLA,2024-08-27
TSM,2024-08-27
AAPL,2024-08-28
AMD,2024-08-28
AMZN,2024-08-28
AVGO,2024-08-28
IWM,2024-08-28
MSFT,2024-08-28
MU,2024-08-28
NVDA,2024-08-28
PDD,2024-08-28
QQQ,2024-08-28
SMCI,2024-08-28
SOXL,2024-08-28
SPY,2024-08-28
TQQQ,2024-08-28
TSLA,2024-08-28
TSM,2024-08-28
AAPL,2024-08-29
AMD,2024-08-29
AMZN,2024-08-29
AVGO,2024-08-29
MSFT,2024-08-29
MU,2024-08-29
NVDA,2024-08-29
NVDL,2024-08-29
PDD,2024-08-29
QQQ,2024-08-29
SMCI,2024-08-29
SOXL,2024-08-29
SPY,2024-08-29
TQQQ,2024-08-29
TSLA,2024-08-29
AAPL,2024-08-30
AMD,2024-08-30
AMZN,2024-08-30
AVGO,2024-08-30
CRWD,2024-08-30
DELL,2024-08-30
IWM,2024-08-30
MSFT,2024-08-30
NVDA,2024-08-30
PDD,2024-08-30
QQQ,2024-08-30
SMCI,2024-08-30
SOXL,2024-08-30
SPY,2024-08-30
TQQQ,2024-08-30
TSLA,2024-08-30
AAPL,2024-09-03
AMD,2024-09-03
AMZN,2024-09-03
AVGO,2024-09-03
DELL,2024-09-03
IWM,2024-09-03
META,2024-09-03
MSFT,2024-09-03
NVDA,2024-09-03
PDD,2024-09-03
QQQ,2024-09-03
SMCI,2024-09-03
SPY,2024-09-03
TQQQ,2024-09-03
TSLA,2024-09-03
AAPL,2024-09-04
AMD,2024-09-04
AMZN,2024-09-04
AVGO,2024-09-04
GOOGL,2024-09-04
INTC,2024-09-04
IWM,2024-09-04
META,2024-09-04
MSFT,2024-09-04
MU,2024-09-04
NVDA,2024-09-04
QQQ,2024-09-04
SMCI,2024-09-04
SOXL,2024-09-04
SPY,2024-09-04
TQQQ,2024-09-04
TSLA,2024-09-04
AAPL,2024-09-05
AMD,2024-09-05
AMZN,2024-09-05
AVGO,2024-09-05
INTC,2024-09-05
IWM,2024-09-05
META,2024-09-05
MSFT,2024-09-05
NVDA,2024-09-05
QQQ,2024-09-05
SMCI,2024-09-05
SOXL,2024-09-05
SOXS,2024-09-05
SPY,2024-09-05
SQQQ,2024-09-05
TQQQ,2024-09-05
TSLA,2024-09-05
AAPL,2024-09-06
AMZN,2024-09-06
AVGO,2024-09-06
INTC,2024-09-06
IWM,2024-09-06
META,2024-09-06
MSFT,2024-09-06
MU,2024-09-06
NVDA,2024-09-06
QQQ,2024-09-06
SMCI,2024-09-06
SOXL,2024-09-06
SOXS,2024-09-06
SPY,2024-09-06
SQQQ,2024-09-06
TQQQ,2024-09-06
TSLA,2024-09-06
AAPL,2024-09-09
AMZN,2024-09-09
AVGO,2024-09-09
INTC,2024-09-09
IWM,2024-09-09
META,2024-09-09
MSFT,2024-09-09
MU,2024-09-09
NVDA,2024-09-09
QQQ,2024-09-09
SMCI,2024-09-09
SOXL,2024-09-09
SPY,2024-09-09
TQQQ,2024-09-09
TSLA,2024-09-09
AAPL,2024-09-10
AMZN,2024-09-10
AVGO,2024-09-10
DELL,2024-09-10
GOOGL,2024-09-10
META,2024-09-10
MSFT,2024-09-10
MU,2024-09-10
NVDA,2024-09-10
QQQ,2024-09-10
SOXS,2024-09-10
SPY,2024-09-10
SQQQ,2024-09-10
TQQQ,2024-09-10
TSLA,2024-09-10
AAPL,2024-09-11
AMZN,2024-09-11
DELL,2024-09-11
JPM,2024-09-11
MSFT,2024-09-11
MSTR,2024-09-11
NVDA,2024-09-11
QQQ,2024-09-11
SMCI,2024-09-11
SOXL,2024-09-11
SOXS,2024-09-11
SPY,2024-09-11
SQQQ,2024-09-11
TQQQ,2024-09-11
TSLA,2024-09-11
AAPL,2024-09-12
AMD,2024-09-12
AMZN,2024-09-12
IWM,2024-09-12
MSFT,2024-09-12
QQQ,2024-09-12
SOXS,2024-09-12
SPY,2024-09-12
SQQQ,2024-09-12
TSLA,2024-09-12
AAPL,2024-09-13
AMD,2024-09-13
AMZN,2024-09-13
AVGO,2024-09-13
IWM,2024-09-13
META,2024-09-13
MRNA,2024-09-13
MSFT,2024-09-13
MU,2024-09-13
NVDA,2024-09-13
NVDL,2024-09-13
QQQ,2024-09-13
SMCI,2024-09-13
SOXL,2024-09-13
SPY,2024-09-13
TQQQ,2024-09-13
TSLA,2024-09-13
AAPL,2024-09-16
ADBE,2024-09-16
AVGO,2024-09-16
IWM,2024-09-16
META,2024-09-16
MSFT,2024-09-16
MU,2024-09-16
NVDA,2024-09-16
PDD,2024-09-16
QQQ,2024-09-16
SMCI,2024-09-16
SPY,2024-09-16
TQQQ,2024-09-16
TSLA,2024-09-16
AAPL,2024-09-17
AMZN,2024-09-17
ARM,2024-09-17
AVGO,2024-09-17
IWM,2024-09-17
META,2024-09-17
MSFT,2024-09-17
MSTR,2024-09-17
NVDA,2024-09-17
QQQ,2024-09-17
SMCI,2024-09-17
SOXL,2024-09-17
SOXS,2024-09-17
SPY,2024-09-17
TQQQ,2024-09-17
TSLA,2024-09-17
AAPL,2024-09-18
AMD,2024-09-18
AMZN,2024-09-18
AVGO,2024-09-18
INTC,2024-09-18
IWM,2024-09-18
META,2024-09-18
MSFT,2024-09-18
MSTR,2024-09-18
NVDA,2024-09-18
QQQ,2024-09-18
SMCI,2024-09-18
SOXL,2024-09-18
SOXS,2024-09-18
SPY,2024-09-18
TQQQ,2024-09-18
TSLA,2024-09-18
AAPL,2024-09-19
AMZN,2024-09-19
AVGO,2024-09-19
INTC,2024-09-19
IWM,2024-09-19
META,2024-09-19
MSFT,2024-09-19
MSTR,2024-09-19
NVDA,2024-09-19
QQQ,2024-09-19
SMCI,2024-09-19
SOXL,2024-09-19
SOXS,2024-09-19
SPY,2024-09-19
SQQQ,2024-09-19
TQQQ,2024-09-19
TSLA,2024-09-19
AAPL,2024-09-20
AMZN,2024-09-20
AVGO,2024-09-20
INTC,2024-09-20
IWM,2024-09-20
META,2024-09-20
MSFT,2024-09-20
NVDA,2024-09-20
QQQ,2024-09-20
SMCI,2024-09-20
SOXS,2024-09-20
SPY,2024-09-20
SQQQ,2024-09-20
AAPL,2024-09-23
AMZN,2024-09-23
AVGO,2024-09-23
INTC,2024-09-23
META,2024-09-23
MSFT,2024-09-23
MSTR,2024-09-23
NVDA,2024-09-23
PLTR,2024-09-23
QQQ,2024-09-23
SMCI,2024-09-23
SOXL,2024-09-23
SOXS,2024-09-23
SPY,2024-09-23
TQQQ,2024-09-23
TSLA,2024-09-23
AAPL,2024-09-24
AMZN,2024-09-24
AVGO,2024-09-24
INTC,2024-09-24
IWM,2024-09-24
META,2024-09-24
MRVL,2024-09-24
MSFT,2024-09-24
MSTR,2024-09-24
NVDA,2024-09-24
QQQ,2024-09-24
SMCI,2024-09-24
SOXL,2024-09-24
SPY,2024-09-24
TQQQ,2024-09-24
TSLA,2024-09-24
VST,2024-09-24
AAPL,2024-09-25
AMZN,2024-09-25
AVGO,2024-09-25
INTC,2024-09-25
IWM,2024-09-25
META,2024-09-25
MSFT,2024-09-25
MSTR,2024-09-25
NVDA,2024-09-25
QQQ,2024-09-25
SMCI,2024-09-25
SOXL,2024-09-25
SPY,2024-09-25
TQQQ,2024-09-25
TSLA,2024-09-25
AAPL,2024-09-26
AMD,2024-09-26
AMZN,2024-09-26
AVGO,2024-09-26
INTC,2024-09-26
META,2024-09-26
MSFT,2024-09-26
MSTR,2024-09-26
MU,2024-09-26
NVDA,2024-09-26
NVDL,2024-09-26
QQQ,2024-09-26
SMCI,2024-09-26
SOXL,2024-09-26
SPY,2024-09-26
TQQQ,2024-09-26
TSLA,2024-09-26
AAPL,2024-09-27
AMZN,2024-09-27
AVGO,2024-09-27
INTC,2024-09-27
META,2024-09-27
NVDA,2024-09-27
QQQ,2024-09-27
SMCI,2024-09-27
SOXS,2024-09-27
SPY,2024-09-27
TQQQ,2024-09-27
TSLA,2024-09-27
AAPL,2024-09-30
AMZN,2024-09-30
AVGO,2024-09-30
BABA,2024-09-30
INTC,2024-09-30
IWM,2024-09-30
META,2024-09-30
MSFT,2024-09-30
NVDA,2024-09-30
QQQ,2024-09-30
SMCI,2024-09-30
SOXL,2024-09-30
SOXS,2024-09-30
SPY,2024-09-30
TQQQ,2024-09-30
TSLA,2024-09-30
AAPL,2024-10-01
AMZN,2024-10-01
AVGO,2024-10-01
BABA,2024-10-01
COIN,2024-10-01
INTC,2024-10-01
IWM,2024-10-01
META,2024-10-01
MSFT,2024-10-01
MSTR,2024-10-01
NVDA,2024-10-01
PDD,2024-10-01
QQQ,2024-10-01
SMCI,2024-10-01
SOXL,2024-10-01
SPY,2024-10-01
TQQQ,2024-10-01
TSLA,2024-10-01
AAPL,2024-10-02
AMD,2024-10-02
AMZN,2024-10-02
AVGO,2024-10-02
COIN,2024-10-02
INTC,2024-10-02
IWM,2024-10-02
META,2024-10-02
MSFT,2024-10-02
MSTR,2024-10-02
NVDA,2024-10-02
QQQ,2024-10-02
SOXL,2024-10-02
SPY,2024-10-02
TQQQ,2024-10-02
TSLA,2024-10-02
AAPL,2024-10-03
AMD,2024-10-03
AMZN,2024-10-03
BABA,2024-10-03
COIN,2024-10-03
INTC,2024-10-03
MSFT,2024-10-03
MSTR,2024-10-03
NVDA,2024-10-03
PDD,2024-10-03
QQQ,2024-10-03
SOXL,2024-10-03
SOXS,2024-10-03
SPY,2024-10-03
SQQQ,2024-10-03
TQQQ,2024-10-03
TSLA,2024-10-03
AAPL,2024-10-04
AMD,2024-10-04
AMZN,2024-10-04
IWM,2024-10-04
META,2024-10-04
MSFT,2024-10-04
MSTR,2024-10-04
NVDA,2024-10-04
PDD,2024-10-04
QQQ,2024-10-04
SMCI,2024-10-04
SOXL,2024-10-04
SOXS,2024-10-04
SPY,2024-10-04
TQQQ,2024-10-04
TSLA,2024-10-04
AAPL,2024-10-07
AMD,2024-10-07
AMZN,2024-10-07
COIN,2024-10-07
INTC,2024-10-07
IWM,2024-10-07
META,2024-10-07
MSFT,2024-10-07
NVDA,2024-10-07
PDD,2024-10-07
QQQ,2024-10-07
SMCI,2024-10-07
SOXL,2024-10-07
SOXS,2024-10-07
SPY,2024-10-07
SQQQ,2024-10-07
TQQQ,2024-10-07
TSLA,2024-10-07
VST,2024-10-07
AAPL,2024-10-08
AMD,2024-10-08
AMZN,2024-10-08
COIN,2024-10-08
INTC,2024-10-08
META,2024-10-08
MSFT,2024-10-08
NVDA,2024-10-08
NVDL,2024-10-08
PDD,2024-10-08
QQQ,2024-10-08
SOXL,2024-10-08
SOXS,2024-10-08
SPY,2024-10-08
TQQQ,2024-10-08
TSLA,2024-10-08
VST,2024-10-08
AAPL,2024-10-09
AMD,2024-10-09
AMZN,2024-10-09
INTC,2024-10-09
META,2024-10-09
MSFT,2024-10-09
MSTR,2024-10-09
NVDA,2024-10-09
PDD,2024-10-09
QQQ,2024-10-09
SMCI,2024-10-09
SOXL,2024-10-09
SPY,2024-10-09
SQQQ,2024-10-09
TQQQ,2024-10-09
TSLA,2024-10-09
VST,2024-10-09
AAPL,2024-10-10
AMD,2024-10-10
AMZN,2024-10-10
ARM,2024-10-10
COIN,2024-10-10
GOOGL,2024-10-10
INTC,2024-10-10
META,2024-10-10
MSFT,2024-10-10
MSTR,2024-10-10
NVDA,2024-10-10
NVDL,2024-10-10
PDD,2024-10-10
QQQ,2024-10-10
SMCI,2024-10-10
SOXL,2024-10-10
SOXS,2024-10-10
SPY,2024-10-10
TSLA,2024-10-10
VST,2024-10-10
AAPL,2024-10-11
AMD,2024-10-11
AMZN,2024-10-11
COIN,2024-10-11
INTC,2024-10-11
IWM,2024-10-11
META,2024-10-11
MSFT,2024-10-11
MSTR,2024-10-11
NVDA,2024-10-11
NVDL,2024-10-11
PDD,2024-10-11
QQQ,2024-10-11
SMCI,2024-10-11
SOXL,2024-10-11
SOXS,2024-10-11
SPY,2024-10-11
TSLA,2024-10-11
TSLL,2024-10-11
AAPL,2024-10-14
AMD,2024-10-14
DJT,2024-10-14
INTC,2024-10-14
META,2024-10-14
MSFT,2024-10-14
NVDA,2024-10-14
NVDL,2024-10-14
PDD,2024-10-14
QQQ,2024-10-14
SMCI,2024-10-14
SOXL,2024-10-14
SPY,2024-10-14
TSLA,2024-10-14
TSLL,2024-10-14
VST,2024-10-14
AAPL,2024-10-15
AMD,2024-10-15
IWM,2024-10-15
META,2024-10-15
MSFT,2024-10-15
MSTR,2024-10-15
NVDA,2024-10-15
PDD,2024-10-15
QQQ,2024-10-15
SMCI,2024-10-15
SPY,2024-10-15
TSLA,2024-10-15
AAPL,2024-10-16
AMD,2024-10-16
AMZN,2024-10-16
ARM,2024-10-16
ASML,2024-10-16
COIN,2024-10-16
DJT,2024-10-16
INTC,2024-10-16
MSFT,2024-10-16
MSTR,2024-10-16
NVDA,2024-10-16
NVDL,2024-10-16
PDD,2024-10-16
QQQ,2024-10-16
SMCI,2024-10-16
SOXL,2024-10-16
SPY,2024-10-16
TSLA,2024-10-16
UNH,2024-10-16
AAPL,2024-10-17
AMD,2024-10-17
ASML,2024-10-17
INTC,2024-10-17
IWM,2024-10-17
META,2024-10-17
MSFT,2024-10-17
MSTR,2024-10-17
NVDA,2024-10-17
PDD,2024-10-17
QQQ,2024-10-17
SMCI,2024-10-17
SOXL,2024-10-17
SPY,2024-10-17
TSLA,2024-10-17
AAPL,2024-10-18
ASML,2024-10-18
COIN,2024-10-18
DJT,2024-10-18
KLAC,2024-10-18
META,2024-10-18
MSFT,2024-10-18
MSTR,2024-10-18
NFLX,2024-10-18
NVDA,2024-10-18
NVDL,2024-10-18
PDD,2024-10-18
QQQ,2024-10-18
SMCI,2024-10-18
SOXL,2024-10-18
SOXS,2024-10-18
SPY,2024-10-18
TSLA,2024-10-18
VST,2024-10-18
AAPL,2024-10-21
AMZN,2024-10-21
IWM,2024-10-21
KLAC,2024-10-21
MARA,2024-10-21
MSFT,2024-10-21
NVDA,2024-10-21
NVDL,2024-10-21
PDD,2024-10-21
QQQ,2024-10-21
SMCI,2024-10-21
SOXL,2024-10-21
SPY,2024-10-21
TSLA,2024-10-21
VST,2024-10-21
AAPL,2024-10-22
AMZN,2024-10-22
ARM,2024-10-22
COIN,2024-10-22
IWM,2024-10-22
MARA,2024-10-22
META,2024-10-22
MSFT,2024-10-22
MSTR,2024-10-22
NFLX,2024-10-22
NVDA,2024-10-22
QQQ,2024-10-22
SMCI,2024-10-22
SOXL,2024-10-22
SOXS,2024-10-22
SPY,2024-10-22
TSLA,2024-10-22
AAPL,2024-10-23
AMD,2024-10-23
AMZN,2024-10-23
COIN,2024-10-23
IWM,2024-10-23
META,2024-10-23
MSFT,2024-10-23
MSTR,2024-10-23
NVDA,2024-10-23
NVDL,2024-10-23
OKLO,2024-10-23
PDD,2024-10-23
QQQ,2024-10-23
SMCI,2024-10-23
SOXL,2024-10-23
SOXS,2024-10-23
SPY,2024-10-23
TSLA,2024-10-23
VST,2024-10-23
AAPL,2024-10-24
AMZN,2024-10-24
ARM,2024-10-24
COIN,2024-10-24
DJT,2024-10-24
IWM,2024-10-24
META,2024-10-24
MSFT,2024-10-24
MSTR,2024-10-24
NVDA,2024-10-24
NVDL,2024-10-24
PDD,2024-10-24
QQQ,2024-10-24
SMCI,2024-10-24
SOXL,2024-10-24
SOXS,2024-10-24
SPY,2024-10-24
TQQQ,2024-10-24
TSLA,2024-10-24
VRT,2024-10-24
AAPL,2024-10-25
AMZN,2024-10-25
ARM,2024-10-25
DJT,2024-10-25
IWM,2024-10-25
MARA,2024-10-25
META,2024-10-25
MSFT,2024-10-25
NVDA,2024-10-25
NVDL,2024-10-25
QQQ,2024-10-25
SMCI,2024-10-25
SOXL,2024-10-25
SOXS,2024-10-25
SPY,2024-10-25
AAPL,2024-10-28
AMZN,2024-10-28
COIN,2024-10-28
IWM,2024-10-28
MARA,2024-10-28
META,2024-10-28
MSFT,2024-10-28
MSTR,2024-10-28
NVDA,2024-10-28
NVDL,2024-10-28
PDD,2024-10-28
QQQ,2024-10-28
SMCI,2024-10-28
SOXL,2024-10-28
SOXS,2024-10-28
SPY,2024-10-28
TSLA,2024-10-28
AAPL,2024-10-29
AMD,2024-10-29
GOOGL,2024-10-29
META,2024-10-29
MSFT,2024-10-29
NVDA,2024-10-29
NVDL,2024-10-29
PDD,2024-10-29
QQQ,2024-10-29
SMCI,2024-10-29
SOXL,2024-10-29
SPY,2024-10-29
TSLA,2024-10-29
TSLL,2024-10-29
AAPL,2024-10-30
AMD,2024-10-30
COIN,2024-10-30
GOOGL,2024-10-30
MARA,2024-10-30
META,2024-10-30
MSFT,2024-10-30
MSTR,2024-10-30
NVDA,2024-10-30
NVDL,2024-10-30
QQQ,2024-10-30
RDDT,2024-10-30
SMCI,2024-10-30
SOFI,2024-10-30
SOXS,2024-10-30
SPY,2024-10-30
TSLA,2024-10-30
AAPL,2024-10-31
AMD,2024-10-31
COIN,2024-10-31
DJT,2024-10-31
GOOGL,2024-10-31
LLY,2024-10-31
META,2024-10-31
MSFT,2024-10-31
MSTR,2024-10-31
NVDA,2024-10-31
NVDL,2024-10-31
OKLO,2024-10-31
QQQ,2024-10-31
SMCI,2024-10-31
SOXL,2024-10-31
SPY,2024-10-31
TSLA,2024-10-31
AAPL,2024-11-01
AMD,2024-11-01
AMZN,2024-11-01
ARM,2024-11-01
COIN,2024-11-01
DJT,2024-11-01
GOOGL,2024-11-01
HOOD,2024-11-01
META,2024-11-01
MSFT,2024-11-01
MSTR,2024-11-01
NVDA,2024-11-01
NVDL,2024-11-01
QQQ,2024-11-01
RDDT,2024-11-01
SMCI,2024-11-01
SOXL,2024-11-01
SPY,2024-11-01
TSLA,2024-11-01
AAPL,2024-11-04
AMD,2024-11-04
ARM,2024-11-04
COIN,2024-11-04
DJT,2024-11-04
META,2024-11-04
MSFT,2024-11-04
MSTR,2024-11-04
NVDA,2024-11-04
NVDL,2024-11-04
QQQ,2024-11-04
RDDT,2024-11-04
SMCI,2024-11-04
SOXL,2024-11-04
SOXS,2024-11-04
SPY,2024-11-04
TSLA,2024-11-04
VST,2024-11-04
AAPL,2024-11-05
AMZN,2024-11-05
COIN,2024-11-05
IWM,2024-11-05
META,2024-11-05
MSFT,2024-11-05
MSTR,2024-11-05
NVDA,2024-11-05
NVDL,2024-11-05
QQQ,2024-11-05
RDDT,2024-11-05
SMCI,2024-11-05
SOXL,2024-11-05
SOXS,2024-11-05
SPY,2024-11-05
TSLA,2024-11-05
TSLL,2024-11-05
VST,2024-11-05
AAPL,2024-11-06
AMZN,2024-11-06
COIN,2024-11-06
DJT,2024-11-06
HIMS,2024-11-06
IWM,2024-11-06
MSFT,2024-11-06
MSTR,2024-11-06
NVDA,2024-11-06
QQQ,2024-11-06
SOXL,2024-11-06
SOXS,2024-11-06
SPY,2024-11-06
TSLA,2024-11-06
AAPL,2024-11-07
ALAB,2024-11-07
AMZN,2024-11-07
ARM,2024-11-07
META,2024-11-07
MSFT,2024-11-07
NVDA,2024-11-07
QQQ,2024-11-07
SMCI,2024-11-07
SPY,2024-11-07
AAPL,2024-11-08
AMZN,2024-11-08
ARM,2024-11-08
COIN,2024-11-08
DJT,2024-11-08
IWM,2024-11-08
META,2024-11-08
MSFT,2024-11-08
NVDA,2024-11-08
PLTR,2024-11-08
QQQ,2024-11-08
SPY,2024-11-08
TSLA,2024-11-08
AAPL,2024-11-11
AMZN,2024-11-11
IWM,2024-11-11
LLY,2024-11-11
META,2024-11-11
MSFT,2024-11-11
MSTR,2024-11-11
NVDA,2024-11-11
NVDL,2024-11-11
QQQ,2024-11-11
SMCI,2024-11-11
SOXL,2024-11-11
SPY,2024-11-11
VST,2024-11-11
AAPL,2024-11-12
AMZN,2024-11-12
APP,2024-11-12
DJT,2024-11-12
IWM,2024-11-12
MSFT,2024-11-12
NVDA,2024-11-12
PLTR,2024-11-12
QQQ,2024-11-12
SMCI,2024-11-12
SOXL,2024-11-12
SPY,2024-11-12
AAPL,2024-11-13
AMZN,2024-11-13
APP,2024-11-13
COIN,2024-11-13
IWM,2024-11-13
MARA,2024-11-13
META,2024-11-13
MSFT,2024-11-13
MSTR,2024-11-13
NVDA,2024-11-13
NVDL,2024-11-13
PLTR,2024-11-13
QQQ,2024-11-13
SMCI,2024-11-13
SOXL,2024-11-13
SPY,2024-11-13
TSLA,2024-11-13
TSLL,2024-11-13
AAPL,2024-11-14
AMZN,2024-11-14
APP,2024-11-14
COIN,2024-11-14
MARA,2024-11-14
META,2024-11-14
MSFT,2024-11-14
MSTR,2024-11-14
NVDA,2024-11-14
PLTR,2024-11-14
QQQ,2024-11-14
SOXL,2024-11-14
SPY,2024-11-14
TSLA,2024-11-14
TSLL,2024-11-14
AAPL,2024-11-15
AMZN,2024-11-15
APP,2024-11-15
COIN,2024-11-15
HIMS,2024-11-15
IWM,2024-11-15
META,2024-11-15
MSFT,2024-11-15
MSTR,2024-11-15
NVDA,2024-11-15
NVDL,2024-11-15
PLTR,2024-11-15
QQQ,2024-11-15
SMCI,2024-11-15
SOXL,2024-11-15
SPY,2024-11-15
TSLA,2024-11-15
TSLL,2024-11-15
AAPL,2024-11-18
AMZN,2024-11-18
APP,2024-11-18
META,2024-11-18
MSFT,2024-11-18
MSTR,2024-11-18
NVDA,2024-11-18
NVDL,2024-11-18
QQQ,2024-11-18
SMCI,2024-11-18
SOXL,2024-11-18
SPY,2024-11-18
TSLA,2024-11-18
AAPL,2024-11-19
APP,2024-11-19
IONQ,2024-11-19
MARA,2024-11-19
META,2024-11-19
MSFT,2024-11-19
NVDA,2024-11-19
PLTR,2024-11-19
QQQ,2024-11-19
SOXL,2024-11-19
SPY,2024-11-19
AAPL,2024-11-20
AMZN,2024-11-20
COIN,2024-11-20
IWM,2024-11-20
MSFT,2024-11-20
NVDA,2024-11-20
PLTR,2024-11-20
QQQ,2024-11-20
SOXL,2024-11-20
SPY,2024-11-20
TSLA,2024-11-20
TSLL,2024-11-20
AAPL,2024-11-21
AMZN,2024-11-21
APP,2024-11-21
COIN,2024-11-21
IWM,2024-11-21
MSFT,2024-11-21
NVDA,2024-11-21
NVDL,2024-11-21
PLTR,2024-11-21
QQQ,2024-11-21
SMCI,2024-11-21
SOXL,2024-11-21
SPY,2024-11-21
TSLA,2024-11-21
VRT,2024-11-21
AAPL,2024-11-22
AMZN,2024-11-22
APP,2024-11-22
COIN,2024-11-22
GOOGL,2024-11-22
MSFT,2024-11-22
MSTR,2024-11-22
NVDA,2024-11-22
NVDL,2024-11-22
PLTR,2024-11-22
QQQ,2024-11-22
SPY,2024-11-22
TSLA,2024-11-22
AAPL,2024-11-25
AMZN,2024-11-25
APP,2024-11-25
COIN,2024-11-25
GOOGL,2024-11-25
IWM,2024-11-25
MSFT,2024-11-25
NVDA,2024-11-25
NVDL,2024-11-25
PLTR,2024-11-25
QQQ,2024-11-25
RDDT,2024-11-25
SOXL,2024-11-25
SPY,2024-11-25
TSLA,2024-11-25
AAPL,2024-11-26
AMZN,2024-11-26
APP,2024-11-26
COIN,2024-11-26
CVNA,2024-11-26
GEV,2024-11-26
IWM,2024-11-26
MARA,2024-11-26
META,2024-11-26
MSFT,2024-11-26
MSTR,2024-11-26
NVDA,2024-11-26
PLTR,2024-11-26
QQQ,2024-11-26
SOXL,2024-11-26
SPY,2024-11-26
TSLA,2024-11-26
AAPL,2024-11-27
AMZN,2024-11-27
APP,2024-11-27
COIN,2024-11-27
IWM,2024-11-27
MARA,2024-11-27
META,2024-11-27
MSFT,2024-11-27
MSTR,2024-11-27
NVDA,2024-11-27
PLTR,2024-11-27
QQQ,2024-11-27
RDDT,2024-11-27
SMCI,2024-11-27
SOXL,2024-11-27
SPY,2024-11-27
TSLA,2024-11-27
AAPL,2024-11-29
AMZN,2024-11-29
APP,2024-11-29
DELL,2024-11-29
IWM,2024-11-29
MSFT,2024-11-29
NVDA,2024-11-29
NVDL,2024-11-29
PLTR,2024-11-29
QQQ,2024-11-29
SMCI,2024-11-29
SOXL,2024-11-29
SPY,2024-11-29
TSLA,2024-11-29
VRT,2024-11-29
AAPL,2024-12-02
AMZN,2024-12-02
APP,2024-12-02
COIN,2024-12-02
IWM,2024-12-02
MARA,2024-12-02
META,2024-12-02
MSFT,2024-12-02
MSTR,2024-12-02
NVDA,2024-12-02
NVDL,2024-12-02
PLTR,2024-12-02
QQQ,2024-12-02
SMCI,2024-12-02
SOXL,2024-12-02
SPY,2024-12-02
TSLA,2024-12-02
AAPL,2024-12-03
AMZN,2024-12-03
APP,2024-12-03
COIN,2024-12-03
MARA,2024-12-03
META,2024-12-03
MSFT,2024-12-03
MSTR,2024-12-03
NVDA,2024-12-03
PLTR,2024-12-03
QQQ,2024-12-03
RKLB,2024-12-03
SPY,2024-12-03
TSLA,2024-12-03
AAPL,2024-12-04
COIN,2024-12-04
INTC,2024-12-04
MARA,2024-12-04
META,2024-12-04
MSFT,2024-12-04
MSTR,2024-12-04
NVDA,2024-12-04
QQQ,2024-12-04
SMCI,2024-12-04
SOXL,2024-12-04
SPY,2024-12-04
TSLA,2024-12-04
AAPL,2024-12-05
AMZN,2024-12-05
APP,2024-12-05
HOOD,2024-12-05
MARA,2024-12-05
META,2024-12-05
MSFT,2024-12-05
NVDA,2024-12-05
PLTR,2024-12-05
QQQ,2024-12-05
SMCI,2024-12-05
SOXL,2024-12-05
SPY,2024-12-05
TSLA,2024-12-05
AAPL,2024-12-06
AMZN,2024-12-06
APP,2024-12-06
COIN,2024-12-06
HOOD,2024-12-06
INTC,2024-12-06
MARA,2024-12-06
MSFT,2024-12-06
MSTR,2024-12-06
NVDA,2024-12-06
PLTR,2024-12-06
QQQ,2024-12-06
SMCI,2024-12-06
SOXL,2024-12-06
SPY,2024-12-06
TSLA,2024-12-06
UBER,2024-12-06
AAPL,2024-12-09
AMZN,2024-12-09
META,2024-12-09
MSFT,2024-12-09
MSTR,2024-12-09
NVDA,2024-12-09
QQQ,2024-12-09
SOXL,2024-12-09
SPY,2024-12-09
AAPL,2024-12-10
AMD,2024-12-10
AMZN,2024-12-10
APP,2024-12-10
COIN,2024-12-10
MARA,2024-12-10
MDB,2024-12-10
MSFT,2024-12-10
MSTR,2024-12-10
NVDA,2024-12-10
PLTR,2024-12-10
QQQ,2024-12-10
RDDT,2024-12-10
SMCI,2024-12-10
SPY,2024-12-10
TSLA,2024-12-10
TSLL,2024-12-10
AAPL,2024-12-11
AMZN,2024-12-11
APP,2024-12-11
COIN,2024-12-11
MDB,2024-12-11
META,2024-12-11
MSFT,2024-12-11
MSTR,2024-12-11
NVDA,2024-12-11
PLTR,2024-12-11
QQQ,2024-12-11
RDDT,2024-12-11
SMCI,2024-12-11
SOXL,2024-12-11
SPY,2024-12-11
TSLA,2024-12-11
AAPL,2024-12-12
AMZN,2024-12-12
COIN,2024-12-12
MARA,2024-12-12
MSFT,2024-12-12
NVDA,2024-12-12
PLTR,2024-12-12
QQQ,2024-12-12
SMCI,2024-12-12
SPY,2024-12-12
AAPL,2024-12-13
ADBE,2024-12-13
APP,2024-12-13
AVGO,2024-12-13
COIN,2024-12-13
GEV,2024-12-13
GOOGL,2024-12-13
MARA,2024-12-13
MSFT,2024-12-13
MSTR,2024-12-13
NVDA,2024-12-13
PLTR,2024-12-13
QQQ,2024-12-13
SMCI,2024-12-13
SOXL,2024-12-13
SPY,2024-12-13
TSLA,2024-12-13
TSLL,2024-12-13
AAPL,2024-12-16
AMD,2024-12-16
AMZN,2024-12-16
APP,2024-12-16
COIN,2024-12-16
MDB,2024-12-16
MSFT,2024-12-16
MSTR,2024-12-16
NVDA,2024-12-16
PLTR,2024-12-16
QQQ,2024-12-16
SMCI,2024-12-16
SPY,2024-12-16
TSLA,2024-12-16
VRT,2024-12-16
AAPL,2024-12-17
COIN,2024-12-17
GOOGL,2024-12-17
MRVL,2024-12-17
MSFT,2024-12-17
MSTR,2024-12-17
NVDA,2024-12-17
PLTR,2024-12-17
QQQ,2024-12-17
SMCI,2024-12-17
SPY,2024-12-17
AAPL,2024-12-18
AMZN,2024-12-18
APP,2024-12-18
AVGO,2024-12-18
COIN,2024-12-18
GEV,2024-12-18
GOOGL,2024-12-18
MARA,2024-12-18
MRVL,2024-12-18
MSFT,2024-12-18
MSTR,2024-12-18
NVDA,2024-12-18
PLTR,2024-12-18
QQQ,2024-12-18
SOXL,2024-12-18
SPY,2024-12-18
TSLA,2024-12-18
AAPL,2024-12-19
AMZN,2024-12-19
APP,2024-12-19
AVGO,2024-12-19
COIN,2024-12-19
IWM,2024-12-19
META,2024-12-19
MRVL,2024-12-19
MSFT,2024-12-19
MSTR,2024-12-19
MU,2024-12-19
NVDA,2024-12-19
PLTR,2024-12-19
QQQ,2024-12-19
SOXL,2024-12-19
SPY,2024-12-19
TSLA,2024-12-19
TSLL,2024-12-19
AAPL,2024-12-20
AMZN,2024-12-20
APP,2024-12-20
AVGO,2024-12-20
COIN,2024-12-20
IWM,2024-12-20
META,2024-12-20
MRVL,2024-12-20
MSFT,2024-12-20
MSTR,2024-12-20
MU,2024-12-20
NVDA,2024-12-20
PLTR,2024-12-20
QQQ,2024-12-20
SOXL,2024-12-20
SPY,2024-12-20
TSLA,2024-12-20
TSLL,2024-12-20
AAPL,2024-12-23
AMZN,2024-12-23
AVGO,2024-12-23
COIN,2024-12-23
META,2024-12-23
MRVL,2024-12-23
MSFT,2024-12-23
MU,2024-12-23
NVDA,2024-12-23
QQQ,2024-12-23
SOXL,2024-12-23
SPY,2024-12-23
TSLA,2024-12-23
TSLL,2024-12-23
AAPL,2024-12-24
COIN,2024-12-24
INTC,2024-12-24
IWM,2024-12-24
MSFT,2024-12-24
MSTR,2024-12-24
MU,2024-12-24
NVDA,2024-12-24
PLTR,2024-12-24
QQQ,2024-12-24
SPY,2024-12-24
TSLA,2024-12-24
TSLL,2024-12-24
AAPL,2024-12-26
AMZN,2024-12-26
AVGO,2024-12-26
COIN,2024-12-26
MSFT,2024-12-26
MU,2024-12-26
NVDA,2024-12-26
PLTR,2024-12-26
QQQ,2024-12-26
SOXL,2024-12-26
SPY,2024-12-26
AAPL,2024-12-27
AVGO,2024-12-27
COIN,2024-12-27
IWM,2024-12-27
META,2024-12-27
MSTR,2024-12-27
MU,2024-12-27
NVDA,2024-12-27
PLTR,2024-12-27
QQQ,2024-12-27
SMCI,2024-12-27
SOXL,2024-12-27
SPY,2024-12-27
TSLA,2024-12-27
TSLL,2024-12-27
AAPL,2024-12-30
AMZN,2024-12-30
AVGO,2024-12-30
COIN,2024-12-30
IONQ,2024-12-30
IWM,2024-12-30
MSFT,2024-12-30
MSTR,2024-12-30
MU,2024-12-30
NVDA,2024-12-30
PLTR,2024-12-30
QQQ,2024-12-30
SMCI,2024-12-30
SOXL,2024-12-30
SPY,2024-12-30
TSLA,2024-12-30
TSLL,2024-12-30
AAPL,2024-12-31
AMZN,2024-12-31
AVGO,2024-12-31
COIN,2024-12-31
IWM,2024-12-31
MSFT,2024-12-31
MSTR,2024-12-31
MU,2024-12-31
NVDA,2024-12-31
PLTR,2024-12-31
QQQ,2024-12-31
RDDT,2024-12-31
SOXL,2024-12-31
SPY,2024-12-31
TQQQ,2024-12-31
TSLA,2024-12-31
TSLL,2024-12-31
AAPL,2025-01-02
AMZN,2025-01-02
AVGO,2025-01-02
COIN,2025-01-02
IWM,2025-01-02
MSFT,2025-01-02
MSTR,2025-01-02
MU,2025-01-02
NVDA,2025-01-02
PLTR,2025-01-02
QQQ,2025-01-02
SOXL,2025-01-02
SPY,2025-01-02
SQQQ,2025-01-02
TQQQ,2025-01-02
TSLA,2025-01-02
TSLL,2025-01-02
AAPL,2025-01-03
AMZN,2025-01-03
AVGO,2025-01-03
CVNA,2025-01-03
IWM,2025-01-03
META,2025-01-03
MSFT,2025-01-03
MSTR,2025-01-03
NVDA,2025-01-03
PLTR,2025-01-03
QQQ,2025-01-03
SOXL,2025-01-03
SPY,2025-01-03
SQQQ,2025-01-03
TQQQ,2025-01-03
TSLA,2025-01-03
TSLL,2025-01-03
AAPL,2025-01-06
AMZN,2025-01-06
AVGO,2025-01-06
CVNA,2025-01-06
META,2025-01-06
MSFT,2025-01-06
NVDA,2025-01-06
QQQ,2025-01-06
SPY,2025-01-06
TQQQ,2025-01-06
AAPL,2025-01-07
AVGO,2025-01-07
META,2025-01-07
MSFT,2025-01-07
NVDA,2025-01-07
PLTR,2025-01-07
QQQ,2025-01-07
SPY,2025-01-07
TQQQ,2025-01-07
TSLA,2025-01-07
TSLL,2025-01-07
AAPL,2025-01-08
APP,2025-01-08
AVGO,2025-01-08
COIN,2025-01-08
IWM,2025-01-08
META,2025-01-08
MSFT,2025-01-08
MSTR,2025-01-08
MU,2025-01-08
NVDA,2025-01-08
NVDL,2025-01-08
PLTR,2025-01-08
QQQ,2025-01-08
SOXL,2025-01-08
SPY,2025-01-08
TQQQ,2025-01-08
TSLA,2025-01-08
AAPL,2025-01-10
AVGO,2025-01-10
IONQ,2025-01-10
IWM,2025-01-10
META,2025-01-10
MSFT,2025-01-10
MSTR,2025-01-10
MU,2025-01-10
NVDA,2025-01-10
PLTR,2025-01-10
QQQ,2025-01-10
SOXL,2025-01-10
SPY,2025-01-10
SQQQ,2025-01-10
TQQQ,2025-01-10
TSLA,2025-01-10
AAPL,2025-01-13
AMD,2025-01-13
AMZN,2025-01-13
AVGO,2025-01-13
IWM,2025-01-13
META,2025-01-13
MSFT,2025-01-13
MSTR,2025-01-13
MU,2025-01-13
NVDA,2025-01-13
PLTR,2025-01-13
QQQ,2025-01-13
SOXL,2025-01-13
SPY,2025-01-13
SQQQ,2025-01-13
TQQQ,2025-01-13
TSLA,2025-01-13
AAPL,2025-01-14
AMZN,2025-01-14
AVGO,2025-01-14
COIN,2025-01-14
IWM,2025-01-14
META,2025-01-14
MSFT,2025-01-14
MSTR,2025-01-14
MU,2025-01-14
NVDA,2025-01-14
PLTR,2025-01-14
QQQ,2025-01-14
SOXL,2025-01-14
SPY,2025-01-14
SQQQ,2025-01-14
TQQQ,2025-01-14
TSLA,2025-01-14
AAPL,2025-01-15
AVGO,2025-01-15
IWM,2025-01-15
LLY,2025-01-15
META,2025-01-15
MSFT,2025-01-15
MSTR,2025-01-15
MU,2025-01-15
NVDA,2025-01-15
PLTR,2025-01-15
QQQ,2025-01-15
SOXL,2025-01-15
SPY,2025-01-15
SQQQ,2025-01-15
TQQQ,2025-01-15
TSLA,2025-01-15
TSLL,2025-01-15
AAPL,2025-01-16
AMZN,2025-01-16
AVGO,2025-01-16
IWM,2025-01-16
META,2025-01-16
MSFT,2025-01-16
NVDA,2025-01-16
PLTR,2025-01-16
QQQ,2025-01-16
SPY,2025-01-16
AAPL,2025-01-17
AMZN,2025-01-17
AVGO,2025-01-17
COIN,2025-01-17
MSFT,2025-01-17
MSTR,2025-01-17
NVDA,2025-01-17
PLTR,2025-01-17
QQQ,2025-01-17
SOXL,2025-01-17
SPY,2025-01-17
TQQQ,2025-01-17
TSLA,2025-01-17
TSLL,2025-01-17
TSM,2025-01-17
AAPL,2025-01-21
AMZN,2025-01-21
AVGO,2025-01-21
COIN,2025-01-21
META,2025-01-21
MSFT,2025-01-21
MU,2025-01-21
NVDA,2025-01-21
PLTR,2025-01-21
QQQ,2025-01-21
SPY,2025-01-21
TQQQ,2025-01-21
TSLA,2025-01-21
AAPL,2025-01-22
AMZN,2025-01-22
APP,2025-01-22
AVGO,2025-01-22
COIN,2025-01-22
MSFT,2025-01-22
MSTR,2025-01-22
NFLX,2025-01-22
NVDA,2025-01-22
PLTR,2025-01-22
QQQ,2025-01-22
SOXL,2025-01-22
SPY,2025-01-22
TQQQ,2025-01-22
TSLA,2025-01-22
TSLL,2025-01-22
AAPL,2025-01-23
AMZN,2025-01-23
COIN,2025-01-23
META,2025-01-23
MSFT,2025-01-23
MSTR,2025-01-23
NVDA,2025-01-23
QQQ,2025-01-23
SMCI,2025-01-23
SOXL,2025-01-23
SPY,2025-01-23
TQQQ,2025-01-23
TSLA,2025-01-23
VST,2025-01-23
AAPL,2025-01-24
AMZN,2025-01-24
ARM,2025-01-24
COIN,2025-01-24
META,2025-01-24
MSFT,2025-01-24
MSTR,2025-01-24
NFLX,2025-01-24
NVDA,2025-01-24
PLTR,2025-01-24
QQQ,2025-01-24
SOXL,2025-01-24
SPY,2025-01-24
TQQQ,2025-01-24
TSLA,2025-01-24
VST,2025-01-24
AAPL,2025-01-27
ARM,2025-01-27
AVGO,2025-01-27
COIN,2025-01-27
META,2025-01-27
MSFT,2025-01-27
MSTR,2025-01-27
NVDA,2025-01-27
NVDL,2025-01-27
PLTR,2025-01-27
QQQ,2025-01-27
SOXL,2025-01-27
SPY,2025-01-27
TQQQ,2025-01-27
TSLA,2025-01-27
VRT,2025-01-27
AAPL,2025-01-28
AMZN,2025-01-28
AVGO,2025-01-28
GEV,2025-01-28
META,2025-01-28
MSFT,2025-01-28
MSTR,2025-01-28
NVDA,2025-01-28
NVDL,2025-01-28
PLTR,2025-01-28
QQQ,2025-01-28
SOXL,2025-01-28
SPY,2025-01-28
TQQQ,2025-01-28
TSLA,2025-01-28
TSM,2025-01-28
VRT,2025-01-28
VST,2025-01-28
AAPL,2025-01-29
AMZN,2025-01-29
AVGO,2025-01-29
META,2025-01-29
MSFT,2025-01-29
MSTR,2025-01-29
QQQ,2025-01-29
SOXL,2025-01-29
SPY,2025-01-29
TQQQ,2025-01-29
TSLA,2025-01-29
VRT,2025-01-29
AAPL,2025-01-30
AMZN,2025-01-30
AVGO,2025-01-30
BABA,2025-01-30
GEV,2025-01-30
META,2025-01-30
MSFT,2025-01-30
MSTR,2025-01-30
MU,2025-01-30
NVDA,2025-01-30
NVDL,2025-01-30
PLTR,2025-01-30
QQQ,2025-01-30
SOXL,2025-01-30
SPY,2025-01-30
TQQQ,2025-01-30
TSLA,2025-01-30
VST,2025-01-30
AAPL,2025-01-31
AMZN,2025-01-31
AVGO,2025-01-31
COIN,2025-01-31
META,2025-01-31
MSFT,2025-01-31
MSTR,2025-01-31
NOW,2025-01-31
NVDA,2025-01-31
NVDL,2025-01-31
PLTR,2025-01-31
QQQ,2025-01-31
SPY,2025-01-31
TQQQ,2025-01-31
TSLA,2025-01-31
AAPL,2025-02-03
AMZN,2025-02-03
AVGO,2025-02-03
COIN,2025-02-03
IWM,2025-02-03
META,2025-02-03
MSFT,2025-02-03
MSTR,2025-02-03
NVDA,2025-02-03
NVDL,2025-02-03
PLTR,2025-02-03
QQQ,2025-02-03
SOXL,2025-02-03
SPY,2025-02-03
SQQQ,2025-02-03
TQQQ,2025-02-03
TSLA,2025-02-03
VST,2025-02-03
AAPL,2025-02-04
AMZN,2025-02-04
COIN,2025-02-04
IWM,2025-02-04
META,2025-02-04
MSFT,2025-02-04
MSTR,2025-02-04
NVDA,2025-02-04
NVDL,2025-02-04
PLTR,2025-02-04
QQQ,2025-02-04
SOXL,2025-02-04
SPY,2025-02-04
SQQQ,2025-02-04
TQQQ,2025-02-04
TSLA,2025-02-04
TSLL,2025-02-04
AAPL,2025-02-05
AMD,2025-02-05
APP,2025-02-05
COIN,2025-02-05
GOOGL,2025-02-05
META,2025-02-05
MRVL,2025-02-05
MSFT,2025-02-05
MSTR,2025-02-05
NVDA,2025-02-05
QQQ,2025-02-05
SOXL,2025-02-05
SPY,2025-02-05
SQQQ,2025-02-05
TQQQ,2025-02-05
TSLA,2025-02-05
AAPL,2025-02-06
AMD,2025-02-06
AMZN,2025-02-06
GOOGL,2025-02-06
META,2025-02-06
MSTR,2025-02-06
PLTR,2025-02-06
QQQ,2025-02-06
SPY,2025-02-06
TQQQ,2025-02-06
TSLA,2025-02-06
AAPL,2025-02-07
AMZN,2025-02-07
ARM,2025-02-07
COIN,2025-02-07
LLY,2025-02-07
META,2025-02-07
MSFT,2025-02-07
MSTR,2025-02-07
NVDA,2025-02-07
QQQ,2025-02-07
SOXL,2025-02-07
SPY,2025-02-07
TQQQ,2025-02-07
TSLA,2025-02-07
TSLL,2025-02-07
AAPL,2025-02-10
AMZN,2025-02-10
COIN,2025-02-10
GOOGL,2025-02-10
META,2025-02-10
MRVL,2025-02-10
MSFT,2025-02-10
MSTR,2025-02-10
NVDA,2025-02-10
PLTR,2025-02-10
QQQ,2025-02-10
SOXL,2025-02-10
SPY,2025-02-10
TQQQ,2025-02-10
TSLA,2025-02-10
AAPL,2025-02-11
AMZN,2025-02-11
APP,2025-02-11
COIN,2025-02-11
META,2025-02-11
MSFT,2025-02-11
MSTR,2025-02-11
NVDA,2025-02-11
QQQ,2025-02-11
SOXL,2025-02-11
SPY,2025-02-11
TQQQ,2025-02-11
TSLA,2025-02-11
TSLL,2025-02-11
AAPL,2025-02-12
APP,2025-02-12
BABA,2025-02-12
COIN,2025-02-12
META,2025-02-12
MSFT,2025-02-12
MSTR,2025-02-12
NVDA,2025-02-12
PLTR,2025-02-12
QQQ,2025-02-12
RDDT,2025-02-12
SMCI,2025-02-12
SPY,2025-02-12
TEM,2025-02-12
TSLA,2025-02-12
TSLL,2025-02-12
AAPL,2025-02-13
AMZN,2025-02-13
APP,2025-02-13
HOOD,2025-02-13
META,2025-02-13
MSFT,2025-02-13
MSTR,2025-02-13
NVDA,2025-02-13
PLTR,2025-02-13
QQQ,2025-02-13
RDDT,2025-02-13
SMCI,2025-02-13
SPY,2025-02-13
TSLA,2025-02-13
TSLL,2025-02-13
VRT,2025-02-13
AAPL,2025-02-14
AMZN,2025-02-14
META,2025-02-14
MSFT,2025-02-14
MSTR,2025-02-14
NVDA,2025-02-14
PLTR,2025-02-14
QQQ,2025-02-14
RDDT,2025-02-14
SPY,2025-02-14
AAPL,2025-02-18
BABA,2025-02-18
COIN,2025-02-18
HIMS,2025-02-18
HOOD,2025-02-18
INTC,2025-02-18
META,2025-02-18
MSFT,2025-02-18
MSTR,2025-02-18
NVDA,2025-02-18
PLTR,2025-02-18
QQQ,2025-02-18
SPY,2025-02-18
TSLA,2025-02-18
AAPL,2025-02-19
AMZN,2025-02-19
APP,2025-02-19
COIN,2025-02-19
HOOD,2025-02-19
META,2025-02-19
MSFT,2025-02-19
MSTR,2025-02-19
NVDA,2025-02-19
PLTR,2025-02-19
QQQ,2025-02-19
SPY,2025-02-19
TSLA,2025-02-19
AAPL,2025-02-20
AMZN,2025-02-20
ANET,2025-02-20
APP,2025-02-20
INTC,2025-02-20
META,2025-02-20
MSFT,2025-02-20
MSTR,2025-02-20
NVDA,2025-02-20
PLTR,2025-02-20
QQQ,2025-02-20
SOXL,2025-02-20
SPY,2025-02-20
TSLA,2025-02-20
AAPL,2025-02-21
APP,2025-02-21
CVNA,2025-02-21
HIMS,2025-02-21
INTC,2025-02-21
META,2025-02-21
MSFT,2025-02-21
MSTR,2025-02-21
NVDA,2025-02-21
PLTR,2025-02-21
QQQ,2025-02-21
SMCI,2025-02-21
SPY,2025-02-21
TSLA,2025-02-21
AAPL,2025-02-24
AMZN,2025-02-24
AVGO,2025-02-24
COIN,2025-02-24
HIMS,2025-02-24
META,2025-02-24
MSFT,2025-02-24
MSTR,2025-02-24
NVDA,2025-02-24
PLTR,2025-02-24
QQQ,2025-02-24
SMCI,2025-02-24
SPY,2025-02-24
TQQQ,2025-02-24
TSLA,2025-02-24
AAPL,2025-02-25
AMZN,2025-02-25
APP,2025-02-25
AVGO,2025-02-25
BABA,2025-02-25
HIMS,2025-02-25
META,2025-02-25
MSFT,2025-02-25
MSTR,2025-02-25
NVDA,2025-02-25
PLTR,2025-02-25
QQQ,2025-02-25
SMCI,2025-02-25
SPY,2025-02-25
TQQQ,2025-02-25
TSLA,2025-02-25
AAPL,2025-02-26
AMZN,2025-02-26
APP,2025-02-26
BABA,2025-02-26
COIN,2025-02-26
HIMS,2025-02-26
META,2025-02-26
MSFT,2025-02-26
MSTR,2025-02-26
NVDA,2025-02-26
PLTR,2025-02-26
QQQ,2025-02-26
SMCI,2025-02-26
SPY,2025-02-26
TQQQ,2025-02-26
TSLA,2025-02-26
AAPL,2025-02-27
AMZN,2025-02-27
APP,2025-02-27
BABA,2025-02-27
META,2025-02-27
MSFT,2025-02-27
NVDA,2025-02-27
PLTR,2025-02-27
QQQ,2025-02-27
SPY,2025-02-27
SQQQ,2025-02-27
TQQQ,2025-02-27
TSLA,2025-02-27
AAPL,2025-02-28
AMZN,2025-02-28
APP,2025-02-28
AVGO,2025-02-28
META,2025-02-28
MSFT,2025-02-28
MSTR,2025-02-28
NVDA,2025-02-28
PLTR,2025-02-28
QQQ,2025-02-28
SMCI,2025-02-28
SNOW,2025-02-28
SPY,2025-02-28
TQQQ,2025-02-28
TSLA,2025-02-28
AAPL,2025-03-03
AMZN,2025-03-03
APP,2025-03-03
AVGO,2025-03-03
BABA,2025-03-03
GOOGL,2025-03-03
META,2025-03-03
MSFT,2025-03-03
NVDA,2025-03-03
PLTR,2025-03-03
QQQ,2025-03-03
SMCI,2025-03-03
SPY,2025-03-03
SQQQ,2025-03-03
TQQQ,2025-03-03
TSLA,2025-03-03
AAPL,2025-03-04
AMZN,2025-03-04
APP,2025-03-04
AVGO,2025-03-04
COIN,2025-03-04
IWM,2025-03-04
MSFT,2025-03-04
MSTR,2025-03-04
NVDA,2025-03-04
PLTR,2025-03-04
QQQ,2025-03-04
SMCI,2025-03-04
SPY,2025-03-04
TQQQ,2025-03-04
TSLA,2025-03-04
AAPL,2025-03-05
AMZN,2025-03-05
AVGO,2025-03-05
INTC,2025-03-05
IWM,2025-03-05
META,2025-03-05
MSFT,2025-03-05
NVDA,2025-03-05
PLTR,2025-03-05
QQQ,2025-03-05
SOXL,2025-03-05
SPY,2025-03-05
SQQQ,2025-03-05
TQQQ,2025-03-05
TSLA,2025-03-05
AAPL,2025-03-06
AMZN,2025-03-06
AVGO,2025-03-06
CRWD,2025-03-06
META,2025-03-06
MRVL,2025-03-06
MSFT,2025-03-06
NVDA,2025-03-06
QQQ,2025-03-06
SPY,2025-03-06
SQQQ,2025-03-06
TQQQ,2025-03-06
TSLA,2025-03-06
AAPL,2025-03-07
AMZN,2025-03-07
APP,2025-03-07
AVGO,2025-03-07
BABA,2025-03-07
META,2025-03-07
MRVL,2025-03-07
MSFT,2025-03-07
MSTR,2025-03-07
NVDA,2025-03-07
PLTR,2025-03-07
QQQ,2025-03-07
SPY,2025-03-07
TQQQ,2025-03-07
TSLA,2025-03-07
AAPL,2025-03-10
AMZN,2025-03-10
APP,2025-03-10
BABA,2025-03-10
IWM,2025-03-10
META,2025-03-10
MSTR,2025-03-10
NVDA,2025-03-10
QQQ,2025-03-10
SPY,2025-03-10
SQQQ,2025-03-10
TQQQ,2025-03-10
TSLA,2025-03-10
AAPL,2025-03-11
AMZN,2025-03-11
APP,2025-03-11
AVGO,2025-03-11
BABA,2025-03-11
COIN,2025-03-11
META,2025-03-11
MSFT,2025-03-11
MSTR,2025-03-11
NVDA,2025-03-11
PLTR,2025-03-11
QQQ,2025-03-11
SPY,2025-03-11
TQQQ,2025-03-11
TSLA,2025-03-11
AAPL,2025-03-12
AMZN,2025-03-12
AVGO,2025-03-12
BABA,2025-03-12
IWM,2025-03-12
META,2025-03-12
MSFT,2025-03-12
NVDA,2025-03-12
PLTR,2025-03-12
QQQ,2025-03-12
SPY,2025-03-12
SQQQ,2025-03-12
TQQQ,2025-03-12
TSLA,2025-03-12
AAPL,2025-03-13
AMZN,2025-03-13
AVGO,2025-03-13
BABA,2025-03-13
META,2025-03-13
MSFT,2025-03-13
MSTR,2025-03-13
QQQ,2025-03-13
SMCI,2025-03-13
SPY,2025-03-13
SQQQ,2025-03-13
TQQQ,2025-03-13
AAPL,2025-03-14
AMZN,2025-03-14
AVGO,2025-03-14
BABA,2025-03-14
META,2025-03-14
MSFT,2025-03-14
MSTR,2025-03-14
NVDA,2025-03-14
PLTR,2025-03-14
QQQ,2025-03-14
SMCI,2025-03-14
SPY,2025-03-14
TQQQ,2025-03-14
TSLA,2025-03-14
AAPL,2025-03-17
AMZN,2025-03-17
AVGO,2025-03-17
INTC,2025-03-17
META,2025-03-17
MSFT,2025-03-17
QQQ,2025-03-17
SPY,2025-03-17
SQQQ,2025-03-17
TSLA,2025-03-17
AAPL,2025-03-18
AMZN,2025-03-18
APP,2025-03-18
AVGO,2025-03-18
BABA,2025-03-18
META,2025-03-18
MSFT,2025-03-18
MSTR,2025-03-18
NFLX,2025-03-18
NVDA,2025-03-18
PLTR,2025-03-18
QQQ,2025-03-18
SPY,2025-03-18
SQQQ,2025-03-18
TQQQ,2025-03-18
TSLA,2025-03-18
AAPL,2025-03-19
AMZN,2025-03-19
APP,2025-03-19
AVGO,2025-03-19
BABA,2025-03-19
GOOGL,2025-03-19
INTC,2025-03-19
META,2025-03-19
MSFT,2025-03-19
MSTR,2025-03-19
NVDA,2025-03-19
PLTR,2025-03-19
QQQ,2025-03-19
SPY,2025-03-19
TQQQ,2025-03-19
TSLA,2025-03-19
AAPL,2025-03-20
AMZN,2025-03-20
AVGO,2025-03-20
INTC,2025-03-20
META,2025-03-20
MSFT,2025-03-20
NVDA,2025-03-20
PLTR,2025-03-20
QQQ,2025-03-20
SPY,2025-03-20
SQQQ,2025-03-20
TQQQ,2025-03-20
TSLA,2025-03-20
AAPL,2025-03-21
AMZN,2025-03-21
AVGO,2025-03-21
META,2025-03-21
MSFT,2025-03-21
MSTR,2025-03-21
MU,2025-03-21
NVDA,2025-03-21
PDD,2025-03-21
PLTR,2025-03-21
QQQ,2025-03-21
SPY,2025-03-21
SQQQ,2025-03-21
TQQQ,2025-03-21
TSLA,2025-03-21
AAPL,2025-03-24
AMZN,2025-03-24
APP,2025-03-24
AVGO,2025-03-24
CRWD,2025-03-24
META,2025-03-24
MSFT,2025-03-24
MSTR,2025-03-24
MU,2025-03-24
NVDA,2025-03-24
PLTR,2025-03-24
QQQ,2025-03-24
SPY,2025-03-24
TQQQ,2025-03-24
AAPL,2025-03-25
AMZN,2025-03-25
AVGO,2025-03-25
META,2025-03-25
MSFT,2025-03-25
MU,2025-03-25
NVDA,2025-03-25
QQQ,2025-03-25
SMCI,2025-03-25
SPY,2025-03-25
AAPL,2025-03-26
AMZN,2025-03-26
APP,2025-03-26
AVGO,2025-03-26
META,2025-03-26
MSFT,2025-03-26
MSTR,2025-03-26
MU,2025-03-26
NVDA,2025-03-26
PLTR,2025-03-26
QQQ,2025-03-26
SMCI,2025-03-26
SPY,2025-03-26
TQQQ,2025-03-26
TSLA,2025-03-26
AAPL,2025-03-27
AMD,2025-03-27
AMZN,2025-03-27
APP,2025-03-27
AVGO,2025-03-27
META,2025-03-27
MSFT,2025-03-27
MSTR,2025-03-27
NVDA,2025-03-27
PLTR,2025-03-27
QQQ,2025-03-27
SPY,2025-03-27
SQQQ,2025-03-27
TQQQ,2025-03-27
TSLA,2025-03-27
TSLL,2025-03-27
AAPL,2025-03-28
AMZN,2025-03-28
APP,2025-03-28
AVGO,2025-03-28
HOOD,2025-03-28
META,2025-03-28
MSFT,2025-03-28
MSTR,2025-03-28
NVDA,2025-03-28
PLTR,2025-03-28
QQQ,2025-03-28
SPY,2025-03-28
SQQQ,2025-03-28
TQQQ,2025-03-28
TSLA,2025-03-28
TSLL,2025-03-28
AAPL,2025-03-31
AMZN,2025-03-31
APP,2025-03-31
AVGO,2025-03-31
GOOGL,2025-03-31
META,2025-03-31
MSFT,2025-03-31
MSTR,2025-03-31
NVDA,2025-03-31
PLTR,2025-03-31
QQQ,2025-03-31
SOXL,2025-03-31
SPY,2025-03-31
TQQQ,2025-03-31
TSLA,2025-03-31
TSLL,2025-03-31
AAPL,2025-04-01
AMZN,2025-04-01
APP,2025-04-01
AVGO,2025-04-01
GOOGL,2025-04-01
META,2025-04-01
MSFT,2025-04-01
MSTR,2025-04-01
MU,2025-04-01
NVDA,2025-04-01
PLTR,2025-04-01
QQQ,2025-04-01
SPY,2025-04-01
SQQQ,2025-04-01
TQQQ,2025-04-01
TSLA,2025-04-01
TSLL,2025-04-01
AAPL,2025-04-02
AMZN,2025-04-02
AVGO,2025-04-02
HOOD,2025-04-02
META,2025-04-02
MSFT,2025-04-02
NVDA,2025-04-02
PLTR,2025-04-02
QQQ,2025-04-02
SPY,2025-04-02
SQQQ,2025-04-02
TQQQ,2025-04-02
TSLA,2025-04-02
AAPL,2025-04-03
AMZN,2025-04-03
APP,2025-04-03
AVGO,2025-04-03
IWM,2025-04-03
META,2025-04-03
MSTR,2025-04-03
NVDA,2025-04-03
PLTR,2025-04-03
QQQ,2025-04-03
SOXL,2025-04-03
SPY,2025-04-03
SQQQ,2025-04-03
TQQQ,2025-04-03
AAPL,2025-04-04
AMZN,2025-04-04
AVGO,2025-04-04
INTC,2025-04-04
IWM,2025-04-04
META,2025-04-04
MSFT,2025-04-04
MSTR,2025-04-04
MU,2025-04-04
NVDA,2025-04-04
PLTR,2025-04-04
QQQ,2025-04-04
SOXL,2025-04-04
SPY,2025-04-04
TQQQ,2025-04-04
TSLA,2025-04-04
AAPL,2025-04-07
AMZN,2025-04-07
APP,2025-04-07
AVGO,2025-04-07
IWM,2025-04-07
META,2025-04-07
MSFT,2025-04-07
MSTR,2025-04-07
NVDA,2025-04-07
PLTR,2025-04-07
QQQ,2025-04-07
SOXL,2025-04-07
SPY,2025-04-07
TQQQ,2025-04-07
TSLA,2025-04-07
AAPL,2025-04-08
AMD,2025-04-08
AMZN,2025-04-08
IWM,2025-04-08
META,2025-04-08
MSFT,2025-04-08
MSTR,2025-04-08
NVDA,2025-04-08
QQQ,2025-04-08
SOXL,2025-04-08
SPY,2025-04-08
SQQQ,2025-04-08
TQQQ,2025-04-08
TSLA,2025-04-08
AAPL,2025-04-09
AMD,2025-04-09
AMZN,2025-04-09
AVGO,2025-04-09
IWM,2025-04-09
META,2025-04-09
MSFT,2025-04-09
MSTR,2025-04-09
NVDA,2025-04-09
PLTR,2025-04-09
QQQ,2025-04-09
SPY,2025-04-09
TQQQ,2025-04-09
TSLA,2025-04-09
AAPL,2025-04-11
AMZN,2025-04-11
AVGO,2025-04-11
IWM,2025-04-11
META,2025-04-11
MSFT,2025-04-11
NVDA,2025-04-11
PLTR,2025-04-11
QQQ,2025-04-11
SOXL,2025-04-11
SPY,2025-04-11
TQQQ,2025-04-11
TSLA,2025-04-11
AAPL,2025-04-14
AMZN,2025-04-14
META,2025-04-14
MSFT,2025-04-14
NVDA,2025-04-14
PLTR,2025-04-14
QQQ,2025-04-14
SPY,2025-04-14
TSLA,2025-04-14
AAPL,2025-04-15
AMZN,2025-04-15
AVGO,2025-04-15
META,2025-04-15
MSFT,2025-04-15
MSTR,2025-04-15
NVDA,2025-04-15
PLTR,2025-04-15
QQQ,2025-04-15
SPY,2025-04-15
SQQQ,2025-04-15
TQQQ,2025-04-15
TSLA,2025-04-15
AAPL,2025-04-16
AMZN,2025-04-16
META,2025-04-16
MSFT,2025-04-16
MSTR,2025-04-16
NFLX,2025-04-16
NVDA,2025-04-16
QQQ,2025-04-16
SPY,2025-04-16
SQQQ,2025-04-16
TQQQ,2025-04-16
TSLA,2025-04-16
AAPL,2025-04-17
AMD,2025-04-17
AMZN,2025-04-17
AVGO,2025-04-17
IWM,2025-04-17
META,2025-04-17
MSFT,2025-04-17
NFLX,2025-04-17
NVDA,2025-04-17
PLTR,2025-04-17
QQQ,2025-04-17
SPY,2025-04-17
TQQQ,2025-04-17
TSLA,2025-04-17
AAPL,2025-04-21
AMZN,2025-04-21
IWM,2025-04-21
META,2025-04-21
MSTR,2025-04-21
NFLX,2025-04-21
NVDA,2025-04-21
PLTR,2025-04-21
QQQ,2025-04-21
SPY,2025-04-21
TQQQ,2025-04-21
TSLA,2025-04-21
UNH,2025-04-21
AAPL,2025-04-22
AMZN,2025-04-22
AVGO,2025-04-22
META,2025-04-22
MSFT,2025-04-22
MSTR,2025-04-22
NFLX,2025-04-22
NVDA,2025-04-22
PLTR,2025-04-22
QQQ,2025-04-22
SPY,2025-04-22
TQQQ,2025-04-22
TSLA,2025-04-22
AAPL,2025-04-23
AMZN,2025-04-23
META,2025-04-23
NVDA,2025-04-23
PLTR,2025-04-23
QQQ,2025-04-23
SPY,2025-04-23
SQQQ,2025-04-23
TSLA,2025-04-23
AAPL,2025-04-24
AMZN,2025-04-24
IWM,2025-04-24
META,2025-04-24
MSFT,2025-04-24
MSTR,2025-04-24
NFLX,2025-04-24
NVDA,2025-04-24
QQQ,2025-04-24
SPY,2025-04-24
SQQQ,2025-04-24
AAPL,2025-04-25
AMZN,2025-04-25
GOOGL,2025-04-25
META,2025-04-25
MSFT,2025-04-25
NFLX,2025-04-25
NVDA,2025-04-25
QQQ,2025-04-25
SPY,2025-04-25
TSLA,2025-04-25
AAPL,2025-04-28
AMZN,2025-04-28
AVGO,2025-04-28
GOOGL,2025-04-28
META,2025-04-28
MSFT,2025-04-28
NFLX,2025-04-28
NVDA,2025-04-28
PLTR,2025-04-28
QQQ,2025-04-28
SPY,2025-04-28
TQQQ,2025-04-28
AAPL,2025-04-29
AMZN,2025-04-29
META,2025-04-29
MSFT,2025-04-29
MSTR,2025-04-29
NFLX,2025-04-29
NVDA,2025-04-29
PLTR,2025-04-29
QQQ,2025-04-29
SPY,2025-04-29
SQQQ,2025-04-29
TQQQ,2025-04-29
TSLA,2025-04-29
AAPL,2025-04-30
AMZN,2025-04-30
META,2025-04-30
MSFT,2025-04-30
MSTR,2025-04-30
NFLX,2025-04-30
NVDA,2025-04-30
PLTR,2025-04-30
QQQ,2025-04-30
SPY,2025-04-30
TQQQ,2025-04-30
TSLA,2025-04-30
AAPL,2025-05-01
AMZN,2025-05-01
AVGO,2025-05-01
META,2025-05-01
MSFT,2025-05-01
MSTR,2025-05-01
NFLX,2025-05-01
NVDA,2025-05-01
PLTR,2025-05-01
QQQ,2025-05-01
SPY,2025-05-01
TQQQ,2025-05-01
TSLA,2025-05-01
AAPL,2025-05-02
AMZN,2025-05-02
AVGO,2025-05-02
LLY,2025-05-02
META,2025-05-02
MSTR,2025-05-02
NVDA,2025-05-02
PLTR,2025-05-02
QQQ,2025-05-02
SPY,2025-05-02
TQQQ,2025-05-02
TSLA,2025-05-02
AAPL,2025-05-05
AMZN,2025-05-05
LLY,2025-05-05
META,2025-05-05
MSFT,2025-05-05
MSTR,2025-05-05
NFLX,2025-05-05
NVDA,2025-05-05
QQQ,2025-05-05
SPY,2025-05-05
TQQQ,2025-05-05
TSLA,2025-05-05
AAPL,2025-05-06
AMD,2025-05-06
AMZN,2025-05-06
BRK.B,2025-05-06
META,2025-05-06
MSFT,2025-05-06
MSTR,2025-05-06
NFLX,2025-05-06
NVDA,2025-05-06
PLTR,2025-05-06
QQQ,2025-05-06
SPY,2025-05-06
TQQQ,2025-05-06
TSLA,2025-05-06
AAPL,2025-05-07
AMD,2025-05-07
AMZN,2025-05-07
LLY,2025-05-07
META,2025-05-07
MSFT,2025-05-07
NVDA,2025-05-07
PLTR,2025-05-07
QQQ,2025-05-07
SPY,2025-05-07
TQQQ,2025-05-07
TSLA,2025-05-07
AAPL,2025-05-08
AMD,2025-05-08
AMZN,2025-05-08
AVGO,2025-05-08
GOOGL,2025-05-08
META,2025-05-08
MSFT,2025-05-08
MSTR,2025-05-08
NVDA,2025-05-08
PLTR,2025-05-08
QQQ,2025-05-08
SPY,2025-05-08
TQQQ,2025-05-08
TSLA,2025-05-08
UBER,2025-05-08
AAPL,2025-05-09
AMD,2025-05-09
GOOGL,2025-05-09
HIMS,2025-05-09
META,2025-05-09
MSFT,2025-05-09
NVDA,2025-05-09
QQQ,2025-05-09
SHOP,2025-05-09
SPY,2025-05-09
SQQQ,2025-05-09
TQQQ,2025-05-09
TSLA,2025-05-09
AAPL,2025-05-12
AMZN,2025-05-12
APP,2025-05-12
COIN,2025-05-12
HIMS,2025-05-12
HOOD,2025-05-12
META,2025-05-12
MSFT,2025-05-12
MSTR,2025-05-12
NVDA,2025-05-12
PLTR,2025-05-12
QQQ,2025-05-12
SPY,2025-05-12
SQQQ,2025-05-12
TQQQ,2025-05-12
TSLA,2025-05-12
COIN,2025-05-13
IWM,2025-05-13
MSFT,2025-05-13
MSTR,2025-05-13
PLTR,2025-05-13
QQQ,2025-05-13
SPY,2025-05-13
SQQQ,2025-05-13
AAPL,2025-05-14
AMZN,2025-05-14
META,2025-05-14
MSFT,2025-05-14
MSTR,2025-05-14
QQQ,2025-05-14
SPY,2025-05-14
TQQQ,2025-05-14
TSLA,2025-05-14
UNH,2025-05-14
AAPL,2025-05-15
AMD,2025-05-15
COIN,2025-05-15
HIMS,2025-05-15
META,2025-05-15
MSFT,2025-05-15
MSTR,2025-05-15
NVDA,2025-05-15
PLTR,2025-05-15
QQQ,2025-05-15
SOXL,2025-05-15
SPY,2025-05-15
TQQQ,2025-05-15
TSLA,2025-05-15
UBER,2025-05-15
UNH,2025-05-15
AAPL,2025-05-16
AMZN,2025-05-16
COIN,2025-05-16
HIMS,2025-05-16
META,2025-05-16
MSFT,2025-05-16
MSTR,2025-05-16
NVDA,2025-05-16
PLTR,2025-05-16
QQQ,2025-05-16
SMCI,2025-05-16
SPY,2025-05-16
SQQQ,2025-05-16
TQQQ,2025-05-16
TSLA,2025-05-16
TSLL,2025-05-16
UNH,2025-05-16
AAPL,2025-05-19
META,2025-05-19
MSFT,2025-05-19
MSTR,2025-05-19
NVDA,2025-05-19
PLTR,2025-05-19
QQQ,2025-05-19
SHOP,2025-05-19
SMCI,2025-05-19
SPY,2025-05-19
TQQQ,2025-05-19
TSLA,2025-05-19
AAPL,2025-05-20
AMZN,2025-05-20
APP,2025-05-20
COIN,2025-05-20
META,2025-05-20
MSFT,2025-05-20
MSTR,2025-05-20
NVDA,2025-05-20
PLTR,2025-05-20
QQQ,2025-05-20
SPY,2025-05-20
SQQQ,2025-05-20
TQQQ,2025-05-20
TSLA,2025-05-20
TSLL,2025-05-20
AAPL,2025-05-21
AMZN,2025-05-21
COIN,2025-05-21
CRWV,2025-05-21
GOOGL,2025-05-21
HIMS,2025-05-21
HOOD,2025-05-21
MSFT,2025-05-21
MSTR,2025-05-21
NVDA,2025-05-21
PLTR,2025-05-21
QQQ,2025-05-21
SPY,2025-05-21
TQQQ,2025-05-21
TSLA,2025-05-21
TSLL,2025-05-21
UNH,2025-05-21
AAPL,2025-05-22
AMZN,2025-05-22
APP,2025-05-22
COIN,2025-05-22
GOOGL,2025-05-22
MSFT,2025-05-22
MSTR,2025-05-22
NVDA,2025-05-22
PLTR,2025-05-22
QQQ,2025-05-22
SPY,2025-05-22
SQQQ,2025-05-22
TQQQ,2025-05-22
TSLA,2025-05-22
TSLL,2025-05-22
UNH,2025-05-22
AAPL,2025-05-23
AMZN,2025-05-23
CRWV,2025-05-23
GOOGL,2025-05-23
MSFT,2025-05-23
MSTR,2025-05-23
NVDA,2025-05-23
PLTR,2025-05-23
QQQ,2025-05-23
SPY,2025-05-23
SQQQ,2025-05-23
TQQQ,2025-05-23
TSLA,2025-05-23
TSLL,2025-05-23
UNH,2025-05-23
AAPL,2025-05-27
AMZN,2025-05-27
CRWV,2025-05-27
IONQ,2025-05-27
MSFT,2025-05-27
MSTR,2025-05-27
NVDA,2025-05-27
PLTR,2025-05-27
QQQ,2025-05-27
SOXL,2025-05-27
SPY,2025-05-27
SQQQ,2025-05-27
TQQQ,2025-05-27
TSLA,2025-05-27
UNH,2025-05-27
AAPL,2025-05-28
AMZN,2025-05-28
GOOGL,2025-05-28
IWM,2025-05-28
MSFT,2025-05-28
MSTR,2025-05-28
NVDA,2025-05-28
PLTR,2025-05-28
QQQ,2025-05-28
SPY,2025-05-28
SQQQ,2025-05-28
UNH,2025-05-28
AAPL,2025-05-29
AMZN,2025-05-29
APP,2025-05-29
COIN,2025-05-29
CRWV,2025-05-29
GOOGL,2025-05-29
META,2025-05-29
MSFT,2025-05-29
MSTR,2025-05-29
NVDA,2025-05-29
PLTR,2025-05-29
QQQ,2025-05-29
SOXL,2025-05-29
SPY,2025-05-29
TEM,2025-05-29
TQQQ,2025-05-29
TSLA,2025-05-29
TSLL,2025-05-29
UNH,2025-05-29
AAPL,2025-05-30
AMZN,2025-05-30
APP,2025-05-30
COIN,2025-05-30
CRM,2025-05-30
CRWV,2025-05-30
IWM,2025-05-30
MSTR,2025-05-30
NVDA,2025-05-30
PLTR,2025-05-30
QQQ,2025-05-30
SOXL,2025-05-30
SPY,2025-05-30
SQQQ,2025-05-30
TQQQ,2025-05-30
TSLA,2025-05-30
TSLL,2025-05-30
UNH,2025-05-30
AAPL,2025-06-02
AMZN,2025-06-02
APP,2025-06-02
GOOGL,2025-06-02
HOOD,2025-06-02
META,2025-06-02
MSFT,2025-06-02
MSTR,2025-06-02
NVDA,2025-06-02
QQQ,2025-06-02
SOXL,2025-06-02
SPY,2025-06-02
SQQQ,2025-06-02
TQQQ,2025-06-02
TSLA,2025-06-02
TSLL,2025-06-02
UNH,2025-06-02
AAPL,2025-06-03
APP,2025-06-03
GOOGL,2025-06-03
HOOD,2025-06-03
IWM,2025-06-03
META,2025-06-03
MSFT,2025-06-03
MSTR,2025-06-03
NVDA,2025-06-03
PLTR,2025-06-03
QQQ,2025-06-03
SPY,2025-06-03
SQQQ,2025-06-03
TQQQ,2025-06-03
TSLA,2025-06-03
TSLL,2025-06-03
UNH,2025-06-03
AAPL,2025-06-04
AVGO,2025-06-04
COIN,2025-06-04
HIMS,2025-06-04
IWM,2025-06-04
META,2025-06-04
MSTR,2025-06-04
NVDA,2025-06-04
PLTR,2025-06-04
QQQ,2025-06-04
SPY,2025-06-04
TQQQ,2025-06-04
TSLA,2025-06-04
TSLL,2025-06-04
UNH,2025-06-04
AAPL,2025-06-05
AVGO,2025-06-05
CRWD,2025-06-05
HIMS,2025-06-05
META,2025-06-05
MSTR,2025-06-05
NVDA,2025-06-05
PLTR,2025-06-05
QQQ,2025-06-05
SOXL,2025-06-05
SPY,2025-06-05
TQQQ,2025-06-05
TSLA,2025-06-05
TSLL,2025-06-05
UNH,2025-06-05
AAPL,2025-06-06
AMZN,2025-06-06
AVGO,2025-06-06
CRWV,2025-06-06
HOOD,2025-06-06
META,2025-06-06
MSFT,2025-06-06
MSTR,2025-06-06
NVDA,2025-06-06
PLTR,2025-06-06
QQQ,2025-06-06
SOXL,2025-06-06
SPY,2025-06-06
SQQQ,2025-06-06
TQQQ,2025-06-06
TSLA,2025-06-06
TSLL,2025-06-06
UNH,2025-06-06
AAPL,2025-06-09
AMZN,2025-06-09
APP,2025-06-09
AVGO,2025-06-09
CRWV,2025-06-09
HOOD,2025-06-09
META,2025-06-09
MSFT,2025-06-09
MSTR,2025-06-09
NVDA,2025-06-09
QQQ,2025-06-09
SPY,2025-06-09
TSLA,2025-06-09
UNH,2025-06-09
AAPL,2025-06-10
AMZN,2025-06-10
APP,2025-06-10
HOOD,2025-06-10
IWM,2025-06-10
META,2025-06-10
MSFT,2025-06-10
MSTR,2025-06-10
NVDA,2025-06-10
PLTR,2025-06-10
QQQ,2025-06-10
RKLB,2025-06-10
SPY,2025-06-10
TSLA,2025-06-10
UNH,2025-06-10
AAPL,2025-06-11
AMZN,2025-06-11
APP,2025-06-11
CRWV,2025-06-11
GOOGL,2025-06-11
HIMS,2025-06-11
HOOD,2025-06-11
META,2025-06-11
MSFT,2025-06-11
MSTR,2025-06-11
NVDA,2025-06-11
PLTR,2025-06-11
QQQ,2025-06-11
SPY,2025-06-11
UNH,2025-06-11
AAPL,2025-06-12
AMZN,2025-06-12
CRWV,2025-06-12
HOOD,2025-06-12
META,2025-06-12
MSFT,2025-06-12
MSTR,2025-06-12
NVDA,2025-06-12
PLTR,2025-06-12
QQQ,2025-06-12
SOXL,2025-06-12
SPY,2025-06-12
TQQQ,2025-06-12
TSLA,2025-06-12
TSLL,2025-06-12
UNH,2025-06-12
AAPL,2025-06-13
AMZN,2025-06-13
APP,2025-06-13
CRWV,2025-06-13
GME,2025-06-13
HIMS,2025-06-13
IWM,2025-06-13
MSFT,2025-06-13
MSTR,2025-06-13
NVDA,2025-06-13
OKLO,2025-06-13
PLTR,2025-06-13
QQQ,2025-06-13
SOXL,2025-06-13
SPY,2025-06-13
TSLA,2025-06-13
TSLL,2025-06-13
AAPL,2025-06-16
COIN,2025-06-16
CRWV,2025-06-16
HOOD,2025-06-16
IWM,2025-06-16
MSFT,2025-06-16
MSTR,2025-06-16
NVDA,2025-06-16
OKLO,2025-06-16
PLTR,2025-06-16
QQQ,2025-06-16
SOXL,2025-06-16
SPY,2025-06-16
TQQQ,2025-06-16
TSLA,2025-06-16
TSLL,2025-06-16
AAPL,2025-06-17
AMZN,2025-06-17
META,2025-06-17
MSFT,2025-06-17
MSTR,2025-06-17
NVDA,2025-06-17
PLTR,2025-06-17
QQQ,2025-06-17
SPY,2025-06-17
TSLA,2025-06-17
TSLL,2025-06-17
AAPL,2025-06-18
AMD,2025-06-18
AMZN,2025-06-18
COIN,2025-06-18
CRCL,2025-06-18
HIMS,2025-06-18
HOOD,2025-06-18
META,2025-06-18
MSFT,2025-06-18
MSTR,2025-06-18
NVDA,2025-06-18
PLTR,2025-06-18
QQQ,2025-06-18
SOXL,2025-06-18
SPY,2025-06-18
TSLA,2025-06-18
AAPL,2025-06-20
AMZN,2025-06-20
CRWV,2025-06-20
HIMS,2025-06-20
HOOD,2025-06-20
IWM,2025-06-20
MSFT,2025-06-20
MSTR,2025-06-20
NVDA,2025-06-20
PLTR,2025-06-20
QQQ,2025-06-20
SOXL,2025-06-20
SPY,2025-06-20
TSLA,2025-06-20
AAPL,2025-06-23
AMZN,2025-06-23
APP,2025-06-23
COIN,2025-06-23
GOOGL,2025-06-23
HOOD,2025-06-23
META,2025-06-23
MRVL,2025-06-23
MSFT,2025-06-23
NVDA,2025-06-23
PLTR,2025-06-23
QQQ,2025-06-23
SOXL,2025-06-23
SPY,2025-06-23
TSLA,2025-06-23
AAPL,2025-06-24
AMD,2025-06-24
COIN,2025-06-24
CRWV,2025-06-24
GOOGL,2025-06-24
HIMS,2025-06-24
HOOD,2025-06-24
MSFT,2025-06-24
NVDA,2025-06-24
PLTR,2025-06-24
QQQ,2025-06-24
SMCI,2025-06-24
SOXL,2025-06-24
SPY,2025-06-24
AAPL,2025-06-25
CRCL,2025-06-25
CRWV,2025-06-25
HIMS,2025-06-25
META,2025-06-25
MSFT,2025-06-25
NVDA,2025-06-25
PLTR,2025-06-25
QQQ,2025-06-25
SPY,2025-06-25
TSLA,2025-06-25
TSLL,2025-06-25
AAPL,2025-06-26
AMD,2025-06-26
COIN,2025-06-26
CRCL,2025-06-26
CRWV,2025-06-26
HIMS,2025-06-26
HOOD,2025-06-26
MSFT,2025-06-26
NVDA,2025-06-26
PLTR,2025-06-26
QQQ,2025-06-26
SOXL,2025-06-26
SPY,2025-06-26
TSLA,2025-06-26
TSLL,2025-06-26
AAPL,2025-06-27
AMZN,2025-06-27
CRWV,2025-06-27
HOOD,2025-06-27
META,2025-06-27
MSFT,2025-06-27
NVDA,2025-06-27
PLTR,2025-06-27
QQQ,2025-06-27
SOXL,2025-06-27
SPY,2025-06-27
TSLA,2025-06-27
AAPL,2025-06-30
AMZN,2025-06-30
APP,2025-06-30
COIN,2025-06-30
CRCL,2025-06-30
CRWV,2025-06-30
GOOGL,2025-06-30
HOOD,2025-06-30
META,2025-06-30
MSFT,2025-06-30
NVDA,2025-06-30
PLTR,2025-06-30
QQQ,2025-06-30
RKLB,2025-06-30
SOXL,2025-06-30
SPY,2025-06-30
TSLA,2025-06-30
AAPL,2025-07-01
AMZN,2025-07-01
APP,2025-07-01
COIN,2025-07-01
CRCL,2025-07-01
CRWV,2025-07-01
GOOGL,2025-07-01
META,2025-07-01
MSFT,2025-07-01
NVDA,2025-07-01
PLTR,2025-07-01
QQQ,2025-07-01
SMCI,2025-07-01
SPY,2025-07-01
TSLA,2025-07-01
AAPL,2025-07-02
APP,2025-07-02
COIN,2025-07-02
HOOD,2025-07-02
IWM,2025-07-02
META,2025-07-02
MSFT,2025-07-02
NVDA,2025-07-02
PLTR,2025-07-02
QQQ,2025-07-02
SMCI,2025-07-02
SOXL,2025-07-02
SPY,2025-07-02
TSLA,2025-07-02
TSLL,2025-07-02
AAPL,2025-07-03
CRCL,2025-07-03
INTC,2025-07-03
IWM,2025-07-03
MRVL,2025-07-03
MSFT,2025-07-03
NVDA,2025-07-03
PLTR,2025-07-03
QQQ,2025-07-03
SOXS,2025-07-03
SPY,2025-07-03
TSLA,2025-07-03
AAPL,2025-07-07
AMZN,2025-07-07
APP,2025-07-07
COIN,2025-07-07
HOOD,2025-07-07
INTC,2025-07-07
META,2025-07-07
MSFT,2025-07-07
NVDA,2025-07-07
PLTR,2025-07-07
QQQ,2025-07-07
SOXL,2025-07-07
SPY,2025-07-07
TSLA,2025-07-07
AAPL,2025-07-08
AMZN,2025-07-08
BMNR,2025-07-08
COIN,2025-07-08
CRWV,2025-07-08
HOOD,2025-07-08
IWM,2025-07-08
META,2025-07-08
MSFT,2025-07-08
NVDA,2025-07-08
PLTR,2025-07-08
QQQ,2025-07-08
SOXL,2025-07-08
SPY,2025-07-08
TSLA,2025-07-08
TSLL,2025-07-08
AAPL,2025-07-09
AMZN,2025-07-09
BMNR,2025-07-09
COIN,2025-07-09
CRCL,2025-07-09
CRWV,2025-07-09
DDOG,2025-07-09
GOOGL,2025-07-09
HOOD,2025-07-09
IWM,2025-07-09
NVDA,2025-07-09
PLTR,2025-07-09
QQQ,2025-07-09
SOFI,2025-07-09
SPY,2025-07-09
TSLA,2025-07-09
AAPL,2025-07-10
AMZN,2025-07-10
CRCL,2025-07-10
GOOGL,2025-07-10
HIMS,2025-07-10
HOOD,2025-07-10
INTC,2025-07-10
META,2025-07-10
MSFT,2025-07-10
NVDA,2025-07-10
PLTR,2025-07-10
QQQ,2025-07-10
SMCI,2025-07-10
SOXL,2025-07-10
SOXS,2025-07-10
SPY,2025-07-10
TSLA,2025-07-10
AAPL,2025-07-11
AMD,2025-07-11
APP,2025-07-11
COIN,2025-07-11
CRCL,2025-07-11
CRWV,2025-07-11
HOOD,2025-07-11
IWM,2025-07-11
META,2025-07-11
MSFT,2025-07-11
NVDA,2025-07-11
PLTR,2025-07-11
QQQ,2025-07-11
SOXL,2025-07-11
SPY,2025-07-11
TSLA,2025-07-11
VRT,2025-07-11
AAPL,2025-07-14
AMZN,2025-07-14
COIN,2025-07-14
CRCL,2025-07-14
CRWV,2025-07-14
HOOD,2025-07-14
META,2025-07-14
MP,2025-07-14
MSFT,2025-07-14
MSTR,2025-07-14
NVDA,2025-07-14
PLTR,2025-07-14
QQQ,2025-07-14
SOFI,2025-07-14
SOXL,2025-07-14
SOXS,2025-07-14
SPY,2025-07-14
TSLA,2025-07-14
AAPL,2025-07-15
AMD,2025-07-15
AMZN,2025-07-15
COIN,2025-07-15
HOOD,2025-07-15
MARA,2025-07-15
META,2025-07-15
MSTR,2025-07-15
NVDA,2025-07-15
PLTR,2025-07-15
QQQ,2025-07-15
SOXL,2025-07-15
SOXS,2025-07-15
SPY,2025-07-15
TSLA,2025-07-15
AAPL,2025-07-16
AMZN,2025-07-16
COIN,2025-07-16
CRCL,2025-07-16
HOOD,2025-07-16
IWM,2025-07-16
META,2025-07-16
NVDA,2025-07-16
PLTR,2025-07-16
QQQ,2025-07-16
SOXL,2025-07-16
SOXS,2025-07-16
SPY,2025-07-16
TSLA,2025-07-16
AAPL,2025-07-17
AMD,2025-07-17
AMZN,2025-07-17
COIN,2025-07-17
HOOD,2025-07-17
IWM,2025-07-17
META,2025-07-17
MP,2025-07-17
NVDA,2025-07-17
PLTR,2025-07-17
QQQ,2025-07-17
SMCI,2025-07-17
SOXL,2025-07-17
SOXS,2025-07-17
SPY,2025-07-17
TSLA,2025-07-17
AAPL,2025-07-18
APP,2025-07-18
COIN,2025-07-18
CRCL,2025-07-18
CRWV,2025-07-18
HOOD,2025-07-18
IWM,2025-07-18
META,2025-07-18
MP,2025-07-18
MSFT,2025-07-18
NFLX,2025-07-18
NVDA,2025-07-18
OKLO,2025-07-18
PLTR,2025-07-18
QQQ,2025-07-18
SMCI,2025-07-18
SOXL,2025-07-18
SPY,2025-07-18
TSLA,2025-07-18
AAPL,2025-07-21
APP,2025-07-21
COIN,2025-07-21
CRCL,2025-07-21
CRWV,2025-07-21
HOOD,2025-07-21
IWM,2025-07-21
MP,2025-07-21
MSFT,2025-07-21
NFLX,2025-07-21
NVDA,2025-07-21
QQQ,2025-07-21
RKLB,2025-07-21
SMCI,2025-07-21
SOXL,2025-07-21
SPY,2025-07-21
TSLA,2025-07-21
AAPL,2025-07-22
AMZN,2025-07-22
APP,2025-07-22
COIN,2025-07-22
CRCL,2025-07-22
GOOGL,2025-07-22
HOOD,2025-07-22
MP,2025-07-22
MSFT,2025-07-22
NFLX,2025-07-22
NVDA,2025-07-22
QQQ,2025-07-22
SMCI,2025-07-22
SOXL,2025-07-22
SOXS,2025-07-22
SPY,2025-07-22
TSLA,2025-07-22
TSLL,2025-07-22
AAPL,2025-07-23
AMD,2025-07-23
AMZN,2025-07-23
APP,2025-07-23
COIN,2025-07-23
CRCL,2025-07-23
CRWV,2025-07-23
GOOGL,2025-07-23
HOOD,2025-07-23
MSFT,2025-07-23
NVDA,2025-07-23
PLTR,2025-07-23
QQQ,2025-07-23
SMCI,2025-07-23
SOFI,2025-07-23
SOXL,2025-07-23
SOXS,2025-07-23
SPY,2025-07-23
TSLA,2025-07-23
TSLL,2025-07-23
AAPL,2025-07-24
AMD,2025-07-24
COIN,2025-07-24
CRCL,2025-07-24
GOOGL,2025-07-24
HOOD,2025-07-24
IWM,2025-07-24
MARA,2025-07-24
MSFT,2025-07-24
NVDA,2025-07-24
PLTR,2025-07-24
QQQ,2025-07-24
SOXL,2025-07-24
SOXS,2025-07-24
SPY,2025-07-24
TSLA,2025-07-24
TSLL,2025-07-24
AAPL,2025-07-25
AMD,2025-07-25
AMZN,2025-07-25
COIN,2025-07-25
CRCL,2025-07-25
GOOGL,2025-07-25
HIMS,2025-07-25
HOOD,2025-07-25
META,2025-07-25
MSFT,2025-07-25
MSTR,2025-07-25
NVDA,2025-07-25
QQQ,2025-07-25
SMCI,2025-07-25
SOXL,2025-07-25
SPY,2025-07-25
TSLA,2025-07-25
TSLL,2025-07-25
AAPL,2025-07-28
AMD,2025-07-28
AMZN,2025-07-28
ASTS,2025-07-28
COIN,2025-07-28
CRCL,2025-07-28
GOOGL,2025-07-28
HIMS,2025-07-28
HOOD,2025-07-28
MSFT,2025-07-28
MSTR,2025-07-28
NVDA,2025-07-28
OKLO,2025-07-28
PLTR,2025-07-28
QQQ,2025-07-28
SMCI,2025-07-28
SOXL,2025-07-28
SPY,2025-07-28
TSLA,2025-07-28
AAPL,2025-07-29
AMD,2025-07-29
BMNR,2025-07-29
COIN,2025-07-29
CRCL,2025-07-29
GOOGL,2025-07-29
HIMS,2025-07-29
HOOD,2025-07-29
META,2025-07-29
MSFT,2025-07-29
NVDA,2025-07-29
OKLO,2025-07-29
PLTR,2025-07-29
QQQ,2025-07-29
SOXL,2025-07-29
SPY,2025-07-29
TSLA,2025-07-29
VRT,2025-07-29
AAPL,2025-07-30
AMD,2025-07-30
BMNR,2025-07-30
COIN,2025-07-30
CRCL,2025-07-30
GOOGL,2025-07-30
HIMS,2025-07-30
HOOD,2025-07-30
META,2025-07-30
MSFT,2025-07-30
NVDA,2025-07-30
QQQ,2025-07-30
SMCI,2025-07-30
SOXL,2025-07-30
SOXS,2025-07-30
SPY,2025-07-30
TSLA,2025-07-30
UNH,2025-07-30
VRT,2025-07-30
AAPL,2025-07-31
AMD,2025-07-31
COIN,2025-07-31
CRCL,2025-07-31
HOOD,2025-07-31
IWM,2025-07-31
META,2025-07-31
MSFT,2025-07-31
NVDA,2025-07-31
PANW,2025-07-31
QQQ,2025-07-31
SMCI,2025-07-31
SOFI,2025-07-31
SOXL,2025-07-31
SPY,2025-07-31
TSLA,2025-07-31
TSLL,2025-07-31
VRT,2025-07-31
AAPL,2025-08-01
AMD,2025-08-01
AMZN,2025-08-01
COIN,2025-08-01
GOOGL,2025-08-01
HIMS,2025-08-01
HOOD,2025-08-01
MSFT,2025-08-01
NVDA,2025-08-01
OKLO,2025-08-01
QQQ,2025-08-01
SMCI,2025-08-01
SOFI,2025-08-01
SOXL,2025-08-01
SPY,2025-08-01
TSLA,2025-08-01
AAPL,2025-08-04
AMD,2025-08-04
AMZN,2025-08-04
APP,2025-08-04
COIN,2025-08-04
CRCL,2025-08-04
CVNA,2025-08-04
HOOD,2025-08-04
IWM,2025-08-04
META,2025-08-04
MSFT,2025-08-04
NVDA,2025-08-04
QQQ,2025-08-04
SMCI,2025-08-04
SOFI,2025-08-04
SOXL,2025-08-04
SOXS,2025-08-04
SPY,2025-08-04
TSLA,2025-08-04
AAPL,2025-08-05
AMD,2025-08-05
AMZN,2025-08-05
APP,2025-08-05
COIN,2025-08-05
CRCL,2025-08-05
CVNA,2025-08-05
HIMS,2025-08-05
META,2025-08-05
MSFT,2025-08-05
NVDA,2025-08-05
PLTR,2025-08-05
QQQ,2025-08-05
SMCI,2025-08-05
SOXL,2025-08-05
SPY,2025-08-05
TSLA,2025-08-05
TSLL,2025-08-05
AAPL,2025-08-06
AMD,2025-08-06
AMZN,2025-08-06
APP,2025-08-06
COIN,2025-08-06
HIMS,2025-08-06
HOOD,2025-08-06
META,2025-08-06
MSFT,2025-08-06
MSTR,2025-08-06
NVDA,2025-08-06
QQQ,2025-08-06
RDDT,2025-08-06
SMCI,2025-08-06
SOXL,2025-08-06
SOXS,2025-08-06
SPY,2025-08-06
TSLA,2025-08-06
AMD,2025-08-07
AMZN,2025-08-07
APP,2025-08-07
COIN,2025-08-07
HIMS,2025-08-07
HOOD,2025-08-07
META,2025-08-07
MSFT,2025-08-07
NVDA,2025-08-07
PLTR,2025-08-07
QQQ,2025-08-07
SMCI,2025-08-07
SOXL,2025-08-07
SPY,2025-08-07
TSLA,2025-08-07
VST,2025-08-07
AAPL,2025-08-08
AMZN,2025-08-08
COIN,2025-08-08
LLY,2025-08-08
MSTR,2025-08-08
NVDA,2025-08-08
PLTR,2025-08-08
QQQ,2025-08-08
SHOP,2025-08-08
SMCI,2025-08-08
SOXL,2025-08-08
SPY,2025-08-08
TSLA,2025-08-08
AAPL,2025-08-11
AMD,2025-08-11
APP,2025-08-11
COIN,2025-08-11
GOOGL,2025-08-11
HOOD,2025-08-11
LLY,2025-08-11
MP,2025-08-11
MSFT,2025-08-11
MSTR,2025-08-11
NVDA,2025-08-11
PLTR,2025-08-11
QQQ,2025-08-11
SMCI,2025-08-11
SOXL,2025-08-11
SPY,2025-08-11
TSLA,2025-08-11
TSLL,2025-08-11
AAPL,2025-08-12
AMD,2025-08-12
APP,2025-08-12
COIN,2025-08-12
CRCL,2025-08-12
HOOD,2025-08-12
LLY,2025-08-12
MP,2025-08-12
MSFT,2025-08-12
MSTR,2025-08-12
NVDA,2025-08-12
PLTR,2025-08-12
QQQ,2025-08-12
SOXL,2025-08-12
SPY,2025-08-12
TSLA,2025-08-12
AAPL,2025-08-13
AMD,2025-08-13
APP,2025-08-13
COIN,2025-08-13
CRCL,2025-08-13
HOOD,2025-08-13
IWM,2025-08-13
META,2025-08-13
MSFT,2025-08-13
MSTR,2025-08-13
NVDA,2025-08-13
PLTR,2025-08-13
QQQ,2025-08-13
SPY,2025-08-13
TSLA,2025-08-13
TSLL,2025-08-13
AAPL,2025-08-14
AMZN,2025-08-14
APP,2025-08-14
BMNR,2025-08-14
COIN,2025-08-14
CRCL,2025-08-14
CRWV,2025-08-14
HOOD,2025-08-14
IWM,2025-08-14
MSFT,2025-08-14
MSTR,2025-08-14
NVDA,2025-08-14
PLTR,2025-08-14
QQQ,2025-08-14
RDDT,2025-08-14
SOXL,2025-08-14
SPY,2025-08-14
TSLA,2025-08-14
TSLL,2025-08-14
AAPL,2025-08-15
AMD,2025-08-15
AMZN,2025-08-15
APP,2025-08-15
BMNR,2025-08-15
COHR,2025-08-15
COIN,2025-08-15
CRCL,2025-08-15
CRWV,2025-08-15
HOOD,2025-08-15
IWM,2025-08-15
MSFT,2025-08-15
MSTR,2025-08-15
NVDA,2025-08-15
PLTR,2025-08-15
QQQ,2025-08-15
RDDT,2025-08-15
SOXL,2025-08-15
SPY,2025-08-15
TSLA,2025-08-15
AAPL,2025-08-18
AMZN,2025-08-18
APP,2025-08-18
BMNR,2025-08-18
COIN,2025-08-18
CRWV,2025-08-18
HOOD,2025-08-18
META,2025-08-18
MSFT,2025-08-18
MSTR,2025-08-18
NVDA,2025-08-18
PLTR,2025-08-18
QQQ,2025-08-18
RDDT,2025-08-18
SOXL,2025-08-18
SPY,2025-08-18
TSLA,2025-08-18
TSLL,2025-08-18
AAPL,2025-08-19
AMD,2025-08-19
APP,2025-08-19
BMNR,2025-08-19
COIN,2025-08-19
CRCL,2025-08-19
CRWV,2025-08-19
HOOD,2025-08-19
INTC,2025-08-19
META,2025-08-19
MSFT,2025-08-19
MSTR,2025-08-19
NVDA,2025-08-19
PLTR,2025-08-19
QQQ,2025-08-19
RDDT,2025-08-19
SOXL,2025-08-19
SPY,2025-08-19
TSLA,2025-08-19
UNH,2025-08-19
AAPL,2025-08-20
AMD,2025-08-20
APP,2025-08-20
BMNR,2025-08-20
COIN,2025-08-20
CRWV,2025-08-20
HOOD,2025-08-20
META,2025-08-20
MSFT,2025-08-20
MSTR,2025-08-20
NVDA,2025-08-20
PLTR,2025-08-20
QQQ,2025-08-20
RDDT,2025-08-20
SOFI,2025-08-20
SOXL,2025-08-20
SPY,2025-08-20
TSLA,2025-08-20
AAPL,2025-08-21
AMD,2025-08-21
AMZN,2025-08-21
APP,2025-08-21
BMNR,2025-08-21
COIN,2025-08-21
CRWV,2025-08-21
HOOD,2025-08-21
INTC,2025-08-21
META,2025-08-21
MSFT,2025-08-21
MSTR,2025-08-21
NVDA,2025-08-21
PLTR,2025-08-21
QQQ,2025-08-21
RDDT,2025-08-21
SOXL,2025-08-21
SPY,2025-08-21
TSLA,2025-08-21
AAPL,2025-08-22
AMD,2025-08-22
AMZN,2025-08-22
APP,2025-08-22
BMNR,2025-08-22
COIN,2025-08-22
CRWV,2025-08-22
HOOD,2025-08-22
INTC,2025-08-22
META,2025-08-22
MSFT,2025-08-22
MSTR,2025-08-22
NVDA,2025-08-22
PLTR,2025-08-22
QQQ,2025-08-22
SOFI,2025-08-22
SOXL,2025-08-22
SPY,2025-08-22
TSLA,2025-08-22
AAPL,2025-08-25
AMZN,2025-08-25
CRWV,2025-08-25
GOOGL,2025-08-25
HOOD,2025-08-25
IWM,2025-08-25
MSFT,2025-08-25
NVDA,2025-08-25
PLTR,2025-08-25
QQQ,2025-08-25
SPY,2025-08-25
AAPL,2025-08-26
AMD,2025-08-26
APP,2025-08-26
BMNR,2025-08-26
COIN,2025-08-26
GOOGL,2025-08-26
HOOD,2025-08-26
INTC,2025-08-26
IWM,2025-08-26
MSFT,2025-08-26
MSTR,2025-08-26
NVDA,2025-08-26
PLTR,2025-08-26
QQQ,2025-08-26
SOFI,2025-08-26
SOXL,2025-08-26
SPY,2025-08-26
TSLA,2025-08-26
TSLL,2025-08-26
AAPL,2025-08-27
AMD,2025-08-27
AMZN,2025-08-27
APP,2025-08-27
AVGO,2025-08-27
BMNR,2025-08-27
COIN,2025-08-27
HOOD,2025-08-27
INTC,2025-08-27
MSFT,2025-08-27
MSTR,2025-08-27
NVDA,2025-08-27
OKLO,2025-08-27
PLTR,2025-08-27
QQQ,2025-08-27
RKLB,2025-08-27
SOFI,2025-08-27
SPY,2025-08-27
TSLA,2025-08-27
AAPL,2025-08-28
AMD,2025-08-28
BMNR,2025-08-28
COIN,2025-08-28
HOOD,2025-08-28
INTC,2025-08-28
META,2025-08-28
MSFT,2025-08-28
MSTR,2025-08-28
NVDA,2025-08-28
NVDL,2025-08-28
PLTR,2025-08-28
QQQ,2025-08-28
SOXL,2025-08-28
SPY,2025-08-28
TSLA,2025-08-28
AAPL,2025-08-29
AMZN,2025-08-29
APP,2025-08-29
COIN,2025-08-29
GOOGL,2025-08-29
HOOD,2025-08-29
MSFT,2025-08-29
MSTR,2025-08-29
NVDA,2025-08-29
NVDL,2025-08-29
PLTR,2025-08-29
QQQ,2025-08-29
SOXL,2025-08-29
SPY,2025-08-29
TSLA,2025-08-29
AAPL,2025-09-02
APP,2025-09-02
COIN,2025-09-02
CRWV,2025-09-02
GOOGL,2025-09-02
HOOD,2025-09-02
IWM,2025-09-02
MDB,2025-09-02
MSFT,2025-09-02
MSTR,2025-09-02
NVDA,2025-09-02
NVDL,2025-09-02
PLTR,2025-09-02
QQQ,2025-09-02
SOXL,2025-09-02
SPY,2025-09-02
TSLA,2025-09-02
AAPL,2025-09-03
AMZN,2025-09-03
APP,2025-09-03
BMNR,2025-09-03
COIN,2025-09-03
CRWV,2025-09-03
GOOGL,2025-09-03
HOOD,2025-09-03
IWM,2025-09-03
MSFT,2025-09-03
MSTR,2025-09-03
NVDA,2025-09-03
NVDL,2025-09-03
PLTR,2025-09-03
QQQ,2025-09-03
SOFI,2025-09-03
SOXL,2025-09-03
SPY,2025-09-03
TSLA,2025-09-03
AAPL,2025-09-04
AMZN,2025-09-04
APP,2025-09-04
COIN,2025-09-04
CRWV,2025-09-04
HOOD,2025-09-04
IWM,2025-09-04
MSFT,2025-09-04
MSTR,2025-09-04
NVDA,2025-09-04
PLTR,2025-09-04
QQQ,2025-09-04
RDDT,2025-09-04
SOXL,2025-09-04
SPY,2025-09-04
TSLA,2025-09-04
TSLL,2025-09-04
AAPL,2025-09-05
AMZN,2025-09-05
APP,2025-09-05
AVGO,2025-09-05
BMNR,2025-09-05
COIN,2025-09-05
GOOGL,2025-09-05
HOOD,2025-09-05
META,2025-09-05
MSTR,2025-09-05
NVDA,2025-09-05
PLTR,2025-09-05
QQQ,2025-09-05
SNOW,2025-09-05
SOXL,2025-09-05
SPY,2025-09-05
TSLA,2025-09-05
AAPL,2025-09-08
AMD,2025-09-08
APP,2025-09-08
BMNR,2025-09-08
COIN,2025-09-08
CRWV,2025-09-08
HOOD,2025-09-08
IWM,2025-09-08
MSFT,2025-09-08
MSTR,2025-09-08
NVDA,2025-09-08
PLTR,2025-09-08
QQQ,2025-09-08
SOFI,2025-09-08
SOXL,2025-09-08
SPY,2025-09-08
TSLA,2025-09-08
AAPL,2025-09-09
AVGO,2025-09-09
BMNR,2025-09-09
COIN,2025-09-09
HIMS,2025-09-09
META,2025-09-09
MSFT,2025-09-09
MSTR,2025-09-09
NVDA,2025-09-09
PLTR,2025-09-09
QQQ,2025-09-09
SOXL,2025-09-09
SPY,2025-09-09
TSLA,2025-09-09
AAPL,2025-09-10
APP,2025-09-10
AVGO,2025-09-10
GOOGL,2025-09-10
HOOD,2025-09-10
MSTR,2025-09-10
NVDA,2025-09-10
ORCL,2025-09-10
PLTR,2025-09-10
QQQ,2025-09-10
SOFI,2025-09-10
SOXL,2025-09-10
SPY,2025-09-10
TSLA,2025-09-10
AAPL,2025-09-11
AMZN,2025-09-11
APP,2025-09-11
BMNR,2025-09-11
COIN,2025-09-11
HOOD,2025-09-11
MSFT,2025-09-11
MSTR,2025-09-11
NBIS,2025-09-11
NVDA,2025-09-11
PLTR,2025-09-11
QQQ,2025-09-11
SPY,2025-09-11
TSLA,2025-09-11
AAPL,2025-09-12
AMZN,2025-09-12
APP,2025-09-12
AVGO,2025-09-12
COIN,2025-09-12
CRWV,2025-09-12
HOOD,2025-09-12
IWM,2025-09-12
MSFT,2025-09-12
MSTR,2025-09-12
NBIS,2025-09-12
NVDA,2025-09-12
ORCL,2025-09-12
PLTR,2025-09-12
QQQ,2025-09-12
SOXL,2025-09-12
SPY,2025-09-12
AAPL,2025-09-15
APP,2025-09-15
AVGO,2025-09-15
COIN,2025-09-15
CRWV,2025-09-15
HOOD,2025-09-15
IWM,2025-09-15
MSFT,2025-09-15
MSTR,2025-09-15
NBIS,2025-09-15
NVDA,2025-09-15
ORCL,2025-09-15
PLTR,2025-09-15
QQQ,2025-09-15
SPY,2025-09-15
AAPL,2025-09-16
APP,2025-09-16
AVGO,2025-09-16
BMNR,2025-09-16
COIN,2025-09-16
GOOGL,2025-09-16
HOOD,2025-09-16
META,2025-09-16
MSFT,2025-09-16
MSTR,2025-09-16
NVDA,2025-09-16
ORCL,2025-09-16
PLTR,2025-09-16
QQQ,2025-09-16
SPY,2025-09-16
TSLA,2025-09-16
AAPL,2025-09-17
AMZN,2025-09-17
APP,2025-09-17
COIN,2025-09-17
CRWV,2025-09-17
HIMS,2025-09-17
HOOD,2025-09-17
IWM,2025-09-17
META,2025-09-17
MSFT,2025-09-17
MSTR,2025-09-17
NVDA,2025-09-17
ORCL,2025-09-17
PLTR,2025-09-17
QQQ,2025-09-17
SPY,2025-09-17
TSLA,2025-09-17
AAPL,2025-09-18
AMZN,2025-09-18
APP,2025-09-18
AVGO,2025-09-18
BMNR,2025-09-18
CRCL,2025-09-18
CRWV,2025-09-18
GOOGL,2025-09-18
HOOD,2025-09-18
IWM,2025-09-18
MSTR,2025-09-18
NVDA,2025-09-18
PLTR,2025-09-18
QQQ,2025-09-18
RDDT,2025-09-18
SPY,2025-09-18
TSLA,2025-09-18
TSLL,2025-09-18
AAPL,2025-09-19
AMD,2025-09-19
APP,2025-09-19
HOOD,2025-09-19
IONQ,2025-09-19
IWM,2025-09-19
MSFT,2025-09-19
NVDA,2025-09-19
QQQ,2025-09-19
SPY,2025-09-19
TSLA,2025-09-19
TSLL,2025-09-19
AAPL,2025-09-22
ALAB,2025-09-22
AMZN,2025-09-22
APP,2025-09-22
BMNR,2025-09-22
COIN,2025-09-22
CRWV,2025-09-22
HOOD,2025-09-22
MSFT,2025-09-22
MSTR,2025-09-22
NVDA,2025-09-22
ORCL,2025-09-22
PLTR,2025-09-22
QQQ,2025-09-22
SPY,2025-09-22
TSLA,2025-09-22
AAPL,2025-09-23
AMZN,2025-09-23
APP,2025-09-23
AVGO,2025-09-23
BMNR,2025-09-23
HOOD,2025-09-23
IONQ,2025-09-23
IWM,2025-09-23
MSFT,2025-09-23
NVDA,2025-09-23
OKLO,2025-09-23
PLTR,2025-09-23
QQQ,2025-09-23
SPY,2025-09-23
TSLA,2025-09-23
TSLL,2025-09-23
AAPL,2025-09-24
AMZN,2025-09-24
APP,2025-09-24
COIN,2025-09-24
CRWV,2025-09-24
HOOD,2025-09-24
IONQ,2025-09-24
IWM,2025-09-24
MSFT,2025-09-24
NVDA,2025-09-24
OKLO,2025-09-24
ORCL,2025-09-24
PLTR,2025-09-24
QQQ,2025-09-24
SPY,2025-09-24
TSLA,2025-09-24
TSLL,2025-09-24
VRT,2025-09-24
AAPL,2025-09-25
ALAB,2025-09-25
AMZN,2025-09-25
APP,2025-09-25
CRWV,2025-09-25
HOOD,2025-09-25
IWM,2025-09-25
MSTR,2025-09-25
MU,2025-09-25
NVDA,2025-09-25
OKLO,2025-09-25
ORCL,2025-09-25
QQQ,2025-09-25
SPY,2025-09-25
TSLA,2025-09-25
AAPL,2025-09-26
AMZN,2025-09-26
APP,2025-09-26
CRWV,2025-09-26
HOOD,2025-09-26
IONQ,2025-09-26
IWM,2025-09-26
MRVL,2025-09-26
MSTR,2025-09-26
NVDA,2025-09-26
OKLO,2025-09-26
ORCL,2025-09-26
PLTR,2025-09-26
QQQ,2025-09-26
SPY,2025-09-26
TSLA,2025-09-26
TSLL,2025-09-26
AAPL,2025-09-29
AMZN,2025-09-29
CRWV,2025-09-29
HOOD,2025-09-29
INTC,2025-09-29
IONQ,2025-09-29
IREN,2025-09-29
MRVL,2025-09-29
MSFT,2025-09-29
MSTR,2025-09-29
NVDA,2025-09-29
OKLO,2025-09-29
ORCL,2025-09-29
PLTR,2025-09-29
QQQ,2025-09-29
SPY,2025-09-29
TSLA,2025-09-29
AAPL,2025-09-30
AMZN,2025-09-30
CRWV,2025-09-30
GOOGL,2025-09-30
INTC,2025-09-30
MSFT,2025-09-30
NVDA,2025-09-30
ORCL,2025-09-30
QQQ,2025-09-30
SPY,2025-09-30
TSLA,2025-09-30
TSLL,2025-09-30
AAPL,2025-10-01
AMZN,2025-10-01
APP,2025-10-01
COIN,2025-10-01
GOOGL,2025-10-01
HOOD,2025-10-01
INTC,2025-10-01
META,2025-10-01
MSFT,2025-10-01
MSTR,2025-10-01
NBIS,2025-10-01
NVDA,2025-10-01
OKLO,2025-10-01
ORCL,2025-10-01
QQQ,2025-10-01
SOFI,2025-10-01
SPY,2025-10-01
TSLA,2025-10-01
AAPL,2025-10-02
AMZN,2025-10-02
APP,2025-10-02
COIN,2025-10-02
CRWV,2025-10-02
HOOD,2025-10-02
META,2025-10-02
MSFT,2025-10-02
NVDA,2025-10-02
ORCL,2025-10-02
PLTR,2025-10-02
QQQ,2025-10-02
RDDT,2025-10-02
SPY,2025-10-02
TSLA,2025-10-02
AAPL,2025-10-03
AMD,2025-10-03
AMZN,2025-10-03
APP,2025-10-03
HOOD,2025-10-03
INTC,2025-10-03
META,2025-10-03
MSFT,2025-10-03
MSTR,2025-10-03
NVDA,2025-10-03
ORCL,2025-10-03
PLTR,2025-10-03
QQQ,2025-10-03
SPY,2025-10-03
TSLA,2025-10-03
TSLL,2025-10-03
AAPL,2025-10-06
AMZN,2025-10-06
BMNR,2025-10-06
COIN,2025-10-06
CRCL,2025-10-06
CRWV,2025-10-06
HOOD,2025-10-06
INTC,2025-10-06
IWM,2025-10-06
META,2025-10-06
MSFT,2025-10-06
MSTR,2025-10-06
NVDA,2025-10-06
ORCL,2025-10-06
PLTR,2025-10-06
QQQ,2025-10-06
SPY,2025-10-06
TSLA,2025-10-06
TSLL,2025-10-06
AAPL,2025-10-07
AMZN,2025-10-07
APP,2025-10-07
CRWV,2025-10-07
HOOD,2025-10-07
INTC,2025-10-07
META,2025-10-07
MSFT,2025-10-07
MSTR,2025-10-07
NVDA,2025-10-07
ORCL,2025-10-07
PLTR,2025-10-07
QQQ,2025-10-07
SPY,2025-10-07
AAPL,2025-10-08
AMD,2025-10-08
BMNR,2025-10-08
HOOD,2025-10-08
INTC,2025-10-08
IONQ,2025-10-08
IWM,2025-10-08
META,2025-10-08
MSTR,2025-10-08
NVDA,2025-10-08
ORCL,2025-10-08
PLTR,2025-10-08
QQQ,2025-10-08
SOXL,2025-10-08
SPY,2025-10-08
TSLA,2025-10-08
AAPL,2025-10-09
AMZN,2025-10-09
AVGO,2025-10-09
HOOD,2025-10-09
INTC,2025-10-09
IREN,2025-10-09
META,2025-10-09
MSFT,2025-10-09
MSTR,2025-10-09
NVDA,2025-10-09
ORCL,2025-10-09
QQQ,2025-10-09
SPY,2025-10-09
TSLA,2025-10-09
AAPL,2025-10-10
AMD,2025-10-10
AMZN,2025-10-10
APP,2025-10-10
CRWV,2025-10-10
HOOD,2025-10-10
INTC,2025-10-10
META,2025-10-10
MSFT,2025-10-10
MSTR,2025-10-10
NVDA,2025-10-10
ORCL,2025-10-10
PLTR,2025-10-10
QQQ,2025-10-10
SOXL,2025-10-10
SPY,2025-10-10
TSLA,2025-10-10
AAPL,2025-10-13
AMD,2025-10-13
AMZN,2025-10-13
COIN,2025-10-13
CRWV,2025-10-13
HOOD,2025-10-13
INTC,2025-10-13
IWM,2025-10-13
META,2025-10-13
MSFT,2025-10-13
NVDA,2025-10-13
ORCL,2025-10-13
PLTR,2025-10-13
QQQ,2025-10-13
SOXL,2025-10-13
SPY,2025-10-13
TSLA,2025-10-13
AAPL,2025-10-14
AMD,2025-10-14
AMZN,2025-10-14
HOOD,2025-10-14
INTC,2025-10-14
IWM,2025-10-14
MSFT,2025-10-14
NVDA,2025-10-14
PLTR,2025-10-14
QQQ,2025-10-14
SPY,2025-10-14
AAPL,2025-10-15
AMD,2025-10-15
AMZN,2025-10-15
AVGO,2025-10-15
HOOD,2025-10-15
INTC,2025-10-15
IWM,2025-10-15
MP,2025-10-15
NVDA,2025-10-15
OKLO,2025-10-15
ORCL,2025-10-15
PLTR,2025-10-15
QQQ,2025-10-15
SOXL,2025-10-15
SPY,2025-10-15
TSLA,2025-10-15
AAPL,2025-10-16
AMZN,2025-10-16
AVGO,2025-10-16
INTC,2025-10-16
IREN,2025-10-16
IWM,2025-10-16
MSFT,2025-10-16
MU,2025-10-16
NVDA,2025-10-16
OKLO,2025-10-16
ORCL,2025-10-16
PLTR,2025-10-16
QQQ,2025-10-16
SPY,2025-10-16
TSLA,2025-10-16
AAPL,2025-10-17
AMD,2025-10-17
AMZN,2025-10-17
CRWV,2025-10-17
INTC,2025-10-17
IWM,2025-10-17
MSTR,2025-10-17
NVDA,2025-10-17
OKLO,2025-10-17
ORCL,2025-10-17
PLTR,2025-10-17
QQQ,2025-10-17
SOXL,2025-10-17
SPY,2025-10-17
TSLA,2025-10-17
AAPL,2025-10-20
AMD,2025-10-20
AMZN,2025-10-20
CRWV,2025-10-20
HIMS,2025-10-20
INTC,2025-10-20
IWM,2025-10-20
MSFT,2025-10-20
MSTR,2025-10-20
MU,2025-10-20
NVDA,2025-10-20
ORCL,2025-10-20
PLTR,2025-10-20
QQQ,2025-10-20
SOXL,2025-10-20
SPY,2025-10-20
TSLA,2025-10-20
AAPL,2025-10-21
AMD,2025-10-21
AMZN,2025-10-21
APP,2025-10-21
CRWV,2025-10-21
HOOD,2025-10-21
INTC,2025-10-21
IWM,2025-10-21
MSFT,2025-10-21
MSTR,2025-10-21
MU,2025-10-21
NVDA,2025-10-21
ORCL,2025-10-21
PLTR,2025-10-21
QQQ,2025-10-21
SPY,2025-10-21
TSLA,2025-10-21
AAPL,2025-10-22
AMD,2025-10-22
AMZN,2025-10-22
CRWV,2025-10-22
GOOGL,2025-10-22
HOOD,2025-10-22
INTC,2025-10-22
MSFT,2025-10-22
MSTR,2025-10-22
MU,2025-10-22
NFLX,2025-10-22
NVDA,2025-10-22
OKLO,2025-10-22
ORCL,2025-10-22
PLTR,2025-10-22
QQQ,2025-10-22
SPY,2025-10-22
TSLA,2025-10-22
AAPL,2025-10-23
AMD,2025-10-23
GEV,2025-10-23
HOOD,2025-10-23
IWM,2025-10-23
MSFT,2025-10-23
MSTR,2025-10-23
MU,2025-10-23
NFLX,2025-10-23
NVDA,2025-10-23
OKLO,2025-10-23
ORCL,2025-10-23
PLTR,2025-10-23
QQQ,2025-10-23
SOXL,2025-10-23
SPY,2025-10-23
TSLA,2025-10-23
AAPL,2025-10-24
AMD,2025-10-24
INTC,2025-10-24
IWM,2025-10-24
META,2025-10-24
MSFT,2025-10-24
MU,2025-10-24
NFLX,2025-10-24
NVDA,2025-10-24
ORCL,2025-10-24
PLTR,2025-10-24
QQQ,2025-10-24
SPY,2025-10-24
TSLA,2025-10-24
TSLL,2025-10-24
AAPL,2025-10-27
AMZN,2025-10-27
GOOGL,2025-10-27
HOOD,2025-10-27
INTC,2025-10-27
MSFT,2025-10-27
NVDA,2025-10-27
ORCL,2025-10-27
PLTR,2025-10-27
QQQ,2025-10-27
SOXL,2025-10-27
SPY,2025-10-27
TSLA,2025-10-27
AAPL,2025-10-28
AMD,2025-10-28
COIN,2025-10-28
GOOGL,2025-10-28
HOOD,2025-10-28
INTC,2025-10-28
MSFT,2025-10-28
MU,2025-10-28
NVDA,2025-10-28
ORCL,2025-10-28
PLTR,2025-10-28
QQQ,2025-10-28
SPY,2025-10-28
TSLA,2025-10-28
AAPL,2025-10-29
AMD,2025-10-29
AMZN,2025-10-29
CRWV,2025-10-29
GOOGL,2025-10-29
META,2025-10-29
MSFT,2025-10-29
MU,2025-10-29
NVDA,2025-10-29
ORCL,2025-10-29
PLTR,2025-10-29
QQQ,2025-10-29
SOXL,2025-10-29
SPY,2025-10-29
TSLA,2025-10-29
TSLL,2025-10-29
AAPL,2025-10-30
AMD,2025-10-30
HOOD,2025-10-30
INTC,2025-10-30
IWM,2025-10-30
META,2025-10-30
MSFT,2025-10-30
MSTR,2025-10-30
MU,2025-10-30
NVDA,2025-10-30
PLTR,2025-10-30
QQQ,2025-10-30
SOFI,2025-10-30
SPY,2025-10-30
TSLA,2025-10-30
AAPL,2025-10-31
AMD,2025-10-31
AMZN,2025-10-31
COIN,2025-10-31
CVNA,2025-10-31
GOOGL,2025-10-31
INTC,2025-10-31
META,2025-10-31
MSFT,2025-10-31
MSTR,2025-10-31
MU,2025-10-31
NVDA,2025-10-31
ORCL,2025-10-31
PLTR,2025-10-31
QQQ,2025-10-31
SOXL,2025-10-31
SPY,2025-10-31
TSLA,2025-10-31
AAPL,2025-11-03
AMD,2025-11-03
COIN,2025-11-03
GOOGL,2025-11-03
META,2025-11-03
MSFT,2025-11-03
MU,2025-11-03
NVDA,2025-11-03
ORCL,2025-11-03
PLTR,2025-11-03
QQQ,2025-11-03
SOXL,2025-11-03
SPY,2025-11-03
TQQQ,2025-11-03
TSLA,2025-11-03
AAPL,2025-11-04
AMD,2025-11-04
AMZN,2025-11-04
COIN,2025-11-04
META,2025-11-04
MSFT,2025-11-04
MSTR,2025-11-04
MU,2025-11-04
NVDA,2025-11-04
ORCL,2025-11-04
PLTR,2025-11-04
QQQ,2025-11-04
SOFI,2025-11-04
SPY,2025-11-04
TQQQ,2025-11-04
TSLA,2025-11-04
AAPL,2025-11-05
AMD,2025-11-05
AMZN,2025-11-05
COIN,2025-11-05
HOOD,2025-11-05
INTC,2025-11-05
META,2025-11-05
MSFT,2025-11-05
MSTR,2025-11-05
MU,2025-11-05
NVDA,2025-11-05
PLTR,2025-11-05
QQQ,2025-11-05
SOXL,2025-11-05
SPY,2025-11-05
TQQQ,2025-11-05
TSLA,2025-11-05
AAPL,2025-11-06
AMD,2025-11-06
AMZN,2025-11-06
APP,2025-11-06
HOOD,2025-11-06
META,2025-11-06
MSFT,2025-11-06
NVDA,2025-11-06
PLTR,2025-11-06
QCOM,2025-11-06
QQQ,2025-11-06
SPY,2025-11-06
TQQQ,2025-11-06
TSLA,2025-11-06
AAPL,2025-11-07
AMD,2025-11-07
AMZN,2025-11-07
APP,2025-11-07
COIN,2025-11-07
HOOD,2025-11-07
IREN,2025-11-07
META,2025-11-07
MSFT,2025-11-07
MU,2025-11-07
NVDA,2025-11-07
PLTR,2025-11-07
QQQ,2025-11-07
SOXL,2025-11-07
SPY,2025-11-07
TQQQ,2025-11-07
TSLA,2025-11-07
AAPL,2025-11-10
AMD,2025-11-10
APP,2025-11-10
HOOD,2025-11-10
IWM,2025-11-10
META,2025-11-10
MSFT,2025-11-10
MSTR,2025-11-10
MU,2025-11-10
NVDA,2025-11-10
PLTR,2025-11-10
QQQ,2025-11-10
SOXL,2025-11-10
SPY,2025-11-10
TQQQ,2025-11-10
TSLA,2025-11-10
AAPL,2025-11-11
AMD,2025-11-11
AMZN,2025-11-11
CRWV,2025-11-11
HOOD,2025-11-11
META,2025-11-11
MSFT,2025-11-11
QQQ,2025-11-11
SPY,2025-11-11
TSLA,2025-11-11
AAPL,2025-11-12
AMD,2025-11-12
APP,2025-11-12
CRWV,2025-11-12
HOOD,2025-11-12
META,2025-11-12
MSFT,2025-11-12
MU,2025-11-12
NBIS,2025-11-12
NVDA,2025-11-12
PLTR,2025-11-12
QQQ,2025-11-12
SNDK,2025-11-12
SOXL,2025-11-12
SPY,2025-11-12
TSLA,2025-11-12
AAPL,2025-11-13
CRCL,2025-11-13
CRWV,2025-11-13
IWM,2025-11-13
META,2025-11-13
MSFT,2025-11-13
MU,2025-11-13
NBIS,2025-11-13
NVDA,2025-11-13
PLTR,2025-11-13
QQQ,2025-11-13
SNDK,2025-11-13
SOFI,2025-11-13
SOXL,2025-11-13
SPY,2025-11-13
TSLA,2025-11-13
AAPL,2025-11-14
AMD,2025-11-14
CRCL,2025-11-14
HOOD,2025-11-14
IWM,2025-11-14
META,2025-11-14
MSFT,2025-11-14
MSTR,2025-11-14
MU,2025-11-14
NBIS,2025-11-14
NVDA,2025-11-14
PLTR,2025-11-14
QQQ,2025-11-14
SNDK,2025-11-14
SOXL,2025-11-14
SPY,2025-11-14
TSLA,2025-11-14
AAPL,2025-11-17
AMD,2025-11-17
COIN,2025-11-17
CRWV,2025-11-17
HOOD,2025-11-17
IWM,2025-11-17
META,2025-11-17
MSFT,2025-11-17
MSTR,2025-11-17
MU,2025-11-17
NVDA,2025-11-17
PLTR,2025-11-17
QQQ,2025-11-17
SNDK,2025-11-17
SOXL,2025-11-17
SPY,2025-11-17
TQQQ,2025-11-17
TSLA,2025-11-17
AAPL,2025-11-18
AMD,2025-11-18
AMZN,2025-11-18
COIN,2025-11-18
GOOGL,2025-11-18
HOOD,2025-11-18
IWM,2025-11-18
META,2025-11-18
MSFT,2025-11-18
MSTR,2025-11-18
MU,2025-11-18
NVDA,2025-11-18
PLTR,2025-11-18
QQQ,2025-11-18
SNDK,2025-11-18
SOXL,2025-11-18
SPY,2025-11-18
TQQQ,2025-11-18
TSLA,2025-11-18
AMD,2025-11-19
AMZN,2025-11-19
GOOGL,2025-11-19
HOOD,2025-11-19
IWM,2025-11-19
META,2025-11-19
MSFT,2025-11-19
MU,2025-11-19
NVDA,2025-11-19
PLTR,2025-11-19
QQQ,2025-11-19
SNDK,2025-11-19
SOXL,2025-11-19
SPY,2025-11-19
SQQQ,2025-11-19
TQQQ,2025-11-19
TSLA,2025-11-19
AMD,2025-11-20
AMZN,2025-11-20
COIN,2025-11-20
GOOGL,2025-11-20
HOOD,2025-11-20
IWM,2025-11-20
META,2025-11-20
MSFT,2025-11-20
MSTR,2025-11-20
MU,2025-11-20
NVDA,2025-11-20
PLTR,2025-11-20
QQQ,2025-11-20
SOXL,2025-11-20
SPY,2025-11-20
SQQQ,2025-11-20
TQQQ,2025-11-20
TSLA,2025-11-20
AAPL,2025-11-21
AMD,2025-11-21
AVGO,2025-11-21
GOOGL,2025-11-21
IWM,2025-11-21
MSFT,2025-11-21
MSTR,2025-11-21
MU,2025-11-21
NVDA,2025-11-21
ORCL,2025-11-21
PLTR,2025-11-21
QQQ,2025-11-21
SNDK,2025-11-21
SOXL,2025-11-21
SPY,2025-11-21
TQQQ,2025-11-21
TSLA,2025-11-21
AAPL,2025-11-24
AMD,2025-11-24
AMZN,2025-11-24
AVGO,2025-11-24
GOOGL,2025-11-24
IWM,2025-11-24
MSFT,2025-11-24
MSTR,2025-11-24
MU,2025-11-24
NVDA,2025-11-24
ORCL,2025-11-24
PLTR,2025-11-24
QQQ,2025-11-24
SOXL,2025-11-24
SPY,2025-11-24
SQQQ,2025-11-24
TQQQ,2025-11-24
TSLA,2025-11-24
AAPL,2025-11-25
AMZN,2025-11-25
META,2025-11-25
MSFT,2025-11-25
NVDA,2025-11-25
ORCL,2025-11-25
PLTR,2025-11-25
QQQ,2025-11-25
SPY,2025-11-25
AAPL,2025-11-26
AMD,2025-11-26
AVGO,2025-11-26
GOOGL,2025-11-26
META,2025-11-26
MSFT,2025-11-26
MU,2025-11-26
NVDA,2025-11-26
ORCL,2025-11-26
PLTR,2025-11-26
QQQ,2025-11-26
SOXL,2025-11-26
SPY,2025-11-26
SQQQ,2025-11-26
TQQQ,2025-11-26
TSLA,2025-11-26
AAPL,2025-11-28
AMD,2025-11-28
AVGO,2025-11-28
GOOGL,2025-11-28
META,2025-11-28
MSFT,2025-11-28
MU,2025-11-28
NVDA,2025-11-28
ORCL,2025-11-28
PLTR,2025-11-28
QQQ,2025-11-28
SNDK,2025-11-28
SPY,2025-11-28
TQQQ,2025-11-28
TSLA,2025-11-28
AAPL,2025-12-01
AMD,2025-12-01
AMZN,2025-12-01
AVGO,2025-12-01
COIN,2025-12-01
GOOGL,2025-12-01
META,2025-12-01
MSFT,2025-12-01
MSTR,2025-12-01
MU,2025-12-01
NVDA,2025-12-01
ORCL,2025-12-01
PLTR,2025-12-01
QQQ,2025-12-01
SNDK,2025-12-01
SPY,2025-12-01
TSLA,2025-12-01
AAPL,2025-12-02
AMD,2025-12-02
AMZN,2025-12-02
AVGO,2025-12-02
GOOGL,2025-12-02
HOOD,2025-12-02
IWM,2025-12-02
MSFT,2025-12-02
MSTR,2025-12-02
MU,2025-12-02
NVDA,2025-12-02
PLTR,2025-12-02
QQQ,2025-12-02
SOXL,2025-12-02
SPY,2025-12-02
TQQQ,2025-12-02
TSLA,2025-12-02
AAPL,2025-12-03
AMD,2025-12-03
AMZN,2025-12-03
AVGO,2025-12-03
GOOGL,2025-12-03
MSFT,2025-12-03
MU,2025-12-03
NVDA,2025-12-03
PLTR,2025-12-03
QQQ,2025-12-03
SPY,2025-12-03
TQQQ,2025-12-03
TSLA,2025-12-03
AAPL,2025-12-04
AMD,2025-12-04
AMZN,2025-12-04
AVGO,2025-12-04
GOOGL,2025-12-04
INTC,2025-12-04
IWM,2025-12-04
MSFT,2025-12-04
MSTR,2025-12-04
MU,2025-12-04
NVDA,2025-12-04
ORCL,2025-12-04
PLTR,2025-12-04
QQQ,2025-12-04
SPY,2025-12-04
TSLA,2025-12-04
AAPL,2025-12-05
AMD,2025-12-05
AMZN,2025-12-05
AVGO,2025-12-05
GOOGL,2025-12-05
INTC,2025-12-05
IWM,2025-12-05
META,2025-12-05
MSFT,2025-12-05
MU,2025-12-05
NVDA,2025-12-05
ORCL,2025-12-05
PLTR,2025-12-05
QQQ,2025-12-05
SNOW,2025-12-05
SOXL,2025-12-05
SPY,2025-12-05
TQQQ,2025-12-05
TSLA,2025-12-05
AAPL,2025-12-08
AMD,2025-12-08
AVGO,2025-12-08
GOOGL,2025-12-08
INTC,2025-12-08
META,2025-12-08
MSFT,2025-12-08
MSTR,2025-12-08
MU,2025-12-08
NFLX,2025-12-08
NVDA,2025-12-08
ORCL,2025-12-08
PLTR,2025-12-08
QQQ,2025-12-08
SOFI,2025-12-08
SPY,2025-12-08
TQQQ,2025-12-08
TSLA,2025-12-08
AAPL,2025-12-09
AMD,2025-12-09
AVGO,2025-12-09
GOOGL,2025-12-09
INTC,2025-12-09
META,2025-12-09
MRVL,2025-12-09
MSFT,2025-12-09
MU,2025-12-09
NFLX,2025-12-09
NVDA,2025-12-09
ORCL,2025-12-09
PLTR,2025-12-09
QQQ,2025-12-09
SPY,2025-12-09
TQQQ,2025-12-09
TSLA,2025-12-09
AAPL,2025-12-10
AMD,2025-12-10
AVGO,2025-12-10
GOOGL,2025-12-10
IWM,2025-12-10
META,2025-12-10
MSFT,2025-12-10
MSTR,2025-12-10
MU,2025-12-10
NVDA,2025-12-10
ORCL,2025-12-10
PLTR,2025-12-10
QQQ,2025-12-10
SPY,2025-12-10
TQQQ,2025-12-10
TSLA,2025-12-10
AMD,2025-12-11
AVGO,2025-12-11
GOOGL,2025-12-11
IWM,2025-12-11
META,2025-12-11
MSFT,2025-12-11
MSTR,2025-12-11
MU,2025-12-11
NVDA,2025-12-11
ORCL,2025-12-11
PLTR,2025-12-11
QQQ,2025-12-11
SOXL,2025-12-11
SPY,2025-12-11
TQQQ,2025-12-11
TSLA,2025-12-11
AAPL,2025-12-12
AMD,2025-12-12
AVGO,2025-12-12
GEV,2025-12-12
GOOGL,2025-12-12
HOOD,2025-12-12
IWM,2025-12-12
MSFT,2025-12-12
MSTR,2025-12-12
MU,2025-12-12
NVDA,2025-12-12
ORCL,2025-12-12
PLTR,2025-12-12
QQQ,2025-12-12
SOXL,2025-12-12
SPY,2025-12-12
TQQQ,2025-12-12
TSLA,2025-12-12
AAPL,2025-12-15
AMD,2025-12-15
AVGO,2025-12-15
GEV,2025-12-15
GOOGL,2025-12-15
HOOD,2025-12-15
IWM,2025-12-15
MSFT,2025-12-15
MU,2025-12-15
NVDA,2025-12-15
ORCL,2025-12-15
PLTR,2025-12-15
QQQ,2025-12-15
SOXL,2025-12-15
SPY,2025-12-15
TQQQ,2025-12-15
TSLA,2025-12-15
AAPL,2025-12-16
AMD,2025-12-16
AMZN,2025-12-16
AVGO,2025-12-16
HOOD,2025-12-16
IWM,2025-12-16
META,2025-12-16
MSFT,2025-12-16
MSTR,2025-12-16
MU,2025-12-16
NVDA,2025-12-16
ORCL,2025-12-16
PLTR,2025-12-16
QQQ,2025-12-16
SOXL,2025-12-16
SPY,2025-12-16
SQQQ,2025-12-16
TQQQ,2025-12-16
TSLA,2025-12-16
AAPL,2025-12-17
AMD,2025-12-17
AVGO,2025-12-17
GOOGL,2025-12-17
IWM,2025-12-17
META,2025-12-17
MSFT,2025-12-17
MSTR,2025-12-17
MU,2025-12-17
NVDA,2025-12-17
ORCL,2025-12-17
PLTR,2025-12-17
QQQ,2025-12-17
SOXL,2025-12-17
SPY,2025-12-17
SQQQ,2025-12-17
TQQQ,2025-12-17
TSLA,2025-12-17
AAPL,2025-12-18
AMD,2025-12-18
AMZN,2025-12-18
AVGO,2025-12-18
GEV,2025-12-18
GOOGL,2025-12-18
HOOD,2025-12-18
META,2025-12-18
MSFT,2025-12-18
MU,2025-12-18
NVDA,2025-12-18
ORCL,2025-12-18
PLTR,2025-12-18
QQQ,2025-12-18
SOXL,2025-12-18
SPY,2025-12-18
TQQQ,2025-12-18
TSLA,2025-12-18
AAPL,2025-12-19
AMD,2025-12-19
AMZN,2025-12-19
AVGO,2025-12-19
GEV,2025-12-19
HOOD,2025-12-19
META,2025-12-19
MSFT,2025-12-19
NVDA,2025-12-19
ORCL,2025-12-19
PLTR,2025-12-19
QQQ,2025-12-19
SPY,2025-12-19
SQQQ,2025-12-19
TQQQ,2025-12-19
TSLA,2025-12-19
AAPL,2025-12-22
AMZN,2025-12-22
APP,2025-12-22
AVGO,2025-12-22
CVNA,2025-12-22
GOOGL,2025-12-22
INTC,2025-12-22
META,2025-12-22
MSFT,2025-12-22
NVDA,2025-12-22
QQQ,2025-12-22
SPY,2025-12-22
TQQQ,2025-12-22
TSLA,2025-12-22
WDC,2025-12-22
AAPL,2025-12-23
AMD,2025-12-23
APP,2025-12-23
AVGO,2025-12-23
CVNA,2025-12-23
IWM,2025-12-23
META,2025-12-23
MSFT,2025-12-23
MSTR,2025-12-23
MU,2025-12-23
NVDA,2025-12-23
ORCL,2025-12-23
QQQ,2025-12-23
SOXL,2025-12-23
SPY,2025-12-23
TSLA,2025-12-23
TSLL,2025-12-23
AAPL,2025-12-24
AMZN,2025-12-24
APP,2025-12-24
ASTS,2025-12-24
AVGO,2025-12-24
COIN,2025-12-24
CRWV,2025-12-24
GOOGL,2025-12-24
HOOD,2025-12-24
IWM,2025-12-24
MSFT,2025-12-24
MSTR,2025-12-24
MU,2025-12-24
NVDA,2025-12-24
ORCL,2025-12-24
QQQ,2025-12-24
RKLB,2025-12-24
SOXL,2025-12-24
SPY,2025-12-24
TSLA,2025-12-24
AAPL,2025-12-26
ASTS,2025-12-26
AVGO,2025-12-26
CRWV,2025-12-26
GOOGL,2025-12-26
HOOD,2025-12-26
INTC,2025-12-26
IWM,2025-12-26
META,2025-12-26
MSTR,2025-12-26
MU,2025-12-26
NVDA,2025-12-26
QQQ,2025-12-26
RKLB,2025-12-26
SNDK,2025-12-26
SOXL,2025-12-26
SPY,2025-12-26
TSLA,2025-12-26
TSLL,2025-12-26
AAPL,2025-12-29
APP,2025-12-29
ASTS,2025-12-29
AVGO,2025-12-29
COIN,2025-12-29
HOOD,2025-12-29
IWM,2025-12-29
META,2025-12-29
MSTR,2025-12-29
MU,2025-12-29
NVDA,2025-12-29
PLTR,2025-12-29
QQQ,2025-12-29
RKLB,2025-12-29
SNDK,2025-12-29
SOXL,2025-12-29
SPY,2025-12-29
TSLA,2025-12-29
TSLL,2025-12-29
AAPL,2025-12-30
APP,2025-12-30
AVGO,2025-12-30
COIN,2025-12-30
GEV,2025-12-30
GOOGL,2025-12-30
HOOD,2025-12-30
INTC,2025-12-30
IWM,2025-12-30
META,2025-12-30
MSTR,2025-12-30
MU,2025-12-30
NVDA,2025-12-30
QQQ,2025-12-30
SNDK,2025-12-30
SOXL,2025-12-30
SPY,2025-12-30
TSLA,2025-12-30
TSLL,2025-12-30
AAPL,2025-12-31
APP,2025-12-31
ASTS,2025-12-31
AVGO,2025-12-31
COIN,2025-12-31
HOOD,2025-12-31
INTC,2025-12-31
IWM,2025-12-31
META,2025-12-31
MSFT,2025-12-31
MSTR,2025-12-31
MU,2025-12-31
NVDA,2025-12-31
QQQ,2025-12-31
RKLB,2025-12-31
SNDK,2025-12-31
SOXL,2025-12-31
SPY,2025-12-31
TSLA,2025-12-31
AAPL,2026-01-02
AMZN,2026-01-02
AVGO,2026-01-02
COIN,2026-01-02
CRWV,2026-01-02
HOOD,2026-01-02
IWM,2026-01-02
META,2026-01-02
MSFT,2026-01-02
MSTR,2026-01-02
MU,2026-01-02
NVDA,2026-01-02
PATH,2026-01-02
QQQ,2026-01-02
RKLB,2026-01-02
SNDK,2026-01-02
SOXL,2026-01-02
SPY,2026-01-02
TSLA,2026-01-02
AAPL,2026-01-05
AMZN,2026-01-05
APP,2026-01-05
COIN,2026-01-05
GOOGL,2026-01-05
HOOD,2026-01-05
MSFT,2026-01-05
MSTR,2026-01-05
NVDA,2026-01-05
PLTR,2026-01-05
QQQ,2026-01-05
SPY,2026-01-05
TSLA,2026-01-05
AAPL,2026-01-06
AMZN,2026-01-06
APP,2026-01-06
AVGO,2026-01-06
GOOGL,2026-01-06
INTC,2026-01-06
MSFT,2026-01-06
MSTR,2026-01-06
MU,2026-01-06
NVDA,2026-01-06
QQQ,2026-01-06
RKLB,2026-01-06
SNDK,2026-01-06
SOXL,2026-01-06
SPY,2026-01-06
TSLA,2026-01-06
AAPL,2026-01-07
AMZN,2026-01-07
APP,2026-01-07
GOOGL,2026-01-07
HOOD,2026-01-07
IWM,2026-01-07
MSFT,2026-01-07
MSTR,2026-01-07
NVDA,2026-01-07
QQQ,2026-01-07
SOFI,2026-01-07
SPY,2026-01-07
TSLA,2026-01-07
AAPL,2026-01-08
AMZN,2026-01-08
APP,2026-01-08
ASTS,2026-01-08
GOOGL,2026-01-08
HOOD,2026-01-08
IWM,2026-01-08
MSFT,2026-01-08
MSTR,2026-01-08
MU,2026-01-08
NVDA,2026-01-08
QQQ,2026-01-08
RKLB,2026-01-08
SNDK,2026-01-08
SOXL,2026-01-08
SPY,2026-01-08
TSLA,2026-01-08
WDC,2026-01-08
AAPL,2026-01-09
AMZN,2026-01-09
GEV,2026-01-09
GOOGL,2026-01-09
HOOD,2026-01-09
INTC,2026-01-09
IWM,2026-01-09
MSFT,2026-01-09
MSTR,2026-01-09
MU,2026-01-09
NVDA,2026-01-09
QQQ,2026-01-09
RKLB,2026-01-09
SNDK,2026-01-09
SOXL,2026-01-09
SPY,2026-01-09
TSLA,2026-01-09
AAPL,2026-01-12
AMZN,2026-01-12
GOOGL,2026-01-12
IWM,2026-01-12
MSFT,2026-01-12
MSTR,2026-01-12
NVDA,2026-01-12
QQQ,2026-01-12
SPY,2026-01-12
TSLA,2026-01-12
AAPL,2026-01-13
AMZN,2026-01-13
APP,2026-01-13
GOOGL,2026-01-13
HOOD,2026-01-13
INTC,2026-01-13
LITE,2026-01-13
META,2026-01-13
MSFT,2026-01-13
MSTR,2026-01-13
MU,2026-01-13
NVDA,2026-01-13
QQQ,2026-01-13
SNDK,2026-01-13
SOXL,2026-01-13
SPY,2026-01-13
TSLA,2026-01-13
AAPL,2026-01-14
AMZN,2026-01-14
APP,2026-01-14
COIN,2026-01-14
GOOGL,2026-01-14
HOOD,2026-01-14
META,2026-01-14
MSFT,2026-01-14
MU,2026-01-14
NVDA,2026-01-14
QQQ,2026-01-14
RKLB,2026-01-14
SNDK,2026-01-14
SOXL,2026-01-14
SPY,2026-01-14
TSLA,2026-01-14
AAPL,2026-01-15
AMZN,2026-01-15
APP,2026-01-15
AVGO,2026-01-15
BMNR,2026-01-15
CRWV,2026-01-15
GOOGL,2026-01-15
INTC,2026-01-15
IREN,2026-01-15
IWM,2026-01-15
MSFT,2026-01-15
MSTR,2026-01-15
MU,2026-01-15
NVDA,2026-01-15
QQQ,2026-01-15
SNDK,2026-01-15
SOXL,2026-01-15
SPY,2026-01-15
TSLA,2026-01-15
AAPL,2026-01-16
AMD,2026-01-16
AMZN,2026-01-16
APP,2026-01-16
GOOGL,2026-01-16
HOOD,2026-01-16
INTC,2026-01-16
MSFT,2026-01-16
MSTR,2026-01-16
MU,2026-01-16
NVDA,2026-01-16
QQQ,2026-01-16
RDDT,2026-01-16
RKLB,2026-01-16
SOXL,2026-01-16
SPY,2026-01-16
TSLA,2026-01-16
TSM,2026-01-16
AAPL,2026-01-20
APP,2026-01-20
AVGO,2026-01-20
GOOGL,2026-01-20
INTC,2026-01-20
MSFT,2026-01-20
MSTR,2026-01-20
NVDA,2026-01-20
QQQ,2026-01-20
SNDK,2026-01-20
SOXL,2026-01-20
SPY,2026-01-20
TSLA,2026-01-20
WMT,2026-01-20
AAPL,2026-01-21
AMZN,2026-01-21
APP,2026-01-21
BE,2026-01-21
CRWV,2026-01-21
GOOGL,2026-01-21
INTC,2026-01-21
IREN,2026-01-21
IWM,2026-01-21
MSFT,2026-01-21
MSTR,2026-01-21
MU,2026-01-21
NVDA,2026-01-21
QQQ,2026-01-21
RKLB,2026-01-21
SOXL,2026-01-21
SPY,2026-01-21
TSLA,2026-01-21
AAPL,2026-01-22
APP,2026-01-22
ASTS,2026-01-22
CRWV,2026-01-22
IREN,2026-01-22
IWM,2026-01-22
MSFT,2026-01-22
MSTR,2026-01-22
NVDA,2026-01-22
QQQ,2026-01-22
RKLB,2026-01-22
SPY,2026-01-22
TSLA,2026-01-22
AAPL,2026-01-23
APP,2026-01-23
CRWV,2026-01-23
INTC,2026-01-23
MSFT,2026-01-23
MSTR,2026-01-23
MU,2026-01-23
NVDA,2026-01-23
QQQ,2026-01-23
RKLB,2026-01-23
SNDK,2026-01-23
SOXL,2026-01-23
SPY,2026-01-23
TSLA,2026-01-23
WDC,2026-01-23
AMD,2026-01-26
APP,2026-01-26
CRWV,2026-01-26
INTC,2026-01-26
IWM,2026-01-26
META,2026-01-26
MSFT,2026-01-26
MSTR,2026-01-26
MU,2026-01-26
NVDA,2026-01-26
QQQ,2026-01-26
RKLB,2026-01-26
SNDK,2026-01-26
SOXL,2026-01-26
SPY,2026-01-26
TSLA,2026-01-26
AAPL,2026-01-27
APP,2026-01-27
GOOGL,2026-01-27
INTC,2026-01-27
IREN,2026-01-27
IWM,2026-01-27
LRCX,2026-01-27
META,2026-01-27
MSFT,2026-01-27
MSTR,2026-01-27
MU,2026-01-27
NVDA,2026-01-27
QQQ,2026-01-27
SNDK,2026-01-27
SOXL,2026-01-27
SPY,2026-01-27
TSLA,2026-01-27
AAPL,2026-01-28
AMZN,2026-01-28
APP,2026-01-28
INTC,2026-01-28
META,2026-01-28
MSFT,2026-01-28
MSTR,2026-01-28
NVDA,2026-01-28
QQQ,2026-01-28
SNDK,2026-01-28
SPY,2026-01-28
TSLA,2026-01-28
UNH,2026-01-28
AAPL,2026-01-29
AMZN,2026-01-29
CRWV,2026-01-29
CVNA,2026-01-29
GEV,2026-01-29
IREN,2026-01-29
LRCX,2026-01-29
META,2026-01-29
MSFT,2026-01-29
NVDA,2026-01-29
QQQ,2026-01-29
SPY,2026-01-29
TSLA,2026-01-29
AAPL,2026-01-30
AMD,2026-01-30
CRWV,2026-01-30
GOOGL,2026-01-30
INTC,2026-01-30
LRCX,2026-01-30
MSFT,2026-01-30
MSTR,2026-01-30
MU,2026-01-30
NVDA,2026-01-30
PLTR,2026-01-30
QQQ,2026-01-30
SNDK,2026-01-30
SOXL,2026-01-30
SPY,2026-01-30
TSLA,2026-01-30
WDC,2026-01-30
AAPL,2026-02-02
AMD,2026-02-02
APP,2026-02-02
INTC,2026-02-02
IWM,2026-02-02
KLAC,2026-02-02
LRCX,2026-02-02
META,2026-02-02
MSFT,2026-02-02
MU,2026-02-02
NVDA,2026-02-02
PLTR,2026-02-02
QQQ,2026-02-02
SOXL,2026-02-02
SPY,2026-02-02
TSLA,2026-02-02
WDC,2026-02-02
AAPL,2026-02-03
AMD,2026-02-03
GOOGL,2026-02-03
HOOD,2026-02-03
IWM,2026-02-03
LRCX,2026-02-03
MSFT,2026-02-03
MSTR,2026-02-03
NVDA,2026-02-03
ORCL,2026-02-03
QQQ,2026-02-03
SPY,2026-02-03
TSLA,2026-02-03
AAPL,2026-02-04
AMD,2026-02-04
INTC,2026-02-04
IWM,2026-02-04
LITE,2026-02-04
MSFT,2026-02-04
MSTR,2026-02-04
MU,2026-02-04
NVDA,2026-02-04
ORCL,2026-02-04
QQQ,2026-02-04
SNDK,2026-02-04
SOXL,2026-02-04
SPY,2026-02-04
TSLA,2026-02-04
AAPL,2026-02-05
AMD,2026-02-05
APP,2026-02-05
AVGO,2026-02-05
GOOGL,2026-02-05
INTC,2026-02-05
MSFT,2026-02-05
MU,2026-02-05
NVDA,2026-02-05
ORCL,2026-02-05
PLTR,2026-02-05
QQQ,2026-02-05
SNDK,2026-02-05
SOXL,2026-02-05
SPY,2026-02-05
TQQQ,2026-02-05
TSLA,2026-02-05
AAPL,2026-02-06
AMD,2026-02-06
AMZN,2026-02-06
AVGO,2026-02-06
GOOGL,2026-02-06
MSFT,2026-02-06
MSTR,2026-02-06
MU,2026-02-06
NVDA,2026-02-06
ORCL,2026-02-06
PLTR,2026-02-06
QQQ,2026-02-06
SNDK,2026-02-06
SOXL,2026-02-06
SPY,2026-02-06
SQQQ,2026-02-06
TQQQ,2026-02-06
TSLA,2026-02-06
AAPL,2026-02-09
AMZN,2026-02-09
GOOGL,2026-02-09
INTC,2026-02-09
MSFT,2026-02-09
MU,2026-02-09
PLTR,2026-02-09
QQQ,2026-02-09
SNDK,2026-02-09
SPY,2026-02-09
TSLA,2026-02-09
AAPL,2026-02-10
AMD,2026-02-10
AMZN,2026-02-10
AVGO,2026-02-10
GOOGL,2026-02-10
INTC,2026-02-10
MSFT,2026-02-10
MSTR,2026-02-10
MU,2026-02-10
NVDA,2026-02-10
QQQ,2026-02-10
SNDK,2026-02-10
SOXL,2026-02-10
SPY,2026-02-10
TSLA,2026-02-10
AAPL,2026-02-11
AMD,2026-02-11
AMZN,2026-02-11
AVGO,2026-02-11
GOOGL,2026-02-11
HOOD,2026-02-11
INTC,2026-02-11
MSFT,2026-02-11
MU,2026-02-11
NVDA,2026-02-11
ORCL,2026-02-11
PLTR,2026-02-11
QQQ,2026-02-11
SNDK,2026-02-11
SOXL,2026-02-11
SPY,2026-02-11
TQQQ,2026-02-11
TSLA,2026-02-11
AAPL,2026-02-12
AMD,2026-02-12
AMZN,2026-02-12
AVGO,2026-02-12
GOOGL,2026-02-12
HOOD,2026-02-12
INTC,2026-02-12
MSFT,2026-02-12
NVDA,2026-02-12
PLTR,2026-02-12
QQQ,2026-02-12
SHOP,2026-02-12
SPY,2026-02-12
TSLA,2026-02-12
AAPL,2026-02-13
AMD,2026-02-13
AMZN,2026-02-13
APP,2026-02-13
AVGO,2026-02-13
GOOGL,2026-02-13
MSFT,2026-02-13
MU,2026-02-13
NVDA,2026-02-13
PLTR,2026-02-13
QQQ,2026-02-13
SOXL,2026-02-13
SPY,2026-02-13
TQQQ,2026-02-13
TSLA,2026-02-13
TSM,2026-02-13
WDC,2026-02-13
AAPL,2026-02-17
AMD,2026-02-17
AMZN,2026-02-17
AVGO,2026-02-17
IWM,2026-02-17
MSFT,2026-02-17
MU,2026-02-17
NVDA,2026-02-17
PLTR,2026-02-17
QQQ,2026-02-17
SNDK,2026-02-17
SOXL,2026-02-17
SPY,2026-02-17
SQQQ,2026-02-17
TQQQ,2026-02-17
TSLA,2026-02-17
AAPL,2026-02-18
AMD,2026-02-18
AMZN,2026-02-18
AVGO,2026-02-18
GOOGL,2026-02-18
MSFT,2026-02-18
MU,2026-02-18
NVDA,2026-02-18
PLTR,2026-02-18
QQQ,2026-02-18
SNDK,2026-02-18
SOXL,2026-02-18
SPY,2026-02-18
SQQQ,2026-02-18
TQQQ,2026-02-18
TSLA,2026-02-18
TSM,2026-02-18
AMD,2026-02-19
AMZN,2026-02-19
AVGO,2026-02-19
IWM,2026-02-19
META,2026-02-19
MSFT,2026-02-19
NVDA,2026-02-19
PANW,2026-02-19
PLTR,2026-02-19
QQQ,2026-02-19
SNDK,2026-02-19
SOXL,2026-02-19
SPY,2026-02-19
SQQQ,2026-02-19
TQQQ,2026-02-19
TSLA,2026-02-19
WDC,2026-02-19
AAPL,2026-02-20
AMD,2026-02-20
AVGO,2026-02-20
CVNA,2026-02-20
GOOGL,2026-02-20
INTC,2026-02-20
IWM,2026-02-20
MSFT,2026-02-20
MU,2026-02-20
NVDA,2026-02-20
PLTR,2026-02-20
QQQ,2026-02-20
SNDK,2026-02-20
SOXL,2026-02-20
SPY,2026-02-20
SQQQ,2026-02-20
TQQQ,2026-02-20
TSLA,2026-02-20
AAPL,2026-02-23
AMD,2026-02-23
AMZN,2026-02-23
AVGO,2026-02-23
CRWV,2026-02-23
GOOGL,2026-02-23
IWM,2026-02-23
MSFT,2026-02-23
MU,2026-02-23
NVDA,2026-02-23
ORCL,2026-02-23
PLTR,2026-02-23
QQQ,2026-02-23
SNDK,2026-02-23
SOXL,2026-02-23
SPY,2026-02-23
SQQQ,2026-02-23
TQQQ,2026-02-23
TSLA,2026-02-23
AAPL,2026-02-24
AMD,2026-02-24
AMZN,2026-02-24
AVGO,2026-02-24
CRWD,2026-02-24
IBM,2026-02-24
IWM,2026-02-24
MSFT,2026-02-24
MU,2026-02-24
NVDA,2026-02-24
ORCL,2026-02-24
PLTR,2026-02-24
QQQ,2026-02-24
SNDK,2026-02-24
SOXL,2026-02-24
SPY,2026-02-24
TQQQ,2026-02-24
TSLA,2026-02-24
AAPL,2026-02-25
AVGO,2026-02-25
IWM,2026-02-25
MSFT,2026-02-25
MU,2026-02-25
NVDA,2026-02-25
PANW,2026-02-25
PLTR,2026-02-25
QQQ,2026-02-25
SNDK,2026-02-25
SOXL,2026-02-25
SPY,2026-02-25
TQQQ,2026-02-25
TSLA,2026-02-25
TSM,2026-02-25
AAPL,2026-02-26
AMD,2026-02-26
AVGO,2026-02-26
CRM,2026-02-26
GOOGL,2026-02-26
MSFT,2026-02-26
MU,2026-02-26
NVDA,2026-02-26
ORCL,2026-02-26
PLTR,2026-02-26
QQQ,2026-02-26
SNDK,2026-02-26
SPY,2026-02-26
TSLA,2026-02-26
TSM,2026-02-26
AMD,2026-02-27
AVGO,2026-02-27
CRM,2026-02-27
GOOGL,2026-02-27
IWM,2026-02-27
MSFT,2026-02-27
MU,2026-02-27
NVDA,2026-02-27
PLTR,2026-02-27
QQQ,2026-02-27
SNDK,2026-02-27
SOXL,2026-02-27
SPY,2026-02-27
SQQQ,2026-02-27
TQQQ,2026-02-27
TSLA,2026-02-27
TSM,2026-02-27
AAPL,2026-03-02
AMD,2026-03-02
AMZN,2026-03-02
AVGO,2026-03-02
CRWV,2026-03-02
GOOGL,2026-03-02
LITE,2026-03-02
MSFT,2026-03-02
MU,2026-03-02
NVDA,2026-03-02
ORCL,2026-03-02
PLTR,2026-03-02
QQQ,2026-03-02
SNDK,2026-03-02
SPY,2026-03-02
TQQQ,2026-03-02
TSLA,2026-03-02
AAPL,2026-03-03
AMD,2026-03-03
AVGO,2026-03-03
GOOGL,2026-03-03
IWM,2026-03-03
MSFT,2026-03-03
MU,2026-03-03
NVDA,2026-03-03
QQQ,2026-03-03
SNDK,2026-03-03
SOXL,2026-03-03
SPY,2026-03-03
SQQQ,2026-03-03
TQQQ,2026-03-03
TSLA,2026-03-03
TSM,2026-03-03
AAPL,2026-03-04
AMD,2026-03-04
AVGO,2026-03-04
GDX,2026-03-04
GOOGL,2026-03-04
IWM,2026-03-04
LITE,2026-03-04
MSFT,2026-03-04
MU,2026-03-04
NVDA,2026-03-04
PLTR,2026-03-04
QQQ,2026-03-04
SNDK,2026-03-04
SOXL,2026-03-04
SPY,2026-03-04
SQQQ,2026-03-04
TQQQ,2026-03-04
TSLA,2026-03-04
AAPL,2026-03-05
AMZN,2026-03-05
AVGO,2026-03-05
IWM,2026-03-05
LITE,2026-03-05
MSFT,2026-03-05
NVDA,2026-03-05
PLTR,2026-03-05
QQQ,2026-03-05
SPY,2026-03-05
TQQQ,2026-03-05
TSLA,2026-03-05
AAPL,2026-03-06
AMD,2026-03-06
AMZN,2026-03-06
AVGO,2026-03-06
IWM,2026-03-06
LITE,2026-03-06
MSFT,2026-03-06
MU,2026-03-06
NVDA,2026-03-06
PLTR,2026-03-06
QQQ,2026-03-06
SNDK,2026-03-06
SOXL,2026-03-06
SPY,2026-03-06
SQQQ,2026-03-06
TQQQ,2026-03-06
TSLA,2026-03-06
AMD,2026-03-09
AMZN,2026-03-09
AVGO,2026-03-09
IWM,2026-03-09
MSFT,2026-03-09
MU,2026-03-09
NVDA,2026-03-09
ORCL,2026-03-09
PLTR,2026-03-09
QQQ,2026-03-09
SNDK,2026-03-09
SOXL,2026-03-09
SPY,2026-03-09
TQQQ,2026-03-09
TSLA,2026-03-09
AMZN,2026-03-10
AVGO,2026-03-10
IWM,2026-03-10
MSFT,2026-03-10
NVDA,2026-03-10
PLTR,2026-03-10
QQQ,2026-03-10
SPY,2026-03-10
SQQQ,2026-03-10
TQQQ,2026-03-10
TSLA,2026-03-10
AAPL,2026-03-11
AMD,2026-03-11
AVGO,2026-03-11
EWY,2026-03-11
IWM,2026-03-11
LITE,2026-03-11
MSFT,2026-03-11
MU,2026-03-11
NVDA,2026-03-11
ORCL,2026-03-11
PLTR,2026-03-11
QQQ,2026-03-11
SOXL,2026-03-11
SPY,2026-03-11
TQQQ,2026-03-11
TSLA,2026-03-11
AMD,2026-03-12
AVGO,2026-03-12
GOOGL,2026-03-12
IWM,2026-03-12
MSFT,2026-03-12
MU,2026-03-12
NVDA,2026-03-12
PLTR,2026-03-12
QQQ,2026-03-12
SOXL,2026-03-12
SPY,2026-03-12
SQQQ,2026-03-12
TQQQ,2026-03-12
TSLA,2026-03-12
AAPL,2026-03-13
AMD,2026-03-13
AMZN,2026-03-13
CRM,2026-03-13
EWY,2026-03-13
IWM,2026-03-13
MSFT,2026-03-13
MU,2026-03-13
NVDA,2026-03-13
ORCL,2026-03-13
PLTR,2026-03-13
QQQ,2026-03-13
SNDK,2026-03-13
SOXL,2026-03-13
SPY,2026-03-13
TQQQ,2026-03-13
TSLA,2026-03-13
AVGO,2026-03-16
EWY,2026-03-16
INTC,2026-03-16
IWM,2026-03-16
META,2026-03-16
MSFT,2026-03-16
MSTR,2026-03-16
NVDA,2026-03-16
ORCL,2026-03-16
PLTR,2026-03-16
QQQ,2026-03-16
SOXL,2026-03-16
SPY,2026-03-16
SQQQ,2026-03-16
TQQQ,2026-03-16
TSLA,2026-03-16
AVGO,2026-03-17
INTC,2026-03-17
IWM,2026-03-17
META,2026-03-17
MSFT,2026-03-17
MU,2026-03-17
NVDA,2026-03-17
ORCL,2026-03-17
PLTR,2026-03-17
QQQ,2026-03-17
SPY,2026-03-17
SQQQ,2026-03-17
TQQQ,2026-03-17
TSLA,2026-03-17
AMZN,2026-03-18
AVGO,2026-03-18
INTC,2026-03-18
IWM,2026-03-18
LITE,2026-03-18
MSFT,2026-03-18
MU,2026-03-18
NBIS,2026-03-18
NVDA,2026-03-18
ORCL,2026-03-18
PLTR,2026-03-18
QQQ,2026-03-18
SNDK,2026-03-18
SOXL,2026-03-18
SPY,2026-03-18
TQQQ,2026-03-18
TSLA,2026-03-18
AAPL,2026-03-19
AVGO,2026-03-19
INTC,2026-03-19
IWM,2026-03-19
MSFT,2026-03-19
MSTR,2026-03-19
MU,2026-03-19
NBIS,2026-03-19
NVDA,2026-03-19
QQQ,2026-03-19
SNDK,2026-03-19
SOXL,2026-03-19
SPY,2026-03-19
SQQQ,2026-03-19
TQQQ,2026-03-19
TSLA,2026-03-19
WDC,2026-03-19
AAPL,2026-03-20
EWY,2026-03-20
INTC,2026-03-20
IWM,2026-03-20
META,2026-03-20
MSFT,2026-03-20
MU,2026-03-20
NVDA,2026-03-20
ORCL,2026-03-20
QQQ,2026-03-20
SNDK,2026-03-20
SOXL,2026-03-20
SPY,2026-03-20
SQQQ,2026-03-20
TQQQ,2026-03-20
TSLA,2026-03-20
WDC,2026-03-20
AAPL,2026-03-23
ACN,2026-03-23
COHR,2026-03-23
INTC,2026-03-23
IWM,2026-03-23
LITE,2026-03-23
LRCX,2026-03-23
MSFT,2026-03-23
MU,2026-03-23
NVDA,2026-03-23
PLTR,2026-03-23
QQQ,2026-03-23
SNDK,2026-03-23
SPY,2026-03-23
TQQQ,2026-03-23
TSLA,2026-03-23
VRT,2026-03-23
AAPL,2026-03-24
AMD,2026-03-24
AMZN,2026-03-24
GDX,2026-03-24
IWM,2026-03-24
LITE,2026-03-24
MSFT,2026-03-24
MU,2026-03-24
NVDA,2026-03-24
QQQ,2026-03-24
SNDK,2026-03-24
SOXL,2026-03-24
SPY,2026-03-24
SQQQ,2026-03-24
TQQQ,2026-03-24
TSLA,2026-03-24
AAPL,2026-03-25
COIN,2026-03-25
CRCL,2026-03-25
GOOGL,2026-03-25
IWM,2026-03-25
MSFT,2026-03-25
MU,2026-03-25
NVDA,2026-03-25
ORCL,2026-03-25
PLTR,2026-03-25
QQQ,2026-03-25
SNDK,2026-03-25
SOXL,2026-03-25
SPY,2026-03-25
SQQQ,2026-03-25
TQQQ,2026-03-25
TSLA,2026-03-25
EWY,2026-03-26
GOOGL,2026-03-26
IWM,2026-03-26
LITE,2026-03-26
MSFT,2026-03-26
MU,2026-03-26
NVDA,2026-03-26
PLTR,2026-03-26
QQQ,2026-03-26
SNDK,2026-03-26
SOXL,2026-03-26
SPY,2026-03-26
SQQQ,2026-03-26
TQQQ,2026-03-26
TSLA,2026-03-26
AMD,2026-03-27
GDX,2026-03-27
GOOGL,2026-03-27
INTC,2026-03-27
IWM,2026-03-27
LITE,2026-03-27
META,2026-03-27
MSFT,2026-03-27
MU,2026-03-27
NVDA,2026-03-27
PLTR,2026-03-27
QQQ,2026-03-27
SNDK,2026-03-27
SOXL,2026-03-27
SPY,2026-03-27
TQQQ,2026-03-27
TSLA,2026-03-27
AAPL,2026-03-30
AMD,2026-03-30
AMZN,2026-03-30
GDX,2026-03-30
INTC,2026-03-30
IWM,2026-03-30
LITE,2026-03-30
META,2026-03-30
MSFT,2026-03-30
MU,2026-03-30
NVDA,2026-03-30
PLTR,2026-03-30
QQQ,2026-03-30
SNDK,2026-03-30
SOXL,2026-03-30
SPY,2026-03-30
TQQQ,2026-03-30
TSLA,2026-03-30
AAPL,2026-03-31
AMD,2026-03-31
EWY,2026-03-31
INTC,2026-03-31
IWM,2026-03-31
LITE,2026-03-31
META,2026-03-31
MSFT,2026-03-31
MU,2026-03-31
NVDA,2026-03-31
PLTR,2026-03-31
QQQ,2026-03-31
SNDK,2026-03-31
SOXL,2026-03-31
SPY,2026-03-31
SQQQ,2026-03-31
TQQQ,2026-03-31
TSLA,2026-03-31
AMD,2026-04-01
IWM,2026-04-01
MSFT,2026-04-01
MU,2026-04-01
QQQ,2026-04-01
SPY,2026-04-01
SQQQ,2026-04-01
TSLA,2026-04-01
AMD,2026-04-02
GOOGL,2026-04-02
IWM,2026-04-02
META,2026-04-02
MSFT,2026-04-02
NVDA,2026-04-02
PLTR,2026-04-02
QQQ,2026-04-02
SPY,2026-04-02
SQQQ,2026-04-02
TQQQ,2026-04-02
TSLA,2026-04-02
AAPL,2026-04-06
AMD,2026-04-06
INTC,2026-04-06
META,2026-04-06
MRVL,2026-04-06
MSFT,2026-04-06
MU,2026-04-06
NVDA,2026-04-06
PLTR,2026-04-06
QQQ,2026-04-06
SNDK,2026-04-06
SOXL,2026-04-06
SPY,2026-04-06
SQQQ,2026-04-06
TQQQ,2026-04-06
TSLA,2026-04-06
AAPL,2026-04-07
AMD,2026-04-07
INTC,2026-04-07
IWM,2026-04-07
LITE,2026-04-07
MSFT,2026-04-07
MU,2026-04-07
NVDA,2026-04-07
PLTR,2026-04-07
QQQ,2026-04-07
SNDK,2026-04-07
SOXL,2026-04-07
SPY,2026-04-07
SQQQ,2026-04-07
TQQQ,2026-04-07
TSLA,2026-04-07
WDC,2026-04-07
AAPL,2026-04-08
AMD,2026-04-08
INTC,2026-04-08
IWM,2026-04-08
MSFT,2026-04-08
MU,2026-04-08
NVDA,2026-04-08
PLTR,2026-04-08
QQQ,2026-04-08
SNDK,2026-04-08
SOXL,2026-04-08
SOXS,2026-04-08
SPY,2026-04-08
SQQQ,2026-04-08
TQQQ,2026-04-08
TSLA,2026-04-08
AMD,2026-04-09
AMZN,2026-04-09
IWM,2026-04-09
MSFT,2026-04-09
NVDA,2026-04-09
PLTR,2026-04-09
QQQ,2026-04-09
SPY,2026-04-09
SQQQ,2026-04-09
TSLA,2026-04-09
AMD,2026-04-10
CRWV,2026-04-10
INTC,2026-04-10
LITE,2026-04-10
META,2026-04-10
MRVL,2026-04-10
MSFT,2026-04-10
MU,2026-04-10
NVDA,2026-04-10
PLTR,2026-04-10
QQQ,2026-04-10
SPY,2026-04-10
TQQQ,2026-04-10
TSLA,2026-04-10
AMD,2026-04-13
AMZN,2026-04-13
AVGO,2026-04-13
INTC,2026-04-13
LITE,2026-04-13
MSFT,2026-04-13
MU,2026-04-13
NOW,2026-04-13
NVDA,2026-04-13
PLTR,2026-04-13
QQQ,2026-04-13
SNDK,2026-04-13
SPY,2026-04-13
TSLA,2026-04-13
AAPL,2026-04-14
AMD,2026-04-14
AMZN,2026-04-14
AVGO,2026-04-14
INTC,2026-04-14
LITE,2026-04-14
MRVL,2026-04-14
MSFT,2026-04-14
MU,2026-04-14
NVDA,2026-04-14
PLTR,2026-04-14
QQQ,2026-04-14
SPY,2026-04-14
TSLA,2026-04-14
AAPL,2026-04-15
AMD,2026-04-15
AMZN,2026-04-15
INTC,2026-04-15
LITE,2026-04-15
META,2026-04-15
MSFT,2026-04-15
NVDA,2026-04-15
ORCL,2026-04-15
PLTR,2026-04-15
QQQ,2026-04-15
SNDK,2026-04-15
SPY,2026-04-15
TSLA,2026-04-15
AAPL,2026-04-16
AMD,2026-04-16
AMZN,2026-04-16
AVGO,2026-04-16
CRWV,2026-04-16
INTC,2026-04-16
LITE,2026-04-16
MSFT,2026-04-16
MU,2026-04-16
NVDA,2026-04-16
ORCL,2026-04-16
PLTR,2026-04-16
QQQ,2026-04-16
SNDK,2026-04-16
SOXL,2026-04-16
SPY,2026-04-16
AAPL,2026-04-17
AMZN,2026-04-17
HOOD,2026-04-17
MSFT,2026-04-17
MU,2026-04-17
NVDA,2026-04-17
PLTR,2026-04-17
QQQ,2026-04-17
SNDK,2026-04-17
SOXL,2026-04-17
SPY,2026-04-17
TQQQ,2026-04-17
TSLA,2026-04-17
AAPL,2026-04-20
AMD,2026-04-20
AMZN,2026-04-20
HOOD,2026-04-20
INTC,2026-04-20
IWM,2026-04-20
MSFT,2026-04-20
MU,2026-04-20
NVDA,2026-04-20
ORCL,2026-04-20
PLTR,2026-04-20
QQQ,2026-04-20
SNDK,2026-04-20
SPY,2026-04-20
TQQQ,2026-04-20
TSLA,2026-04-20
AAPL,2026-04-21
AMD,2026-04-21
AMZN,2026-04-21
INTC,2026-04-21
MSFT,2026-04-21
MSTR,2026-04-21
MU,2026-04-21
NVDA,2026-04-21
ORCL,2026-04-21
PLTR,2026-04-21
QQQ,2026-04-21
SNDK,2026-04-21
SOXL,2026-04-21
SPY,2026-04-21
TQQQ,2026-04-21
TSLA,2026-04-21
AAPL,2026-04-22
AMD,2026-04-22
AMZN,2026-04-22
INTC,2026-04-22
LITE,2026-04-22
MRVL,2026-04-22
MSFT,2026-04-22
MU,2026-04-22
NVDA,2026-04-22
ORCL,2026-04-22
PLTR,2026-04-22
QQQ,2026-04-22
SNDK,2026-04-22
SOXL,2026-04-22
SPY,2026-04-22
TQQQ,2026-04-22
TSLA,2026-04-22
AAPL,2026-04-23
INTC,2026-04-23
MRVL,2026-04-23
MSFT,2026-04-23
NVDA,2026-04-23
ORCL,2026-04-23
PLTR,2026-04-23
QQQ,2026-04-23
SPY,2026-04-23
TQQQ,2026-04-23
TSLA,2026-04-23
AMD,2026-04-24
INTC,2026-04-24
MSFT,2026-04-24
MU,2026-04-24
NOW,2026-04-24
NVDA,2026-04-24
ORCL,2026-04-24
PLTR,2026-04-24
QQQ,2026-04-24
SNDK,2026-04-24
SPY,2026-04-24
TQQQ,2026-04-24
TSLA,2026-04-24
AMZN,2026-04-27
MRVL,2026-04-27
MSFT,2026-04-27
MU,2026-04-27
NVDA,2026-04-27
ORCL,2026-04-27
PLTR,2026-04-27
QQQ,2026-04-27
SPY,2026-04-27
TSLA,2026-04-27
AMD,2026-04-28
AMZN,2026-04-28
INTC,2026-04-28
LITE,2026-04-28
MRVL,2026-04-28
MSFT,2026-04-28
NVDA,2026-04-28
ORCL,2026-04-28
PLTR,2026-04-28
QQQ,2026-04-28
SOXL,2026-04-28
SPY,2026-04-28
TQQQ,2026-04-28
TSLA,2026-04-28
AMD,2026-04-29
AMZN,2026-04-29
INTC,2026-04-29
LITE,2026-04-29
MRVL,2026-04-29
MSFT,2026-04-29
MU,2026-04-29
NVDA,2026-04-29
ORCL,2026-04-29
PLTR,2026-04-29
QQQ,2026-04-29
SNDK,2026-04-29
SOXL,2026-04-29
SPY,2026-04-29
TSLA,2026-04-29
AMD,2026-04-30
AMZN,2026-04-30
HOOD,2026-04-30
META,2026-04-30
MSFT,2026-04-30
MU,2026-04-30
NVDA,2026-04-30
PLTR,2026-04-30
QQQ,2026-04-30
SPY,2026-04-30
TSLA,2026-04-30
AAPL,2026-05-01
AMZN,2026-05-01
BE,2026-05-01
INTC,2026-05-01
META,2026-05-01
MSFT,2026-05-01
MU,2026-05-01
NVDA,2026-05-01
ORCL,2026-05-01
PLTR,2026-05-01
QQQ,2026-05-01
SNDK,2026-05-01
SPY,2026-05-01
TSLA,2026-05-01
AAPL,2026-05-04
AMD,2026-05-04
AMZN,2026-05-04
META,2026-05-04
MU,2026-05-04
NVDA,2026-05-04
PLTR,2026-05-04
QQQ,2026-05-04
SOXL,2026-05-04
SPY,2026-05-04
TSLA,2026-05-04
WDC,2026-05-04
AAPL,2026-05-05
AMD,2026-05-05
AMZN,2026-05-05
INTC,2026-05-05
LITE,2026-05-05
MSFT,2026-05-05
NVDA,2026-05-05
ORCL,2026-05-05
PLTR,2026-05-05
QQQ,2026-05-05
SOXL,2026-05-05
SPY,2026-05-05
TSLA,2026-05-05
WDC,2026-05-05
AAPL,2026-05-06
AMD,2026-05-06
LITE,2026-05-06
NVDA,2026-05-06
ORCL,2026-05-06
PLTR,2026-05-06
QQQ,2026-05-06
SPY,2026-05-06
TSLA,2026-05-06
AAPL,2026-05-07
INTC,2026-05-07
LITE,2026-05-07
MSFT,2026-05-07
MU,2026-05-07
PLTR,2026-05-07
QCOM,2026-05-07
QQQ,2026-05-07
SNDK,2026-05-07
SPY,2026-05-07
TSLA,2026-05-07
AAPL,2026-05-08
AMD,2026-05-08
CRWV,2026-05-08
INTC,2026-05-08
LITE,2026-05-08
MSFT,2026-05-08
MU,2026-05-08
NVDA,2026-05-08
ORCL,2026-05-08
QQQ,2026-05-08
SNDK,2026-05-08
SOXL,2026-05-08
SPY,2026-05-08
TSLA,2026-05-08
AAPL,2026-05-11
CRWV,2026-05-11
LITE,2026-05-11
MSFT,2026-05-11
NVDA,2026-05-11
QQQ,2026-05-11
SPY,2026-05-11
TSLA,2026-05-11
AAPL,2026-05-12
AMD,2026-05-12
INTC,2026-05-12
MSFT,2026-05-12
NVDA,2026-05-12
QQQ,2026-05-12
SNDK,2026-05-12
SPY,2026-05-12
TSLA,2026-05-12
AMD,2026-05-13
GLW,2026-05-13
INTC,2026-05-13
LITE,2026-05-13
MSFT,2026-05-13
MU,2026-05-13
NVDA,2026-05-13
QCOM,2026-05-13
QQQ,2026-05-13
SNDK,2026-05-13
SOXL,2026-05-13
SPY,2026-05-13
TSLA,2026-05-13
AAPL,2026-05-14
AMD,2026-05-14
INTC,2026-05-14
LITE,2026-05-14
MSFT,2026-05-14
MU,2026-05-14
NVDA,2026-05-14
QCOM,2026-05-14
QQQ,2026-05-14
SNDK,2026-05-14
SPY,2026-05-14
TSLA,2026-05-14
AAPL,2026-05-15
AMD,2026-05-15
INTC,2026-05-15
LITE,2026-05-15
MRVL,2026-05-15
MSFT,2026-05-15
MU,2026-05-15
NVDA,2026-05-15
ORCL,2026-05-15
QCOM,2026-05-15
QQQ,2026-05-15
SNDK,2026-05-15
SOXL,2026-05-15
SPY,2026-05-15
TSLA,2026-05-15
AAPL,2026-05-18
AMD,2026-05-18
INTC,2026-05-18
LITE,2026-05-18
MRVL,2026-05-18
MSFT,2026-05-18
MU,2026-05-18
NBIS,2026-05-18
NVDA,2026-05-18
QCOM,2026-05-18
QQQ,2026-05-18
SNDK,2026-05-18
SOXL,2026-05-18
SPY,2026-05-18
TSLA,2026-05-18
AMD,2026-05-19
INTC,2026-05-19
LITE,2026-05-19
MSFT,2026-05-19
MU,2026-05-19
NBIS,2026-05-19
NVDA,2026-05-19
QCOM,2026-05-19
QQQ,2026-05-19
SNDK,2026-05-19
SOXL,2026-05-19
SPY,2026-05-19
TSLA,2026-05-19
AMD,2026-05-20
GOOGL,2026-05-20
INTC,2026-05-20
LITE,2026-05-20
MRVL,2026-05-20
MSFT,2026-05-20
MU,2026-05-20
NOW,2026-05-20
NVDA,2026-05-20
QCOM,2026-05-20
QQQ,2026-05-20
SNDK,2026-05-20
SOXL,2026-05-20
SOXS,2026-05-20
SPY,2026-05-20
TSLA,2026-05-20
CBRS,2026-05-21
GOOGL,2026-05-21
LITE,2026-05-21
MSFT,2026-05-21
MU,2026-05-21
NVDA,2026-05-21
QCOM,2026-05-21
QQQ,2026-05-21
SNDK,2026-05-21
SPY,2026-05-21
TSLA,2026-05-21
AAPL,2026-05-22
AMD,2026-05-22
INTC,2026-05-22
MSFT,2026-05-22
MU,2026-05-22
NVDA,2026-05-22
QQQ,2026-05-22
SOXL,2026-05-22
SPY,2026-05-22
TSLA,2026-05-22
AAPL,2026-05-26
AMD,2026-05-26
ARM,2026-05-26
INTC,2026-05-26
MRVL,2026-05-26
MSFT,2026-05-26
MU,2026-05-26
NVDA,2026-05-26
QQQ,2026-05-26
SNDK,2026-05-26
SPY,2026-05-26
TSLA,2026-05-26
AAPL,2026-05-27
INTC,2026-05-27
LITE,2026-05-27
MSFT,2026-05-27
NVDA,2026-05-27
QCOM,2026-05-27
QQQ,2026-05-27
SPY,2026-05-27
TSLA,2026-05-27
AAPL,2026-05-28
AMD,2026-05-28
INTC,2026-05-28
META,2026-05-28
MRVL,2026-05-28
MU,2026-05-28
NVDA,2026-05-28
QCOM,2026-05-28
QQQ,2026-05-28
SNDK,2026-05-28
SOXL,2026-05-28
SPY,2026-05-28
TSLA,2026-05-28
AAPL,2026-05-29
AMD,2026-05-29
DELL,2026-05-29
INTC,2026-05-29
LITE,2026-05-29
MRVL,2026-05-29
MSFT,2026-05-29
MU,2026-05-29
NVDA,2026-05-29
QQQ,2026-05-29
SNDK,2026-05-29
SOXL,2026-05-29
SPY,2026-05-29
TSLA,2026-05-29
AAPL,2026-06-01
AMD,2026-06-01
AVGO,2026-06-01
INTC,2026-06-01
NVDA,2026-06-01
QCOM,2026-06-01
QQQ,2026-06-01
SNDK,2026-06-01
SOXL,2026-06-01
SPY,2026-06-01
TSLA,2026-06-01
AAPL,2026-06-02
AMD,2026-06-02
INTC,2026-06-02
META,2026-06-02
MSFT,2026-06-02
PLTR,2026-06-02
QQQ,2026-06-02
SNDK,2026-06-02
SOXL,2026-06-02
SPY,2026-06-02
TSLA,2026-06-02
AAPL,2026-06-03
AMD,2026-06-03
AVGO,2026-06-03
DELL,2026-06-03
GOOGL,2026-06-03
INTC,2026-06-03
MSFT,2026-06-03
MU,2026-06-03
NVDA,2026-06-03
ORCL,2026-06-03
QQQ,2026-06-03
SNDK,2026-06-03
SPY,2026-06-03
TSLA,2026-06-03
AMD,2026-06-04
AVGO,2026-06-04
DELL,2026-06-04
GOOGL,2026-06-04
INTC,2026-06-04
LITE,2026-06-04
MRVL,2026-06-04
MSFT,2026-06-04
MU,2026-06-04
NVDA,2026-06-04
ORCL,2026-06-04
PLTR,2026-06-04
QQQ,2026-06-04
SPY,2026-06-04
TSLA,2026-06-04
AMD,2026-06-05
AVGO,2026-06-05
CRWD,2026-06-05
DELL,2026-06-05
GOOGL,2026-06-05
INTC,2026-06-05
LITE,2026-06-05
MRVL,2026-06-05
MU,2026-06-05
NVDA,2026-06-05
PLTR,2026-06-05
QQQ,2026-06-05
SNDK,2026-06-05
SOXL,2026-06-05
SPY,2026-06-05
AAPL,2026-06-08
AMD,2026-06-08
AVGO,2026-06-08
EWY,2026-06-08
INTC,2026-06-08
MRVL,2026-06-08
MU,2026-06-08
NVDA,2026-06-08
QQQ,2026-06-08
SNDK,2026-06-08
SOXL,2026-06-08
SPY,2026-06-08
TQQQ,2026-06-08
TSLA,2026-06-08
AAPL,2026-06-09
AVGO,2026-06-09
LITE,2026-06-09
NVDA,2026-06-09
QQQ,2026-06-09
SOXS,2026-06-09
SPY,2026-06-09
TQQQ,2026-06-09
TSLA,2026-06-09
AAPL,2026-06-10
AMD,2026-06-10
AVGO,2026-06-10
INTC,2026-06-10
MRVL,2026-06-10
MU,2026-06-10
NVDA,2026-06-10
QQQ,2026-06-10
SNDK,2026-06-10
SOXL,2026-06-10
SOXS,2026-06-10
SPY,2026-06-10
SQQQ,2026-06-10
TQQQ,2026-06-10
TSLA,2026-06-10
AAPL,2026-06-11
AMD,2026-06-11
AVGO,2026-06-11
INTC,2026-06-11
MRVL,2026-06-11
MU,2026-06-11
NVDA,2026-06-11
ORCL,2026-06-11
QQQ,2026-06-11
SNDK,2026-06-11
SOXL,2026-06-11
SPY,2026-06-11
TQQQ,2026-06-11
TSLA,2026-06-11
AVGO,2026-06-12
MSFT,2026-06-12
NVDA,2026-06-12
ORCL,2026-06-12
QQQ,2026-06-12
SPY,2026-06-12
TSLA,2026-06-12
AMD,2026-06-15
AMZN,2026-06-15
AVGO,2026-06-15
MRVL,2026-06-15
MSFT,2026-06-15
MU,2026-06-15
NVDA,2026-06-15
QQQ,2026-06-15
RKLB,2026-06-15
SOXL,2026-06-15
SPY,2026-06-15
TQQQ,2026-06-15
TSLA,2026-06-15
AAPL,2026-06-16
AMAT,2026-06-16
AVGO,2026-06-16
INTC,2026-06-16
NVDA,2026-06-16
QQQ,2026-06-16
SPY,2026-06-16
TSLA,2026-06-16
AMAT,2026-06-17
AMD,2026-06-17
AVGO,2026-06-17
INTC,2026-06-17
MRVL,2026-06-17
MSFT,2026-06-17
MU,2026-06-17
NVDA,2026-06-17
QQQ,2026-06-17
SNDK,2026-06-17
SOXL,2026-06-17
SPY,2026-06-17
TQQQ,2026-06-17
TSLA,2026-06-17
WDC,2026-06-17
AMD,2026-06-18
AVGO,2026-06-18
INTC,2026-06-18
MRVL,2026-06-18
MSFT,2026-06-18
MU,2026-06-18
NVDA,2026-06-18
QQQ,2026-06-18
SNDK,2026-06-18
SOXL,2026-06-18
SPY,2026-06-18
TSLA,2026-06-18
WDC,2026-06-18
AAPL,2026-06-22
AMD,2026-06-22
ARM,2026-06-22
AVGO,2026-06-22
NVDA,2026-06-22
QQQ,2026-06-22
SPCX,2026-06-22
SPY,2026-06-22
WDC,2026-06-22
AMAT,2026-06-23
AMD,2026-06-23
AVGO,2026-06-23
GOOGL,2026-06-23
MRVL,2026-06-23
MSFT,2026-06-23
NVDA,2026-06-23
QQQ,2026-06-23
SNDK,2026-06-23
SPCX,2026-06-23
SPY,2026-06-23
TSLA,2026-06-23
WDC,2026-06-23
AMD,2026-06-24
AVGO,2026-06-24
INTC,2026-06-24
MRVL,2026-06-24
MU,2026-06-24
NVDA,2026-06-24
QQQ,2026-06-24
SNDK,2026-06-24
SOXL,2026-06-24
SPCX,2026-06-24
SPY,2026-06-24
TSLA,2026-06-24
WDC,2026-06-24
AAPL,2026-06-25
AMD,2026-06-25
AMZN,2026-06-25
AVGO,2026-06-25
GOOGL,2026-06-25
INTC,2026-06-25
MRVL,2026-06-25
MSFT,2026-06-25
MU,2026-06-25
NVDA,2026-06-25
QQQ,2026-06-25
SNDK,2026-06-25
SOXL,2026-06-25
SPCX,2026-06-25
SPY,2026-06-25
TSLA,2026-06-25
WDC,2026-06-25
AAPL,2026-06-26
AMD,2026-06-26
AMZN,2026-06-26
GOOGL,2026-06-26
INTC,2026-06-26
MRVL,2026-06-26
MSFT,2026-06-26
NVDA,2026-06-26
QQQ,2026-06-26
SMH,2026-06-26
SPCX,2026-06-26
SPY,2026-06-26
TSLA,2026-06-26
AAPL,2026-06-29
AMAT,2026-06-29
AMD,2026-06-29
AMZN,2026-06-29
AVGO,2026-06-29
BE,2026-06-29
GOOGL,2026-06-29
INTC,2026-06-29
MU,2026-06-29
NVDA,2026-06-29
QQQ,2026-06-29
SNDK,2026-06-29
SPCX,2026-06-29
SPY,2026-06-29
TSLA,2026-06-29
WDC,2026-06-29
AAPL,2026-06-30
AMD,2026-06-30
AMZN,2026-06-30
AVGO,2026-06-30
INTC,2026-06-30
MRVL,2026-06-30
MSFT,2026-06-30
MU,2026-06-30
NVDA,2026-06-30
QQQ,2026-06-30
SNDK,2026-06-30
SPY,2026-06-30
AAPL,2026-07-01
AMAT,2026-07-01
AVGO,2026-07-01
MSFT,2026-07-01
MU,2026-07-01
NVDA,2026-07-01
QQQ,2026-07-01
SPCX,2026-07-01
SPY,2026-07-01
TSLA,2026-07-01
AMAT,2026-07-02
AMD,2026-07-02
AVGO,2026-07-02
INTC,2026-07-02
MRVL,2026-07-02
MSFT,2026-07-02
MU,2026-07-02
NVDA,2026-07-02
QQQ,2026-07-02
SNDK,2026-07-02
SOXL,2026-07-02
SPCX,2026-07-02
SPY,2026-07-02
TSLA,2026-07-02
AAPL,2026-07-06
AMD,2026-07-06
AVGO,2026-07-06
INTC,2026-07-06
MRVL,2026-07-06
MSFT,2026-07-06
MU,2026-07-06
NVDA,2026-07-06
QQQ,2026-07-06
SMH,2026-07-06
SNDK,2026-07-06
SOXL,2026-07-06
SPCX,2026-07-06
SPY,2026-07-06
TSLA,2026-07-06
AAPL,2026-07-07
INTC,2026-07-07
MRVL,2026-07-07
MSFT,2026-07-07
MU,2026-07-07
NVDA,2026-07-07
QQQ,2026-07-07
SMH,2026-07-07
SNDK,2026-07-07
SPCX,2026-07-07
SPY,2026-07-07
TSM,2026-07-07
AAPL,2026-07-08
AMD,2026-07-08
INTC,2026-07-08
MRVL,2026-07-08
MU,2026-07-08
NVDA,2026-07-08
PLTR,2026-07-08
QQQ,2026-07-08
SMH,2026-07-08
SNDK,2026-07-08
SOXL,2026-07-08
SPCX,2026-07-08
SPY,2026-07-08
TSLA,2026-07-08
AAPL,2026-07-09
AMD,2026-07-09
AVGO,2026-07-09
INTC,2026-07-09
MRVL,2026-07-09
MU,2026-07-09
NVDA,2026-07-09
PLTR,2026-07-09
QQQ,2026-07-09
SMH,2026-07-09
SPCX,2026-07-09
SPY,2026-07-09
TSLA,2026-07-09
AAPL,2026-07-10
AMAT,2026-07-10
INTC,2026-07-10
META,2026-07-10
MRVL,2026-07-10
MSFT,2026-07-10
MU,2026-07-10
NVDA,2026-07-10
ORCL,2026-07-10
QQQ,2026-07-10
SPCX,2026-07-10
SPY,2026-07-10
TSLA,2026-07-10
AAPL,2026-07-13
AMD,2026-07-13
DRAM,2026-07-13
INTC,2026-07-13
MSFT,2026-07-13
MU,2026-07-13
NVDA,2026-07-13
ORCL,2026-07-13
PLTR,2026-07-13
QQQ,2026-07-13
SNDK,2026-07-13
SOXL,2026-07-13
SPCX,2026-07-13
SPY,2026-07-13
TSLA,2026-07-13
AAPL,2026-07-14
AMD,2026-07-14
INTC,2026-07-14
META,2026-07-14
MRVL,2026-07-14
MSFT,2026-07-14
MU,2026-07-14
NVDA,2026-07-14
ORCL,2026-07-14
PLTR,2026-07-14
QQQ,2026-07-14
SNDK,2026-07-14
SOXL,2026-07-14
SPCX,2026-07-14
SPY,2026-07-14
TSLA,2026-07-14
AAPL,2026-07-15
AMD,2026-07-15
IBM,2026-07-15
INTC,2026-07-15
META,2026-07-15
MSFT,2026-07-15
MU,2026-07-15
NVDA,2026-07-15
ORCL,2026-07-15
PLTR,2026-07-15
QQQ,2026-07-15
SPCX,2026-07-15
SPY,2026-07-15
TSLA,2026-07-15
AAPL,2026-07-16
AMD,2026-07-16
IBM,2026-07-16
INTC,2026-07-16
META,2026-07-16
MRVL,2026-07-16
MSFT,2026-07-16
MU,2026-07-16
NVDA,2026-07-16
ORCL,2026-07-16
QQQ,2026-07-16
SNDK,2026-07-16
SOXL,2026-07-16
SPCX,2026-07-16
SPY,2026-07-16
TSLA,2026-07-16
AAPL,2026-07-17
AMD,2026-07-17
GOOGL,2026-07-17
INTC,2026-07-17
MRVL,2026-07-17
MSFT,2026-07-17
MU,2026-07-17
NVDA,2026-07-17
ORCL,2026-07-17
QQQ,2026-07-17
SKHY,2026-07-17
SNDK,2026-07-17
SOXL,2026-07-17
SPCX,2026-07-17
SPY,2026-07-17
TSLA,2026-07-17
AAPL,2026-07-20
AMD,2026-07-20
DRAM,2026-07-20
INTC,2026-07-20
META,2026-07-20
MSFT,2026-07-20
MU,2026-07-20
NVDA,2026-07-20
QQQ,2026-07-20
SKHY,2026-07-20
SNDK,2026-07-20
SOXL,2026-07-20
SPCX,2026-07-20
SPY,2026-07-20
TSLA,2026-07-20
TSM,2026-07-20
AAPL,2026-07-21
AMD,2026-07-21
INTC,2026-07-21
MRVL,2026-07-21
MSFT,2026-07-21
MU,2026-07-21
NVDA,2026-07-21
ORCL,2026-07-21
QQQ,2026-07-21
SKHY,2026-07-21
SNDK,2026-07-21
SOXL,2026-07-21
SPCX,2026-07-21
SPY,2026-07-21
TSLA,2026-07-21
AAPL,2026-07-22
NVDA,2026-07-22
QQQ,2026-07-22
SPCX,2026-07-22
SPY,2026-07-22
TSLA,2026-07-22
AAPL,2026-07-23
AMD,2026-07-23
GEV,2026-07-23
GOOGL,2026-07-23
INTC,2026-07-23
MSFT,2026-07-23
MU,2026-07-23
NVDA,2026-07-23
PLTR,2026-07-23
QQQ,2026-07-23
SNDK,2026-07-23
SOXL,2026-07-23
SPCX,2026-07-23
SPY,2026-07-23
TSLA,2026-07-23
AAPL,2026-07-24
AMD,2026-07-24
GOOGL,2026-07-24
INTC,2026-07-24
MU,2026-07-24
NOW,2026-07-24
NVDA,2026-07-24
QQQ,2026-07-24
SKHY,2026-07-24
SNDK,2026-07-24
SOXL,2026-07-24
SPCX,2026-07-24
SPY,2026-07-24
TQQQ,2026-07-24
TSLA,2026-07-24
AAPL,2026-07-27
AMD,2026-07-27
INTC,2026-07-27
MU,2026-07-27
NBIS,2026-07-27
NVDA,2026-07-27
ORCL,2026-07-27
QQQ,2026-07-27
SMH,2026-07-27
SNDK,2026-07-27
SOXL,2026-07-27
SPCX,2026-07-27
SPY,2026-07-27
TQQQ,2026-07-27
TSLA,2026-07-27
AAPL,2026-07-28
AMD,2026-07-28
ASML,2026-07-28
INTC,2026-07-28
MU,2026-07-28
NVDA,2026-07-28
QQQ,2026-07-28
SKHY,2026-07-28
SMH,2026-07-28
SNDK,2026-07-28
SOXL,2026-07-28
SPCX,2026-07-28
SPY,2026-07-28
TSLA,2026-07-28
AAPL,2026-07-29
AMD,2026-07-29
GLW,2026-07-29
INTC,2026-07-29
MSFT,2026-07-29
MU,2026-07-29
NVDA,2026-07-29
PLTR,2026-07-29
QQQ,2026-07-29
SKHY,2026-07-29
SNDK,2026-07-29
SOXL,2026-07-29
SPCX,2026-07-29
SPY,2026-07-29
TSLA,2026-07-29
AAPL,2026-07-30
AMD,2026-07-30
BE,2026-07-30
EWY,2026-07-30
INTC,2026-07-30
META,2026-07-30
MSFT,2026-07-30
MU,2026-07-30
NVDA,2026-07-30
QQQ,2026-07-30
SKHY,2026-07-30
SNDK,2026-07-30
SOXL,2026-07-30
SPCX,2026-07-30
SPY,2026-07-30
TSLA,2026-07-30
AAPL,2026-07-31
AMZN,2026-07-31
META,2026-07-31
NVDA,2026-07-31
QQQ,2026-07-31
SPY,2026-07-31
TSLA,2026-07-31
AAPL,2026-08-03
AMD,2026-08-03
APP,2026-08-03
EWY,2026-08-03
INTC,2026-08-03
META,2026-08-03
MSFT,2026-08-03
MU,2026-08-03
NVDA,2026-08-03
QQQ,2026-08-03
SKHY,2026-08-03
SNDK,2026-08-03
SOXL,2026-08-03
SPCX,2026-08-03
SPY,2026-08-03
TQQQ,2026-08-03
AAPL,2026-08-04
AMD,2026-08-04
AMZN,2026-08-04
GOOGL,2026-08-04
INTC,2026-08-04
MSFT,2026-08-04
MU,2026-08-04
NVDA,2026-08-04
PLTR,2026-08-04
QQQ,2026-08-04
SOXL,2026-08-04
SPY,2026-08-04
SQQQ,2026-08-04
AAPL,2026-08-05
AMZN,2026-08-05
MSFT,2026-08-05
NVDA,2026-08-05
ORCL,2026-08-05
QQQ,2026-08-05
SPY,2026-08-05
AAPL,2026-08-06
AMD,2026-08-06
GOOGL,2026-08-06
INTC,2026-08-06
MSFT,2026-08-06
MU,2026-08-06
NVDA,2026-08-06
PLTR,2026-08-06
QQQ,2026-08-06
SNDK,2026-08-06
SOXL,2026-08-06
SPCX,2026-08-06
SPY,2026-08-06
TQQQ,2026-08-06
WDC,2026-08-06
AAPL,2026-08-07
AMD,2026-08-07
APP,2026-08-07
GOOGL,2026-08-07
INTC,2026-08-07
MSFT,2026-08-07
MU,2026-08-07
NBIS,2026-08-07
NVDA,2026-08-07
PLTR,2026-08-07
QQQ,2026-08-07
SNDK,2026-08-07
SOXL,2026-08-07
SPY,2026-08-07
WDC,2026-08-07
AMD,2026-08-10
INTC,2026-08-10
MSFT,2026-08-10
MU,2026-08-10
NVDA,2026-08-10
QQQ,2026-08-10
SKHY,2026-08-10
SNDK,2026-08-10
SPY,2026-08-10
TSLA,2026-08-10
WDC,2026-08-10
AAPL,2026-08-11
AMD,2026-08-11
AMZN,2026-08-11
INTC,2026-08-11
LITE,2026-08-11
MRVL,2026-08-11
MSFT,2026-08-11
MU,2026-08-11
NVDA,2026-08-11
ORCL,2026-08-11
PLTR,2026-08-11
QQQ,2026-08-11
SNDK,2026-08-11
SOXL,2026-08-11
SPCX,2026-08-11
SPY,2026-08-11
AAPL,2026-08-12
AMD,2026-08-12
CRWV,2026-08-12
GOOGL,2026-08-12
INTC,2026-08-12
LITE,2026-08-12
MSFT,2026-08-12
MU,2026-08-12
NBIS,2026-08-12
NVDA,2026-08-12
PLTR,2026-08-12
QQQ,2026-08-12
SNDK,2026-08-12
SOXL,2026-08-12
SPCX,2026-08-12
SPY,2026-08-12
AAPL,2026-08-13
AMD,2026-08-13
INTC,2026-08-13
MSFT,2026-08-13
MU,2026-08-13
NVDA,2026-08-13
QQQ,2026-08-13
SPY,2026-08-13
AAPL,2026-08-14
AMAT,2026-08-14
AMD,2026-08-14
CRWV,2026-08-14
INTC,2026-08-14
MSFT,2026-08-14
MU,2026-08-14
NBIS,2026-08-14
NVDA,2026-08-14
PLTR,2026-08-14
QQQ,2026-08-14
SOXL,2026-08-14
SPCX,2026-08-14
SPY,2026-08-14
TSLA,2026-08-14
AMAT,2026-08-17
AVGO,2026-08-17
INTC,2026-08-17
MU,2026-08-17
NVDA,2026-08-17
PLTR,2026-08-17
QQQ,2026-08-17
SOXL,2026-08-17
SPCX,2026-08-17
SPY,2026-08-17
TSLA,2026-08-17
WDC,2026-08-17
AAPL,2026-08-18
AMD,2026-08-18
AMZN,2026-08-18
INTC,2026-08-18
LITE,2026-08-18
MSFT,2026-08-18
MU,2026-08-18
NBIS,2026-08-18
NVDA,2026-08-18
QQQ,2026-08-18
RDDT,2026-08-18
SOXL,2026-08-18
SPCX,2026-08-18
SPY,2026-08-18
AAPL,2026-08-19
AMD,2026-08-19
EWY,2026-08-19
INTC,2026-08-19
LITE,2026-08-19
META,2026-08-19
MRVL,2026-08-19
MSFT,2026-08-19
MU,2026-08-19
NBIS,2026-08-19
NVDA,2026-08-19
QQQ,2026-08-19
SNDK,2026-08-19
SOXL,2026-08-19
SPCX,2026-08-19
SPY,2026-08-19
AAPL,2026-08-20
AMD,2026-08-20
AVGO,2026-08-20
INTC,2026-08-20
MU,2026-08-20
NBIS,2026-08-20
NVDA,2026-08-20
PLTR,2026-08-20
QQQ,2026-08-20
SNDK,2026-08-20
SOXL,2026-08-20
SPCX,2026-08-20
SPY,2026-08-20
TSLA,2026-08-20
AAPL,2026-08-21
AMD,2026-08-21
INTC,2026-08-21
MRNA,2026-08-21
MSFT,2026-08-21
MU,2026-08-21
NBIS,2026-08-21
NVDA,2026-08-21
QQQ,2026-08-21
SNDK,2026-08-21
SOXL,2026-08-21
SPCX,2026-08-21
SPY,2026-08-21
TSLA,2026-08-21
AAPL,2026-08-24
AMD,2026-08-24
INTC,2026-08-24
MRVL,2026-08-24
MSFT,2026-08-24
MU,2026-08-24
NVDA,2026-08-24
PLTR,2026-08-24
QQQ,2026-08-24
SNDK,2026-08-24
SOXL,2026-08-24
SPCX,2026-08-24
SPY,2026-08-24
AAPL,2026-08-25
AMAT,2026-08-25
AMD,2026-08-25
GOOGL,2026-08-25
INTC,2026-08-25
MRNA,2026-08-25
MSFT,2026-08-25
MSTR,2026-08-25
MU,2026-08-25
NVDA,2026-08-25
PLTR,2026-08-25
QQQ,2026-08-25
SNDK,2026-08-25
SOXL,2026-08-25
SPCX,2026-08-25
SPY,2026-08-25
TSLA,2026-08-25
AAPL,2026-08-26
AMD,2026-08-26
INTC,2026-08-26
MRVL,2026-08-26
MSFT,2026-08-26
MSTR,2026-08-26
MU,2026-08-26
NVDA,2026-08-26
PLTR,2026-08-26
QQQ,2026-08-26
SNDK,2026-08-26
SOXL,2026-08-26
SPCX,2026-08-26
SPY,2026-08-26
TSLA,2026-08-26
AAPL,2026-08-27
AMD,2026-08-27
INTC,2026-08-27
META,2026-08-27
MRNA,2026-08-27
MRVL,2026-08-27
MSFT,2026-08-27
MU,2026-08-27
NVDA,2026-08-27
PLTR,2026-08-27
QQQ,2026-08-27
SNDK,2026-08-27
SOXL,2026-08-27
SPCX,2026-08-27
SPY,2026-08-27
TSLA,2026-08-27
AAPL,2026-08-28
AMD,2026-08-28
INTC,2026-08-28
MRVL,2026-08-28
MSFT,2026-08-28
MU,2026-08-28
PLTR,2026-08-28
QQQ,2026-08-28
SNDK,2026-08-28
SPCX,2026-08-28
SPY,2026-08-28
TSLA,2026-08-28
AAPL,2026-08-31
AMD,2026-08-31
AMZN,2026-08-31
INTC,2026-08-31
MRVL,2026-08-31
MSFT,2026-08-31
MSTR,2026-08-31
MU,2026-08-31
NOW,2026-08-31
NVDA,2026-08-31
PLTR,2026-08-31
QQQ,2026-08-31
SNDK,2026-08-31
SOXL,2026-08-31
SPCX,2026-08-31
SPY,2026-08-31
TSLA,2026-08-31
AAPL,2026-09-01
AMZN,2026-09-01
DELL,2026-09-01
GOOGL,2026-09-01
INTC,2026-09-01
MRVL,2026-09-01
MSFT,2026-09-01
MU,2026-09-01
NOW,2026-09-01
NVDA,2026-09-01
PLTR,2026-09-01
QQQ,2026-09-01
SOXL,2026-09-01
SPCX,2026-09-01
SPY,2026-09-01
AAPL,2026-09-02
AMZN,2026-09-02
DELL,2026-09-02
INTC,2026-09-02
META,2026-09-02
MRVL,2026-09-02
MSFT,2026-09-02
MU,2026-09-02
NVDA,2026-09-02
PANW,2026-09-02
PLTR,2026-09-02
QQQ,2026-09-02
SNDK,2026-09-02
SOXL,2026-09-02
SPCX,2026-09-02
SPY,2026-09-02
TSLA,2026-09-02
AAPL,2026-09-03
AVGO,2026-09-03
CRDO,2026-09-03
INTC,2026-09-03
META,2026-09-03
MU,2026-09-03
NVDA,2026-09-03
ORCL,2026-09-03
PANW,2026-09-03
PLTR,2026-09-03
QQQ,2026-09-03
SNDK,2026-09-03
SOXL,2026-09-03
SPCX,2026-09-03
SPY,2026-09-03
TSLA,2026-09-03
AAPL,2026-09-04
AVGO,2026-09-04
DELL,2026-09-04
INTC,2026-09-04
MSFT,2026-09-04
MU,2026-09-04
NVDA,2026-09-04
QQQ,2026-09-04
SNDK,2026-09-04
SOXL,2026-09-04
SPY,2026-09-04
AAPL,2026-09-08
AMD,2026-09-08
AVGO,2026-09-08
DELL,2026-09-08
INTC,2026-09-08
META,2026-09-08
NVDA,2026-09-08
ORCL,2026-09-08
PLTR,2026-09-08
QQQ,2026-09-08
SPCX,2026-09-08
SPY,2026-09-08
TSLA,2026-09-08
META,2026-09-09
MU,2026-09-09
NVDA,2026-09-09
ORCL,2026-09-09
QQQ,2026-09-09
SNDK,2026-09-09
SPCX,2026-09-09
SPY,2026-09-09
TSLA,2026-09-09
AAPL,2026-09-10
AMD,2026-09-10
DELL,2026-09-10
INTC,2026-09-10
LITE,2026-09-10
MRVL,2026-09-10
MU,2026-09-10
NVDA,2026-09-10
ORCL,2026-09-10
QQQ,2026-09-10
SNDK,2026-09-10
SOXL,2026-09-10
SPCX,2026-09-10
SPY,2026-09-10
TSLA,2026-09-10
AAPL,2026-09-11
INTC,2026-09-11
LITE,2026-09-11
LRCX,2026-09-11
META,2026-09-11
MRVL,2026-09-11
MU,2026-09-11
NVDA,2026-09-11
PLTR,2026-09-11
QQQ,2026-09-11
SKHY,2026-09-11
SNDK,2026-09-11
SOXL,2026-09-11
SPCX,2026-09-11
SPY,2026-09-11
TSLA,2026-09-11
AAPL,2026-09-14
INTC,2026-09-14
LITE,2026-09-14
META,2026-09-14
MRVL,2026-09-14
MU,2026-09-14
NVDA,2026-09-14
ORCL,2026-09-14
QQQ,2026-09-14
SNDK,2026-09-14
SPCX,2026-09-14
SPY,2026-09-14
TSLA,2026-09-14
AAPL,2026-09-15
AMD,2026-09-15
DELL,2026-09-15
GOOGL,2026-09-15
INTC,2026-09-15
META,2026-09-15
MRVL,2026-09-15
MSFT,2026-09-15
MU,2026-09-15
NVDA,2026-09-15
ORCL,2026-09-15
QQQ,2026-09-15
SNDK,2026-09-15
SOXL,2026-09-15
SPCX,2026-09-15
SPY,2026-09-15
AAPL,2026-09-16
AMZN,2026-09-16
CRWD,2026-09-16
DELL,2026-09-16
INTC,2026-09-16
META,2026-09-16
MU,2026-09-16
NVDA,2026-09-16
ORCL,2026-09-16
PLTR,2026-09-16
QQQ,2026-09-16
SNDK,2026-09-16
SOXL,2026-09-16
SPCX,2026-09-16
SPY,2026-09-16
TSLA,2026-09-16
WDC,2026-09-16
AAPL,2026-09-17
AMD,2026-09-17
BE,2026-09-17
DELL,2026-09-17
INTC,2026-09-17
META,2026-09-17
MRVL,2026-09-17
MU,2026-09-17
NVDA,2026-09-17
ORCL,2026-09-17
PLTR,2026-09-17
QQQ,2026-09-17
SNDK,2026-09-17
SOXL,2026-09-17
SPY,2026-09-17
TSLA,2026-09-17
AAPL,2026-09-18
CRWV,2026-09-18
DELL,2026-09-18
LITE,2026-09-18
MRVL,2026-09-18
NBIS,2026-09-18
NVDA,2026-09-18
PLTR,2026-09-18
QQQ,2026-09-18
SPCX,2026-09-18
SPY,2026-09-18
TSLA,2026-09-18
AAPL,2026-09-21
BE,2026-09-21
DELL,2026-09-21
INTC,2026-09-21
LITE,2026-09-21
MSFT,2026-09-21
MU,2026-09-21
NVDA,2026-09-21
PLTR,2026-09-21
QCOM,2026-09-21
QQQ,2026-09-21
SPCX,2026-09-21
SPY,2026-09-21
WDC,2026-09-21
DELL,2026-09-22
LITE,2026-09-22
MSFT,2026-09-22
MU,2026-09-22
NBIS,2026-09-22
NVDA,2026-09-22
QQQ,2026-09-22
SNDK,2026-09-22
SPCX,2026-09-22
SPY,2026-09-22
TSLA,2026-09-22
AAPL,2026-09-23
AMD,2026-09-23
DELL,2026-09-23
INTC,2026-09-23
LITE,2026-09-23
META,2026-09-23
MRVL,2026-09-23
MSFT,2026-09-23
MSTR,2026-09-23
NVDA,2026-09-23
ORCL,2026-09-23
QQQ,2026-09-23
SPCX,2026-09-23
SPY,2026-09-23
AAPL,2026-09-24
AMZN,2026-09-24
CRWD,2026-09-24
DELL,2026-09-24
GOOGL,2026-09-24
INTC,2026-09-24
META,2026-09-24
MRNA,2026-09-24
MRVL,2026-09-24
MSTR,2026-09-24
MU,2026-09-24
NVDA,2026-09-24
ORCL,2026-09-24
QQQ,2026-09-24
SNDK,2026-09-24
SOXL,2026-09-24
SPCX,2026-09-24
SPY,2026-09-24
TSLA,2026-09-24
AMD,2026-09-25
BE,2026-09-25
DELL,2026-09-25
INTC,2026-09-25
LITE,2026-09-25
META,2026-09-25
MRVL,2026-09-25
MU,2026-09-25
NVDA,2026-09-25
ORCL,2026-09-25
QQQ,2026-09-25
SNDK,2026-09-25
SOXL,2026-09-25
SPCX,2026-09-25
SPY,2026-09-25
TSLA,2026-09-25
AMD,2026-09-28
INTC,2026-09-28
LITE,2026-09-28
META,2026-09-28
MRVL,2026-09-28
MSFT,2026-09-28
MU,2026-09-28
NVDA,2026-09-28
ORCL,2026-09-28
QCOM,2026-09-28
QQQ,2026-09-28
SNDK,2026-09-28
SOXL,2026-09-28
SPCX,2026-09-28
SPY,2026-09-28
TSLA,2026-09-28
AMD,2026-09-29
BE,2026-09-29
DELL,2026-09-29
INTC,2026-09-29
LITE,2026-09-29
MDB,2026-09-29
META,2026-09-29
MRVL,2026-09-29
MU,2026-09-29
NVDA,2026-09-29
ORCL,2026-09-29
QQQ,2026-09-29
SNDK,2026-09-29
SOXL,2026-09-29
SPCX,2026-09-29
SPY,2026-09-29
TSLA,2026-09-29
AAPL,2026-09-30
INTC,2026-09-30
MDB,2026-09-30
META,2026-09-30
MRVL,2026-09-30
MSFT,2026-09-30
MU,2026-09-30
NBIS,2026-09-30
NVDA,2026-09-30
ORCL,2026-09-30
QQQ,2026-09-30
SNDK,2026-09-30
SOXL,2026-09-30
SPCX,2026-09-30
SPY,2026-09-30
TSLA,2026-09-30
AAPL,2026-10-01
BE,2026-10-01
GOOGL,2026-10-01
HOOD,2026-10-01
INTC,2026-10-01
LITE,2026-10-01
META,2026-10-01
MRNA,2026-10-01
MRVL,2026-10-01
MSFT,2026-10-01
MU,2026-10-01
NBIS,2026-10-01
NVDA,2026-10-01
QQQ,2026-10-01
SNDK,2026-10-01
SOXL,2026-10-01
SPCX,2026-10-01
SPY,2026-10-01
TSLA,2026-10-01
AAPL,2026-10-02
DELL,2026-10-02
GOOGL,2026-10-02
INTC,2026-10-02
MRVL,2026-10-02
MU,2026-10-02
NVDA,2026-10-02
ORCL,2026-10-02
QQQ,2026-10-02
SNDK,2026-10-02
SOXL,2026-10-02
SPCX,2026-10-02
SPY,2026-10-02
TSLA,2026-10-02
