code,date,prev_rank
086520,2023-09-01,1
022100,2023-09-01,2
005930,2023-09-01,3
277810,2023-09-01,4
373220,2023-09-01,5
000660,2023-09-01,6
005490,2023-09-01,7
041020,2023-09-01,8
042700,2023-09-01,9
035900,2023-09-01,10
389470,2023-09-01,11
034020,2023-09-01,12
424960,2023-09-01,13
065350,2023-09-01,14
323990,2023-09-01,15
047050,2023-09-01,16
348340,2023-09-01,17
247540,2023-09-01,18
388870,2023-09-01,19
003670,2023-09-01,20
005930,2023-09-04,1
277810,2023-09-04,2
022100,2023-09-04,3
086520,2023-09-04,4
005490,2023-09-04,5
067310,2023-09-04,6
440110,2023-09-04,7
001470,2023-09-04,8
424960,2023-09-04,9
000660,2023-09-04,10
348340,2023-09-04,11
373220,2023-09-04,12
247540,2023-09-04,13
047050,2023-09-04,14
003670,2023-09-04,15
323990,2023-09-04,16
042700,2023-09-04,17
006740,2023-09-04,18
034020,2023-09-04,19
109610,2023-09-04,20
005930,2023-09-05,1
022100,2023-09-05,2
086520,2023-09-05,3
005490,2023-09-05,4
058610,2023-09-05,5
067310,2023-09-05,6
277810,2023-09-05,7
348340,2023-09-05,8
000660,2023-09-05,9
389500,2023-09-05,10
069540,2023-09-05,11
047050,2023-09-05,12
001470,2023-09-05,13
355390,2023-09-05,14
000490,2023-09-05,15
006740,2023-09-05,16
247540,2023-09-05,17
003670,2023-09-05,18
440110,2023-09-05,19
445680,2023-09-05,20
086520,2023-09-06,1
005930,2023-09-06,2
005490,2023-09-06,3
277810,2023-09-06,4
022100,2023-09-06,5
067310,2023-09-06,6
328130,2023-09-06,7
065350,2023-09-06,8
000490,2023-09-06,9
047050,2023-09-06,10
338220,2023-09-06,11
009520,2023-09-06,12
355390,2023-09-06,13
304100,2023-09-06,14
247540,2023-09-06,15
003670,2023-09-06,16
000660,2023-09-06,17
403870,2023-09-06,18
006740,2023-09-06,19
009150,2023-09-06,20
022100,2023-09-07,1
005930,2023-09-07,2
086520,2023-09-07,3
277810,2023-09-07,4
005490,2023-09-07,5
108860,2023-09-07,6
328130,2023-09-07,7
418250,2023-09-07,8
047050,2023-09-07,9
001570,2023-09-07,10
006740,2023-09-07,11
304100,2023-09-07,12
009520,2023-09-07,13
056080,2023-09-07,14
434480,2023-09-07,15
247540,2023-09-07,16
003670,2023-09-07,17
084650,2023-09-07,18
000660,2023-09-07,19
348340,2023-09-07,20
005930,2023-09-08,1
086520,2023-09-08,2
022100,2023-09-08,3
277810,2023-09-08,4
058610,2023-09-08,5
005490,2023-09-08,6
440110,2023-09-08,7
056080,2023-09-08,8
000490,2023-09-08,9
328130,2023-09-08,10
247540,2023-09-08,11
000660,2023-09-08,12
003670,2023-09-08,13
304100,2023-09-08,14
067310,2023-09-08,15
035420,2023-09-08,16
006740,2023-09-08,17
078150,2023-09-08,18
249420,2023-09-08,19
032580,2023-09-08,20
277810,2023-09-11,1
005930,2023-09-11,2
086520,2023-09-11,3
022100,2023-09-11,4
000660,2023-09-11,5
056080,2023-09-11,6
005490,2023-09-11,7
006740,2023-09-11,8
389470,2023-09-11,9
032580,2023-09-11,10
058610,2023-09-11,11
247540,2023-09-11,12
001390,2023-09-11,13
003670,2023-09-11,14
378800,2023-09-11,15
328130,2023-09-11,16
040300,2023-09-11,17
067310,2023-09-11,18
087010,2023-09-11,19
051910,2023-09-11,20
277810,2023-09-12,1
005930,2023-09-12,2
000150,2023-09-12,3
086520,2023-09-12,4
058610,2023-09-12,5
005490,2023-09-12,6
022100,2023-09-12,7
006740,2023-09-12,8
000660,2023-09-12,9
328130,2023-09-12,10
348340,2023-09-12,11
060280,2023-09-12,12
247540,2023-09-12,13
003670,2023-09-12,14
085660,2023-09-12,15
087010,2023-09-12,16
109610,2023-09-12,17
001570,2023-09-12,18
196170,2023-09-12,19
146060,2023-09-12,20
086520,2023-09-13,1
005930,2023-09-13,2
196170,2023-09-13,3
005490,2023-09-13,4
000150,2023-09-13,5
277810,2023-09-13,6
323990,2023-09-13,7
440110,2023-09-13,8
247540,2023-09-13,9
000660,2023-09-13,10
006740,2023-09-13,11
022100,2023-09-13,12
035420,2023-09-13,13
003670,2023-09-13,14
370090,2023-09-13,15
900250,2023-09-13,16
047050,2023-09-13,17
006400,2023-09-13,18
328130,2023-09-13,19
307950,2023-09-13,20
005930,2023-09-14,1
086520,2023-09-14,2
005490,2023-09-14,3
000660,2023-09-14,4
054450,2023-09-14,5
022100,2023-09-14,6
277810,2023-09-14,7
950130,2023-09-14,8
196170,2023-09-14,9
001390,2023-09-14,10
006740,2023-09-14,11
247540,2023-09-14,12
003670,2023-09-14,13
035420,2023-09-14,14
024060,2023-09-14,15
109610,2023-09-14,16
042700,2023-09-14,17
051910,2023-09-14,18
066570,2023-09-14,19
000150,2023-09-14,20
005930,2023-09-15,1
086520,2023-09-15,2
005490,2023-09-15,3
000660,2023-09-15,4
277810,2023-09-15,5
036930,2023-09-15,6
065350,2023-09-15,7
006740,2023-09-15,8
109610,2023-09-15,9
003670,2023-09-15,10
022100,2023-09-15,11
067310,2023-09-15,12
035420,2023-09-15,13
247540,2023-09-15,14
047050,2023-09-15,15
051910,2023-09-15,16
378340,2023-09-15,17
006400,2023-09-15,18
950130,2023-09-15,19
196170,2023-09-15,20
005930,2023-09-18,1
005490,2023-09-18,2
086520,2023-09-18,3
011810,2023-09-18,4
000660,2023-09-18,5
277810,2023-09-18,6
196170,2023-09-18,7
373220,2023-09-18,8
035420,2023-09-18,9
047050,2023-09-18,10
003670,2023-09-18,11
000490,2023-09-18,12
051910,2023-09-18,13
022100,2023-09-18,14
006740,2023-09-18,15
096770,2023-09-18,16
247540,2023-09-18,17
001570,2023-09-18,18
162300,2023-09-18,19
328130,2023-09-18,20
005930,2023-09-19,1
005490,2023-09-19,2
086520,2023-09-19,3
196170,2023-09-19,4
058430,2023-09-19,5
006740,2023-09-19,6
000660,2023-09-19,7
465770,2023-09-19,8
100590,2023-09-19,9
011810,2023-09-19,10
434480,2023-09-19,11
096770,2023-09-19,12
003670,2023-09-19,13
058850,2023-09-19,14
109610,2023-09-19,15
247540,2023-09-19,16
277810,2023-09-19,17
035420,2023-09-19,18
096630,2023-09-19,19
008830,2023-09-19,20
005930,2023-09-20,1
005490,2023-09-20,2
196170,2023-09-20,3
034020,2023-09-20,4
058850,2023-09-20,5
086520,2023-09-20,6
384470,2023-09-20,7
006740,2023-09-20,8
321370,2023-09-20,9
000660,2023-09-20,10
000400,2023-09-20,11
100590,2023-09-20,12
069410,2023-09-20,13
054930,2023-09-20,14
003670,2023-09-20,15
277810,2023-09-20,16
210980,2023-09-20,17
051910,2023-09-20,18
000150,2023-09-20,19
050890,2023-09-20,20
086520,2023-09-21,1
005930,2023-09-21,2
005490,2023-09-21,3
006740,2023-09-21,4
403490,2023-09-21,5
328130,2023-09-21,6
058850,2023-09-21,7
011810,2023-09-21,8
196170,2023-09-21,9
042370,2023-09-21,10
000660,2023-09-21,11
250060,2023-09-21,12
465770,2023-09-21,13
356680,2023-09-21,14
050890,2023-09-21,15
247540,2023-09-21,16
032500,2023-09-21,17
277810,2023-09-21,18
058430,2023-09-21,19
038870,2023-09-21,20
005930,2023-09-22,1
086520,2023-09-22,2
042370,2023-09-22,3
005490,2023-09-22,4
208370,2023-09-22,5
000660,2023-09-22,6
051910,2023-09-22,7
068240,2023-09-22,8
006740,2023-09-22,9
196170,2023-09-22,10
112040,2023-09-22,11
356680,2023-09-22,12
250060,2023-09-22,13
108860,2023-09-22,14
247540,2023-09-22,15
465770,2023-09-22,16
403490,2023-09-22,17
294630,2023-09-22,18
151860,2023-09-22,19
950130,2023-09-22,20
005930,2023-09-25,1
005490,2023-09-25,2
250060,2023-09-25,3
086520,2023-09-25,4
058610,2023-09-25,5
277810,2023-09-25,6
000660,2023-09-25,7
006740,2023-09-25,8
196170,2023-09-25,9
950130,2023-09-25,10
388790,2023-09-25,11
208370,2023-09-25,12
092790,2023-09-25,13
003670,2023-09-25,14
247540,2023-09-25,15
042370,2023-09-25,16
006400,2023-09-25,17
002800,2023-09-25,18
051910,2023-09-25,19
373220,2023-09-25,20
005930,2023-09-26,1
005490,2023-09-26,2
450520,2023-09-26,3
086520,2023-09-26,4
196170,2023-09-26,5
247540,2023-09-26,6
006740,2023-09-26,7
250060,2023-09-26,8
003670,2023-09-26,9
000660,2023-09-26,10
264850,2023-09-26,11
373220,2023-09-26,12
277810,2023-09-26,13
026940,2023-09-26,14
058610,2023-09-26,15
006400,2023-09-26,16
056080,2023-09-26,17
100590,2023-09-26,18
065350,2023-09-26,19
022100,2023-09-26,20
005930,2023-09-27,1
196170,2023-09-27,2
005490,2023-09-27,3
086520,2023-09-27,4
000660,2023-09-27,5
006740,2023-09-27,6
450520,2023-09-27,7
208370,2023-09-27,8
288980,2023-09-27,9
247540,2023-09-27,10
330350,2023-09-27,11
010660,2023-09-27,12
058610,2023-09-27,13
277810,2023-09-27,14
003670,2023-09-27,15
022100,2023-09-27,16
096770,2023-09-27,17
195990,2023-09-27,18
035420,2023-09-27,19
026940,2023-09-27,20
005930,2023-10-04,1
418470,2023-10-04,2
005490,2023-10-04,3
196170,2023-10-04,4
000660,2023-10-04,5
003670,2023-10-04,6
086520,2023-10-04,7
006740,2023-10-04,8
247540,2023-10-04,9
058610,2023-10-04,10
000490,2023-10-04,11
056080,2023-10-04,12
051910,2023-10-04,13
094360,2023-10-04,14
006400,2023-10-04,15
022100,2023-10-04,16
078890,2023-10-04,17
277810,2023-10-04,18
065350,2023-10-04,19
016790,2023-10-04,20
005930,2023-10-05,1
005490,2023-10-05,2
086520,2023-10-05,3
000660,2023-10-05,4
016790,2023-10-05,5
065350,2023-10-05,6
430690,2023-10-05,7
006400,2023-10-05,8
006740,2023-10-05,9
009420,2023-10-05,10
000100,2023-10-05,11
051910,2023-10-05,12
247540,2023-10-05,13
003670,2023-10-05,14
035420,2023-10-05,15
022100,2023-10-05,16
373220,2023-10-05,17
094360,2023-10-05,18
330350,2023-10-05,19
109610,2023-10-05,20
454910,2023-10-06,1
005930,2023-10-06,2
000660,2023-10-06,3
005490,2023-10-06,4
086520,2023-10-06,5
006740,2023-10-06,6
065350,2023-10-06,7
022100,2023-10-06,8
430690,2023-10-06,9
003670,2023-10-06,10
277810,2023-10-06,11
373220,2023-10-06,12
418470,2023-10-06,13
247540,2023-10-06,14
000150,2023-10-06,15
006400,2023-10-06,16
009420,2023-10-06,17
051910,2023-10-06,18
196170,2023-10-06,19
002710,2023-10-06,20
005930,2023-10-10,1
000660,2023-10-10,2
005490,2023-10-10,3
454910,2023-10-10,4
006740,2023-10-10,5
065350,2023-10-10,6
086520,2023-10-10,7
443250,2023-10-10,8
430690,2023-10-10,9
196170,2023-10-10,10
009420,2023-10-10,11
109610,2023-10-10,12
022100,2023-10-10,13
041020,2023-10-10,14
000270,2023-10-10,15
115610,2023-10-10,16
011810,2023-10-10,17
465770,2023-10-10,18
131370,2023-10-10,19
006400,2023-10-10,20
005930,2023-10-11,1
005490,2023-10-11,2
000660,2023-10-11,3
065350,2023-10-11,4
086520,2023-10-11,5
006740,2023-10-11,6
454910,2023-10-11,7
046970,2023-10-11,8
003670,2023-10-11,9
247540,2023-10-11,10
000270,2023-10-11,11
009420,2023-10-11,12
356680,2023-10-11,13
066570,2023-10-11,14
451220,2023-10-11,15
016790,2023-10-11,16
373220,2023-10-11,17
264850,2023-10-11,18
022100,2023-10-11,19
430690,2023-10-11,20
005930,2023-10-12,1
000660,2023-10-12,2
005490,2023-10-12,3
086520,2023-10-12,4
373220,2023-10-12,5
024060,2023-10-12,6
006740,2023-10-12,7
065350,2023-10-12,8
247540,2023-10-12,9
003670,2023-10-12,10
004090,2023-10-12,11
051910,2023-10-12,12
006400,2023-10-12,13
066570,2023-10-12,14
330350,2023-10-12,15
454910,2023-10-12,16
022100,2023-10-12,17
000270,2023-10-12,18
009420,2023-10-12,19
328380,2023-10-12,20
005930,2023-10-13,1
005490,2023-10-13,2
000660,2023-10-13,3
065350,2023-10-13,4
086520,2023-10-13,5
006740,2023-10-13,6
003670,2023-10-13,7
247540,2023-10-13,8
024060,2023-10-13,9
022100,2023-10-13,10
373220,2023-10-13,11
041020,2023-10-13,12
454910,2023-10-13,13
196170,2023-10-13,14
006400,2023-10-13,15
051910,2023-10-13,16
042700,2023-10-13,17
348080,2023-10-13,18
009420,2023-10-13,19
002710,2023-10-13,20
005930,2023-10-16,1
024060,2023-10-16,2
000660,2023-10-16,3
005490,2023-10-16,4
086520,2023-10-16,5
462020,2023-10-16,6
006740,2023-10-16,7
022100,2023-10-16,8
229640,2023-10-16,9
042700,2023-10-16,10
065350,2023-10-16,11
403870,2023-10-16,12
247540,2023-10-16,13
053050,2023-10-16,14
004090,2023-10-16,15
003670,2023-10-16,16
451220,2023-10-16,17
000100,2023-10-16,18
065450,2023-10-16,19
373220,2023-10-16,20
005930,2023-10-17,1
005490,2023-10-17,2
229640,2023-10-17,3
024060,2023-10-17,4
000660,2023-10-17,5
006740,2023-10-17,6
086520,2023-10-17,7
053050,2023-10-17,8
004090,2023-10-17,9
152550,2023-10-17,10
247540,2023-10-17,11
065450,2023-10-17,12
022100,2023-10-17,13
003670,2023-10-17,14
117580,2023-10-17,15
451220,2023-10-17,16
065350,2023-10-17,17
218150,2023-10-17,18
051910,2023-10-17,19
109610,2023-10-17,20
005930,2023-10-18,1
000660,2023-10-18,2
006740,2023-10-18,3
005490,2023-10-18,4
086520,2023-10-18,5
024060,2023-10-18,6
451220,2023-10-18,7
247540,2023-10-18,8
022100,2023-10-18,9
014530,2023-10-18,10
131400,2023-10-18,11
003670,2023-10-18,12
250060,2023-10-18,13
042370,2023-10-18,14
065350,2023-10-18,15
117580,2023-10-18,16
109610,2023-10-18,17
277810,2023-10-18,18
042700,2023-10-18,19
189690,2023-10-18,20
005930,2023-10-19,1
000660,2023-10-19,2
024060,2023-10-19,3
445180,2023-10-19,4
250060,2023-10-19,5
005490,2023-10-19,6
005870,2023-10-19,7
000100,2023-10-19,8
016380,2023-10-19,9
117580,2023-10-19,10
042370,2023-10-19,11
152550,2023-10-19,12
022100,2023-10-19,13
086520,2023-10-19,14
247540,2023-10-19,15
373220,2023-10-19,16
003670,2023-10-19,17
014530,2023-10-19,18
065350,2023-10-19,19
101670,2023-10-19,20
005930,2023-10-20,1
005490,2023-10-20,2
000660,2023-10-20,3
416180,2023-10-20,4
445180,2023-10-20,5
051910,2023-10-20,6
086520,2023-10-20,7
024060,2023-10-20,8
042700,2023-10-20,9
003280,2023-10-20,10
003670,2023-10-20,11
247540,2023-10-20,12
373220,2023-10-20,13
128820,2023-10-20,14
006400,2023-10-20,15
010820,2023-10-20,16
035420,2023-10-20,17
465770,2023-10-20,18
022100,2023-10-20,19
006220,2023-10-20,20
005490,2023-10-23,1
005930,2023-10-23,2
000660,2023-10-23,3
086520,2023-10-23,4
001570,2023-10-23,5
003670,2023-10-23,6
053050,2023-10-23,7
247540,2023-10-23,8
006220,2023-10-23,9
264850,2023-10-23,10
022100,2023-10-23,11
051910,2023-10-23,12
005870,2023-10-23,13
373220,2023-10-23,14
006400,2023-10-23,15
027580,2023-10-23,16
004090,2023-10-23,17
100840,2023-10-23,18
017890,2023-10-23,19
042700,2023-10-23,20
005930,2023-10-24,1
005490,2023-10-24,2
086520,2023-10-24,3
000660,2023-10-24,4
003670,2023-10-24,5
009290,2023-10-24,6
006400,2023-10-24,7
247540,2023-10-24,8
027580,2023-10-24,9
051910,2023-10-24,10
005870,2023-10-24,11
033320,2023-10-24,12
229640,2023-10-24,13
068270,2023-10-24,14
373220,2023-10-24,15
048410,2023-10-24,16
066970,2023-10-24,17
022100,2023-10-24,18
100840,2023-10-24,19
035720,2023-10-24,20
005930,2023-10-25,1
005490,2023-10-25,2
086520,2023-10-25,3
000660,2023-10-25,4
003670,2023-10-25,5
247540,2023-10-25,6
022100,2023-10-25,7
003070,2023-10-25,8
037440,2023-10-25,9
006220,2023-10-25,10
373220,2023-10-25,11
067310,2023-10-25,12
006400,2023-10-25,13
036480,2023-10-25,14
000100,2023-10-25,15
051910,2023-10-25,16
001470,2023-10-25,17
035420,2023-10-25,18
068270,2023-10-25,19
072020,2023-10-25,20
005930,2023-10-26,1
005490,2023-10-26,2
003670,2023-10-26,3
373220,2023-10-26,4
000660,2023-10-26,5
403870,2023-10-26,6
086520,2023-10-26,7
247540,2023-10-26,8
006400,2023-10-26,9
047050,2023-10-26,10
023410,2023-10-26,11
051910,2023-10-26,12
035420,2023-10-26,13
002800,2023-10-26,14
042700,2023-10-26,15
022100,2023-10-26,16
403550,2023-10-26,17
048410,2023-10-26,18
040300,2023-10-26,19
067310,2023-10-26,20
005930,2023-10-27,1
000660,2023-10-27,2
005490,2023-10-27,3
086520,2023-10-27,4
003670,2023-10-27,5
396470,2023-10-27,6
006400,2023-10-27,7
247540,2023-10-27,8
051910,2023-10-27,9
002720,2023-10-27,10
006220,2023-10-27,11
373220,2023-10-27,12
403870,2023-10-27,13
352820,2023-10-27,14
022100,2023-10-27,15
009150,2023-10-27,16
196170,2023-10-27,17
035420,2023-10-27,18
047050,2023-10-27,19
014530,2023-10-27,20
005930,2023-10-30,1
000660,2023-10-30,2
005490,2023-10-30,3
086520,2023-10-30,4
003670,2023-10-30,5
051910,2023-10-30,6
022100,2023-10-30,7
006400,2023-10-30,8
247540,2023-10-30,9
002720,2023-10-30,10
051900,2023-10-30,11
373220,2023-10-30,12
432720,2023-10-30,13
396470,2023-10-30,14
005380,2023-10-30,15
403870,2023-10-30,16
067310,2023-10-30,17
014530,2023-10-30,18
038110,2023-10-30,19
047050,2023-10-30,20
005930,2023-10-31,1
000660,2023-10-31,2
454910,2023-10-31,3
005490,2023-10-31,4
086520,2023-10-31,5
006400,2023-10-31,6
024060,2023-10-31,7
022100,2023-10-31,8
014530,2023-10-31,9
003670,2023-10-31,10
051910,2023-10-31,11
247540,2023-10-31,12
053050,2023-10-31,13
373220,2023-10-31,14
008770,2023-10-31,15
005380,2023-10-31,16
196170,2023-10-31,17
396470,2023-10-31,18
000270,2023-10-31,19
277810,2023-10-31,20
005930,2023-11-01,1
005490,2023-11-01,2
000660,2023-11-01,3
396470,2023-11-01,4
086520,2023-11-01,5
003670,2023-11-01,6
373220,2023-11-01,7
037950,2023-11-01,8
247540,2023-11-01,9
006400,2023-11-01,10
051910,2023-11-01,11
035420,2023-11-01,12
454910,2023-11-01,13
022100,2023-11-01,14
005870,2023-11-01,15
024740,2023-11-01,16
090430,2023-11-01,17
006220,2023-11-01,18
005380,2023-11-01,19
042700,2023-11-01,20
005930,2023-11-02,1
005490,2023-11-02,2
396470,2023-11-02,3
000660,2023-11-02,4
086520,2023-11-02,5
003670,2023-11-02,6
454910,2023-11-02,7
247540,2023-11-02,8
006400,2023-11-02,9
012450,2023-11-02,10
051910,2023-11-02,11
373220,2023-11-02,12
053950,2023-11-02,13
009830,2023-11-02,14
090430,2023-11-02,15
022100,2023-11-02,16
017890,2023-11-02,17
053050,2023-11-02,18
035420,2023-11-02,19
146320,2023-11-02,20
005930,2023-11-03,1
000660,2023-11-03,2
221800,2023-11-03,3
005490,2023-11-03,4
086520,2023-11-03,5
247540,2023-11-03,6
003670,2023-11-03,7
067310,2023-11-03,8
328130,2023-11-03,9
006400,2023-11-03,10
373220,2023-11-03,11
445180,2023-11-03,12
240600,2023-11-03,13
352820,2023-11-03,14
189690,2023-11-03,15
051910,2023-11-03,16
396470,2023-11-03,17
080220,2023-11-03,18
338220,2023-11-03,19
035420,2023-11-03,20
006740,2023-11-06,1
005930,2023-11-06,2
247540,2023-11-06,3
086520,2023-11-06,4
005490,2023-11-06,5
003670,2023-11-06,6
000660,2023-11-06,7
096770,2023-11-06,8
035420,2023-11-06,9
454910,2023-11-06,10
188260,2023-11-06,11
221800,2023-11-06,12
328130,2023-11-06,13
373220,2023-11-06,14
035720,2023-11-06,15
006400,2023-11-06,16
051910,2023-11-06,17
022100,2023-11-06,18
277810,2023-11-06,19
067310,2023-11-06,20
005490,2023-11-07,1
005930,2023-11-07,2
247540,2023-11-07,3
003670,2023-11-07,4
022100,2023-11-07,5
000660,2023-11-07,6
373220,2023-11-07,7
086520,2023-11-07,8
066970,2023-11-07,9
006400,2023-11-07,10
047050,2023-11-07,11
096770,2023-11-07,12
051910,2023-11-07,13
185750,2023-11-07,14
001570,2023-11-07,15
067310,2023-11-07,16
277810,2023-11-07,17
454910,2023-11-07,18
035720,2023-11-07,19
035420,2023-11-07,20
086520,2023-11-08,1
247540,2023-11-08,2
005930,2023-11-08,3
005490,2023-11-08,4
003670,2023-11-08,5
352820,2023-11-08,6
022100,2023-11-08,7
000660,2023-11-08,8
042700,2023-11-08,9
373220,2023-11-08,10
088280,2023-11-08,11
067310,2023-11-08,12
006400,2023-11-08,13
066970,2023-11-08,14
001570,2023-11-08,15
185750,2023-11-08,16
051910,2023-11-08,17
096770,2023-11-08,18
068270,2023-11-08,19
047050,2023-11-08,20
005930,2023-11-09,1
086520,2023-11-09,2
247540,2023-11-09,3
005490,2023-11-09,4
003670,2023-11-09,5
000660,2023-11-09,6
112040,2023-11-09,7
196170,2023-11-09,8
022100,2023-11-09,9
067310,2023-11-09,10
088280,2023-11-09,11
259960,2023-11-09,12
006400,2023-11-09,13
396470,2023-11-09,14
373220,2023-11-09,15
042700,2023-11-09,16
454910,2023-11-09,17
440110,2023-11-09,18
051910,2023-11-09,19
035420,2023-11-09,20
005930,2023-11-10,1
086520,2023-11-10,2
247540,2023-11-10,3
003670,2023-11-10,4
005490,2023-11-10,5
440110,2023-11-10,6
112040,2023-11-10,7
328130,2023-11-10,8
000660,2023-11-10,9
047050,2023-11-10,10
059120,2023-11-10,11
446540,2023-11-10,12
041190,2023-11-10,13
022100,2023-11-10,14
051910,2023-11-10,15
006400,2023-11-10,16
372320,2023-11-10,17
123420,2023-11-10,18
002100,2023-11-10,19
373220,2023-11-10,20
005930,2023-11-13,1
000660,2023-11-13,2
086520,2023-11-13,3
451760,2023-11-13,4
042700,2023-11-13,5
440110,2023-11-13,6
002100,2023-11-13,7
005490,2023-11-13,8
247540,2023-11-13,9
067310,2023-11-13,10
003670,2023-11-13,11
022100,2023-11-13,12
006400,2023-11-13,13
330350,2023-11-13,14
328130,2023-11-13,15
035420,2023-11-13,16
373220,2023-11-13,17
112040,2023-11-13,18
041190,2023-11-13,19
352940,2023-11-13,20
005930,2023-11-14,1
365330,2023-11-14,2
042700,2023-11-14,3
000660,2023-11-14,4
005490,2023-11-14,5
086520,2023-11-14,6
247540,2023-11-14,7
003670,2023-11-14,8
445090,2023-11-14,9
065350,2023-11-14,10
067310,2023-11-14,11
011810,2023-11-14,12
372320,2023-11-14,13
035900,2023-11-14,14
022100,2023-11-14,15
440110,2023-11-14,16
006400,2023-11-14,17
036930,2023-11-14,18
036090,2023-11-14,19
373220,2023-11-14,20
005930,2023-11-15,1
005490,2023-11-15,2
086520,2023-11-15,3
003670,2023-11-15,4
247540,2023-11-15,5
000660,2023-11-15,6
365330,2023-11-15,7
006400,2023-11-15,8
445090,2023-11-15,9
022100,2023-11-15,10
004560,2023-11-15,11
451760,2023-11-15,12
011810,2023-11-15,13
373220,2023-11-15,14
042700,2023-11-15,15
372320,2023-11-15,16
446540,2023-11-15,17
328130,2023-11-15,18
440110,2023-11-15,19
002100,2023-11-15,20
005930,2023-11-16,1
452300,2023-11-16,2
000660,2023-11-16,3
247540,2023-11-16,4
086520,2023-11-16,5
005490,2023-11-16,6
003670,2023-11-16,7
007660,2023-11-16,8
365330,2023-11-16,9
451760,2023-11-16,10
022100,2023-11-16,11
011810,2023-11-16,12
065350,2023-11-16,13
000270,2023-11-16,14
035420,2023-11-16,15
006400,2023-11-16,16
445090,2023-11-16,17
042700,2023-11-16,18
373220,2023-11-16,19
036930,2023-11-16,20
005930,2023-11-17,1
452300,2023-11-17,2
000660,2023-11-17,3
086520,2023-11-17,4
247540,2023-11-17,5
365330,2023-11-17,6
454910,2023-11-17,7
005490,2023-11-17,8
003670,2023-11-17,9
065350,2023-11-17,10
445090,2023-11-17,11
000270,2023-11-17,12
372320,2023-11-17,13
451760,2023-11-17,14
066570,2023-11-17,15
007660,2023-11-17,16
022100,2023-11-17,17
267850,2023-11-17,18
016880,2023-11-17,19
006400,2023-11-17,20
450080,2023-11-20,1
005930,2023-11-20,2
086520,2023-11-20,3
000660,2023-11-20,4
005490,2023-11-20,5
247540,2023-11-20,6
352820,2023-11-20,7
003670,2023-11-20,8
022100,2023-11-20,9
454910,2023-11-20,10
451760,2023-11-20,11
035900,2023-11-20,12
131970,2023-11-20,13
000270,2023-11-20,14
048530,2023-11-20,15
058470,2023-11-20,16
373220,2023-11-20,17
006400,2023-11-20,18
051910,2023-11-20,19
042700,2023-11-20,20
005930,2023-11-21,1
450080,2023-11-21,2
454910,2023-11-21,3
352090,2023-11-21,4
086520,2023-11-21,5
247540,2023-11-21,6
000660,2023-11-21,7
041920,2023-11-21,8
003670,2023-11-21,9
005490,2023-11-21,10
011810,2023-11-21,11
445090,2023-11-21,12
365330,2023-11-21,13
051910,2023-11-21,14
277810,2023-11-21,15
373220,2023-11-21,16
006400,2023-11-21,17
163730,2023-11-21,18
403490,2023-11-21,19
452300,2023-11-21,20
450080,2023-11-22,1
005930,2023-11-22,2
448280,2023-11-22,3
086520,2023-11-22,4
000660,2023-11-22,5
111380,2023-11-22,6
014470,2023-11-22,7
454910,2023-11-22,8
247540,2023-11-22,9
005490,2023-11-22,10
000250,2023-11-22,11
003670,2023-11-22,12
403490,2023-11-22,13
323410,2023-11-22,14
048530,2023-11-22,15
094360,2023-11-22,16
007660,2023-11-22,17
352090,2023-11-22,18
006400,2023-11-22,19
035720,2023-11-22,20
450080,2023-11-23,1
005930,2023-11-23,2
454910,2023-11-23,3
448280,2023-11-23,4
000660,2023-11-23,5
372320,2023-11-23,6
086520,2023-11-23,7
065350,2023-11-23,8
003670,2023-11-23,9
424960,2023-11-23,10
247540,2023-11-23,11
005490,2023-11-23,12
111380,2023-11-23,13
403490,2023-11-23,14
196170,2023-11-23,15
035720,2023-11-23,16
277810,2023-11-23,17
338220,2023-11-23,18
003280,2023-11-23,19
006400,2023-11-23,20
450080,2023-11-24,1
005930,2023-11-24,2
454910,2023-11-24,3
352090,2023-11-24,4
448280,2023-11-24,5
000660,2023-11-24,6
051910,2023-11-24,7
004830,2023-11-24,8
080220,2023-11-24,9
430690,2023-11-24,10
048530,2023-11-24,11
372320,2023-11-24,12
022100,2023-11-24,13
005490,2023-11-24,14
445090,2023-11-24,15
095700,2023-11-24,16
003280,2023-11-24,17
086520,2023-11-24,18
038290,2023-11-24,19
247540,2023-11-24,20
402490,2023-11-27,1
454910,2023-11-27,2
452280,2023-11-27,3
005930,2023-11-27,4
450080,2023-11-27,5
352090,2023-11-27,6
004830,2023-11-27,7
000660,2023-11-27,8
003670,2023-11-27,9
042660,2023-11-27,10
005490,2023-11-27,11
448280,2023-11-27,12
445090,2023-11-27,13
338220,2023-11-27,14
051910,2023-11-27,15
094360,2023-11-27,16
086520,2023-11-27,17
006400,2023-11-27,18
247540,2023-11-27,19
001570,2023-11-27,20
450080,2023-11-28,1
454910,2023-11-28,2
402490,2023-11-28,3
005930,2023-11-28,4
448280,2023-11-28,5
000660,2023-11-28,6
452280,2023-11-28,7
004830,2023-11-28,8
445090,2023-11-28,9
432720,2023-11-28,10
094360,2023-11-28,11
080220,2023-11-28,12
086520,2023-11-28,13
005490,2023-11-28,14
403490,2023-11-28,15
003670,2023-11-28,16
372320,2023-11-28,17
222800,2023-11-28,18
247540,2023-11-28,19
035420,2023-11-28,20
450080,2023-11-29,1
005930,2023-11-29,2
453860,2023-11-29,3
277810,2023-11-29,4
454910,2023-11-29,5
000660,2023-11-29,6
403870,2023-11-29,7
086520,2023-11-29,8
215600,2023-11-29,9
402490,2023-11-29,10
066790,2023-11-29,11
001570,2023-11-29,12
084690,2023-11-29,13
042660,2023-11-29,14
005490,2023-11-29,15
054450,2023-11-29,16
247540,2023-11-29,17
432720,2023-11-29,18
009150,2023-11-29,19
196170,2023-11-29,20
450080,2023-11-30,1
454910,2023-11-30,2
005930,2023-11-30,3
277810,2023-11-30,4
247540,2023-11-30,5
086520,2023-11-30,6
066970,2023-11-30,7
003670,2023-11-30,8
000660,2023-11-30,9
084690,2023-11-30,10
005490,2023-11-30,11
403870,2023-11-30,12
094480,2023-11-30,13
402490,2023-11-30,14
001570,2023-11-30,15
051910,2023-11-30,16
196170,2023-11-30,17
453860,2023-11-30,18
384470,2023-11-30,19
328130,2023-11-30,20
005930,2023-12-01,1
454910,2023-12-01,2
001570,2023-12-01,3
000660,2023-12-01,4
022100,2023-12-01,5
450080,2023-12-01,6
247540,2023-12-01,7
066970,2023-12-01,8
017670,2023-12-01,9
229640,2023-12-01,10
003670,2023-12-01,11
011810,2023-12-01,12
086520,2023-12-01,13
005490,2023-12-01,14
457190,2023-12-01,15
403870,2023-12-01,16
058610,2023-12-01,17
446540,2023-12-01,18
028670,2023-12-01,19
006400,2023-12-01,20
466910,2023-12-04,1
005930,2023-12-04,2
247540,2023-12-04,3
454910,2023-12-04,4
355690,2023-12-04,5
000660,2023-12-04,6
094480,2023-12-04,7
450080,2023-12-04,8
025320,2023-12-04,9
012450,2023-12-04,10
005490,2023-12-04,11
086520,2023-12-04,12
229640,2023-12-04,13
003670,2023-12-04,14
373220,2023-12-04,15
022100,2023-12-04,16
006400,2023-12-04,17
011810,2023-12-04,18
403870,2023-12-04,19
004100,2023-12-04,20
247540,2023-12-05,1
086520,2023-12-05,2
003670,2023-12-05,3
005930,2023-12-05,4
468510,2023-12-05,5
005490,2023-12-05,6
450080,2023-12-05,7
000660,2023-12-05,8
454910,2023-12-05,9
112040,2023-12-05,10
066970,2023-12-05,11
094480,2023-12-05,12
006400,2023-12-05,13
063170,2023-12-05,14
041190,2023-12-05,15
002720,2023-12-05,16
051910,2023-12-05,17
012450,2023-12-05,18
035420,2023-12-05,19
003280,2023-12-05,20
005930,2023-12-06,1
338840,2023-12-06,2
247540,2023-12-06,3
000660,2023-12-06,4
003670,2023-12-06,5
454910,2023-12-06,6
094480,2023-12-06,7
465320,2023-12-06,8
086520,2023-12-06,9
253840,2023-12-06,10
005490,2023-12-06,11
450080,2023-12-06,12
066970,2023-12-06,13
035420,2023-12-06,14
048530,2023-12-06,15
001390,2023-12-06,16
041190,2023-12-06,17
112040,2023-12-06,18
356680,2023-12-06,19
096530,2023-12-06,20
432470,2023-12-07,1
005930,2023-12-07,2
454910,2023-12-07,3
247540,2023-12-07,4
067160,2023-12-07,5
000660,2023-12-07,6
122870,2023-12-07,7
229640,2023-12-07,8
450080,2023-12-07,9
005490,2023-12-07,10
086520,2023-12-07,11
003670,2023-12-07,12
084690,2023-12-07,13
080220,2023-12-07,14
041190,2023-12-07,15
402490,2023-12-07,16
006400,2023-12-07,17
066970,2023-12-07,18
112040,2023-12-07,19
352820,2023-12-07,20
005930,2023-12-08,1
247540,2023-12-08,2
450080,2023-12-08,3
432470,2023-12-08,4
042000,2023-12-08,5
003670,2023-12-08,6
005490,2023-12-08,7
000660,2023-12-08,8
084690,2023-12-08,9
454910,2023-12-08,10
086520,2023-12-08,11
338840,2023-12-08,12
066570,2023-12-08,13
033230,2023-12-08,14
229640,2023-12-08,15
402490,2023-12-08,16
000240,2023-12-08,17
067160,2023-12-08,18
064260,2023-12-08,19
112040,2023-12-08,20
005930,2023-12-11,1
450080,2023-12-11,2
080220,2023-12-11,3
432470,2023-12-11,4
000660,2023-12-11,5
247540,2023-12-11,6
005490,2023-12-11,7
086520,2023-12-11,8
290690,2023-12-11,9
454910,2023-12-11,10
003670,2023-12-11,11
042000,2023-12-11,12
338840,2023-12-11,13
112040,2023-12-11,14
267850,2023-12-11,15
084695,2023-12-11,16
036570,2023-12-11,17
035420,2023-12-11,18
432720,2023-12-11,19
363280,2023-12-11,20
005930,2023-12-12,1
079550,2023-12-12,2
000660,2023-12-12,3
450080,2023-12-12,4
247540,2023-12-12,5
454910,2023-12-12,6
356680,2023-12-12,7
229640,2023-12-12,8
005490,2023-12-12,9
086520,2023-12-12,10
003670,2023-12-12,11
011500,2023-12-12,12
068270,2023-12-12,13
012450,2023-12-12,14
006400,2023-12-12,15
005935,2023-12-12,16
338840,2023-12-12,17
080220,2023-12-12,18
042000,2023-12-12,19
445090,2023-12-12,20
005930,2023-12-13,1
417200,2023-12-13,2
079550,2023-12-13,3
098460,2023-12-13,4
000660,2023-12-13,5
080220,2023-12-13,6
247540,2023-12-13,7
036540,2023-12-13,8
229640,2023-12-13,9
068270,2023-12-13,10
450080,2023-12-13,11
454910,2023-12-13,12
066790,2023-12-13,13
356680,2023-12-13,14
005490,2023-12-13,15
102370,2023-12-13,16
299900,2023-12-13,17
003670,2023-12-13,18
086520,2023-12-13,19
432720,2023-12-13,20
439580,2023-12-14,1
005930,2023-12-14,2
417200,2023-12-14,3
247540,2023-12-14,4
000660,2023-12-14,5
084690,2023-12-14,6
086520,2023-12-14,7
005490,2023-12-14,8
007810,2023-12-14,9
036540,2023-12-14,10
003670,2023-12-14,11
323280,2023-12-14,12
432720,2023-12-14,13
079550,2023-12-14,14
450080,2023-12-14,15
267850,2023-12-14,16
068270,2023-12-14,17
454910,2023-12-14,18
022100,2023-12-14,19
009150,2023-12-14,20
005930,2023-12-15,1
417200,2023-12-15,2
000660,2023-12-15,3
247540,2023-12-15,4
068270,2023-12-15,5
003670,2023-12-15,6
086520,2023-12-15,7
035420,2023-12-15,8
439580,2023-12-15,9
028300,2023-12-15,10
091990,2023-12-15,11
253590,2023-12-15,12
328130,2023-12-15,13
005490,2023-12-15,14
432720,2023-12-15,15
450080,2023-12-15,16
403870,2023-12-15,17
035720,2023-12-15,18
007810,2023-12-15,19
232140,2023-12-15,20
450080,2023-12-18,1
005930,2023-12-18,2
417200,2023-12-18,3
000660,2023-12-18,4
086520,2023-12-18,5
005490,2023-12-18,6
454910,2023-12-18,7
003670,2023-12-18,8
247540,2023-12-18,9
009830,2023-12-18,10
051910,2023-12-18,11
068270,2023-12-18,12
028300,2023-12-18,13
065350,2023-12-18,14
066790,2023-12-18,15
005380,2023-12-18,16
091990,2023-12-18,17
006400,2023-12-18,18
035420,2023-12-18,19
439580,2023-12-18,20
450080,2023-12-19,1
417200,2023-12-19,2
454910,2023-12-19,3
086520,2023-12-19,4
005930,2023-12-19,5
247540,2023-12-19,6
005490,2023-12-19,7
000660,2023-12-19,8
003670,2023-12-19,9
079550,2023-12-19,10
007810,2023-12-19,11
011200,2023-12-19,12
000240,2023-12-19,13
439580,2023-12-19,14
229640,2023-12-19,15
432720,2023-12-19,16
028300,2023-12-19,17
051910,2023-12-19,18
066790,2023-12-19,19
432470,2023-12-19,20
417200,2023-12-20,1
450080,2023-12-20,2
454910,2023-12-20,3
005930,2023-12-20,4
086520,2023-12-20,5
432720,2023-12-20,6
011200,2023-12-20,7
439580,2023-12-20,8
102120,2023-12-20,9
028300,2023-12-20,10
098460,2023-12-20,11
136480,2023-12-20,12
247540,2023-12-20,13
000660,2023-12-20,14
316140,2023-12-20,15
005490,2023-12-20,16
384470,2023-12-20,17
003380,2023-12-20,18
003670,2023-12-20,19
084695,2023-12-20,20
005930,2023-12-21,1
011200,2023-12-21,2
454910,2023-12-21,3
417200,2023-12-21,4
000660,2023-12-21,5
450080,2023-12-21,6
003380,2023-12-21,7
136480,2023-12-21,8
086520,2023-12-21,9
000270,2023-12-21,10
028300,2023-12-21,11
066970,2023-12-21,12
009830,2023-12-21,13
005490,2023-12-21,14
028670,2023-12-21,15
003670,2023-12-21,16
035420,2023-12-21,17
448280,2023-12-21,18
101670,2023-12-21,19
005380,2023-12-21,20
005930,2023-12-22,1
022100,2023-12-22,2
136480,2023-12-22,3
196170,2023-12-22,4
011200,2023-12-22,5
086520,2023-12-22,6
229640,2023-12-22,7
454910,2023-12-22,8
003670,2023-12-22,9
247540,2023-12-22,10
000660,2023-12-22,11
005490,2023-12-22,12
417200,2023-12-22,13
321820,2023-12-22,14
000270,2023-12-22,15
450080,2023-12-22,16
000490,2023-12-22,17
066970,2023-12-22,18
448280,2023-12-22,19
084680,2023-12-22,20
005930,2023-12-26,1
022100,2023-12-26,2
469880,2023-12-26,3
000660,2023-12-26,4
109670,2023-12-26,5
467930,2023-12-26,6
011200,2023-12-26,7
017860,2023-12-26,8
000490,2023-12-26,9
450080,2023-12-26,10
399720,2023-12-26,11
394280,2023-12-26,12
417200,2023-12-26,13
454910,2023-12-26,14
086520,2023-12-26,15
247540,2023-12-26,16
005490,2023-12-26,17
003670,2023-12-26,18
196170,2023-12-26,19
136480,2023-12-26,20
017860,2023-12-27,1
022100,2023-12-27,2
005930,2023-12-27,3
141080,2023-12-27,4
005490,2023-12-27,5
086520,2023-12-27,6
000660,2023-12-27,7
109670,2023-12-27,8
454910,2023-12-27,9
247540,2023-12-27,10
417200,2023-12-27,11
450080,2023-12-27,12
196170,2023-12-27,13
136480,2023-12-27,14
080220,2023-12-27,15
000490,2023-12-27,16
084680,2023-12-27,17
273060,2023-12-27,18
445090,2023-12-27,19
003670,2023-12-27,20
005930,2023-12-28,1
022100,2023-12-28,2
047050,2023-12-28,3
005490,2023-12-28,4
141080,2023-12-28,5
017860,2023-12-28,6
009520,2023-12-28,7
009420,2023-12-28,8
417200,2023-12-28,9
450080,2023-12-28,10
001570,2023-12-28,11
000660,2023-12-28,12
454910,2023-12-28,13
086520,2023-12-28,14
196170,2023-12-28,15
247540,2023-12-28,16
003670,2023-12-28,17
066970,2023-12-28,18
187220,2023-12-28,19
082850,2023-12-28,20
005930,2024-01-02,1
022100,2024-01-02,2
450080,2024-01-02,3
454910,2024-01-02,4
417200,2024-01-02,5
000660,2024-01-02,6
001570,2024-01-02,7
141080,2024-01-02,8
009520,2024-01-02,9
017860,2024-01-02,10
005490,2024-01-02,11
068270,2024-01-02,12
000270,2024-01-02,13
066970,2024-01-02,14
000990,2024-01-02,15
086520,2024-01-02,16
365330,2024-01-02,17
247540,2024-01-02,18
005380,2024-01-02,19
196170,2024-01-02,20
068270,2024-01-03,1
005930,2024-01-03,2
068760,2024-01-03,3
080220,2024-01-03,4
022100,2024-01-03,5
000660,2024-01-03,6
450080,2024-01-03,7
005490,2024-01-03,8
432720,2024-01-03,9
092870,2024-01-03,10
035720,2024-01-03,11
066970,2024-01-03,12
454910,2024-01-03,13
196170,2024-01-03,14
035420,2024-01-03,15
086520,2024-01-03,16
207940,2024-01-03,17
028300,2024-01-03,18
417200,2024-01-03,19
011200,2024-01-03,20
005930,2024-01-04,1
068760,2024-01-04,2
022100,2024-01-04,3
000660,2024-01-04,4
009520,2024-01-04,5
068270,2024-01-04,6
080220,2024-01-04,7
450080,2024-01-04,8
005490,2024-01-04,9
445180,2024-01-04,10
232140,2024-01-04,11
211270,2024-01-04,12
003670,2024-01-04,13
017860,2024-01-04,14
247540,2024-01-04,15
086520,2024-01-04,16
454910,2024-01-04,17
417200,2024-01-04,18
000270,2024-01-04,19
006400,2024-01-04,20
005930,2024-01-05,1
080220,2024-01-05,2
000660,2024-01-05,3
068270,2024-01-05,4
036540,2024-01-05,5
417200,2024-01-05,6
065350,2024-01-05,7
450080,2024-01-05,8
028300,2024-01-05,9
068760,2024-01-05,10
452260,2024-01-05,11
022100,2024-01-05,12
005490,2024-01-05,13
013990,2024-01-05,14
086520,2024-01-05,15
011200,2024-01-05,16
003280,2024-01-05,17
247540,2024-01-05,18
117580,2024-01-05,19
066970,2024-01-05,20
450080,2024-01-08,1
247540,2024-01-08,2
005930,2024-01-08,3
454910,2024-01-08,4
452190,2024-01-08,5
086520,2024-01-08,6
065350,2024-01-08,7
080220,2024-01-08,8
005490,2024-01-08,9
000660,2024-01-08,10
452300,2024-01-08,11
417200,2024-01-08,12
009520,2024-01-08,13
068270,2024-01-08,14
003670,2024-01-08,15
068760,2024-01-08,16
065450,2024-01-08,17
378340,2024-01-08,18
066970,2024-01-08,19
011500,2024-01-08,20
005930,2024-01-09,1
065350,2024-01-09,2
450080,2024-01-09,3
067160,2024-01-09,4
247540,2024-01-09,5
000660,2024-01-09,6
452190,2024-01-09,7
041020,2024-01-09,8
030520,2024-01-09,9
454910,2024-01-09,10
035420,2024-01-09,11
417200,2024-01-09,12
080220,2024-01-09,13
232140,2024-01-09,14
068270,2024-01-09,15
005490,2024-01-09,16
003670,2024-01-09,17
022100,2024-01-09,18
047560,2024-01-09,19
047310,2024-01-09,20
005930,2024-01-10,1
080220,2024-01-10,2
450080,2024-01-10,3
000660,2024-01-10,4
030520,2024-01-10,5
024060,2024-01-10,6
065350,2024-01-10,7
232140,2024-01-10,8
003280,2024-01-10,9
067160,2024-01-10,10
452190,2024-01-10,11
247540,2024-01-10,12
417200,2024-01-10,13
092220,2024-01-10,14
005490,2024-01-10,15
047310,2024-01-10,16
007660,2024-01-10,17
035420,2024-01-10,18
399720,2024-01-10,19
291230,2024-01-10,20
005930,2024-01-11,1
450080,2024-01-11,2
030520,2024-01-11,3
452190,2024-01-11,4
000660,2024-01-11,5
065350,2024-01-11,6
060310,2024-01-11,7
024060,2024-01-11,8
348370,2024-01-11,9
006400,2024-01-11,10
247540,2024-01-11,11
417200,2024-01-11,12
105560,2024-01-11,13
005490,2024-01-11,14
041020,2024-01-11,15
454910,2024-01-11,16
035720,2024-01-11,17
035420,2024-01-11,18
004560,2024-01-11,19
080220,2024-01-11,20
005930,2024-01-12,1
450080,2024-01-12,2
084680,2024-01-12,3
000660,2024-01-12,4
247540,2024-01-12,5
323410,2024-01-12,6
041190,2024-01-12,7
452190,2024-01-12,8
018260,2024-01-12,9
065350,2024-01-12,10
377300,2024-01-12,11
035720,2024-01-12,12
389140,2024-01-12,13
068270,2024-01-12,14
022100,2024-01-12,15
003530,2024-01-12,16
264850,2024-01-12,17
086520,2024-01-12,18
277810,2024-01-12,19
005490,2024-01-12,20
005930,2024-01-15,1
417200,2024-01-15,2
452190,2024-01-15,3
348340,2024-01-15,4
005880,2024-01-15,5
068270,2024-01-15,6
024060,2024-01-15,7
000660,2024-01-15,8
003280,2024-01-15,9
450080,2024-01-15,10
090360,2024-01-15,11
041190,2024-01-15,12
005490,2024-01-15,13
247540,2024-01-15,14
060310,2024-01-15,15
011200,2024-01-15,16
264850,2024-01-15,17
051910,2024-01-15,18
277810,2024-01-15,19
454910,2024-01-15,20
005930,2024-01-16,1
003280,2024-01-16,2
080220,2024-01-16,3
117580,2024-01-16,4
417200,2024-01-16,5
005880,2024-01-16,6
450080,2024-01-16,7
068270,2024-01-16,8
348340,2024-01-16,9
000660,2024-01-16,10
008930,2024-01-16,11
247540,2024-01-16,12
053050,2024-01-16,13
348370,2024-01-16,14
005490,2024-01-16,15
032500,2024-01-16,16
024060,2024-01-16,17
323410,2024-01-16,18
452190,2024-01-16,19
253590,2024-01-16,20
005930,2024-01-17,1
008930,2024-01-17,2
000660,2024-01-17,3
066970,2024-01-17,4
080220,2024-01-17,5
032500,2024-01-17,6
065450,2024-01-17,7
450080,2024-01-17,8
049070,2024-01-17,9
270660,2024-01-17,10
004090,2024-01-17,11
024060,2024-01-17,12
068270,2024-01-17,13
117580,2024-01-17,14
141080,2024-01-17,15
247540,2024-01-17,16
005490,2024-01-17,17
088800,2024-01-17,18
348340,2024-01-17,19
348370,2024-01-17,20
005930,2024-01-18,1
065450,2024-01-18,2
005880,2024-01-18,3
003280,2024-01-18,4
000660,2024-01-18,5
270660,2024-01-18,6
066970,2024-01-18,7
049070,2024-01-18,8
008930,2024-01-18,9
005490,2024-01-18,10
051910,2024-01-18,11
080220,2024-01-18,12
068270,2024-01-18,13
348370,2024-01-18,14
247540,2024-01-18,15
450080,2024-01-18,16
035420,2024-01-18,17
117580,2024-01-18,18
006400,2024-01-18,19
035720,2024-01-18,20
005930,2024-01-19,1
000660,2024-01-19,2
270660,2024-01-19,3
348370,2024-01-19,4
247540,2024-01-19,5
005490,2024-01-19,6
013810,2024-01-19,7
005880,2024-01-19,8
065450,2024-01-19,9
080220,2024-01-19,10
008930,2024-01-19,11
086520,2024-01-19,12
006400,2024-01-19,13
450080,2024-01-19,14
013990,2024-01-19,15
066970,2024-01-19,16
418470,2024-01-19,17
218150,2024-01-19,18
035420,2024-01-19,19
047560,2024-01-19,20
005930,2024-01-22,1
080220,2024-01-22,2
348370,2024-01-22,3
000660,2024-01-22,4
450080,2024-01-22,5
016790,2024-01-22,6
086520,2024-01-22,7
247540,2024-01-22,8
005490,2024-01-22,9
403870,2024-01-22,10
300080,2024-01-22,11
035420,2024-01-22,12
196170,2024-01-22,13
037560,2024-01-22,14
093520,2024-01-22,15
017860,2024-01-22,16
066970,2024-01-22,17
405100,2024-01-22,18
051370,2024-01-22,19
351330,2024-01-22,20
005930,2024-01-23,1
080220,2024-01-23,2
065350,2024-01-23,3
000660,2024-01-23,4
007660,2024-01-23,5
247540,2024-01-23,6
005490,2024-01-23,7
041020,2024-01-23,8
253590,2024-01-23,9
086520,2024-01-23,10
450080,2024-01-23,11
348370,2024-01-23,12
051370,2024-01-23,13
232140,2024-01-23,14
006400,2024-01-23,15
068270,2024-01-23,16
102120,2024-01-23,17
093520,2024-01-23,18
051910,2024-01-23,19
030520,2024-01-23,20
005930,2024-01-24,1
080220,2024-01-24,2
102120,2024-01-24,3
450080,2024-01-24,4
028300,2024-01-24,5
403870,2024-01-24,6
000660,2024-01-24,7
247540,2024-01-24,8
348370,2024-01-24,9
005490,2024-01-24,10
007660,2024-01-24,11
000680,2024-01-24,12
047310,2024-01-24,13
232140,2024-01-24,14
047560,2024-01-24,15
086520,2024-01-24,16
297890,2024-01-24,17
064480,2024-01-24,18
006400,2024-01-24,19
065350,2024-01-24,20
005930,2024-01-25,1
036540,2024-01-25,2
080220,2024-01-25,3
471050,2024-01-25,4
098460,2024-01-25,5
000660,2024-01-25,6
450080,2024-01-25,7
065350,2024-01-25,8
348370,2024-01-25,9
005490,2024-01-25,10
182400,2024-01-25,11
102120,2024-01-25,12
247540,2024-01-25,13
089890,2024-01-25,14
086520,2024-01-25,15
006400,2024-01-25,16
000680,2024-01-25,17
041020,2024-01-25,18
322310,2024-01-25,19
263810,2024-01-25,20
440290,2024-01-26,1
080220,2024-01-26,2
005930,2024-01-26,3
000660,2024-01-26,4
098460,2024-01-26,5
450080,2024-01-26,6
036540,2024-01-26,7
033230,2024-01-26,8
000270,2024-01-26,9
005490,2024-01-26,10
028300,2024-01-26,11
102120,2024-01-26,12
055550,2024-01-26,13
089890,2024-01-26,14
061970,2024-01-26,15
247540,2024-01-26,16
403870,2024-01-26,17
207760,2024-01-26,18
457190,2024-01-26,19
066970,2024-01-26,20
028300,2024-01-29,1
005930,2024-01-29,2
065350,2024-01-29,3
000660,2024-01-29,4
080220,2024-01-29,5
450080,2024-01-29,6
247540,2024-01-29,7
348370,2024-01-29,8
086520,2024-01-29,9
077500,2024-01-29,10
190510,2024-01-29,11
005490,2024-01-29,12
457550,2024-01-29,13
066970,2024-01-29,14
000270,2024-01-29,15
006400,2024-01-29,16
085670,2024-01-29,17
003670,2024-01-29,18
047560,2024-01-29,19
286940,2024-01-29,20
028300,2024-01-30,1
005930,2024-01-30,2
105760,2024-01-30,3
348370,2024-01-30,4
085670,2024-01-30,5
247540,2024-01-30,6
080220,2024-01-30,7
005490,2024-01-30,8
000270,2024-01-30,9
000660,2024-01-30,10
067630,2024-01-30,11
190510,2024-01-30,12
096530,2024-01-30,13
450080,2024-01-30,14
086520,2024-01-30,15
460930,2024-01-30,16
005380,2024-01-30,17
065350,2024-01-30,18
027580,2024-01-30,19
006400,2024-01-30,20
005930,2024-01-31,1
028300,2024-01-31,2
005490,2024-01-31,3
348370,2024-01-31,4
000270,2024-01-31,5
450080,2024-01-31,6
460930,2024-01-31,7
247540,2024-01-31,8
000660,2024-01-31,9
067630,2024-01-31,10
105760,2024-01-31,11
006220,2024-01-31,12
065350,2024-01-31,13
032850,2024-01-31,14
347000,2024-01-31,15
006400,2024-01-31,16
080220,2024-01-31,17
086520,2024-01-31,18
005380,2024-01-31,19
051370,2024-01-31,20
005930,2024-02-01,1
006220,2024-02-01,2
190510,2024-02-01,3
126700,2024-02-01,4
000270,2024-02-01,5
000660,2024-02-01,6
027580,2024-02-01,7
028300,2024-02-01,8
035420,2024-02-01,9
080220,2024-02-01,10
348370,2024-02-01,11
028260,2024-02-01,12
047560,2024-02-01,13
005380,2024-02-01,14
005490,2024-02-01,15
247540,2024-02-01,16
105760,2024-02-01,17
450080,2024-02-01,18
271830,2024-02-01,19
006400,2024-02-01,20
005930,2024-02-02,1
452400,2024-02-02,2
005380,2024-02-02,3
006220,2024-02-02,4
000660,2024-02-02,5
450080,2024-02-02,6
000270,2024-02-02,7
032850,2024-02-02,8
028260,2024-02-02,9
005490,2024-02-02,10
086790,2024-02-02,11
105560,2024-02-02,12
348370,2024-02-02,13
080220,2024-02-02,14
028300,2024-02-02,15
055550,2024-02-02,16
247540,2024-02-02,17
460930,2024-02-02,18
015750,2024-02-02,19
086520,2024-02-02,20
005380,2024-02-05,1
005930,2024-02-05,2
000270,2024-02-05,3
000660,2024-02-05,4
065350,2024-02-05,5
035420,2024-02-05,6
200880,2024-02-05,7
105560,2024-02-05,8
348370,2024-02-05,9
015750,2024-02-05,10
051910,2024-02-05,11
028300,2024-02-05,12
086790,2024-02-05,13
005490,2024-02-05,14
450080,2024-02-05,15
028260,2024-02-05,16
055550,2024-02-05,17
457550,2024-02-05,18
247540,2024-02-05,19
086520,2024-02-05,20
005930,2024-02-06,1
005380,2024-02-06,2
000270,2024-02-06,3
065350,2024-02-06,4
460930,2024-02-06,5
055550,2024-02-06,6
000660,2024-02-06,7
035420,2024-02-06,8
105560,2024-02-06,9
348370,2024-02-06,10
200880,2024-02-06,11
086790,2024-02-06,12
005490,2024-02-06,13
028260,2024-02-06,14
051910,2024-02-06,15
007330,2024-02-06,16
452400,2024-02-06,17
080220,2024-02-06,18
271830,2024-02-06,19
028300,2024-02-06,20
005930,2024-02-07,1
005380,2024-02-07,2
080220,2024-02-07,3
000660,2024-02-07,4
000270,2024-02-07,5
415380,2024-02-07,6
460930,2024-02-07,7
348370,2024-02-07,8
065350,2024-02-07,9
457190,2024-02-07,10
005490,2024-02-07,11
028300,2024-02-07,12
450080,2024-02-07,13
086520,2024-02-07,14
199550,2024-02-07,15
068290,2024-02-07,16
035420,2024-02-07,17
247540,2024-02-07,18
452190,2024-02-07,19
011500,2024-02-07,20
005930,2024-02-08,1
086520,2024-02-08,2
247540,2024-02-08,3
005380,2024-02-08,4
000270,2024-02-08,5
065350,2024-02-08,6
028670,2024-02-08,7
000660,2024-02-08,8
348370,2024-02-08,9
005490,2024-02-08,10
047310,2024-02-08,11
450080,2024-02-08,12
028300,2024-02-08,13
460930,2024-02-08,14
080220,2024-02-08,15
200880,2024-02-08,16
126700,2024-02-08,17
457550,2024-02-08,18
457190,2024-02-08,19
003670,2024-02-08,20
005930,2024-02-13,1
042700,2024-02-13,2
000660,2024-02-13,3
086520,2024-02-13,4
005380,2024-02-13,5
348370,2024-02-13,6
080220,2024-02-13,7
051910,2024-02-13,8
247540,2024-02-13,9
047310,2024-02-13,10
005490,2024-02-13,11
277810,2024-02-13,12
066790,2024-02-13,13
000270,2024-02-13,14
065350,2024-02-13,15
028670,2024-02-13,16
450080,2024-02-13,17
403870,2024-02-13,18
003670,2024-02-13,19
055550,2024-02-13,20
005930,2024-02-14,1
000660,2024-02-14,2
403870,2024-02-14,3
086520,2024-02-14,4
005380,2024-02-14,5
450080,2024-02-14,6
042700,2024-02-14,7
348370,2024-02-14,8
005490,2024-02-14,9
000270,2024-02-14,10
399720,2024-02-14,11
394280,2024-02-14,12
065350,2024-02-14,13
047310,2024-02-14,14
247540,2024-02-14,15
080220,2024-02-14,16
093520,2024-02-14,17
005935,2024-02-14,18
105560,2024-02-14,19
270660,2024-02-14,20
005930,2024-02-15,1
000660,2024-02-15,2
348370,2024-02-15,3
080220,2024-02-15,4
403870,2024-02-15,5
454910,2024-02-15,6
086520,2024-02-15,7
005380,2024-02-15,8
399720,2024-02-15,9
450080,2024-02-15,10
066790,2024-02-15,11
253590,2024-02-15,12
264850,2024-02-15,13
005490,2024-02-15,14
042700,2024-02-15,15
065350,2024-02-15,16
247540,2024-02-15,17
394280,2024-02-15,18
123410,2024-02-15,19
002240,2024-02-15,20
005930,2024-02-16,1
035720,2024-02-16,2
000660,2024-02-16,3
105560,2024-02-16,4
005380,2024-02-16,5
443670,2024-02-16,6
041190,2024-02-16,7
047310,2024-02-16,8
065350,2024-02-16,9
403870,2024-02-16,10
253590,2024-02-16,11
003530,2024-02-16,12
000270,2024-02-16,13
080220,2024-02-16,14
086520,2024-02-16,15
247540,2024-02-16,16
450080,2024-02-16,17
348370,2024-02-16,18
003670,2024-02-16,19
005490,2024-02-16,20
005930,2024-02-19,1
294630,2024-02-19,2
443670,2024-02-19,3
005380,2024-02-19,4
000660,2024-02-19,5
004830,2024-02-19,6
066790,2024-02-19,7
054450,2024-02-19,8
033230,2024-02-19,9
264850,2024-02-19,10
030520,2024-02-19,11
051910,2024-02-19,12
086520,2024-02-19,13
328130,2024-02-19,14
000270,2024-02-19,15
403870,2024-02-19,16
348370,2024-02-19,17
065350,2024-02-19,18
247540,2024-02-19,19
006400,2024-02-19,20
005930,2024-02-20,1
443670,2024-02-20,2
000660,2024-02-20,3
033230,2024-02-20,4
348370,2024-02-20,5
028300,2024-02-20,6
005380,2024-02-20,7
066790,2024-02-20,8
086520,2024-02-20,9
065350,2024-02-20,10
015760,2024-02-20,11
452430,2024-02-20,12
005490,2024-02-20,13
006220,2024-02-20,14
294630,2024-02-20,15
000270,2024-02-20,16
080220,2024-02-20,17
051910,2024-02-20,18
098460,2024-02-20,19
060250,2024-02-20,20
005930,2024-02-21,1
065350,2024-02-21,2
066790,2024-02-21,3
000660,2024-02-21,4
005380,2024-02-21,5
294630,2024-02-21,6
452430,2024-02-21,7
348370,2024-02-21,8
036830,2024-02-21,9
028300,2024-02-21,10
086520,2024-02-21,11
452260,2024-02-21,12
033230,2024-02-21,13
247540,2024-02-21,14
450080,2024-02-21,15
000270,2024-02-21,16
095500,2024-02-21,17
060250,2024-02-21,18
012450,2024-02-21,19
005490,2024-02-21,20
065350,2024-02-22,1
005930,2024-02-22,2
066790,2024-02-22,3
294630,2024-02-22,4
000660,2024-02-22,5
443670,2024-02-22,6
028300,2024-02-22,7
348370,2024-02-22,8
098460,2024-02-22,9
005380,2024-02-22,10
047310,2024-02-22,11
452430,2024-02-22,12
121600,2024-02-22,13
004830,2024-02-22,14
004380,2024-02-22,15
416180,2024-02-22,16
452260,2024-02-22,17
086520,2024-02-22,18
394280,2024-02-22,19
330860,2024-02-22,20
005930,2024-02-23,1
000660,2024-02-23,2
065350,2024-02-23,3
399720,2024-02-23,4
196170,2024-02-23,5
068100,2024-02-23,6
064350,2024-02-23,7
066790,2024-02-23,8
445090,2024-02-23,9
000270,2024-02-23,10
005380,2024-02-23,11
330860,2024-02-23,12
402490,2024-02-23,13
121600,2024-02-23,14
033170,2024-02-23,15
450080,2024-02-23,16
042700,2024-02-23,17
051910,2024-02-23,18
394280,2024-02-23,19
080220,2024-02-23,20
196170,2024-02-26,1
005930,2024-02-26,2
000660,2024-02-26,3
418620,2024-02-26,4
098460,2024-02-26,5
445090,2024-02-26,6
032620,2024-02-26,7
360350,2024-02-26,8
005380,2024-02-26,9
399720,2024-02-26,10
065350,2024-02-26,11
066790,2024-02-26,12
348370,2024-02-26,13
000270,2024-02-26,14
360070,2024-02-26,15
051910,2024-02-26,16
028300,2024-02-26,17
064350,2024-02-26,18
080220,2024-02-26,19
200710,2024-02-26,20
196170,2024-02-27,1
005930,2024-02-27,2
000660,2024-02-27,3
042700,2024-02-27,4
457190,2024-02-27,5
445090,2024-02-27,6
005380,2024-02-27,7
015750,2024-02-27,8
000270,2024-02-27,9
348370,2024-02-27,10
015760,2024-02-27,11
068100,2024-02-27,12
012450,2024-02-27,13
065350,2024-02-27,14
066790,2024-02-27,15
360350,2024-02-27,16
012170,2024-02-27,17
086790,2024-02-27,18
450080,2024-02-27,19
418620,2024-02-27,20
278470,2024-02-28,1
005930,2024-02-28,2
000660,2024-02-28,3
012450,2024-02-28,4
196170,2024-02-28,5
042700,2024-02-28,6
405100,2024-02-28,7
270660,2024-02-28,8
041190,2024-02-28,9
457190,2024-02-28,10
005380,2024-02-28,11
068270,2024-02-28,12
090360,2024-02-28,13
450140,2024-02-28,14
348370,2024-02-28,15
000270,2024-02-28,16
450080,2024-02-28,17
068760,2024-02-28,18
445090,2024-02-28,19
237820,2024-02-28,20
065350,2024-02-29,1
247540,2024-02-29,2
005930,2024-02-29,3
000660,2024-02-29,4
012450,2024-02-29,5
036930,2024-02-29,6
042700,2024-02-29,7
005380,2024-02-29,8
086520,2024-02-29,9
278470,2024-02-29,10
196170,2024-02-29,11
095500,2024-02-29,12
348370,2024-02-29,13
457190,2024-02-29,14
041190,2024-02-29,15
066790,2024-02-29,16
005490,2024-02-29,17
000270,2024-02-29,18
163560,2024-02-29,19
101490,2024-02-29,20
005930,2024-03-04,1
000270,2024-03-04,2
468760,2024-03-04,3
000660,2024-03-04,4
005380,2024-03-04,5
041190,2024-03-04,6
450080,2024-03-04,7
196170,2024-03-04,8
035420,2024-03-04,9
278470,2024-03-04,10
348370,2024-03-04,11
012450,2024-03-04,12
065350,2024-03-04,13
041020,2024-03-04,14
247540,2024-03-04,15
086520,2024-03-04,16
028300,2024-03-04,17
068270,2024-03-04,18
042700,2024-03-04,19
035900,2024-03-04,20
005930,2024-03-05,1
042700,2024-03-05,2
000660,2024-03-05,3
007660,2024-03-05,4
005490,2024-03-05,5
005380,2024-03-05,6
472230,2024-03-05,7
000270,2024-03-05,8
065350,2024-03-05,9
098460,2024-03-05,10
360350,2024-03-05,11
403870,2024-03-05,12
348370,2024-03-05,13
316140,2024-03-05,14
247540,2024-03-05,15
105560,2024-03-05,16
086520,2024-03-05,17
196170,2024-03-05,18
317330,2024-03-05,19
035420,2024-03-05,20
005930,2024-03-06,1
001570,2024-03-06,2
041190,2024-03-06,3
007660,2024-03-06,4
000660,2024-03-06,5
196170,2024-03-06,6
065350,2024-03-06,7
005490,2024-03-06,8
418620,2024-03-06,9
000270,2024-03-06,10
005380,2024-03-06,11
348370,2024-03-06,12
003530,2024-03-06,13
443670,2024-03-06,14
247540,2024-03-06,15
105560,2024-03-06,16
469900,2024-03-06,17
010120,2024-03-06,18
042700,2024-03-06,19
360350,2024-03-06,20
005930,2024-03-07,1
141080,2024-03-07,2
001570,2024-03-07,3
065350,2024-03-07,4
012450,2024-03-07,5
253590,2024-03-07,6
000660,2024-03-07,7
007660,2024-03-07,8
042700,2024-03-07,9
000270,2024-03-07,10
348370,2024-03-07,11
196170,2024-03-07,12
005380,2024-03-07,13
066790,2024-03-07,14
033100,2024-03-07,15
298380,2024-03-07,16
041190,2024-03-07,17
005490,2024-03-07,18
041020,2024-03-07,19
079550,2024-03-07,20
005930,2024-03-08,1
006400,2024-03-08,2
199430,2024-03-08,3
055550,2024-03-08,4
000660,2024-03-08,5
007660,2024-03-08,6
141080,2024-03-08,7
253590,2024-03-08,8
011500,2024-03-08,9
445090,2024-03-08,10
042700,2024-03-08,11
092870,2024-03-08,12
066790,2024-03-08,13
001570,2024-03-08,14
196170,2024-03-08,15
378340,2024-03-08,16
394280,2024-03-08,17
005380,2024-03-08,18
000270,2024-03-08,19
012450,2024-03-08,20
005930,2024-03-11,1
028300,2024-03-11,2
000660,2024-03-11,3
006400,2024-03-11,4
281740,2024-03-11,5
066790,2024-03-11,6
457190,2024-03-11,7
141080,2024-03-11,8
007660,2024-03-11,9
200710,2024-03-11,10
001570,2024-03-11,11
348370,2024-03-11,12
042700,2024-03-11,13
005380,2024-03-11,14
000270,2024-03-11,15
196170,2024-03-11,16
095340,2024-03-11,17
005490,2024-03-11,18
065350,2024-03-11,19
199430,2024-03-11,20
005930,2024-03-12,1
348370,2024-03-12,2
000660,2024-03-12,3
028300,2024-03-12,4
066790,2024-03-12,5
281740,2024-03-12,6
034020,2024-03-12,7
141080,2024-03-12,8
005380,2024-03-12,9
454910,2024-03-12,10
025320,2024-03-12,11
389020,2024-03-12,12
058470,2024-03-12,13
000270,2024-03-12,14
042700,2024-03-12,15
006400,2024-03-12,16
222080,2024-03-12,17
001570,2024-03-12,18
457190,2024-03-12,19
196170,2024-03-12,20
005930,2024-03-13,1
006400,2024-03-13,2
000660,2024-03-13,3
011500,2024-03-13,4
066790,2024-03-13,5
330860,2024-03-13,6
083450,2024-03-13,7
092870,2024-03-13,8
457190,2024-03-13,9
196170,2024-03-13,10
247540,2024-03-13,11
005380,2024-03-13,12
047050,2024-03-13,13
378340,2024-03-13,14
028300,2024-03-13,15
041190,2024-03-13,16
086520,2024-03-13,17
005490,2024-03-13,18
418620,2024-03-13,19
348370,2024-03-13,20
005930,2024-03-14,1
028300,2024-03-14,2
000660,2024-03-14,3
067630,2024-03-14,4
036220,2024-03-14,5
006400,2024-03-14,6
389020,2024-03-14,7
196170,2024-03-14,8
005380,2024-03-14,9
007660,2024-03-14,10
006220,2024-03-14,11
278470,2024-03-14,12
161580,2024-03-14,13
112040,2024-03-14,14
034020,2024-03-14,15
445090,2024-03-14,16
105560,2024-03-14,17
047920,2024-03-14,18
141080,2024-03-14,19
011930,2024-03-14,20
005930,2024-03-15,1
000660,2024-03-15,2
028300,2024-03-15,3
010140,2024-03-15,4
005380,2024-03-15,5
066790,2024-03-15,6
199430,2024-03-15,7
006400,2024-03-15,8
034020,2024-03-15,9
025320,2024-03-15,10
068270,2024-03-15,11
316140,2024-03-15,12
200350,2024-03-15,13
460930,2024-03-15,14
247540,2024-03-15,15
454910,2024-03-15,16
171090,2024-03-15,17
000270,2024-03-15,18
112040,2024-03-15,19
277810,2024-03-15,20
005930,2024-03-18,1
000660,2024-03-18,2
460930,2024-03-18,3
006400,2024-03-18,4
105560,2024-03-18,5
028260,2024-03-18,6
005380,2024-03-18,7
010140,2024-03-18,8
000270,2024-03-18,9
277810,2024-03-18,10
028300,2024-03-18,11
086790,2024-03-18,12
005490,2024-03-18,13
304100,2024-03-18,14
112040,2024-03-18,15
000150,2024-03-18,16
278470,2024-03-18,17
001470,2024-03-18,18
055550,2024-03-18,19
000680,2024-03-18,20
005930,2024-03-19,1
196170,2024-03-19,2
000660,2024-03-19,3
457190,2024-03-19,4
112040,2024-03-19,5
007660,2024-03-19,6
103590,2024-03-19,7
237690,2024-03-19,8
006400,2024-03-19,9
383310,2024-03-19,10
053030,2024-03-19,11
028300,2024-03-19,12
000270,2024-03-19,13
035420,2024-03-19,14
025320,2024-03-19,15
083450,2024-03-19,16
005490,2024-03-19,17
247540,2024-03-19,18
005380,2024-03-19,19
378340,2024-03-19,20
005930,2024-03-20,1
000660,2024-03-20,2
277810,2024-03-20,3
000270,2024-03-20,4
418620,2024-03-20,5
005490,2024-03-20,6
010660,2024-03-20,7
006400,2024-03-20,8
112040,2024-03-20,9
065350,2024-03-20,10
196170,2024-03-20,11
247540,2024-03-20,12
264850,2024-03-20,13
140670,2024-03-20,14
383310,2024-03-20,15
034020,2024-03-20,16
005380,2024-03-20,17
012450,2024-03-20,18
006220,2024-03-20,19
004830,2024-03-20,20
005930,2024-03-21,1
000660,2024-03-21,2
006400,2024-03-21,3
092870,2024-03-21,4
112040,2024-03-21,5
065350,2024-03-21,6
005380,2024-03-21,7
000390,2024-03-21,8
000270,2024-03-21,9
140670,2024-03-21,10
256840,2024-03-21,11
005490,2024-03-21,12
196170,2024-03-21,13
005935,2024-03-21,14
348370,2024-03-21,15
105560,2024-03-21,16
247540,2024-03-21,17
232140,2024-03-21,18
399720,2024-03-21,19
028300,2024-03-21,20
005930,2024-03-22,1
000660,2024-03-22,2
005290,2024-03-22,3
028300,2024-03-22,4
437730,2024-03-22,5
005380,2024-03-22,6
000270,2024-03-22,7
047920,2024-03-22,8
247540,2024-03-22,9
004830,2024-03-22,10
196170,2024-03-22,11
006400,2024-03-22,12
256840,2024-03-22,13
067630,2024-03-22,14
005935,2024-03-22,15
277810,2024-03-22,16
005490,2024-03-22,17
014160,2024-03-22,18
035420,2024-03-22,19
103590,2024-03-22,20
005930,2024-03-25,1
000660,2024-03-25,2
437730,2024-03-25,3
012450,2024-03-25,4
006400,2024-03-25,5
196170,2024-03-25,6
092870,2024-03-25,7
000270,2024-03-25,8
028300,2024-03-25,9
002720,2024-03-25,10
005380,2024-03-25,11
277810,2024-03-25,12
035420,2024-03-25,13
005935,2024-03-25,14
388870,2024-03-25,15
005290,2024-03-25,16
199800,2024-03-25,17
012320,2024-03-25,18
264850,2024-03-25,19
086520,2024-03-25,20
005930,2024-03-26,1
000660,2024-03-26,2
247540,2024-03-26,3
006400,2024-03-26,4
042700,2024-03-26,5
335890,2024-03-26,6
028300,2024-03-26,7
067630,2024-03-26,8
066970,2024-03-26,9
000250,2024-03-26,10
196170,2024-03-26,11
086520,2024-03-26,12
019170,2024-03-26,13
005380,2024-03-26,14
005860,2024-03-26,15
012450,2024-03-26,16
000270,2024-03-26,17
420570,2024-03-26,18
115450,2024-03-26,19
005490,2024-03-26,20
005930,2024-03-27,1
455900,2024-03-27,2
000250,2024-03-27,3
000660,2024-03-27,4
028300,2024-03-27,5
042700,2024-03-27,6
006400,2024-03-27,7
196170,2024-03-27,8
460930,2024-03-27,9
012450,2024-03-27,10
247540,2024-03-27,11
066790,2024-03-27,12
007660,2024-03-27,13
000270,2024-03-27,14
067630,2024-03-27,15
115450,2024-03-27,16
131030,2024-03-27,17
005380,2024-03-27,18
277810,2024-03-27,19
066970,2024-03-27,20
196170,2024-03-28,1
005930,2024-03-28,2
055550,2024-03-28,3
000660,2024-03-28,4
455900,2024-03-28,5
007660,2024-03-28,6
000250,2024-03-28,7
475240,2024-03-28,8
042700,2024-03-28,9
067310,2024-03-28,10
028300,2024-03-28,11
086520,2024-03-28,12
006400,2024-03-28,13
278470,2024-03-28,14
336370,2024-03-28,15
247540,2024-03-28,16
005380,2024-03-28,17
411080,2024-03-28,18
352820,2024-03-28,19
012450,2024-03-28,20
005930,2024-03-29,1
042700,2024-03-29,2
080220,2024-03-29,3
000660,2024-03-29,4
399720,2024-03-29,5
007660,2024-03-29,6
196170,2024-03-29,7
000250,2024-03-29,8
112290,2024-03-29,9
455900,2024-03-29,10
336370,2024-03-29,11
028300,2024-03-29,12
005380,2024-03-29,13
006400,2024-03-29,14
005490,2024-03-29,15
411080,2024-03-29,16
086520,2024-03-29,17
005290,2024-03-29,18
161580,2024-03-29,19
403870,2024-03-29,20
005930,2024-04-01,1
455900,2024-04-01,2
042700,2024-04-01,3
000660,2024-04-01,4
080220,2024-04-01,5
064350,2024-04-01,6
161580,2024-04-01,7
033100,2024-04-01,8
240810,2024-04-01,9
028300,2024-04-01,10
006400,2024-04-01,11
068270,2024-04-01,12
196170,2024-04-01,13
007660,2024-04-01,14
005290,2024-04-01,15
067310,2024-04-01,16
003160,2024-04-01,17
199430,2024-04-01,18
085670,2024-04-01,19
000250,2024-04-01,20
005930,2024-04-02,1
042700,2024-04-02,2
000660,2024-04-02,3
161580,2024-04-02,4
196170,2024-04-02,5
000250,2024-04-02,6
389020,2024-04-02,7
035420,2024-04-02,8
417200,2024-04-02,9
080220,2024-04-02,10
064350,2024-04-02,11
066790,2024-04-02,12
353200,2024-04-02,13
006400,2024-04-02,14
005380,2024-04-02,15
455900,2024-04-02,16
475150,2024-04-02,17
348370,2024-04-02,18
067310,2024-04-02,19
033100,2024-04-02,20
005930,2024-04-03,1
000250,2024-04-03,2
000660,2024-04-03,3
012450,2024-04-03,4
042700,2024-04-03,5
196170,2024-04-03,6
092870,2024-04-03,7
005380,2024-04-03,8
253590,2024-04-03,9
348370,2024-04-03,10
024060,2024-04-03,11
028300,2024-04-03,12
161580,2024-04-03,13
000270,2024-04-03,14
086520,2024-04-03,15
389020,2024-04-03,16
102120,2024-04-03,17
282720,2024-04-03,18
005490,2024-04-03,19
064350,2024-04-03,20
005930,2024-04-04,1
461030,2024-04-04,2
000660,2024-04-04,3
348370,2024-04-04,4
161580,2024-04-04,5
475150,2024-04-04,6
086520,2024-04-04,7
012450,2024-04-04,8
028300,2024-04-04,9
042700,2024-04-04,10
196170,2024-04-04,11
001570,2024-04-04,12
000250,2024-04-04,13
003280,2024-04-04,14
005490,2024-04-04,15
112290,2024-04-04,16
247540,2024-04-04,17
006400,2024-04-04,18
024060,2024-04-04,19
005380,2024-04-04,20
005930,2024-04-05,1
000660,2024-04-05,2
067310,2024-04-05,3
042700,2024-04-05,4
348370,2024-04-05,5
475150,2024-04-05,6
000250,2024-04-05,7
161580,2024-04-05,8
039030,2024-04-05,9
003160,2024-04-05,10
086520,2024-04-05,11
028300,2024-04-05,12
005380,2024-04-05,13
078150,2024-04-05,14
461030,2024-04-05,15
005490,2024-04-05,16
007660,2024-04-05,17
012450,2024-04-05,18
011790,2024-04-05,19
196170,2024-04-05,20
005930,2024-04-08,1
001440,2024-04-08,2
161580,2024-04-08,3
000660,2024-04-08,4
078150,2024-04-08,5
475150,2024-04-08,6
000250,2024-04-08,7
348370,2024-04-08,8
042700,2024-04-08,9
112290,2024-04-08,10
011790,2024-04-08,11
012450,2024-04-08,12
024060,2024-04-08,13
028300,2024-04-08,14
196170,2024-04-08,15
005380,2024-04-08,16
451220,2024-04-08,17
010120,2024-04-08,18
457550,2024-04-08,19
067310,2024-04-08,20
005930,2024-04-09,1
348370,2024-04-09,2
000660,2024-04-09,3
086520,2024-04-09,4
204270,2024-04-09,5
028300,2024-04-09,6
005490,2024-04-09,7
115450,2024-04-09,8
003280,2024-04-09,9
006340,2024-04-09,10
005380,2024-04-09,11
161580,2024-04-09,12
001440,2024-04-09,13
011790,2024-04-09,14
024060,2024-04-09,15
089010,2024-04-09,16
247540,2024-04-09,17
042700,2024-04-09,18
000270,2024-04-09,19
196170,2024-04-09,20
005930,2024-04-11,1
064350,2024-04-11,2
000660,2024-04-11,3
078150,2024-04-11,4
196170,2024-04-11,5
389020,2024-04-11,6
348370,2024-04-11,7
036810,2024-04-11,8
204270,2024-04-11,9
028300,2024-04-11,10
012510,2024-04-11,11
042700,2024-04-11,12
161580,2024-04-11,13
115450,2024-04-11,14
011790,2024-04-11,15
000270,2024-04-11,16
001440,2024-04-11,17
000250,2024-04-11,18
450080,2024-04-11,19
005380,2024-04-11,20
005930,2024-04-12,1
000660,2024-04-12,2
042700,2024-04-12,3
005380,2024-04-12,4
336370,2024-04-12,5
003280,2024-04-12,6
003160,2024-04-12,7
000270,2024-04-12,8
007660,2024-04-12,9
064350,2024-04-12,10
035420,2024-04-12,11
105560,2024-04-12,12
196170,2024-04-12,13
051910,2024-04-12,14
005490,2024-04-12,15
267260,2024-04-12,16
066970,2024-04-12,17
204270,2024-04-12,18
348370,2024-04-12,19
452160,2024-04-12,20
005930,2024-04-15,1
042700,2024-04-15,2
000660,2024-04-15,3
001440,2024-04-15,4
010120,2024-04-15,5
267260,2024-04-15,6
000500,2024-04-15,7
196170,2024-04-15,8
348370,2024-04-15,9
003160,2024-04-15,10
005380,2024-04-15,11
265520,2024-04-15,12
000250,2024-04-15,13
064350,2024-04-15,14
007660,2024-04-15,15
336370,2024-04-15,16
035420,2024-04-15,17
443670,2024-04-15,18
038460,2024-04-15,19
103140,2024-04-15,20
005930,2024-04-16,1
000660,2024-04-16,2
024060,2024-04-16,3
348370,2024-04-16,4
042700,2024-04-16,5
474660,2024-04-16,6
003160,2024-04-16,7
204270,2024-04-16,8
004090,2024-04-16,9
000270,2024-04-16,10
025820,2024-04-16,11
005380,2024-04-16,12
443670,2024-04-16,13
028300,2024-04-16,14
411080,2024-04-16,15
267260,2024-04-16,16
036810,2024-04-16,17
064350,2024-04-16,18
095610,2024-04-16,19
196170,2024-04-16,20
005930,2024-04-17,1
000660,2024-04-17,2
006220,2024-04-17,3
403870,2024-04-17,4
004090,2024-04-17,5
042700,2024-04-17,6
005380,2024-04-17,7
411080,2024-04-17,8
267260,2024-04-17,9
396470,2024-04-17,10
443670,2024-04-17,11
000270,2024-04-17,12
006340,2024-04-17,13
348370,2024-04-17,14
005490,2024-04-17,15
012450,2024-04-17,16
095610,2024-04-17,17
196170,2024-04-17,18
024060,2024-04-17,19
123410,2024-04-17,20
005930,2024-04-18,1
000660,2024-04-18,2
006220,2024-04-18,3
036200,2024-04-18,4
204270,2024-04-18,5
042700,2024-04-18,6
348370,2024-04-18,7
005380,2024-04-18,8
267260,2024-04-18,9
265520,2024-04-18,10
005490,2024-04-18,11
010120,2024-04-18,12
095610,2024-04-18,13
196170,2024-04-18,14
000270,2024-04-18,15
012450,2024-04-18,16
064350,2024-04-18,17
028300,2024-04-18,18
003160,2024-04-18,19
112290,2024-04-18,20
005930,2024-04-19,1
000660,2024-04-19,2
232140,2024-04-19,3
010140,2024-04-19,4
042700,2024-04-19,5
204270,2024-04-19,6
010120,2024-04-19,7
005490,2024-04-19,8
005380,2024-04-19,9
003160,2024-04-19,10
267260,2024-04-19,11
042660,2024-04-19,12
196170,2024-04-19,13
443670,2024-04-19,14
110990,2024-04-19,15
000270,2024-04-19,16
000250,2024-04-19,17
039440,2024-04-19,18
199820,2024-04-19,19
247540,2024-04-19,20
005930,2024-04-22,1
000660,2024-04-22,2
232140,2024-04-22,3
004090,2024-04-22,4
012450,2024-04-22,5
024060,2024-04-22,6
006220,2024-04-22,7
010120,2024-04-22,8
003280,2024-04-22,9
267260,2024-04-22,10
025820,2024-04-22,11
042700,2024-04-22,12
005380,2024-04-22,13
196170,2024-04-22,14
389020,2024-04-22,15
000270,2024-04-22,16
010140,2024-04-22,17
028300,2024-04-22,18
005490,2024-04-22,19
372910,2024-04-22,20
005930,2024-04-23,1
000660,2024-04-23,2
232140,2024-04-23,3
042700,2024-04-23,4
028300,2024-04-23,5
005380,2024-04-23,6
010120,2024-04-23,7
443670,2024-04-23,8
304360,2024-04-23,9
267260,2024-04-23,10
474930,2024-04-23,11
352820,2024-04-23,12
006220,2024-04-23,13
000270,2024-04-23,14
196170,2024-04-23,15
010140,2024-04-23,16
348370,2024-04-23,17
445680,2024-04-23,18
038460,2024-04-23,19
247540,2024-04-23,20
005930,2024-04-24,1
000660,2024-04-24,2
267260,2024-04-24,3
259960,2024-04-24,4
010120,2024-04-24,5
005380,2024-04-24,6
042700,2024-04-24,7
030520,2024-04-24,8
042660,2024-04-24,9
264660,2024-04-24,10
352820,2024-04-24,11
012450,2024-04-24,12
196170,2024-04-24,13
443670,2024-04-24,14
024060,2024-04-24,15
010140,2024-04-24,16
105560,2024-04-24,17
000270,2024-04-24,18
033100,2024-04-24,19
452430,2024-04-24,20
005930,2024-04-25,1
000660,2024-04-25,2
042700,2024-04-25,3
232140,2024-04-25,4
267260,2024-04-25,5
005380,2024-04-25,6
033100,2024-04-25,7
003670,2024-04-25,8
196170,2024-04-25,9
012450,2024-04-25,10
247540,2024-04-25,11
082740,2024-04-25,12
042660,2024-04-25,13
010120,2024-04-25,14
161580,2024-04-25,15
475250,2024-04-25,16
005490,2024-04-25,17
006400,2024-04-25,18
010140,2024-04-25,19
000270,2024-04-25,20
005930,2024-04-26,1
000660,2024-04-26,2
086520,2024-04-26,3
232140,2024-04-26,4
005380,2024-04-26,5
140670,2024-04-26,6
451250,2024-04-26,7
033100,2024-04-26,8
042700,2024-04-26,9
267260,2024-04-26,10
000270,2024-04-26,11
004090,2024-04-26,12
028300,2024-04-26,13
110990,2024-04-26,14
003670,2024-04-26,15
064350,2024-04-26,16
161580,2024-04-26,17
272210,2024-04-26,18
012450,2024-04-26,19
247540,2024-04-26,20
005930,2024-04-29,1
000660,2024-04-29,2
232140,2024-04-29,3
196170,2024-04-29,4
001440,2024-04-29,5
010120,2024-04-29,6
000270,2024-04-29,7
103590,2024-04-29,8
006340,2024-04-29,9
028300,2024-04-29,10
005380,2024-04-29,11
352820,2024-04-29,12
000500,2024-04-29,13
272210,2024-04-29,14
042700,2024-04-29,15
086520,2024-04-29,16
064350,2024-04-29,17
199820,2024-04-29,18
267260,2024-04-29,19
105560,2024-04-29,20
005930,2024-04-30,1
000660,2024-04-30,2
006340,2024-04-30,3
161580,2024-04-30,4
010120,2024-04-30,5
001440,2024-04-30,6
278470,2024-04-30,7
112290,2024-04-30,8
089010,2024-04-30,9
051910,2024-04-30,10
232140,2024-04-30,11
000270,2024-04-30,12
005380,2024-04-30,13
036810,2024-04-30,14
006260,2024-04-30,15
086520,2024-04-30,16
005490,2024-04-30,17
042700,2024-04-30,18
000500,2024-04-30,19
078150,2024-04-30,20
005930,2024-05-02,1
000660,2024-05-02,2
229640,2024-05-02,3
412540,2024-05-02,4
439090,2024-05-02,5
012450,2024-05-02,6
007660,2024-05-02,7
171090,2024-05-02,8
068270,2024-05-02,9
028300,2024-05-02,10
086520,2024-05-02,11
006340,2024-05-02,12
451250,2024-05-02,13
051910,2024-05-02,14
006400,2024-05-02,15
267260,2024-05-02,16
012510,2024-05-02,17
307950,2024-05-02,18
196170,2024-05-02,19
010120,2024-05-02,20
005930,2024-05-03,1
000660,2024-05-03,2
347850,2024-05-03,3
229640,2024-05-03,4
199820,2024-05-03,5
278470,2024-05-03,6
451250,2024-05-03,7
089010,2024-05-03,8
006400,2024-05-03,9
103140,2024-05-03,10
035420,2024-05-03,11
033100,2024-05-03,12
112290,2024-05-03,13
439090,2024-05-03,14
012450,2024-05-03,15
000250,2024-05-03,16
028300,2024-05-03,17
196170,2024-05-03,18
161580,2024-05-03,19
005380,2024-05-03,20
005930,2024-05-07,1
035420,2024-05-07,2
000660,2024-05-07,3
452200,2024-05-07,4
090460,2024-05-07,5
347850,2024-05-07,6
039980,2024-05-07,7
161580,2024-05-07,8
004090,2024-05-07,9
000270,2024-05-07,10
112290,2024-05-07,11
000250,2024-05-07,12
005380,2024-05-07,13
080220,2024-05-07,14
196170,2024-05-07,15
030520,2024-05-07,16
086520,2024-05-07,17
232140,2024-05-07,18
028300,2024-05-07,19
009470,2024-05-07,20
005930,2024-05-08,1
000660,2024-05-08,2
232140,2024-05-08,3
006340,2024-05-08,4
126730,2024-05-08,5
042700,2024-05-08,6
001440,2024-05-08,7
035420,2024-05-08,8
267260,2024-05-08,9
161390,2024-05-08,10
039980,2024-05-08,11
068270,2024-05-08,12
005380,2024-05-08,13
297890,2024-05-08,14
058470,2024-05-08,15
196170,2024-05-08,16
030520,2024-05-08,17
000500,2024-05-08,18
000270,2024-05-08,19
161580,2024-05-08,20
443060,2024-05-09,1
005930,2024-05-09,2
000660,2024-05-09,3
039980,2024-05-09,4
042370,2024-05-09,5
006340,2024-05-09,6
041020,2024-05-09,7
033100,2024-05-09,8
042700,2024-05-09,9
035420,2024-05-09,10
196170,2024-05-09,11
171090,2024-05-09,12
267260,2024-05-09,13
112290,2024-05-09,14
199820,2024-05-09,15
161000,2024-05-09,16
232140,2024-05-09,17
028300,2024-05-09,18
001440,2024-05-09,19
078150,2024-05-09,20
005930,2024-05-10,1
443060,2024-05-10,2
041020,2024-05-10,3
000660,2024-05-10,4
039980,2024-05-10,5
348370,2024-05-10,6
232140,2024-05-10,7
214150,2024-05-10,8
278470,2024-05-10,9
257720,2024-05-10,10
066790,2024-05-10,11
006340,2024-05-10,12
035420,2024-05-10,13
028300,2024-05-10,14
000270,2024-05-10,15
451250,2024-05-10,16
335890,2024-05-10,17
047560,2024-05-10,18
042700,2024-05-10,19
005380,2024-05-10,20
005930,2024-05-13,1
443060,2024-05-13,2
025320,2024-05-13,3
000660,2024-05-13,4
006340,2024-05-13,5
257720,2024-05-13,6
039980,2024-05-13,7
103590,2024-05-13,8
000500,2024-05-13,9
352820,2024-05-13,10
041020,2024-05-13,11
033100,2024-05-13,12
278470,2024-05-13,13
263750,2024-05-13,14
270660,2024-05-13,15
001440,2024-05-13,16
028300,2024-05-13,17
015760,2024-05-13,18
348370,2024-05-13,19
000270,2024-05-13,20
001440,2024-05-14,1
005930,2024-05-14,2
443060,2024-05-14,3
000660,2024-05-14,4
006340,2024-05-14,5
103590,2024-05-14,6
042370,2024-05-14,7
000500,2024-05-14,8
006260,2024-05-14,9
033100,2024-05-14,10
257720,2024-05-14,11
025820,2024-05-14,12
041020,2024-05-14,13
035900,2024-05-14,14
196170,2024-05-14,15
015760,2024-05-14,16
028300,2024-05-14,17
226340,2024-05-14,18
267260,2024-05-14,19
024840,2024-05-14,20
005930,2024-05-16,1
443060,2024-05-16,2
030520,2024-05-16,3
232140,2024-05-16,4
041020,2024-05-16,5
000660,2024-05-16,6
001440,2024-05-16,7
024840,2024-05-16,8
025820,2024-05-16,9
032820,2024-05-16,10
196170,2024-05-16,11
086520,2024-05-16,12
028300,2024-05-16,13
018290,2024-05-16,14
475150,2024-05-16,15
042700,2024-05-16,16
006340,2024-05-16,17
005380,2024-05-16,18
047560,2024-05-16,19
452200,2024-05-16,20
005930,2024-05-17,1
000660,2024-05-17,2
007660,2024-05-17,3
001440,2024-05-17,4
028300,2024-05-17,5
089010,2024-05-17,6
475150,2024-05-17,7
042700,2024-05-17,8
196170,2024-05-17,9
010120,2024-05-17,10
443060,2024-05-17,11
232140,2024-05-17,12
403870,2024-05-17,13
267260,2024-05-17,14
032820,2024-05-17,15
078150,2024-05-17,16
105560,2024-05-17,17
058470,2024-05-17,18
024840,2024-05-17,19
348370,2024-05-17,20
005930,2024-05-20,1
456010,2024-05-20,2
298040,2024-05-20,3
196170,2024-05-20,4
000660,2024-05-20,5
329180,2024-05-20,6
041020,2024-05-20,7
007660,2024-05-20,8
001440,2024-05-20,9
443060,2024-05-20,10
267260,2024-05-20,11
006260,2024-05-20,12
010120,2024-05-20,13
005180,2024-05-20,14
068270,2024-05-20,15
000390,2024-05-20,16
232140,2024-05-20,17
403870,2024-05-20,18
006620,2024-05-20,19
000250,2024-05-20,20
005930,2024-05-21,1
028300,2024-05-21,2
001440,2024-05-21,3
000660,2024-05-21,4
229640,2024-05-21,5
010120,2024-05-21,6
041020,2024-05-21,7
025820,2024-05-21,8
003230,2024-05-21,9
443060,2024-05-21,10
006260,2024-05-21,11
298040,2024-05-21,12
196170,2024-05-21,13
024060,2024-05-21,14
005380,2024-05-21,15
007660,2024-05-21,16
011200,2024-05-21,17
267260,2024-05-21,18
456010,2024-05-21,19
001120,2024-05-21,20
005930,2024-05-22,1
028300,2024-05-22,2
001440,2024-05-22,3
000660,2024-05-22,4
030520,2024-05-22,5
007660,2024-05-22,6
443060,2024-05-22,7
450080,2024-05-22,8
229640,2024-05-22,9
348370,2024-05-22,10
024840,2024-05-22,11
086390,2024-05-22,12
294090,2024-05-22,13
006260,2024-05-22,14
041190,2024-05-22,15
232140,2024-05-22,16
335890,2024-05-22,17
010120,2024-05-22,18
003230,2024-05-22,19
012800,2024-05-22,20
005930,2024-05-23,1
005380,2024-05-23,2
000660,2024-05-23,3
232140,2024-05-23,4
475150,2024-05-23,5
229640,2024-05-23,6
042700,2024-05-23,7
196170,2024-05-23,8
336260,2024-05-23,9
028300,2024-05-23,10
000390,2024-05-23,11
294090,2024-05-23,12
000270,2024-05-23,13
001440,2024-05-23,14
007660,2024-05-23,15
443060,2024-05-23,16
010120,2024-05-23,17
455900,2024-05-23,18
032820,2024-05-23,19
006260,2024-05-23,20
145170,2024-05-24,1
005930,2024-05-24,2
000660,2024-05-24,3
028300,2024-05-24,4
005380,2024-05-24,5
475150,2024-05-24,6
042700,2024-05-24,7
417200,2024-05-24,8
009830,2024-05-24,9
336260,2024-05-24,10
032820,2024-05-24,11
001440,2024-05-24,12
232140,2024-05-24,13
452280,2024-05-24,14
000270,2024-05-24,15
086390,2024-05-24,16
007660,2024-05-24,17
214680,2024-05-24,18
006260,2024-05-24,19
010120,2024-05-24,20
005930,2024-05-27,1
145170,2024-05-27,2
000660,2024-05-27,3
042700,2024-05-27,4
267260,2024-05-27,5
322000,2024-05-27,6
001440,2024-05-27,7
010120,2024-05-27,8
229640,2024-05-27,9
475150,2024-05-27,10
005380,2024-05-27,11
028300,2024-05-27,12
006340,2024-05-27,13
351330,2024-05-27,14
196170,2024-05-27,15
011150,2024-05-27,16
417200,2024-05-27,17
060370,2024-05-27,18
103840,2024-05-27,19
000270,2024-05-27,20
005930,2024-05-28,1
034020,2024-05-28,2
000660,2024-05-28,3
042700,2024-05-28,4
028300,2024-05-28,5
267260,2024-05-28,6
145170,2024-05-28,7
011790,2024-05-28,8
457550,2024-05-28,9
009830,2024-05-28,10
475150,2024-05-28,11
005380,2024-05-28,12
010120,2024-05-28,13
086520,2024-05-28,14
298830,2024-05-28,15
000270,2024-05-28,16
005490,2024-05-28,17
348370,2024-05-28,18
322000,2024-05-28,19
130660,2024-05-28,20
005930,2024-05-29,1
028300,2024-05-29,2
034020,2024-05-29,3
066570,2024-05-29,4
042700,2024-05-29,5
000660,2024-05-29,6
457550,2024-05-29,7
145170,2024-05-29,8
130660,2024-05-29,9
036810,2024-05-29,10
403870,2024-05-29,11
451250,2024-05-29,12
019990,2024-05-29,13
047810,2024-05-29,14
475150,2024-05-29,15
443060,2024-05-29,16
011790,2024-05-29,17
005380,2024-05-29,18
103590,2024-05-29,19
041510,2024-05-29,20
005930,2024-05-30,1
477380,2024-05-30,2
000660,2024-05-30,3
042700,2024-05-30,4
066570,2024-05-30,5
034020,2024-05-30,6
028300,2024-05-30,7
137400,2024-05-30,8
036200,2024-05-30,9
351330,2024-05-30,10
011790,2024-05-30,11
005380,2024-05-30,12
006400,2024-05-30,13
451250,2024-05-30,14
051910,2024-05-30,15
247540,2024-05-30,16
080220,2024-05-30,17
475150,2024-05-30,18
090460,2024-05-30,19
103590,2024-05-30,20
005930,2024-05-31,1
000660,2024-05-31,2
443060,2024-05-31,3
229640,2024-05-31,4
042700,2024-05-31,5
298830,2024-05-31,6
028300,2024-05-31,7
034020,2024-05-31,8
078600,2024-05-31,9
323280,2024-05-31,10
006220,2024-05-31,11
051910,2024-05-31,12
034730,2024-05-31,13
066570,2024-05-31,14
006660,2024-05-31,15
420570,2024-05-31,16
005380,2024-05-31,17
060310,2024-05-31,18
035420,2024-05-31,19
196170,2024-05-31,20
005930,2024-06-03,1
000660,2024-06-03,2
196170,2024-06-03,3
267260,2024-06-03,4
232140,2024-06-03,5
034730,2024-06-03,6
034020,2024-06-03,7
348370,2024-06-03,8
028300,2024-06-03,9
005880,2024-06-03,10
105560,2024-06-03,11
005380,2024-06-03,12
016360,2024-06-03,13
000270,2024-06-03,14
042700,2024-06-03,15
086520,2024-06-03,16
451250,2024-06-03,17
145170,2024-06-03,18
066570,2024-06-03,19
457550,2024-06-03,20
005930,2024-06-04,1
042700,2024-06-04,2
012450,2024-06-04,3
000660,2024-06-04,4
034730,2024-06-04,5
036460,2024-06-04,6
047050,2024-06-04,7
232140,2024-06-04,8
000100,2024-06-04,9
005380,2024-06-04,10
257720,2024-06-04,11
432430,2024-06-04,12
196170,2024-06-04,13
024060,2024-06-04,14
034020,2024-06-04,15
028300,2024-06-04,16
060370,2024-06-04,17
066570,2024-06-04,18
010140,2024-06-04,19
011200,2024-06-04,20
036460,2024-06-05,1
005930,2024-06-05,2
196170,2024-06-05,3
024060,2024-06-05,4
034020,2024-06-05,5
000660,2024-06-05,6
042700,2024-06-05,7
060370,2024-06-05,8
047050,2024-06-05,9
028300,2024-06-05,10
004090,2024-06-05,11
068270,2024-06-05,12
117580,2024-06-05,13
232140,2024-06-05,14
200470,2024-06-05,15
053050,2024-06-05,16
314130,2024-06-05,17
086520,2024-06-05,18
012450,2024-06-05,19
034730,2024-06-05,20
005930,2024-06-07,1
036460,2024-06-07,2
042700,2024-06-07,3
000660,2024-06-07,4
196170,2024-06-07,5
039610,2024-06-07,6
004090,2024-06-07,7
003160,2024-06-07,8
232140,2024-06-07,9
450080,2024-06-07,10
036930,2024-06-07,11
005010,2024-06-07,12
443670,2024-06-07,13
086520,2024-06-07,14
005380,2024-06-07,15
247540,2024-06-07,16
010120,2024-06-07,17
024060,2024-06-07,18
008970,2024-06-07,19
034020,2024-06-07,20
005930,2024-06-10,1
000660,2024-06-10,2
196170,2024-06-10,3
450080,2024-06-10,4
024060,2024-06-10,5
086520,2024-06-10,6
042700,2024-06-10,7
004090,2024-06-10,8
247540,2024-06-10,9
034730,2024-06-10,10
092790,2024-06-10,11
008970,2024-06-10,12
267260,2024-06-10,13
074600,2024-06-10,14
232140,2024-06-10,15
034020,2024-06-10,16
011150,2024-06-10,17
323280,2024-06-10,18
042000,2024-06-10,19
237690,2024-06-10,20
005930,2024-06-11,1
450080,2024-06-11,2
000660,2024-06-11,3
011790,2024-06-11,4
232140,2024-06-11,5
196170,2024-06-11,6
417200,2024-06-11,7
287410,2024-06-11,8
034730,2024-06-11,9
005380,2024-06-11,10
086520,2024-06-11,11
317330,2024-06-11,12
247540,2024-06-11,13
267260,2024-06-11,14
402340,2024-06-11,15
042700,2024-06-11,16
130660,2024-06-11,17
005180,2024-06-11,18
200350,2024-06-11,19
034020,2024-06-11,20
005930,2024-06-12,1
196170,2024-06-12,2
000660,2024-06-12,3
078600,2024-06-12,4
130660,2024-06-12,5
450080,2024-06-12,6
121600,2024-06-12,7
047050,2024-06-12,8
005380,2024-06-12,9
022100,2024-06-12,10
145020,2024-06-12,11
101670,2024-06-12,12
009520,2024-06-12,13
003670,2024-06-12,14
278470,2024-06-12,15
454910,2024-06-12,16
033100,2024-06-12,17
017510,2024-06-12,18
034730,2024-06-12,19
011790,2024-06-12,20
005930,2024-06-13,1
025320,2024-06-13,2
042700,2024-06-13,3
036460,2024-06-13,4
454910,2024-06-13,5
000660,2024-06-13,6
011070,2024-06-13,7
196170,2024-06-13,8
147830,2024-06-13,9
034020,2024-06-13,10
451250,2024-06-13,11
078600,2024-06-13,12
450080,2024-06-13,13
047050,2024-06-13,14
090460,2024-06-13,15
068270,2024-06-13,16
103840,2024-06-13,17
035420,2024-06-13,18
042000,2024-06-13,19
005380,2024-06-13,20
005930,2024-06-14,1
000660,2024-06-14,2
042700,2024-06-14,3
036460,2024-06-14,4
047050,2024-06-14,5
232140,2024-06-14,6
196170,2024-06-14,7
005380,2024-06-14,8
001440,2024-06-14,9
007660,2024-06-14,10
439090,2024-06-14,11
028300,2024-06-14,12
006340,2024-06-14,13
000270,2024-06-14,14
068270,2024-06-14,15
450080,2024-06-14,16
011790,2024-06-14,17
066970,2024-06-14,18
025320,2024-06-14,19
005070,2024-06-14,20
005930,2024-06-17,1
453450,2024-06-17,2
047050,2024-06-17,3
000660,2024-06-17,4
450080,2024-06-17,5
042700,2024-06-17,6
036460,2024-06-17,7
011150,2024-06-17,8
012330,2024-06-17,9
011790,2024-06-17,10
452200,2024-06-17,11
196170,2024-06-17,12
278470,2024-06-17,13
267260,2024-06-17,14
003230,2024-06-17,15
005380,2024-06-17,16
007660,2024-06-17,17
010120,2024-06-17,18
005490,2024-06-17,19
417200,2024-06-17,20
005930,2024-06-18,1
462510,2024-06-18,2
005380,2024-06-18,3
064350,2024-06-18,4
000660,2024-06-18,5
036460,2024-06-18,6
204270,2024-06-18,7
000270,2024-06-18,8
003960,2024-06-18,9
079550,2024-06-18,10
196170,2024-06-18,11
047050,2024-06-18,12
042700,2024-06-18,13
140430,2024-06-18,14
010690,2024-06-18,15
348370,2024-06-18,16
007660,2024-06-18,17
450080,2024-06-18,18
012450,2024-06-18,19
453450,2024-06-18,20
005930,2024-06-19,1
036460,2024-06-19,2
000660,2024-06-19,3
007660,2024-06-19,4
005380,2024-06-19,5
000250,2024-06-19,6
272210,2024-06-19,7
453450,2024-06-19,8
204270,2024-06-19,9
000270,2024-06-19,10
047050,2024-06-19,11
477760,2024-06-19,12
011790,2024-06-19,13
004090,2024-06-19,14
196170,2024-06-19,15
064350,2024-06-19,16
042700,2024-06-19,17
006660,2024-06-19,18
450080,2024-06-19,19
388790,2024-06-19,20
005930,2024-06-20,1
000660,2024-06-20,2
000250,2024-06-20,3
458870,2024-06-20,4
034020,2024-06-20,5
477470,2024-06-20,6
012450,2024-06-20,7
066570,2024-06-20,8
036460,2024-06-20,9
005380,2024-06-20,10
003160,2024-06-20,11
196170,2024-06-20,12
042000,2024-06-20,13
047050,2024-06-20,14
042700,2024-06-20,15
145170,2024-06-20,16
450080,2024-06-20,17
204270,2024-06-20,18
294090,2024-06-20,19
000270,2024-06-20,20
005930,2024-06-21,1
096770,2024-06-21,2
000990,2024-06-21,3
036460,2024-06-21,4
000660,2024-06-21,5
042000,2024-06-21,6
141080,2024-06-21,7
047050,2024-06-21,8
000250,2024-06-21,9
452280,2024-06-21,10
196170,2024-06-21,11
092790,2024-06-21,12
004140,2024-06-21,13
042700,2024-06-21,14
012450,2024-06-21,15
005380,2024-06-21,16
407400,2024-06-21,17
034020,2024-06-21,18
247540,2024-06-21,19
012030,2024-06-21,20
005930,2024-06-24,1
047050,2024-06-24,2
000660,2024-06-24,3
196170,2024-06-24,4
147830,2024-06-24,5
453450,2024-06-24,6
033100,2024-06-24,7
036460,2024-06-24,8
096770,2024-06-24,9
478390,2024-06-24,10
003160,2024-06-24,11
068270,2024-06-24,12
023160,2024-06-24,13
006340,2024-06-24,14
003230,2024-06-24,15
005380,2024-06-24,16
078930,2024-06-24,17
000270,2024-06-24,18
397030,2024-06-24,19
267260,2024-06-24,20
005930,2024-06-25,1
000660,2024-06-25,2
107640,2024-06-25,3
001250,2024-06-25,4
000250,2024-06-25,5
047050,2024-06-25,6
196170,2024-06-25,7
036460,2024-06-25,8
453450,2024-06-25,9
147830,2024-06-25,10
348370,2024-06-25,11
066570,2024-06-25,12
478440,2024-06-25,13
005380,2024-06-25,14
397030,2024-06-25,15
078930,2024-06-25,16
028300,2024-06-25,17
042700,2024-06-25,18
278470,2024-06-25,19
037070,2024-06-25,20
005930,2024-06-26,1
000660,2024-06-26,2
464080,2024-06-26,3
028300,2024-06-26,4
001250,2024-06-26,5
005380,2024-06-26,6
006660,2024-06-26,7
396470,2024-06-26,8
036460,2024-06-26,9
005880,2024-06-26,10
196170,2024-06-26,11
107640,2024-06-26,12
042700,2024-06-26,13
017510,2024-06-26,14
047050,2024-06-26,15
147830,2024-06-26,16
010140,2024-06-26,17
465770,2024-06-26,18
012510,2024-06-26,19
000250,2024-06-26,20
005930,2024-06-27,1
000660,2024-06-27,2
006340,2024-06-27,3
028300,2024-06-27,4
036460,2024-06-27,5
047050,2024-06-27,6
107640,2024-06-27,7
006660,2024-06-27,8
042700,2024-06-27,9
194480,2024-06-27,10
003160,2024-06-27,11
005380,2024-06-27,12
196170,2024-06-27,13
462510,2024-06-27,14
388790,2024-06-27,15
396470,2024-06-27,16
001440,2024-06-27,17
000270,2024-06-27,18
012510,2024-06-27,19
348370,2024-06-27,20
005930,2024-06-28,1
160190,2024-06-28,2
000660,2024-06-28,3
196170,2024-06-28,4
047050,2024-06-28,5
005380,2024-06-28,6
017510,2024-06-28,7
033100,2024-06-28,8
036460,2024-06-28,9
010120,2024-06-28,10
439090,2024-06-28,11
001440,2024-06-28,12
006340,2024-06-28,13
348370,2024-06-28,14
087010,2024-06-28,15
042700,2024-06-28,16
006400,2024-06-28,17
034020,2024-06-28,18
257720,2024-06-28,19
267260,2024-06-28,20
005930,2024-07-01,1
000660,2024-07-01,2
295310,2024-07-01,3
007660,2024-07-01,4
160190,2024-07-01,5
025320,2024-07-01,6
005880,2024-07-01,7
000250,2024-07-01,8
006340,2024-07-01,9
010120,2024-07-01,10
028300,2024-07-01,11
036460,2024-07-01,12
005380,2024-07-01,13
465770,2024-07-01,14
086280,2024-07-01,15
096770,2024-07-01,16
012450,2024-07-01,17
006400,2024-07-01,18
196170,2024-07-01,19
011790,2024-07-01,20
005930,2024-07-02,1
336370,2024-07-02,2
000660,2024-07-02,3
087010,2024-07-02,4
000250,2024-07-02,5
005380,2024-07-02,6
086280,2024-07-02,7
253590,2024-07-02,8
068270,2024-07-02,9
028300,2024-07-02,10
035420,2024-07-02,11
036460,2024-07-02,12
257720,2024-07-02,13
006400,2024-07-02,14
160190,2024-07-02,15
196170,2024-07-02,16
010120,2024-07-02,17
003230,2024-07-02,18
092870,2024-07-02,19
047050,2024-07-02,20
005930,2024-07-03,1
000660,2024-07-03,2
036460,2024-07-03,3
462350,2024-07-03,4
005380,2024-07-03,5
000250,2024-07-03,6
196170,2024-07-03,7
006340,2024-07-03,8
267260,2024-07-03,9
105560,2024-07-03,10
439580,2024-07-03,11
078140,2024-07-03,12
207940,2024-07-03,13
004090,2024-07-03,14
087010,2024-07-03,15
047050,2024-07-03,16
079550,2024-07-03,17
010120,2024-07-03,18
006400,2024-07-03,19
000270,2024-07-03,20
005930,2024-07-04,1
028300,2024-07-04,2
000660,2024-07-04,3
000250,2024-07-04,4
450330,2024-07-04,5
450080,2024-07-04,6
005380,2024-07-04,7
086520,2024-07-04,8
373220,2024-07-04,9
225570,2024-07-04,10
006400,2024-07-04,11
036460,2024-07-04,12
105560,2024-07-04,13
278470,2024-07-04,14
247540,2024-07-04,15
042700,2024-07-04,16
055550,2024-07-04,17
196170,2024-07-04,18
178320,2024-07-04,19
336370,2024-07-04,20
005930,2024-07-05,1
000660,2024-07-05,2
028300,2024-07-05,3
042700,2024-07-05,4
253590,2024-07-05,5
047920,2024-07-05,6
000250,2024-07-05,7
232140,2024-07-05,8
086520,2024-07-05,9
298380,2024-07-05,10
036460,2024-07-05,11
003160,2024-07-05,12
225570,2024-07-05,13
039030,2024-07-05,14
009150,2024-07-05,15
006400,2024-07-05,16
196170,2024-07-05,17
067630,2024-07-05,18
005935,2024-07-05,19
005380,2024-07-05,20
005930,2024-07-08,1
000660,2024-07-08,2
028300,2024-07-08,3
000250,2024-07-08,4
000100,2024-07-08,5
196170,2024-07-08,6
042700,2024-07-08,7
053030,2024-07-08,8
141080,2024-07-08,9
009150,2024-07-08,10
036460,2024-07-08,11
005935,2024-07-08,12
047920,2024-07-08,13
035420,2024-07-08,14
025320,2024-07-08,15
006400,2024-07-08,16
066570,2024-07-08,17
257720,2024-07-08,18
067630,2024-07-08,19
278470,2024-07-08,20
005930,2024-07-09,1
000660,2024-07-09,2
028300,2024-07-09,3
086520,2024-07-09,4
034020,2024-07-09,5
196170,2024-07-09,6
053030,2024-07-09,7
000250,2024-07-09,8
033100,2024-07-09,9
439580,2024-07-09,10
225570,2024-07-09,11
036460,2024-07-09,12
005935,2024-07-09,13
035420,2024-07-09,14
247540,2024-07-09,15
064550,2024-07-09,16
005380,2024-07-09,17
032820,2024-07-09,18
012450,2024-07-09,19
450080,2024-07-09,20
005930,2024-07-10,1
000660,2024-07-10,2
034020,2024-07-10,3
032820,2024-07-10,4
028300,2024-07-10,5
078150,2024-07-10,6
000250,2024-07-10,7
005380,2024-07-10,8
010120,2024-07-10,9
130660,2024-07-10,10
196170,2024-07-10,11
000270,2024-07-10,12
086520,2024-07-10,13
229640,2024-07-10,14
141080,2024-07-10,15
042700,2024-07-10,16
003960,2024-07-10,17
278470,2024-07-10,18
161580,2024-07-10,19
005935,2024-07-10,20
005930,2024-07-11,1
000660,2024-07-11,2
000250,2024-07-11,3
064350,2024-07-11,4
130660,2024-07-11,5
012450,2024-07-11,6
107640,2024-07-11,7
006260,2024-07-11,8
035420,2024-07-11,9
251270,2024-07-11,10
196170,2024-07-11,11
010120,2024-07-11,12
034020,2024-07-11,13
475150,2024-07-11,14
005935,2024-07-11,15
087010,2024-07-11,16
178320,2024-07-11,17
225570,2024-07-11,18
060370,2024-07-11,19
006340,2024-07-11,20
005930,2024-07-12,1
462870,2024-07-12,2
000660,2024-07-12,3
005490,2024-07-12,4
001440,2024-07-12,5
403870,2024-07-12,6
000250,2024-07-12,7
147830,2024-07-12,8
028300,2024-07-12,9
006400,2024-07-12,10
450080,2024-07-12,11
196170,2024-07-12,12
034020,2024-07-12,13
273640,2024-07-12,14
267260,2024-07-12,15
107640,2024-07-12,16
373220,2024-07-12,17
005935,2024-07-12,18
005380,2024-07-12,19
064550,2024-07-12,20
005930,2024-07-15,1
454910,2024-07-15,2
000660,2024-07-15,3
034020,2024-07-15,4
241560,2024-07-15,5
028300,2024-07-15,6
000100,2024-07-15,7
462870,2024-07-15,8
005490,2024-07-15,9
196170,2024-07-15,10
000250,2024-07-15,11
035420,2024-07-15,12
005935,2024-07-15,13
478110,2024-07-15,14
005380,2024-07-15,15
036460,2024-07-15,16
032820,2024-07-15,17
006400,2024-07-15,18
068270,2024-07-15,19
257720,2024-07-15,20
005930,2024-07-16,1
000660,2024-07-16,2
454910,2024-07-16,3
064350,2024-07-16,4
079550,2024-07-16,5
032820,2024-07-16,6
034020,2024-07-16,7
130660,2024-07-16,8
012450,2024-07-16,9
462870,2024-07-16,10
052690,2024-07-16,11
196170,2024-07-16,12
373110,2024-07-16,13
000250,2024-07-16,14
005490,2024-07-16,15
086520,2024-07-16,16
035420,2024-07-16,17
000100,2024-07-16,18
950160,2024-07-16,19
001440,2024-07-16,20
005930,2024-07-17,1
000660,2024-07-17,2
000250,2024-07-17,3
454910,2024-07-17,4
042700,2024-07-17,5
012450,2024-07-17,6
034020,2024-07-17,7
009150,2024-07-17,8
006400,2024-07-17,9
003220,2024-07-17,10
032820,2024-07-17,11
196170,2024-07-17,12
005490,2024-07-17,13
365330,2024-07-17,14
079550,2024-07-17,15
064350,2024-07-17,16
000100,2024-07-17,17
051910,2024-07-17,18
272210,2024-07-17,19
348370,2024-07-17,20
005930,2024-07-18,1
000660,2024-07-18,2
034020,2024-07-18,3
096770,2024-07-18,4
000250,2024-07-18,5
003220,2024-07-18,6
010140,2024-07-18,7
042700,2024-07-18,8
383220,2024-07-18,9
348370,2024-07-18,10
089030,2024-07-18,11
012450,2024-07-18,12
028300,2024-07-18,13
068270,2024-07-18,14
018290,2024-07-18,15
071970,2024-07-18,16
130660,2024-07-18,17
454910,2024-07-18,18
443060,2024-07-18,19
009150,2024-07-18,20
005930,2024-07-19,1
000660,2024-07-19,2
034020,2024-07-19,3
052690,2024-07-19,4
130660,2024-07-19,5
096770,2024-07-19,6
012450,2024-07-19,7
005380,2024-07-19,8
032820,2024-07-19,9
010140,2024-07-19,10
086520,2024-07-19,11
042700,2024-07-19,12
036460,2024-07-19,13
001250,2024-07-19,14
000250,2024-07-19,15
267260,2024-07-19,16
039610,2024-07-19,17
196170,2024-07-19,18
454910,2024-07-19,19
051600,2024-07-19,20
005930,2024-07-22,1
000660,2024-07-22,2
087010,2024-07-22,3
034020,2024-07-22,4
082850,2024-07-22,5
000250,2024-07-22,6
005380,2024-07-22,7
039610,2024-07-22,8
012450,2024-07-22,9
000270,2024-07-22,10
378800,2024-07-22,11
462870,2024-07-22,12
348370,2024-07-22,13
454910,2024-07-22,14
052690,2024-07-22,15
253590,2024-07-22,16
086520,2024-07-22,17
130660,2024-07-22,18
010120,2024-07-22,19
018290,2024-07-22,20
005930,2024-07-23,1
000660,2024-07-23,2
068270,2024-07-23,3
000250,2024-07-23,4
094480,2024-07-23,5
034020,2024-07-23,6
005380,2024-07-23,7
041440,2024-07-23,8
001470,2024-07-23,9
082850,2024-07-23,10
042700,2024-07-23,11
365330,2024-07-23,12
012450,2024-07-23,13
087010,2024-07-23,14
267260,2024-07-23,15
462870,2024-07-23,16
006400,2024-07-23,17
130660,2024-07-23,18
009540,2024-07-23,19
090430,2024-07-23,20
005930,2024-07-24,1
000660,2024-07-24,2
267260,2024-07-24,3
010120,2024-07-24,4
196170,2024-07-24,5
064350,2024-07-24,6
078140,2024-07-24,7
052420,2024-07-24,8
033100,2024-07-24,9
005380,2024-07-24,10
039610,2024-07-24,11
034020,2024-07-24,12
012450,2024-07-24,13
042700,2024-07-24,14
035720,2024-07-24,15
087010,2024-07-24,16
042670,2024-07-24,17
232140,2024-07-24,18
000250,2024-07-24,19
000270,2024-07-24,20
005930,2024-07-25,1
000660,2024-07-25,2
267260,2024-07-25,3
196170,2024-07-25,4
010120,2024-07-25,5
272210,2024-07-25,6
012450,2024-07-25,7
105560,2024-07-25,8
207940,2024-07-25,9
064350,2024-07-25,10
006620,2024-07-25,11
068270,2024-07-25,12
082850,2024-07-25,13
042700,2024-07-25,14
061250,2024-07-25,15
005380,2024-07-25,16
005490,2024-07-25,17
089030,2024-07-25,18
461030,2024-07-25,19
004310,2024-07-25,20
000660,2024-07-26,1
005930,2024-07-26,2
010120,2024-07-26,3
068270,2024-07-26,4
041440,2024-07-26,5
196170,2024-07-26,6
012450,2024-07-26,7
267260,2024-07-26,8
035420,2024-07-26,9
042700,2024-07-26,10
005380,2024-07-26,11
365330,2024-07-26,12
053280,2024-07-26,13
052420,2024-07-26,14
005490,2024-07-26,15
255220,2024-07-26,16
034020,2024-07-26,17
064350,2024-07-26,18
247540,2024-07-26,19
207940,2024-07-26,20
000660,2024-07-29,1
005930,2024-07-29,2
005380,2024-07-29,3
010140,2024-07-29,4
010120,2024-07-29,5
267260,2024-07-29,6
064350,2024-07-29,7
094480,2024-07-29,8
316140,2024-07-29,9
207940,2024-07-29,10
196170,2024-07-29,11
009540,2024-07-29,12
329180,2024-07-29,13
068270,2024-07-29,14
004140,2024-07-29,15
055550,2024-07-29,16
052420,2024-07-29,17
105560,2024-07-29,18
000270,2024-07-29,19
028050,2024-07-29,20
005930,2024-07-30,1
000660,2024-07-30,2
062040,2024-07-30,3
232140,2024-07-30,4
036460,2024-07-30,5
005380,2024-07-30,6
055550,2024-07-30,7
068270,2024-07-30,8
012450,2024-07-30,9
064350,2024-07-30,10
196170,2024-07-30,11
047810,2024-07-30,12
010120,2024-07-30,13
316140,2024-07-30,14
039610,2024-07-30,15
105560,2024-07-30,16
267260,2024-07-30,17
207940,2024-07-30,18
000270,2024-07-30,19
086790,2024-07-30,20
005930,2024-07-31,1
000660,2024-07-31,2
062040,2024-07-31,3
196170,2024-07-31,4
012450,2024-07-31,5
082850,2024-07-31,6
047810,2024-07-31,7
272210,2024-07-31,8
316140,2024-07-31,9
042700,2024-07-31,10
068270,2024-07-31,11
009070,2024-07-31,12
002800,2024-07-31,13
247540,2024-07-31,14
010120,2024-07-31,15
036460,2024-07-31,16
005380,2024-07-31,17
267260,2024-07-31,18
232140,2024-07-31,19
006400,2024-07-31,20
005930,2024-08-01,1
000660,2024-08-01,2
232140,2024-08-01,3
012450,2024-08-01,4
196170,2024-08-01,5
460940,2024-08-01,6
024060,2024-08-01,7
034020,2024-08-01,8
042700,2024-08-01,9
006400,2024-08-01,10
004090,2024-08-01,11
068270,2024-08-01,12
141080,2024-08-01,13
064350,2024-08-01,14
036460,2024-08-01,15
038500,2024-08-01,16
000100,2024-08-01,17
062040,2024-08-01,18
272210,2024-08-01,19
005380,2024-08-01,20
005930,2024-08-02,1
000660,2024-08-02,2
225570,2024-08-02,3
012450,2024-08-02,4
024060,2024-08-02,5
042700,2024-08-02,6
062040,2024-08-02,7
267260,2024-08-02,8
028300,2024-08-02,9
196170,2024-08-02,10
247540,2024-08-02,11
064350,2024-08-02,12
005380,2024-08-02,13
068270,2024-08-02,14
009070,2024-08-02,15
003280,2024-08-02,16
108860,2024-08-02,17
010120,2024-08-02,18
006400,2024-08-02,19
042660,2024-08-02,20
000660,2024-08-05,1
005930,2024-08-05,2
004090,2024-08-05,3
084650,2024-08-05,4
024060,2024-08-05,5
196170,2024-08-05,6
267260,2024-08-05,7
042700,2024-08-05,8
012450,2024-08-05,9
005380,2024-08-05,10
068270,2024-08-05,11
105560,2024-08-05,12
003280,2024-08-05,13
062040,2024-08-05,14
000270,2024-08-05,15
006400,2024-08-05,16
005935,2024-08-05,17
089030,2024-08-05,18
007660,2024-08-05,19
247540,2024-08-05,20
005930,2024-08-06,1
000660,2024-08-06,2
196170,2024-08-06,3
068270,2024-08-06,4
012450,2024-08-06,5
005380,2024-08-06,6
024060,2024-08-06,7
005490,2024-08-06,8
267260,2024-08-06,9
042700,2024-08-06,10
105560,2024-08-06,11
000270,2024-08-06,12
005870,2024-08-06,13
035420,2024-08-06,14
009540,2024-08-06,15
207940,2024-08-06,16
000250,2024-08-06,17
051910,2024-08-06,18
247540,2024-08-06,19
010140,2024-08-06,20
005930,2024-08-07,1
000660,2024-08-07,2
196170,2024-08-07,3
460470,2024-08-07,4
012450,2024-08-07,5
267260,2024-08-07,6
068270,2024-08-07,7
005870,2024-08-07,8
005380,2024-08-07,9
042700,2024-08-07,10
005490,2024-08-07,11
082850,2024-08-07,12
003280,2024-08-07,13
009540,2024-08-07,14
000270,2024-08-07,15
010140,2024-08-07,16
053050,2024-08-07,17
086520,2024-08-07,18
035420,2024-08-07,19
064350,2024-08-07,20
005930,2024-08-08,1
000660,2024-08-08,2
068270,2024-08-08,3
090430,2024-08-08,4
084650,2024-08-08,5
460470,2024-08-08,6
207940,2024-08-08,7
012450,2024-08-08,8
196170,2024-08-08,9
042700,2024-08-08,10
267260,2024-08-08,11
036460,2024-08-08,12
214450,2024-08-08,13
003280,2024-08-08,14
005380,2024-08-08,15
225570,2024-08-08,16
000270,2024-08-08,17
317690,2024-08-08,18
039610,2024-08-08,19
141080,2024-08-08,20
005930,2024-08-09,1
000660,2024-08-09,2
112610,2024-08-09,3
196170,2024-08-09,4
205470,2024-08-09,5
084650,2024-08-09,6
096530,2024-08-09,7
068270,2024-08-09,8
012450,2024-08-09,9
082850,2024-08-09,10
002720,2024-08-09,11
267260,2024-08-09,12
160190,2024-08-09,13
005380,2024-08-09,14
051910,2024-08-09,15
247540,2024-08-09,16
460470,2024-08-09,17
950130,2024-08-09,18
317690,2024-08-09,19
373220,2024-08-09,20
005930,2024-08-12,1
000660,2024-08-12,2
439580,2024-08-12,3
196170,2024-08-12,4
068270,2024-08-12,5
082850,2024-08-12,6
035420,2024-08-12,7
247540,2024-08-12,8
225570,2024-08-12,9
042700,2024-08-12,10
461030,2024-08-12,11
012450,2024-08-12,12
317690,2024-08-12,13
096530,2024-08-12,14
337930,2024-08-12,15
005380,2024-08-12,16
450080,2024-08-12,17
267260,2024-08-12,18
086520,2024-08-12,19
033780,2024-08-12,20
000660,2024-08-13,1
005930,2024-08-13,2
199480,2024-08-13,3
036460,2024-08-13,4
052420,2024-08-13,5
042700,2024-08-13,6
068270,2024-08-13,7
019170,2024-08-13,8
439580,2024-08-13,9
064350,2024-08-13,10
196170,2024-08-13,11
299660,2024-08-13,12
035420,2024-08-13,13
452200,2024-08-13,14
317690,2024-08-13,15
012450,2024-08-13,16
082850,2024-08-13,17
461030,2024-08-13,18
005380,2024-08-13,19
141080,2024-08-13,20
005930,2024-08-14,1
000660,2024-08-14,2
064350,2024-08-14,3
259960,2024-08-14,4
257720,2024-08-14,5
053050,2024-08-14,6
453450,2024-08-14,7
482520,2024-08-14,8
036460,2024-08-14,9
196170,2024-08-14,10
222080,2024-08-14,11
068270,2024-08-14,12
457190,2024-08-14,13
012450,2024-08-14,14
035420,2024-08-14,15
024060,2024-08-14,16
199480,2024-08-14,17
452200,2024-08-14,18
452190,2024-08-14,19
137400,2024-08-14,20
005930,2024-08-16,1
000660,2024-08-16,2
084650,2024-08-16,3
003230,2024-08-16,4
042700,2024-08-16,5
064350,2024-08-16,6
010120,2024-08-16,7
257720,2024-08-16,8
019170,2024-08-16,9
036460,2024-08-16,10
299660,2024-08-16,11
462870,2024-08-16,12
024840,2024-08-16,13
035420,2024-08-16,14
068270,2024-08-16,15
267260,2024-08-16,16
196170,2024-08-16,17
047810,2024-08-16,18
323280,2024-08-16,19
322000,2024-08-16,20
005930,2024-08-19,1
000660,2024-08-19,2
088340,2024-08-19,3
257720,2024-08-19,4
005380,2024-08-19,5
028300,2024-08-19,6
042700,2024-08-19,7
036460,2024-08-19,8
299660,2024-08-19,9
084650,2024-08-19,10
267260,2024-08-19,11
068270,2024-08-19,12
323280,2024-08-19,13
196170,2024-08-19,14
007660,2024-08-19,15
000100,2024-08-19,16
000270,2024-08-19,17
009540,2024-08-19,18
005690,2024-08-19,19
064350,2024-08-19,20
005930,2024-08-20,1
000660,2024-08-20,2
096530,2024-08-20,3
079900,2024-08-20,4
084650,2024-08-20,5
205470,2024-08-20,6
005690,2024-08-20,7
005380,2024-08-20,8
036460,2024-08-20,9
011500,2024-08-20,10
087010,2024-08-20,11
000100,2024-08-20,12
003220,2024-08-20,13
299660,2024-08-20,14
257720,2024-08-20,15
950130,2024-08-20,16
137310,2024-08-20,17
294090,2024-08-20,18
065950,2024-08-20,19
012450,2024-08-20,20
000660,2024-08-21,1
005930,2024-08-21,2
011500,2024-08-21,3
457190,2024-08-21,4
389650,2024-08-21,5
196170,2024-08-21,6
012450,2024-08-21,7
461030,2024-08-21,8
267260,2024-08-21,9
039610,2024-08-21,10
005380,2024-08-21,11
084650,2024-08-21,12
453450,2024-08-21,13
222080,2024-08-21,14
281740,2024-08-21,15
036460,2024-08-21,16
000100,2024-08-21,17
452190,2024-08-21,18
452400,2024-08-21,19
431190,2024-08-21,20
000100,2024-08-22,1
464280,2024-08-22,2
000660,2024-08-22,3
005930,2024-08-22,4
039610,2024-08-22,5
028300,2024-08-22,6
161000,2024-08-22,7
006400,2024-08-22,8
052420,2024-08-22,9
365330,2024-08-22,10
299660,2024-08-22,11
237690,2024-08-22,12
039200,2024-08-22,13
452280,2024-08-22,14
373220,2024-08-22,15
068270,2024-08-22,16
012450,2024-08-22,17
196170,2024-08-22,18
079900,2024-08-22,19
207940,2024-08-22,20
476080,2024-08-23,1
000100,2024-08-23,2
464280,2024-08-23,3
005930,2024-08-23,4
000660,2024-08-23,5
001250,2024-08-23,6
035420,2024-08-23,7
389650,2024-08-23,8
196170,2024-08-23,9
373220,2024-08-23,10
011500,2024-08-23,11
068270,2024-08-23,12
214610,2024-08-23,13
051910,2024-08-23,14
005490,2024-08-23,15
006400,2024-08-23,16
328130,2024-08-23,17
009540,2024-08-23,18
478780,2024-08-23,19
365330,2024-08-23,20
000100,2024-08-26,1
456070,2024-08-26,2
000660,2024-08-26,3
005930,2024-08-26,4
196170,2024-08-26,5
476080,2024-08-26,6
452400,2024-08-26,7
039610,2024-08-26,8
299660,2024-08-26,9
452190,2024-08-26,10
036460,2024-08-26,11
096530,2024-08-26,12
464280,2024-08-26,13
039200,2024-08-26,14
068270,2024-08-26,15
000105,2024-08-26,16
082850,2024-08-26,17
005380,2024-08-26,18
199820,2024-08-26,19
161000,2024-08-26,20
005930,2024-08-27,1
000660,2024-08-27,2
000100,2024-08-27,3
456070,2024-08-27,4
036460,2024-08-27,5
035420,2024-08-27,6
397030,2024-08-27,7
373220,2024-08-27,8
237690,2024-08-27,9
476080,2024-08-27,10
053080,2024-08-27,11
452280,2024-08-27,12
196170,2024-08-27,13
055550,2024-08-27,14
024060,2024-08-27,15
452190,2024-08-27,16
068270,2024-08-27,17
199820,2024-08-27,18
005380,2024-08-27,19
015760,2024-08-27,20
000660,2024-08-28,1
005930,2024-08-28,2
456070,2024-08-28,3
000100,2024-08-28,4
389650,2024-08-28,5
196170,2024-08-28,6
452280,2024-08-28,7
207940,2024-08-28,8
036460,2024-08-28,9
006660,2024-08-28,10
456010,2024-08-28,11
068270,2024-08-28,12
006400,2024-08-28,13
039980,2024-08-28,14
005380,2024-08-28,15
012450,2024-08-28,16
373220,2024-08-28,17
476080,2024-08-28,18
096770,2024-08-28,19
267260,2024-08-28,20
000100,2024-08-29,1
000660,2024-08-29,2
005930,2024-08-29,3
005380,2024-08-29,4
476080,2024-08-29,5
012450,2024-08-29,6
389650,2024-08-29,7
464280,2024-08-29,8
456070,2024-08-29,9
196170,2024-08-29,10
039200,2024-08-29,11
006400,2024-08-29,12
439580,2024-08-29,13
042700,2024-08-29,14
207940,2024-08-29,15
034020,2024-08-29,16
068270,2024-08-29,17
035420,2024-08-29,18
036460,2024-08-29,19
064350,2024-08-29,20
000100,2024-08-30,1
000660,2024-08-30,2
005930,2024-08-30,3
298380,2024-08-30,4
005380,2024-08-30,5
456070,2024-08-30,6
452190,2024-08-30,7
373220,2024-08-30,8
457190,2024-08-30,9
006400,2024-08-30,10
042700,2024-08-30,11
196170,2024-08-30,12
439580,2024-08-30,13
267260,2024-08-30,14
378340,2024-08-30,15
464280,2024-08-30,16
006660,2024-08-30,17
000270,2024-08-30,18
450080,2024-08-30,19
007660,2024-08-30,20
005930,2024-09-02,1
000660,2024-09-02,2
000100,2024-09-02,3
456070,2024-09-02,4
000270,2024-09-02,5
010120,2024-09-02,6
461300,2024-09-02,7
005380,2024-09-02,8
476080,2024-09-02,9
028300,2024-09-02,10
464280,2024-09-02,11
196170,2024-09-02,12
036460,2024-09-02,13
298380,2024-09-02,14
042660,2024-09-02,15
005935,2024-09-02,16
035420,2024-09-02,17
068270,2024-09-02,18
225570,2024-09-02,19
462510,2024-09-02,20
005930,2024-09-03,1
000660,2024-09-03,2
000100,2024-09-03,3
389650,2024-09-03,4
464280,2024-09-03,5
003670,2024-09-03,6
373220,2024-09-03,7
476080,2024-09-03,8
247540,2024-09-03,9
006400,2024-09-03,10
373110,2024-09-03,11
005380,2024-09-03,12
005490,2024-09-03,13
051910,2024-09-03,14
456070,2024-09-03,15
298380,2024-09-03,16
196170,2024-09-03,17
086520,2024-09-03,18
022100,2024-09-03,19
411080,2024-09-03,20
005930,2024-09-04,1
000100,2024-09-04,2
000660,2024-09-04,3
469750,2024-09-04,4
462510,2024-09-04,5
196170,2024-09-04,6
005380,2024-09-04,7
199480,2024-09-04,8
094480,2024-09-04,9
006400,2024-09-04,10
088340,2024-09-04,11
036460,2024-09-04,12
460940,2024-09-04,13
064350,2024-09-04,14
003670,2024-09-04,15
373220,2024-09-04,16
039610,2024-09-04,17
439580,2024-09-04,18
247540,2024-09-04,19
257720,2024-09-04,20
005930,2024-09-05,1
000660,2024-09-05,2
000100,2024-09-05,3
476080,2024-09-05,4
130660,2024-09-05,5
469750,2024-09-05,6
196170,2024-09-05,7
163730,2024-09-05,8
005380,2024-09-05,9
035420,2024-09-05,10
011420,2024-09-05,11
003670,2024-09-05,12
006400,2024-09-05,13
373220,2024-09-05,14
005935,2024-09-05,15
068270,2024-09-05,16
000270,2024-09-05,17
011500,2024-09-05,18
094480,2024-09-05,19
462510,2024-09-05,20
005930,2024-09-06,1
000660,2024-09-06,2
000100,2024-09-06,3
196170,2024-09-06,4
035250,2024-09-06,5
078140,2024-09-06,6
456010,2024-09-06,7
267260,2024-09-06,8
088340,2024-09-06,9
005380,2024-09-06,10
036460,2024-09-06,11
373220,2024-09-06,12
476080,2024-09-06,13
094480,2024-09-06,14
003670,2024-09-06,15
009070,2024-09-06,16
006400,2024-09-06,17
035420,2024-09-06,18
048870,2024-09-06,19
049180,2024-09-06,20
005930,2024-09-09,1
000100,2024-09-09,2
000660,2024-09-09,3
214450,2024-09-09,4
464080,2024-09-09,5
006400,2024-09-09,6
196170,2024-09-09,7
373220,2024-09-09,8
267260,2024-09-09,9
372910,2024-09-09,10
005380,2024-09-09,11
049180,2024-09-09,12
086520,2024-09-09,13
036460,2024-09-09,14
078140,2024-09-09,15
130660,2024-09-09,16
450080,2024-09-09,17
068270,2024-09-09,18
003670,2024-09-09,19
247540,2024-09-09,20
005930,2024-09-10,1
000660,2024-09-10,2
000100,2024-09-10,3
078140,2024-09-10,4
439580,2024-09-10,5
049180,2024-09-10,6
196170,2024-09-10,7
028300,2024-09-10,8
005380,2024-09-10,9
267260,2024-09-10,10
373220,2024-09-10,11
257720,2024-09-10,12
247540,2024-09-10,13
039610,2024-09-10,14
003670,2024-09-10,15
378800,2024-09-10,16
225190,2024-09-10,17
036460,2024-09-10,18
105560,2024-09-10,19
035420,2024-09-10,20
005930,2024-09-11,1
000660,2024-09-11,2
000100,2024-09-11,3
078140,2024-09-11,4
419530,2024-09-11,5
389470,2024-09-11,6
207940,2024-09-11,7
373220,2024-09-11,8
456070,2024-09-11,9
082850,2024-09-11,10
035420,2024-09-11,11
267260,2024-09-11,12
328130,2024-09-11,13
373110,2024-09-11,14
011420,2024-09-11,15
196170,2024-09-11,16
052420,2024-09-11,17
389650,2024-09-11,18
006400,2024-09-11,19
161890,2024-09-11,20
005930,2024-09-12,1
000100,2024-09-12,2
000660,2024-09-12,3
082850,2024-09-12,4
006400,2024-09-12,5
199820,2024-09-12,6
161580,2024-09-12,7
267260,2024-09-12,8
482680,2024-09-12,9
105560,2024-09-12,10
196170,2024-09-12,11
005380,2024-09-12,12
000270,2024-09-12,13
087010,2024-09-12,14
049180,2024-09-12,15
373220,2024-09-12,16
003670,2024-09-12,17
247540,2024-09-12,18
005935,2024-09-12,19
389650,2024-09-12,20
005930,2024-09-13,1
000660,2024-09-13,2
000100,2024-09-13,3
439580,2024-09-13,4
005490,2024-09-13,5
232140,2024-09-13,6
389650,2024-09-13,7
475150,2024-09-13,8
196170,2024-09-13,9
247540,2024-09-13,10
000270,2024-09-13,11
005935,2024-09-13,12
006400,2024-09-13,13
005380,2024-09-13,14
003670,2024-09-13,15
373220,2024-09-13,16
267260,2024-09-13,17
105560,2024-09-13,18
068270,2024-09-13,19
080220,2024-09-13,20
005930,2024-09-19,1
000660,2024-09-19,2
010130,2024-09-19,3
000100,2024-09-19,4
001250,2024-09-19,5
373110,2024-09-19,6
078140,2024-09-19,7
005490,2024-09-19,8
389470,2024-09-19,9
006910,2024-09-19,10
196170,2024-09-19,11
389650,2024-09-19,12
005380,2024-09-19,13
032820,2024-09-19,14
373220,2024-09-19,15
450080,2024-09-19,16
105560,2024-09-19,17
000270,2024-09-19,18
036460,2024-09-19,19
034020,2024-09-19,20
005930,2024-09-20,1
000660,2024-09-20,2
196170,2024-09-20,3
053030,2024-09-20,4
010130,2024-09-20,5
000100,2024-09-20,6
267260,2024-09-20,7
207940,2024-09-20,8
005935,2024-09-20,9
005380,2024-09-20,10
028300,2024-09-20,11
000270,2024-09-20,12
005490,2024-09-20,13
068270,2024-09-20,14
066570,2024-09-20,15
006400,2024-09-20,16
105560,2024-09-20,17
032820,2024-09-20,18
373220,2024-09-20,19
378800,2024-09-20,20
005930,2024-09-23,1
000100,2024-09-23,2
000660,2024-09-23,3
389650,2024-09-23,4
267260,2024-09-23,5
196170,2024-09-23,6
010130,2024-09-23,7
036460,2024-09-23,8
001250,2024-09-23,9
028300,2024-09-23,10
005380,2024-09-23,11
000270,2024-09-23,12
373220,2024-09-23,13
064350,2024-09-23,14
234690,2024-09-23,15
257720,2024-09-23,16
006400,2024-09-23,17
141080,2024-09-23,18
207940,2024-09-23,19
005490,2024-09-23,20
005930,2024-09-24,1
000100,2024-09-24,2
464500,2024-09-24,3
000660,2024-09-24,4
028300,2024-09-24,5
450080,2024-09-24,6
011500,2024-09-24,7
010130,2024-09-24,8
068270,2024-09-24,9
207940,2024-09-24,10
298830,2024-09-24,11
035420,2024-09-24,12
457190,2024-09-24,13
196170,2024-09-24,14
015760,2024-09-24,15
005380,2024-09-24,16
019490,2024-09-24,17
009150,2024-09-24,18
465770,2024-09-24,19
005935,2024-09-24,20
005930,2024-09-25,1
000100,2024-09-25,2
000660,2024-09-25,3
373110,2024-09-25,4
086520,2024-09-25,5
051910,2024-09-25,6
005490,2024-09-25,7
247540,2024-09-25,8
006400,2024-09-25,9
464500,2024-09-25,10
373220,2024-09-25,11
053030,2024-09-25,12
105560,2024-09-25,13
163730,2024-09-25,14
378800,2024-09-25,15
003670,2024-09-25,16
010130,2024-09-25,17
298830,2024-09-25,18
411080,2024-09-25,19
267260,2024-09-25,20
005930,2024-09-26,1
000660,2024-09-26,2
000100,2024-09-26,3
163730,2024-09-26,4
105560,2024-09-26,5
411080,2024-09-26,6
196170,2024-09-26,7
024060,2024-09-26,8
005490,2024-09-26,9
090430,2024-09-26,10
051910,2024-09-26,11
450080,2024-09-26,12
207940,2024-09-26,13
082850,2024-09-26,14
005380,2024-09-26,15
373220,2024-09-26,16
373110,2024-09-26,17
036460,2024-09-26,18
006400,2024-09-26,19
022100,2024-09-26,20
005930,2024-09-27,1
000660,2024-09-27,2
000100,2024-09-27,3
464500,2024-09-27,4
042700,2024-09-27,5
010130,2024-09-27,6
253590,2024-09-27,7
005380,2024-09-27,8
105560,2024-09-27,9
450080,2024-09-27,10
078140,2024-09-27,11
247540,2024-09-27,12
267260,2024-09-27,13
005935,2024-09-27,14
006400,2024-09-27,15
080220,2024-09-27,16
053030,2024-09-27,17
089030,2024-09-27,18
373220,2024-09-27,19
196170,2024-09-27,20
005930,2024-09-30,1
000660,2024-09-30,2
489790,2024-09-30,3
012450,2024-09-30,4
314930,2024-09-30,5
000100,2024-09-30,6
085670,2024-09-30,7
207940,2024-09-30,8
105560,2024-09-30,9
068270,2024-09-30,10
051910,2024-09-30,11
005490,2024-09-30,12
351870,2024-09-30,13
010130,2024-09-30,14
035420,2024-09-30,15
042700,2024-09-30,16
267260,2024-09-30,17
005380,2024-09-30,18
000270,2024-09-30,19
247540,2024-09-30,20
005930,2024-10-02,1
000660,2024-10-02,2
381620,2024-10-02,3
450080,2024-10-02,4
000100,2024-10-02,5
035420,2024-10-02,6
351870,2024-10-02,7
005380,2024-10-02,8
489790,2024-10-02,9
010130,2024-10-02,10
439580,2024-10-02,11
373220,2024-10-02,12
084650,2024-10-02,13
012450,2024-10-02,14
348370,2024-10-02,15
005490,2024-10-02,16
003670,2024-10-02,17
199480,2024-10-02,18
051910,2024-10-02,19
000270,2024-10-02,20
005930,2024-10-04,1
000660,2024-10-04,2
010130,2024-10-04,3
489790,2024-10-04,4
005380,2024-10-04,5
000100,2024-10-04,6
388790,2024-10-04,7
024060,2024-10-04,8
012450,2024-10-04,9
105560,2024-10-04,10
351870,2024-10-04,11
314930,2024-10-04,12
035420,2024-10-04,13
005490,2024-10-04,14
381620,2024-10-04,15
450080,2024-10-04,16
051910,2024-10-04,17
247540,2024-10-04,18
086520,2024-10-04,19
408900,2024-10-04,20
005930,2024-10-07,1
010130,2024-10-07,2
000100,2024-10-07,3
000660,2024-10-07,4
024060,2024-10-07,5
012450,2024-10-07,6
489790,2024-10-07,7
005380,2024-10-07,8
035420,2024-10-07,9
105560,2024-10-07,10
001440,2024-10-07,11
067080,2024-10-07,12
049180,2024-10-07,13
199480,2024-10-07,14
005935,2024-10-07,15
004090,2024-10-07,16
036560,2024-10-07,17
196170,2024-10-07,18
207940,2024-10-07,19
064350,2024-10-07,20
005930,2024-10-08,1
000660,2024-10-08,2
489790,2024-10-08,3
012450,2024-10-08,4
000100,2024-10-08,5
064350,2024-10-08,6
267260,2024-10-08,7
373220,2024-10-08,8
035420,2024-10-08,9
005380,2024-10-08,10
105560,2024-10-08,11
382840,2024-10-08,12
079550,2024-10-08,13
005935,2024-10-08,14
247540,2024-10-08,15
199820,2024-10-08,16
006400,2024-10-08,17
005490,2024-10-08,18
036560,2024-10-08,19
298830,2024-10-08,20
005930,2024-10-10,1
000660,2024-10-10,2
489790,2024-10-10,3
087010,2024-10-10,4
373220,2024-10-10,5
000100,2024-10-10,6
000250,2024-10-10,7
067080,2024-10-10,8
012450,2024-10-10,9
439580,2024-10-10,10
078140,2024-10-10,11
105560,2024-10-10,12
032580,2024-10-10,13
196170,2024-10-10,14
005935,2024-10-10,15
035420,2024-10-10,16
323280,2024-10-10,17
225190,2024-10-10,18
024060,2024-10-10,19
051910,2024-10-10,20
005930,2024-10-11,1
000100,2024-10-11,2
000660,2024-10-11,3
489790,2024-10-11,4
091810,2024-10-11,5
087010,2024-10-11,6
141080,2024-10-11,7
005935,2024-10-11,8
373220,2024-10-11,9
035420,2024-10-11,10
012450,2024-10-11,11
009420,2024-10-11,12
196170,2024-10-11,13
247540,2024-10-11,14
051980,2024-10-11,15
005380,2024-10-11,16
450080,2024-10-11,17
028300,2024-10-11,18
010130,2024-10-11,19
105560,2024-10-11,20
005930,2024-10-14,1
000100,2024-10-14,2
000660,2024-10-14,3
298380,2024-10-14,4
028300,2024-10-14,5
010130,2024-10-14,6
489790,2024-10-14,7
091810,2024-10-14,8
388790,2024-10-14,9
196170,2024-10-14,10
314930,2024-10-14,11
373220,2024-10-14,12
418470,2024-10-14,13
005935,2024-10-14,14
006400,2024-10-14,15
087010,2024-10-14,16
141080,2024-10-14,17
051980,2024-10-14,18
450080,2024-10-14,19
007720,2024-10-14,20
005930,2024-10-15,1
000660,2024-10-15,2
000100,2024-10-15,3
010130,2024-10-15,4
489790,2024-10-15,5
105560,2024-10-15,6
418470,2024-10-15,7
298380,2024-10-15,8
028300,2024-10-15,9
087010,2024-10-15,10
196170,2024-10-15,11
161580,2024-10-15,12
225190,2024-10-15,13
009420,2024-10-15,14
005935,2024-10-15,15
007660,2024-10-15,16
035420,2024-10-15,17
006400,2024-10-15,18
316140,2024-10-15,19
086790,2024-10-15,20
005930,2024-10-16,1
000100,2024-10-16,2
000660,2024-10-16,3
439580,2024-10-16,4
007660,2024-10-16,5
489790,2024-10-16,6
053280,2024-10-16,7
373220,2024-10-16,8
010130,2024-10-16,9
035420,2024-10-16,10
034020,2024-10-16,11
012450,2024-10-16,12
006400,2024-10-16,13
005490,2024-10-16,14
326030,2024-10-16,15
218150,2024-10-16,16
207940,2024-10-16,17
105560,2024-10-16,18
196170,2024-10-16,19
068270,2024-10-16,20
005930,2024-10-17,1
000660,2024-10-17,2
308430,2024-10-17,3
087010,2024-10-17,4
000100,2024-10-17,5
489790,2024-10-17,6
067080,2024-10-17,7
439580,2024-10-17,8
034020,2024-10-17,9
373220,2024-10-17,10
084650,2024-10-17,11
005380,2024-10-17,12
012450,2024-10-17,13
138610,2024-10-17,14
035420,2024-10-17,15
012330,2024-10-17,16
039860,2024-10-17,17
000270,2024-10-17,18
006400,2024-10-17,19
326030,2024-10-17,20
005930,2024-10-18,1
000660,2024-10-18,2
034020,2024-10-18,3
308430,2024-10-18,4
489790,2024-10-18,5
000100,2024-10-18,6
087010,2024-10-18,7
042700,2024-10-18,8
068270,2024-10-18,9
000270,2024-10-18,10
005380,2024-10-18,11
095700,2024-10-18,12
456070,2024-10-18,13
064350,2024-10-18,14
250060,2024-10-18,15
012450,2024-10-18,16
439580,2024-10-18,17
010130,2024-10-18,18
298380,2024-10-18,19
007660,2024-10-18,20
209640,2024-10-21,1
000660,2024-10-21,2
005930,2024-10-21,3
465480,2024-10-21,4
308430,2024-10-21,5
042700,2024-10-21,6
000100,2024-10-21,7
489790,2024-10-21,8
084650,2024-10-21,9
010130,2024-10-21,10
034020,2024-10-21,11
145020,2024-10-21,12
005380,2024-10-21,13
128940,2024-10-21,14
087010,2024-10-21,15
365330,2024-10-21,16
012450,2024-10-21,17
064350,2024-10-21,18
196170,2024-10-21,19
456070,2024-10-21,20
005930,2024-10-22,1
474170,2024-10-22,2
010130,2024-10-22,3
000100,2024-10-22,4
000660,2024-10-22,5
465480,2024-10-22,6
209640,2024-10-22,7
454910,2024-10-22,8
034020,2024-10-22,9
457550,2024-10-22,10
196170,2024-10-22,11
087010,2024-10-22,12
207940,2024-10-22,13
039860,2024-10-22,14
042700,2024-10-22,15
009420,2024-10-22,16
439580,2024-10-22,17
005380,2024-10-22,18
489790,2024-10-22,19
012450,2024-10-22,20
005930,2024-10-23,1
457370,2024-10-23,2
000660,2024-10-23,3
474170,2024-10-23,4
000100,2024-10-23,5
034020,2024-10-23,6
365330,2024-10-23,7
196170,2024-10-23,8
000270,2024-10-23,9
457550,2024-10-23,10
209640,2024-10-23,11
024740,2024-10-23,12
207940,2024-10-23,13
013810,2024-10-23,14
388050,2024-10-23,15
012450,2024-10-23,16
035420,2024-10-23,17
465480,2024-10-23,18
141080,2024-10-23,19
308430,2024-10-23,20
005930,2024-10-24,1
000660,2024-10-24,2
000100,2024-10-24,3
024740,2024-10-24,4
037270,2024-10-24,5
489790,2024-10-24,6
015760,2024-10-24,7
378800,2024-10-24,8
196170,2024-10-24,9
000270,2024-10-24,10
323280,2024-10-24,11
087010,2024-10-24,12
064350,2024-10-24,13
005380,2024-10-24,14
007660,2024-10-24,15
363260,2024-10-24,16
457370,2024-10-24,17
267260,2024-10-24,18
010820,2024-10-24,19
373220,2024-10-24,20
005930,2024-10-25,1
000660,2024-10-25,2
475400,2024-10-25,3
000100,2024-10-25,4
005380,2024-10-25,5
489790,2024-10-25,6
037270,2024-10-25,7
209640,2024-10-25,8
000270,2024-10-25,9
308430,2024-10-25,10
034020,2024-10-25,11
373220,2024-10-25,12
011070,2024-10-25,13
008930,2024-10-25,14
010130,2024-10-25,15
079900,2024-10-25,16
196170,2024-10-25,17
007390,2024-10-25,18
105560,2024-10-25,19
015760,2024-10-25,20
005930,2024-10-28,1
000660,2024-10-28,2
010130,2024-10-28,3
209640,2024-10-28,4
289930,2024-10-28,5
267260,2024-10-28,6
091810,2024-10-28,7
105560,2024-10-28,8
005380,2024-10-28,9
445090,2024-10-28,10
008930,2024-10-28,11
012330,2024-10-28,12
000100,2024-10-28,13
000270,2024-10-28,14
086790,2024-10-28,15
489790,2024-10-28,16
055550,2024-10-28,17
024740,2024-10-28,18
323280,2024-10-28,19
196170,2024-10-28,20
005930,2024-10-29,1
000660,2024-10-29,2
000100,2024-10-29,3
466100,2024-10-29,4
034020,2024-10-29,5
037270,2024-10-29,6
000270,2024-10-29,7
445090,2024-10-29,8
017860,2024-10-29,9
105560,2024-10-29,10
010130,2024-10-29,11
196170,2024-10-29,12
388050,2024-10-29,13
006400,2024-10-29,14
209640,2024-10-29,15
373220,2024-10-29,16
489790,2024-10-29,17
267260,2024-10-29,18
005380,2024-10-29,19
247540,2024-10-29,20
005930,2024-10-30,1
000660,2024-10-30,2
489790,2024-10-30,3
000100,2024-10-30,4
034020,2024-10-30,5
051910,2024-10-30,6
041190,2024-10-30,7
064350,2024-10-30,8
206650,2024-10-30,9
010130,2024-10-30,10
005380,2024-10-30,11
196170,2024-10-30,12
008930,2024-10-30,13
047810,2024-10-30,14
017860,2024-10-30,15
388050,2024-10-30,16
466100,2024-10-30,17
036930,2024-10-30,18
373220,2024-10-30,19
105560,2024-10-30,20
005930,2024-10-31,1
000660,2024-10-31,2
008930,2024-10-31,3
010130,2024-10-31,4
489790,2024-10-31,5
000100,2024-10-31,6
026960,2024-10-31,7
042700,2024-10-31,8
041440,2024-10-31,9
105560,2024-10-31,10
034020,2024-10-31,11
041190,2024-10-31,12
091810,2024-10-31,13
205470,2024-10-31,14
007110,2024-10-31,15
079900,2024-10-31,16
163730,2024-10-31,17
035420,2024-10-31,18
005380,2024-10-31,19
000270,2024-10-31,20
005930,2024-11-01,1
000660,2024-11-01,2
010130,2024-11-01,3
445090,2024-11-01,4
458650,2024-11-01,5
034020,2024-11-01,6
017860,2024-11-01,7
000100,2024-11-01,8
007660,2024-11-01,9
005380,2024-11-01,10
105560,2024-11-01,11
403870,2024-11-01,12
028260,2024-11-01,13
247540,2024-11-01,14
489790,2024-11-01,15
012450,2024-11-01,16
008930,2024-11-01,17
000270,2024-11-01,18
055550,2024-11-01,19
006400,2024-11-01,20
005930,2024-11-04,1
000660,2024-11-04,2
017860,2024-11-04,3
008930,2024-11-04,4
403870,2024-11-04,5
082850,2024-11-04,6
336680,2024-11-04,7
000100,2024-11-04,8
196170,2024-11-04,9
458650,2024-11-04,10
012450,2024-11-04,11
474170,2024-11-04,12
007390,2024-11-04,13
005380,2024-11-04,14
010130,2024-11-04,15
489790,2024-11-04,16
105560,2024-11-04,17
000270,2024-11-04,18
090430,2024-11-04,19
034020,2024-11-04,20
005930,2024-11-05,1
000660,2024-11-05,2
196170,2024-11-05,3
247540,2024-11-05,4
000100,2024-11-05,5
141080,2024-11-05,6
017860,2024-11-05,7
373220,2024-11-05,8
030530,2024-11-05,9
005380,2024-11-05,10
450080,2024-11-05,11
000270,2024-11-05,12
437730,2024-11-05,13
007660,2024-11-05,14
105560,2024-11-05,15
012450,2024-11-05,16
086520,2024-11-05,17
008930,2024-11-05,18
035420,2024-11-05,19
445090,2024-11-05,20
005930,2024-11-06,1
000660,2024-11-06,2
017860,2024-11-06,3
006400,2024-11-06,4
222080,2024-11-06,5
474170,2024-11-06,6
007390,2024-11-06,7
010130,2024-11-06,8
000100,2024-11-06,9
007660,2024-11-06,10
200350,2024-11-06,11
196170,2024-11-06,12
005380,2024-11-06,13
489790,2024-11-06,14
128940,2024-11-06,15
282880,2024-11-06,16
376270,2024-11-06,17
352820,2024-11-06,18
012450,2024-11-06,19
205470,2024-11-06,20
005930,2024-11-07,1
475560,2024-11-07,2
000660,2024-11-07,3
041190,2024-11-07,4
005380,2024-11-07,5
403870,2024-11-07,6
012450,2024-11-07,7
006400,2024-11-07,8
373220,2024-11-07,9
082850,2024-11-07,10
247540,2024-11-07,11
000100,2024-11-07,12
365330,2024-11-07,13
196170,2024-11-07,14
062040,2024-11-07,15
007110,2024-11-07,16
064350,2024-11-07,17
267260,2024-11-07,18
017860,2024-11-07,19
034020,2024-11-07,20
005930,2024-11-08,1
000660,2024-11-08,2
042660,2024-11-08,3
272210,2024-11-08,4
012450,2024-11-08,5
006400,2024-11-08,6
209640,2024-11-08,7
010140,2024-11-08,8
329180,2024-11-08,9
005380,2024-11-08,10
255220,2024-11-08,11
000100,2024-11-08,12
196170,2024-11-08,13
475560,2024-11-08,14
475960,2024-11-08,15
474170,2024-11-08,16
295310,2024-11-08,17
064350,2024-11-08,18
034020,2024-11-08,19
365330,2024-11-08,20
196170,2024-11-11,1
005930,2024-11-11,2
000660,2024-11-11,3
042660,2024-11-11,4
017860,2024-11-11,5
000100,2024-11-11,6
163280,2024-11-11,7
272210,2024-11-11,8
035420,2024-11-11,9
062040,2024-11-11,10
006400,2024-11-11,11
030200,2024-11-11,12
475960,2024-11-11,13
489790,2024-11-11,14
141080,2024-11-11,15
460930,2024-11-11,16
474170,2024-11-11,17
373220,2024-11-11,18
005490,2024-11-11,19
005380,2024-11-11,20
005930,2024-11-12,1
000660,2024-11-12,2
042660,2024-11-12,3
017860,2024-11-12,4
272210,2024-11-12,5
196170,2024-11-12,6
373220,2024-11-12,7
087010,2024-11-12,8
010140,2024-11-12,9
267260,2024-11-12,10
007660,2024-11-12,11
460930,2024-11-12,12
141080,2024-11-12,13
475960,2024-11-12,14
466100,2024-11-12,15
006400,2024-11-12,16
047810,2024-11-12,17
005380,2024-11-12,18
068270,2024-11-12,19
041440,2024-11-12,20
005930,2024-11-13,1
000660,2024-11-13,2
041190,2024-11-13,3
042660,2024-11-13,4
272210,2024-11-13,5
475560,2024-11-13,6
035420,2024-11-13,7
001470,2024-11-13,8
373220,2024-11-13,9
017860,2024-11-13,10
196170,2024-11-13,11
000100,2024-11-13,12
087010,2024-11-13,13
064350,2024-11-13,14
006400,2024-11-13,15
005380,2024-11-13,16
068270,2024-11-13,17
267260,2024-11-13,18
466100,2024-11-13,19
012450,2024-11-13,20
005930,2024-11-14,1
000660,2024-11-14,2
196170,2024-11-14,3
042660,2024-11-14,4
388050,2024-11-14,5
272210,2024-11-14,6
035420,2024-11-14,7
000100,2024-11-14,8
100790,2024-11-14,9
001470,2024-11-14,10
141080,2024-11-14,11
005490,2024-11-14,12
475400,2024-11-14,13
464580,2024-11-14,14
034020,2024-11-14,15
083650,2024-11-14,16
267260,2024-11-14,17
005380,2024-11-14,18
373220,2024-11-14,19
006400,2024-11-14,20
005930,2024-11-15,1
000660,2024-11-15,2
042660,2024-11-15,3
196170,2024-11-15,4
035420,2024-11-15,5
034020,2024-11-15,6
394800,2024-11-15,7
272210,2024-11-15,8
005490,2024-11-15,9
257720,2024-11-15,10
030520,2024-11-15,11
006400,2024-11-15,12
000100,2024-11-15,13
373220,2024-11-15,14
087010,2024-11-15,15
010130,2024-11-15,16
199820,2024-11-15,17
003670,2024-11-15,18
100790,2024-11-15,19
005380,2024-11-15,20
005930,2024-11-18,1
000660,2024-11-18,2
042660,2024-11-18,3
373220,2024-11-18,4
006400,2024-11-18,5
005490,2024-11-18,6
207940,2024-11-18,7
255220,2024-11-18,8
034020,2024-11-18,9
035420,2024-11-18,10
272210,2024-11-18,11
017860,2024-11-18,12
196170,2024-11-18,13
247540,2024-11-18,14
003670,2024-11-18,15
450080,2024-11-18,16
041440,2024-11-18,17
087010,2024-11-18,18
086520,2024-11-18,19
079900,2024-11-18,20
005930,2024-11-19,1
000660,2024-11-19,2
028300,2024-11-19,3
328130,2024-11-19,4
196170,2024-11-19,5
042660,2024-11-19,6
005380,2024-11-19,7
005935,2024-11-19,8
087010,2024-11-19,9
000100,2024-11-19,10
083650,2024-11-19,11
034020,2024-11-19,12
413390,2024-11-19,13
365330,2024-11-19,14
141080,2024-11-19,15
272210,2024-11-19,16
035420,2024-11-19,17
209640,2024-11-19,18
373220,2024-11-19,19
006400,2024-11-19,20
005930,2024-11-20,1
000660,2024-11-20,2
196170,2024-11-20,3
328130,2024-11-20,4
034020,2024-11-20,5
042660,2024-11-20,6
083650,2024-11-20,7
000100,2024-11-20,8
028300,2024-11-20,9
035420,2024-11-20,10
087010,2024-11-20,11
035900,2024-11-20,12
082850,2024-11-20,13
160190,2024-11-20,14
365330,2024-11-20,15
141080,2024-11-20,16
329180,2024-11-20,17
370090,2024-11-20,18
010140,2024-11-20,19
474610,2024-11-20,20
459100,2024-11-21,1
005930,2024-11-21,2
196170,2024-11-21,3
000660,2024-11-21,4
042660,2024-11-21,5
394800,2024-11-21,6
000100,2024-11-21,7
064350,2024-11-21,8
105560,2024-11-21,9
272210,2024-11-21,10
087010,2024-11-21,11
388050,2024-11-21,12
328130,2024-11-21,13
035420,2024-11-21,14
034020,2024-11-21,15
000270,2024-11-21,16
005380,2024-11-21,17
141080,2024-11-21,18
024740,2024-11-21,19
017860,2024-11-21,20
196170,2024-11-22,1
005930,2024-11-22,2
489210,2024-11-22,3
000660,2024-11-22,4
459100,2024-11-22,5
328130,2024-11-22,6
272210,2024-11-22,7
365330,2024-11-22,8
394800,2024-11-22,9
053690,2024-11-22,10
000100,2024-11-22,11
042660,2024-11-22,12
141080,2024-11-22,13
064350,2024-11-22,14
000490,2024-11-22,15
012450,2024-11-22,16
087010,2024-11-22,17
035420,2024-11-22,18
082850,2024-11-22,19
105560,2024-11-22,20
196170,2024-11-25,1
005930,2024-11-25,2
000660,2024-11-25,3
087010,2024-11-25,4
034020,2024-11-25,5
083650,2024-11-25,6
037270,2024-11-25,7
459100,2024-11-25,8
008830,2024-11-25,9
042660,2024-11-25,10
012450,2024-11-25,11
000100,2024-11-25,12
298040,2024-11-25,13
007390,2024-11-25,14
035420,2024-11-25,15
328130,2024-11-25,16
272210,2024-11-25,17
141080,2024-11-25,18
024740,2024-11-25,19
017860,2024-11-25,20
005930,2024-11-26,1
000660,2024-11-26,2
196170,2024-11-26,3
064350,2024-11-26,4
035420,2024-11-26,5
328130,2024-11-26,6
042660,2024-11-26,7
012450,2024-11-26,8
005935,2024-11-26,9
000100,2024-11-26,10
009830,2024-11-26,11
000720,2024-11-26,12
105560,2024-11-26,13
373220,2024-11-26,14
004020,2024-11-26,15
005070,2024-11-26,16
024940,2024-11-26,17
034020,2024-11-26,18
005490,2024-11-26,19
005380,2024-11-26,20
005930,2024-11-27,1
196170,2024-11-27,2
459100,2024-11-27,3
000660,2024-11-27,4
328130,2024-11-27,5
064350,2024-11-27,6
012450,2024-11-27,7
394800,2024-11-27,8
086520,2024-11-27,9
035420,2024-11-27,10
000100,2024-11-27,11
034020,2024-11-27,12
108860,2024-11-27,13
005380,2024-11-27,14
017860,2024-11-27,15
000490,2024-11-27,16
272210,2024-11-27,17
042660,2024-11-27,18
087010,2024-11-27,19
247540,2024-11-27,20
005930,2024-11-28,1
000660,2024-11-28,2
035420,2024-11-28,3
196170,2024-11-28,4
394800,2024-11-28,5
041020,2024-11-28,6
328130,2024-11-28,7
005380,2024-11-28,8
475580,2024-11-28,9
030520,2024-11-28,10
459100,2024-11-28,11
047560,2024-11-28,12
464080,2024-11-28,13
000100,2024-11-28,14
064350,2024-11-28,15
042660,2024-11-28,16
007110,2024-11-28,17
000270,2024-11-28,18
039980,2024-11-28,19
012450,2024-11-28,20
005930,2024-11-29,1
000660,2024-11-29,2
489730,2024-11-29,3
017860,2024-11-29,4
035420,2024-11-29,5
196170,2024-11-29,6
047560,2024-11-29,7
394800,2024-11-29,8
389650,2024-11-29,9
000100,2024-11-29,10
476080,2024-11-29,11
039980,2024-11-29,12
068270,2024-11-29,13
247540,2024-11-29,14
035900,2024-11-29,15
464080,2024-11-29,16
005380,2024-11-29,17
456070,2024-11-29,18
328130,2024-11-29,19
207940,2024-11-29,20
005930,2024-12-02,1
000660,2024-12-02,2
196170,2024-12-02,3
042660,2024-12-02,4
035420,2024-12-02,5
017860,2024-12-02,6
225190,2024-12-02,7
035720,2024-12-02,8
389650,2024-12-02,9
012450,2024-12-02,10
003490,2024-12-02,11
464080,2024-12-02,12
034020,2024-12-02,13
352820,2024-12-02,14
006400,2024-12-02,15
068270,2024-12-02,16
105560,2024-12-02,17
005380,2024-12-02,18
005490,2024-12-02,19
394800,2024-12-02,20
005930,2024-12-03,1
000660,2024-12-03,2
196170,2024-12-03,3
035420,2024-12-03,4
035720,2024-12-03,5
328130,2024-12-03,6
010130,2024-12-03,7
035900,2024-12-03,8
475580,2024-12-03,9
041190,2024-12-03,10
033320,2024-12-03,11
042660,2024-12-03,12
008830,2024-12-03,13
000100,2024-12-03,14
005380,2024-12-03,15
010140,2024-12-03,16
036460,2024-12-03,17
348370,2024-12-03,18
012450,2024-12-03,19
356680,2024-12-03,20
005930,2024-12-04,1
000660,2024-12-04,2
007660,2024-12-04,3
196170,2024-12-04,4
035420,2024-12-04,5
008830,2024-12-04,6
475580,2024-12-04,7
105560,2024-12-04,8
010130,2024-12-04,9
000100,2024-12-04,10
348370,2024-12-04,11
328130,2024-12-04,12
018290,2024-12-04,13
005490,2024-12-04,14
039980,2024-12-04,15
476080,2024-12-04,16
027360,2024-12-04,17
005380,2024-12-04,18
035720,2024-12-04,19
000270,2024-12-04,20
005930,2024-12-05,1
000660,2024-12-05,2
035720,2024-12-05,3
034020,2024-12-05,4
196170,2024-12-05,5
007660,2024-12-05,6
105560,2024-12-05,7
035420,2024-12-05,8
036460,2024-12-05,9
086790,2024-12-05,10
377300,2024-12-05,11
015760,2024-12-05,12
005380,2024-12-05,13
000270,2024-12-05,14
475580,2024-12-05,15
000100,2024-12-05,16
012450,2024-12-05,17
030200,2024-12-05,18
055550,2024-12-05,19
005490,2024-12-05,20
005930,2024-12-06,1
000660,2024-12-06,2
105560,2024-12-06,3
041190,2024-12-06,4
035420,2024-12-06,5
328130,2024-12-06,6
012450,2024-12-06,7
003530,2024-12-06,8
035720,2024-12-06,9
308430,2024-12-06,10
196170,2024-12-06,11
007660,2024-12-06,12
010130,2024-12-06,13
047560,2024-12-06,14
034020,2024-12-06,15
000880,2024-12-06,16
064350,2024-12-06,17
086790,2024-12-06,18
459100,2024-12-06,19
055550,2024-12-06,20
005930,2024-12-09,1
000660,2024-12-09,2
010130,2024-12-09,3
105560,2024-12-09,4
196170,2024-12-09,5
035720,2024-12-09,6
012450,2024-12-09,7
035420,2024-12-09,8
377300,2024-12-09,9
025950,2024-12-09,10
045660,2024-12-09,11
007660,2024-12-09,12
033320,2024-12-09,13
034020,2024-12-09,14
459100,2024-12-09,15
005380,2024-12-09,16
084690,2024-12-09,17
328130,2024-12-09,18
173130,2024-12-09,19
086790,2024-12-09,20
005930,2024-12-10,1
000660,2024-12-10,2
053800,2024-12-10,3
196170,2024-12-10,4
105560,2024-12-10,5
035420,2024-12-10,6
012450,2024-12-10,7
010130,2024-12-10,8
035720,2024-12-10,9
045660,2024-12-10,10
025950,2024-12-10,11
039980,2024-12-10,12
005380,2024-12-10,13
051910,2024-12-10,14
000100,2024-12-10,15
005490,2024-12-10,16
035900,2024-12-10,17
034020,2024-12-10,18
086790,2024-12-10,19
068270,2024-12-10,20
005930,2024-12-11,1
000660,2024-12-11,2
328130,2024-12-11,3
196170,2024-12-11,4
045660,2024-12-11,5
053800,2024-12-11,6
025950,2024-12-11,7
018290,2024-12-11,8
034020,2024-12-11,9
105560,2024-12-11,10
012450,2024-12-11,11
084690,2024-12-11,12
035420,2024-12-11,13
010130,2024-12-11,14
365330,2024-12-11,15
039980,2024-12-11,16
173130,2024-12-11,17
005490,2024-12-11,18
008830,2024-12-11,19
000100,2024-12-11,20
005930,2024-12-12,1
000660,2024-12-12,2
035420,2024-12-12,3
047560,2024-12-12,4
196170,2024-12-12,5
489480,2024-12-12,6
105560,2024-12-12,7
328130,2024-12-12,8
065350,2024-12-12,9
039980,2024-12-12,10
045660,2024-12-12,11
394800,2024-12-12,12
042700,2024-12-12,13
001470,2024-12-12,14
089030,2024-12-12,15
013360,2024-12-12,16
034020,2024-12-12,17
010130,2024-12-12,18
007660,2024-12-12,19
373220,2024-12-12,20
005930,2024-12-13,1
000660,2024-12-13,2
035420,2024-12-13,3
196170,2024-12-13,4
356680,2024-12-13,5
087010,2024-12-13,6
025950,2024-12-13,7
105560,2024-12-13,8
010130,2024-12-13,9
328130,2024-12-13,10
373220,2024-12-13,11
065350,2024-12-13,12
115500,2024-12-13,13
053800,2024-12-13,14
005490,2024-12-13,15
459100,2024-12-13,16
034020,2024-12-13,17
004770,2024-12-13,18
084690,2024-12-13,19
012450,2024-12-13,20
005930,2024-12-16,1
000660,2024-12-16,2
328130,2024-12-16,3
035420,2024-12-16,4
035720,2024-12-16,5
068270,2024-12-16,6
001570,2024-12-16,7
065500,2024-12-16,8
196170,2024-12-16,9
158430,2024-12-16,10
087010,2024-12-16,11
293490,2024-12-16,12
047560,2024-12-16,13
471820,2024-12-16,14
105560,2024-12-16,15
000100,2024-12-16,16
394800,2024-12-16,17
001380,2024-12-16,18
045660,2024-12-16,19
005490,2024-12-16,20
005930,2024-12-17,1
457600,2024-12-17,2
000660,2024-12-17,3
356680,2024-12-17,4
007660,2024-12-17,5
328130,2024-12-17,6
196170,2024-12-17,7
068270,2024-12-17,8
035420,2024-12-17,9
035720,2024-12-17,10
484870,2024-12-17,11
001570,2024-12-17,12
267260,2024-12-17,13
006340,2024-12-17,14
115500,2024-12-17,15
012450,2024-12-17,16
105560,2024-12-17,17
084690,2024-12-17,18
007110,2024-12-17,19
475580,2024-12-17,20
005930,2024-12-18,1
000660,2024-12-18,2
065500,2024-12-18,3
394800,2024-12-18,4
006340,2024-12-18,5
000100,2024-12-18,6
007660,2024-12-18,7
001380,2024-12-18,8
068270,2024-12-18,9
267260,2024-12-18,10
035420,2024-12-18,11
196170,2024-12-18,12
328130,2024-12-18,13
475580,2024-12-18,14
006400,2024-12-18,15
373220,2024-12-18,16
005490,2024-12-18,17
005380,2024-12-18,18
445090,2024-12-18,19
389020,2024-12-18,20
068270,2024-12-19,1
005930,2024-12-19,2
382150,2024-12-19,3
000660,2024-12-19,4
464080,2024-12-19,5
328130,2024-12-19,6
000270,2024-12-19,7
445090,2024-12-19,8
196170,2024-12-19,9
000100,2024-12-19,10
079550,2024-12-19,11
370090,2024-12-19,12
005380,2024-12-19,13
200350,2024-12-19,14
042660,2024-12-19,15
035420,2024-12-19,16
065500,2024-12-19,17
394800,2024-12-19,18
267260,2024-12-19,19
006340,2024-12-19,20
005930,2024-12-20,1
000660,2024-12-20,2
476060,2024-12-20,3
001380,2024-12-20,4
079900,2024-12-20,5
196170,2024-12-20,6
328130,2024-12-20,7
365330,2024-12-20,8
000270,2024-12-20,9
456010,2024-12-20,10
003230,2024-12-20,11
008830,2024-12-20,12
105560,2024-12-20,13
382150,2024-12-20,14
035420,2024-12-20,15
005380,2024-12-20,16
068270,2024-12-20,17
200350,2024-12-20,18
024940,2024-12-20,19
000100,2024-12-20,20
005930,2024-12-23,1
000660,2024-12-23,2
476060,2024-12-23,3
079900,2024-12-23,4
464080,2024-12-23,5
328130,2024-12-23,6
065500,2024-12-23,7
176750,2024-12-23,8
196170,2024-12-23,9
042660,2024-12-23,10
035420,2024-12-23,11
001380,2024-12-23,12
333430,2024-12-23,13
010130,2024-12-23,14
105560,2024-12-23,15
005380,2024-12-23,16
034020,2024-12-23,17
008350,2024-12-23,18
373220,2024-12-23,19
000270,2024-12-23,20
005930,2024-12-24,1
000660,2024-12-24,2
042660,2024-12-24,3
035420,2024-12-24,4
196170,2024-12-24,5
047560,2024-12-24,6
272210,2024-12-24,7
200350,2024-12-24,8
000100,2024-12-24,9
000250,2024-12-24,10
006340,2024-12-24,11
087010,2024-12-24,12
476060,2024-12-24,13
039240,2024-12-24,14
464080,2024-12-24,15
009540,2024-12-24,16
012450,2024-12-24,17
001380,2024-12-24,18
005380,2024-12-24,19
373220,2024-12-24,20
005930,2024-12-26,1
196170,2024-12-26,2
035510,2024-12-26,3
000250,2024-12-26,4
000660,2024-12-26,5
177900,2024-12-26,6
466100,2024-12-26,7
475580,2024-12-26,8
007660,2024-12-26,9
034120,2024-12-26,10
298040,2024-12-26,11
042660,2024-12-26,12
000100,2024-12-26,13
267260,2024-12-26,14
035420,2024-12-26,15
087010,2024-12-26,16
257720,2024-12-26,17
010130,2024-12-26,18
065500,2024-12-26,19
328130,2024-12-26,20
387570,2024-12-27,1
005930,2024-12-27,2
196170,2024-12-27,3
000660,2024-12-27,4
042660,2024-12-27,5
065350,2024-12-27,6
432980,2024-12-27,7
000250,2024-12-27,8
050890,2024-12-27,9
329180,2024-12-27,10
007660,2024-12-27,11
160190,2024-12-27,12
035420,2024-12-27,13
010130,2024-12-27,14
068270,2024-12-27,15
466100,2024-12-27,16
475400,2024-12-27,17
456070,2024-12-27,18
464080,2024-12-27,19
005380,2024-12-27,20
005930,2024-12-30,1
196170,2024-12-30,2
000660,2024-12-30,3
035510,2024-12-30,4
050890,2024-12-30,5
437730,2024-12-30,6
387570,2024-12-30,7
456010,2024-12-30,8
065350,2024-12-30,9
042660,2024-12-30,10
035420,2024-12-30,11
007660,2024-12-30,12
424960,2024-12-30,13
000250,2024-12-30,14
329180,2024-12-30,15
087010,2024-12-30,16
464080,2024-12-30,17
115500,2024-12-30,18
139480,2024-12-30,19
068270,2024-12-30,20
005930,2025-01-02,1
000100,2025-01-02,2
196170,2025-01-02,3
000660,2025-01-02,4
115500,2025-01-02,5
065500,2025-01-02,6
466100,2025-01-02,7
042660,2025-01-02,8
277810,2025-01-02,9
035420,2025-01-02,10
068270,2025-01-02,11
005380,2025-01-02,12
158430,2025-01-02,13
009420,2025-01-02,14
437730,2025-01-02,15
056360,2025-01-02,16
065350,2025-01-02,17
000270,2025-01-02,18
464080,2025-01-02,19
387570,2025-01-02,20
005930,2025-01-03,1
000660,2025-01-03,2
466100,2025-01-03,3
454910,2025-01-03,4
012450,2025-01-03,5
000100,2025-01-03,6
196170,2025-01-03,7
079550,2025-01-03,8
277810,2025-01-03,9
267260,2025-01-03,10
042660,2025-01-03,11
035420,2025-01-03,12
475400,2025-01-03,13
437730,2025-01-03,14
045660,2025-01-03,15
058610,2025-01-03,16
068270,2025-01-03,17
000150,2025-01-03,18
086280,2025-01-03,19
010120,2025-01-03,20
277810,2025-01-06,1
005930,2025-01-06,2
000660,2025-01-06,3
017860,2025-01-06,4
196170,2025-01-06,5
158430,2025-01-06,6
086520,2025-01-06,7
160190,2025-01-06,8
007660,2025-01-06,9
035420,2025-01-06,10
042660,2025-01-06,11
454910,2025-01-06,12
329180,2025-01-06,13
466100,2025-01-06,14
042700,2025-01-06,15
445090,2025-01-06,16
009830,2025-01-06,17
002630,2025-01-06,18
025950,2025-01-06,19
141080,2025-01-06,20
000660,2025-01-07,1
005930,2025-01-07,2
277810,2025-01-07,3
158430,2025-01-07,4
096530,2025-01-07,5
456010,2025-01-07,6
196170,2025-01-07,7
253840,2025-01-07,8
042700,2025-01-07,9
005380,2025-01-07,10
475580,2025-01-07,11
035420,2025-01-07,12
084650,2025-01-07,13
065350,2025-01-07,14
466100,2025-01-07,15
042660,2025-01-07,16
007660,2025-01-07,17
178320,2025-01-07,18
012450,2025-01-07,19
382150,2025-01-07,20
000660,2025-01-08,1
005930,2025-01-08,2
042660,2025-01-08,3
277810,2025-01-08,4
042700,2025-01-08,5
196170,2025-01-08,6
033320,2025-01-08,7
084650,2025-01-08,8
007660,2025-01-08,9
008830,2025-01-08,10
329180,2025-01-08,11
207940,2025-01-08,12
000100,2025-01-08,13
272210,2025-01-08,14
064350,2025-01-08,15
012450,2025-01-08,16
062970,2025-01-08,17
035420,2025-01-08,18
466100,2025-01-08,19
007370,2025-01-08,20
005930,2025-01-09,1
000100,2025-01-09,2
000660,2025-01-09,3
042660,2025-01-09,4
042700,2025-01-09,5
035510,2025-01-09,6
062970,2025-01-09,7
277810,2025-01-09,8
489790,2025-01-09,9
196170,2025-01-09,10
011790,2025-01-09,11
082740,2025-01-09,12
086960,2025-01-09,13
329180,2025-01-09,14
373220,2025-01-09,15
005380,2025-01-09,16
084650,2025-01-09,17
476060,2025-01-09,18
006400,2025-01-09,19
253840,2025-01-09,20
005930,2025-01-10,1
000660,2025-01-10,2
011790,2025-01-10,3
277810,2025-01-10,4
042660,2025-01-10,5
161580,2025-01-10,6
042700,2025-01-10,7
000100,2025-01-10,8
373220,2025-01-10,9
000270,2025-01-10,10
108490,2025-01-10,11
062970,2025-01-10,12
196170,2025-01-10,13
035510,2025-01-10,14
005380,2025-01-10,15
096770,2025-01-10,16
012450,2025-01-10,17
006400,2025-01-10,18
035420,2025-01-10,19
466100,2025-01-10,20
000660,2025-01-13,1
005930,2025-01-13,2
005380,2025-01-13,3
034020,2025-01-13,4
000100,2025-01-13,5
460930,2025-01-13,6
079900,2025-01-13,7
011790,2025-01-13,8
298830,2025-01-13,9
000270,2025-01-13,10
437730,2025-01-13,11
042660,2025-01-13,12
466100,2025-01-13,13
108490,2025-01-13,14
199820,2025-01-13,15
187660,2025-01-13,16
042700,2025-01-13,17
083650,2025-01-13,18
464080,2025-01-13,19
012450,2025-01-13,20
000660,2025-01-14,1
005930,2025-01-14,2
006340,2025-01-14,3
000100,2025-01-14,4
199820,2025-01-14,5
079900,2025-01-14,6
042660,2025-01-14,7
466100,2025-01-14,8
005380,2025-01-14,9
277810,2025-01-14,10
012450,2025-01-14,11
329180,2025-01-14,12
034020,2025-01-14,13
006660,2025-01-14,14
011790,2025-01-14,15
010140,2025-01-14,16
105560,2025-01-14,17
042700,2025-01-14,18
000270,2025-01-14,19
083420,2025-01-14,20
005930,2025-01-15,1
042660,2025-01-15,2
000660,2025-01-15,3
277810,2025-01-15,4
460930,2025-01-15,5
011790,2025-01-15,6
000100,2025-01-15,7
161580,2025-01-15,8
466100,2025-01-15,9
272210,2025-01-15,10
253840,2025-01-15,11
000270,2025-01-15,12
247540,2025-01-15,13
006340,2025-01-15,14
005380,2025-01-15,15
042700,2025-01-15,16
064350,2025-01-15,17
329180,2025-01-15,18
351870,2025-01-15,19
333430,2025-01-15,20
005930,2025-01-16,1
000660,2025-01-16,2
010140,2025-01-16,3
042660,2025-01-16,4
028300,2025-01-16,5
062040,2025-01-16,6
062970,2025-01-16,7
011790,2025-01-16,8
052220,2025-01-16,9
017860,2025-01-16,10
277810,2025-01-16,11
000100,2025-01-16,12
094360,2025-01-16,13
356680,2025-01-16,14
035420,2025-01-16,15
489790,2025-01-16,16
247540,2025-01-16,17
464080,2025-01-16,18
006340,2025-01-16,19
000270,2025-01-16,20
000660,2025-01-17,1
005930,2025-01-17,2
000100,2025-01-17,3
082740,2025-01-17,4
042660,2025-01-17,5
062970,2025-01-17,6
010140,2025-01-17,7
000490,2025-01-17,8
033100,2025-01-17,9
000250,2025-01-17,10
001440,2025-01-17,11
007660,2025-01-17,12
011790,2025-01-17,13
009830,2025-01-17,14
277810,2025-01-17,15
042700,2025-01-17,16
219420,2025-01-17,17
035420,2025-01-17,18
034020,2025-01-17,19
028300,2025-01-17,20
000660,2025-01-20,1
005930,2025-01-20,2
010120,2025-01-20,3
161580,2025-01-20,4
011790,2025-01-20,5
229640,2025-01-20,6
034020,2025-01-20,7
042660,2025-01-20,8
277810,2025-01-20,9
042700,2025-01-20,10
062970,2025-01-20,11
005380,2025-01-20,12
089030,2025-01-20,13
050890,2025-01-20,14
010140,2025-01-20,15
199820,2025-01-20,16
417200,2025-01-20,17
035420,2025-01-20,18
000100,2025-01-20,19
060370,2025-01-20,20
000660,2025-01-21,1
005930,2025-01-21,2
267260,2025-01-21,3
034020,2025-01-21,4
080220,2025-01-21,5
042660,2025-01-21,6
010120,2025-01-21,7
011790,2025-01-21,8
247540,2025-01-21,9
060280,2025-01-21,10
130660,2025-01-21,11
460930,2025-01-21,12
000680,2025-01-21,13
204270,2025-01-21,14
373220,2025-01-21,15
196170,2025-01-21,16
010140,2025-01-21,17
277810,2025-01-21,18
229640,2025-01-21,19
005380,2025-01-21,20
098460,2025-01-22,1
005930,2025-01-22,2
000660,2025-01-22,3
042660,2025-01-22,4
108490,2025-01-22,5
247540,2025-01-22,6
079900,2025-01-22,7
007660,2025-01-22,8
272210,2025-01-22,9
080220,2025-01-22,10
010620,2025-01-22,11
010140,2025-01-22,12
005380,2025-01-22,13
478560,2025-01-22,14
011790,2025-01-22,15
091810,2025-01-22,16
328130,2025-01-22,17
329180,2025-01-22,18
042700,2025-01-22,19
034020,2025-01-22,20
000660,2025-01-23,1
005930,2025-01-23,2
034020,2025-01-23,3
042660,2025-01-23,4
042700,2025-01-23,5
083650,2025-01-23,6
196170,2025-01-23,7
098460,2025-01-23,8
018290,2025-01-23,9
474170,2025-01-23,10
005380,2025-01-23,11
103590,2025-01-23,12
000250,2025-01-23,13
010120,2025-01-23,14
000100,2025-01-23,15
277810,2025-01-23,16
007660,2025-01-23,17
010140,2025-01-23,18
079900,2025-01-23,19
267260,2025-01-23,20
000660,2025-01-24,1
005930,2025-01-24,2
098460,2025-01-24,3
080220,2025-01-24,4
042660,2025-01-24,5
010120,2025-01-24,6
091810,2025-01-24,7
034020,2025-01-24,8
328130,2025-01-24,9
005380,2025-01-24,10
329180,2025-01-24,11
042700,2025-01-24,12
207940,2025-01-24,13
010140,2025-01-24,14
432720,2025-01-24,15
014160,2025-01-24,16
475460,2025-01-24,17
196170,2025-01-24,18
046970,2025-01-24,19
010620,2025-01-24,20
000660,2025-01-31,1
005930,2025-01-31,2
042660,2025-01-31,3
007660,2025-01-31,4
450950,2025-01-31,5
034020,2025-01-31,6
267260,2025-01-31,7
050890,2025-01-31,8
010120,2025-01-31,9
005380,2025-01-31,10
083650,2025-01-31,11
196170,2025-01-31,12
012450,2025-01-31,13
065500,2025-01-31,14
478560,2025-01-31,15
012330,2025-01-31,16
103590,2025-01-31,17
000100,2025-01-31,18
274090,2025-01-31,19
000270,2025-01-31,20
000660,2025-02-03,1
005930,2025-02-03,2
277810,2025-02-03,3
042660,2025-02-03,4
035420,2025-02-03,5
062040,2025-02-03,6
267260,2025-02-03,7
034020,2025-02-03,8
035720,2025-02-03,9
328130,2025-02-03,10
005380,2025-02-03,11
105560,2025-02-03,12
010120,2025-02-03,13
007660,2025-02-03,14
196170,2025-02-03,15
108490,2025-02-03,16
042700,2025-02-03,17
332570,2025-02-03,18
012450,2025-02-03,19
010100,2025-02-03,20
005930,2025-02-04,1
000660,2025-02-04,2
035720,2025-02-04,3
277810,2025-02-04,4
042660,2025-02-04,5
035420,2025-02-04,6
482630,2025-02-04,7
196170,2025-02-04,8
007660,2025-02-04,9
034020,2025-02-04,10
000270,2025-02-04,11
450950,2025-02-04,12
042000,2025-02-04,13
005380,2025-02-04,14
411080,2025-02-04,15
024060,2025-02-04,16
267260,2025-02-04,17
042700,2025-02-04,18
036460,2025-02-04,19
000910,2025-02-04,20
005930,2025-02-05,1
000660,2025-02-05,2
277810,2025-02-05,3
035720,2025-02-05,4
042660,2025-02-05,5
196170,2025-02-05,6
035420,2025-02-05,7
452450,2025-02-05,8
042000,2025-02-05,9
034020,2025-02-05,10
080220,2025-02-05,11
454910,2025-02-05,12
005490,2025-02-05,13
000910,2025-02-05,14
356680,2025-02-05,15
005380,2025-02-05,16
007660,2025-02-05,17
062040,2025-02-05,18
267260,2025-02-05,19
328130,2025-02-05,20
005930,2025-02-06,1
000660,2025-02-06,2
064400,2025-02-06,3
277810,2025-02-06,4
035420,2025-02-06,5
466100,2025-02-06,6
000250,2025-02-06,7
035720,2025-02-06,8
042660,2025-02-06,9
000100,2025-02-06,10
196170,2025-02-06,11
067160,2025-02-06,12
304100,2025-02-06,13
437730,2025-02-06,14
098460,2025-02-06,15
005380,2025-02-06,16
034020,2025-02-06,17
058610,2025-02-06,18
007660,2025-02-06,19
010140,2025-02-06,20
005930,2025-02-07,1
000660,2025-02-07,2
042660,2025-02-07,3
277810,2025-02-07,4
466100,2025-02-07,5
064350,2025-02-07,6
035720,2025-02-07,7
035420,2025-02-07,8
003230,2025-02-07,9
105560,2025-02-07,10
326030,2025-02-07,11
161580,2025-02-07,12
196170,2025-02-07,13
064400,2025-02-07,14
067160,2025-02-07,15
009830,2025-02-07,16
010140,2025-02-07,17
328130,2025-02-07,18
000100,2025-02-07,19
012450,2025-02-07,20
005930,2025-02-10,1
161580,2025-02-10,2
466100,2025-02-10,3
080220,2025-02-10,4
064350,2025-02-10,5
277810,2025-02-10,6
000660,2025-02-10,7
035420,2025-02-10,8
272210,2025-02-10,9
079900,2025-02-10,10
464080,2025-02-10,11
042660,2025-02-10,12
008830,2025-02-10,13
035720,2025-02-10,14
207940,2025-02-10,15
012450,2025-02-10,16
034020,2025-02-10,17
011790,2025-02-10,18
087010,2025-02-10,19
196170,2025-02-10,20
005930,2025-02-11,1
277810,2025-02-11,2
000660,2025-02-11,3
042660,2025-02-11,4
466100,2025-02-11,5
161580,2025-02-11,6
080220,2025-02-11,7
079900,2025-02-11,8
475400,2025-02-11,9
035420,2025-02-11,10
035720,2025-02-11,11
108860,2025-02-11,12
090710,2025-02-11,13
064350,2025-02-11,14
005380,2025-02-11,15
388720,2025-02-11,16
196170,2025-02-11,17
042700,2025-02-11,18
056080,2025-02-11,19
452450,2025-02-11,20
005930,2025-02-12,1
012450,2025-02-12,2
042660,2025-02-12,3
277810,2025-02-12,4
000660,2025-02-12,5
482630,2025-02-12,6
161580,2025-02-12,7
452190,2025-02-12,8
139480,2025-02-12,9
196170,2025-02-12,10
452450,2025-02-12,11
064350,2025-02-12,12
090710,2025-02-12,13
035420,2025-02-12,14
005380,2025-02-12,15
388720,2025-02-12,16
080220,2025-02-12,17
466100,2025-02-12,18
035720,2025-02-12,19
489790,2025-02-12,20
005930,2025-02-13,1
272210,2025-02-13,2
042660,2025-02-13,3
212710,2025-02-13,4
000660,2025-02-13,5
012450,2025-02-13,6
329180,2025-02-13,7
277810,2025-02-13,8
226950,2025-02-13,9
259960,2025-02-13,10
064350,2025-02-13,11
010140,2025-02-13,12
000100,2025-02-13,13
010120,2025-02-13,14
079550,2025-02-13,15
204270,2025-02-13,16
035420,2025-02-13,17
450950,2025-02-13,18
047810,2025-02-13,19
196170,2025-02-13,20
005930,2025-02-14,1
272210,2025-02-14,2
042660,2025-02-14,3
000660,2025-02-14,4
489790,2025-02-14,5
010120,2025-02-14,6
079900,2025-02-14,7
240550,2025-02-14,8
012450,2025-02-14,9
277810,2025-02-14,10
035720,2025-02-14,11
105560,2025-02-14,12
005380,2025-02-14,13
007660,2025-02-14,14
008830,2025-02-14,15
042670,2025-02-14,16
329180,2025-02-14,17
247540,2025-02-14,18
373220,2025-02-14,19
035420,2025-02-14,20
034020,2025-02-17,1
005930,2025-02-17,2
277810,2025-02-17,3
042660,2025-02-17,4
000660,2025-02-17,5
489790,2025-02-17,6
475830,2025-02-17,7
452450,2025-02-17,8
272210,2025-02-17,9
082740,2025-02-17,10
012450,2025-02-17,11
196170,2025-02-17,12
028300,2025-02-17,13
329180,2025-02-17,14
253590,2025-02-17,15
064350,2025-02-17,16
080220,2025-02-17,17
295310,2025-02-17,18
035720,2025-02-17,19
010120,2025-02-17,20
034020,2025-02-18,1
005930,2025-02-18,2
012450,2025-02-18,3
000660,2025-02-18,4
042660,2025-02-18,5
303810,2025-02-18,6
489790,2025-02-18,7
277810,2025-02-18,8
272210,2025-02-18,9
452450,2025-02-18,10
161580,2025-02-18,11
450080,2025-02-18,12
212710,2025-02-18,13
082740,2025-02-18,14
394800,2025-02-18,15
105560,2025-02-18,16
196170,2025-02-18,17
475580,2025-02-18,18
028300,2025-02-18,19
010120,2025-02-18,20
005930,2025-02-19,1
034020,2025-02-19,2
012450,2025-02-19,3
277810,2025-02-19,4
010120,2025-02-19,5
079550,2025-02-19,6
303810,2025-02-19,7
000660,2025-02-19,8
042660,2025-02-19,9
272210,2025-02-19,10
064350,2025-02-19,11
475830,2025-02-19,12
298380,2025-02-19,13
452450,2025-02-19,14
454910,2025-02-19,15
047810,2025-02-19,16
090710,2025-02-19,17
329180,2025-02-19,18
388720,2025-02-19,19
267260,2025-02-19,20
005930,2025-02-20,1
010140,2025-02-20,2
000660,2025-02-20,3
042660,2025-02-20,4
034020,2025-02-20,5
010120,2025-02-20,6
475830,2025-02-20,7
212710,2025-02-20,8
277810,2025-02-20,9
042700,2025-02-20,10
022100,2025-02-20,11
388720,2025-02-20,12
450080,2025-02-20,13
012450,2025-02-20,14
161580,2025-02-20,15
452450,2025-02-20,16
036930,2025-02-20,17
329180,2025-02-20,18
298380,2025-02-20,19
272210,2025-02-20,20
005930,2025-02-21,1
463480,2025-02-21,2
042660,2025-02-21,3
000660,2025-02-21,4
012450,2025-02-21,5
047810,2025-02-21,6
022100,2025-02-21,7
034020,2025-02-21,8
010140,2025-02-21,9
443060,2025-02-21,10
475830,2025-02-21,11
329180,2025-02-21,12
382150,2025-02-21,13
010120,2025-02-21,14
277810,2025-02-21,15
196170,2025-02-21,16
161580,2025-02-21,17
041020,2025-02-21,18
272210,2025-02-21,19
037270,2025-02-21,20
005930,2025-02-24,1
463480,2025-02-24,2
000660,2025-02-24,3
277810,2025-02-24,4
042660,2025-02-24,5
064350,2025-02-24,6
012450,2025-02-24,7
240550,2025-02-24,8
022100,2025-02-24,9
005490,2025-02-24,10
034020,2025-02-24,11
212710,2025-02-24,12
001570,2025-02-24,13
272210,2025-02-24,14
329180,2025-02-24,15
035420,2025-02-24,16
086520,2025-02-24,17
010140,2025-02-24,18
196170,2025-02-24,19
456070,2025-02-24,20
479960,2025-02-25,1
005930,2025-02-25,2
000660,2025-02-25,3
011200,2025-02-25,4
010140,2025-02-25,5
042660,2025-02-25,6
034020,2025-02-25,7
012450,2025-02-25,8
006660,2025-02-25,9
277810,2025-02-25,10
001570,2025-02-25,11
047050,2025-02-25,12
006400,2025-02-25,13
030530,2025-02-25,14
463480,2025-02-25,15
028300,2025-02-25,16
329180,2025-02-25,17
257720,2025-02-25,18
083450,2025-02-25,19
450080,2025-02-25,20
005930,2025-02-26,1
489500,2025-02-26,2
000660,2025-02-26,3
010140,2025-02-26,4
005290,2025-02-26,5
479960,2025-02-26,6
042660,2025-02-26,7
011200,2025-02-26,8
012450,2025-02-26,9
323280,2025-02-26,10
437730,2025-02-26,11
034020,2025-02-26,12
006660,2025-02-26,13
226950,2025-02-26,14
196170,2025-02-26,15
277810,2025-02-26,16
267260,2025-02-26,17
463480,2025-02-26,18
035420,2025-02-26,19
006400,2025-02-26,20
005930,2025-02-27,1
000660,2025-02-27,2
010140,2025-02-27,3
068270,2025-02-27,4
479960,2025-02-27,5
214150,2025-02-27,6
042000,2025-02-27,7
042660,2025-02-27,8
008830,2025-02-27,9
035720,2025-02-27,10
489500,2025-02-27,11
001570,2025-02-27,12
257720,2025-02-27,13
012450,2025-02-27,14
457190,2025-02-27,15
034020,2025-02-27,16
489790,2025-02-27,17
329180,2025-02-27,18
277810,2025-02-27,19
035420,2025-02-27,20
005930,2025-02-28,1
000660,2025-02-28,2
028300,2025-02-28,3
035720,2025-02-28,4
214150,2025-02-28,5
042660,2025-02-28,6
012450,2025-02-28,7
047810,2025-02-28,8
035420,2025-02-28,9
278470,2025-02-28,10
214420,2025-02-28,11
009830,2025-02-28,12
079550,2025-02-28,13
010140,2025-02-28,14
196170,2025-02-28,15
034020,2025-02-28,16
005380,2025-02-28,17
177900,2025-02-28,18
068270,2025-02-28,19
047920,2025-02-28,20
005930,2025-03-04,1
000660,2025-03-04,2
042660,2025-03-04,3
277810,2025-03-04,4
012450,2025-03-04,5
034020,2025-03-04,6
035420,2025-03-04,7
010140,2025-03-04,8
028050,2025-03-04,9
247540,2025-03-04,10
035720,2025-03-04,11
450080,2025-03-04,12
005380,2025-03-04,13
196170,2025-03-04,14
037270,2025-03-04,15
068270,2025-03-04,16
439090,2025-03-04,17
066970,2025-03-04,18
267260,2025-03-04,19
008830,2025-03-04,20
042660,2025-03-05,1
005930,2025-03-05,2
000660,2025-03-05,3
012450,2025-03-05,4
000100,2025-03-05,5
010140,2025-03-05,6
272210,2025-03-05,7
092790,2025-03-05,8
034020,2025-03-05,9
047810,2025-03-05,10
437730,2025-03-05,11
329180,2025-03-05,12
277810,2025-03-05,13
005010,2025-03-05,14
068270,2025-03-05,15
196170,2025-03-05,16
457190,2025-03-05,17
064350,2025-03-05,18
079550,2025-03-05,19
001570,2025-03-05,20
005930,2025-03-06,1
042660,2025-03-06,2
000660,2025-03-06,3
012450,2025-03-06,4
466100,2025-03-06,5
010140,2025-03-06,6
092790,2025-03-06,7
047050,2025-03-06,8
277810,2025-03-06,9
034020,2025-03-06,10
005010,2025-03-06,11
036460,2025-03-06,12
008830,2025-03-06,13
097230,2025-03-06,14
009540,2025-03-06,15
196170,2025-03-06,16
047810,2025-03-06,17
272210,2025-03-06,18
079900,2025-03-06,19
035420,2025-03-06,20
393970,2025-03-07,1
005930,2025-03-07,2
000660,2025-03-07,3
047810,2025-03-07,4
012450,2025-03-07,5
196170,2025-03-07,6
277810,2025-03-07,7
042660,2025-03-07,8
005490,2025-03-07,9
022100,2025-03-07,10
035720,2025-03-07,11
456010,2025-03-07,12
010140,2025-03-07,13
035420,2025-03-07,14
008970,2025-03-07,15
034020,2025-03-07,16
476080,2025-03-07,17
010120,2025-03-07,18
204270,2025-03-07,19
000270,2025-03-07,20
272210,2025-03-10,1
005930,2025-03-10,2
012450,2025-03-10,3
000660,2025-03-10,4
005490,2025-03-10,5
226590,2025-03-10,6
042660,2025-03-10,7
196170,2025-03-10,8
226950,2025-03-10,9
022100,2025-03-10,10
047810,2025-03-10,11
034020,2025-03-10,12
051910,2025-03-10,13
010140,2025-03-10,14
058430,2025-03-10,15
071090,2025-03-10,16
277810,2025-03-10,17
010120,2025-03-10,18
393970,2025-03-10,19
004020,2025-03-10,20
272210,2025-03-11,1
005930,2025-03-11,2
000660,2025-03-11,3
012450,2025-03-11,4
042660,2025-03-11,5
047810,2025-03-11,6
226590,2025-03-11,7
071970,2025-03-11,8
466100,2025-03-11,9
028300,2025-03-11,10
393970,2025-03-11,11
082740,2025-03-11,12
005490,2025-03-11,13
452450,2025-03-11,14
006660,2025-03-11,15
196170,2025-03-11,16
035720,2025-03-11,17
010140,2025-03-11,18
034020,2025-03-11,19
277810,2025-03-11,20
042660,2025-03-12,1
005930,2025-03-12,2
000660,2025-03-12,3
466100,2025-03-12,4
067080,2025-03-12,5
272210,2025-03-12,6
012450,2025-03-12,7
277810,2025-03-12,8
047050,2025-03-12,9
393970,2025-03-12,10
161580,2025-03-12,11
226590,2025-03-12,12
034020,2025-03-12,13
010140,2025-03-12,14
025320,2025-03-12,15
005490,2025-03-12,16
047810,2025-03-12,17
078140,2025-03-12,18
452450,2025-03-12,19
463480,2025-03-12,20
005930,2025-03-13,1
000660,2025-03-13,2
010140,2025-03-13,3
042660,2025-03-13,4
489790,2025-03-13,5
064350,2025-03-13,6
012450,2025-03-13,7
022100,2025-03-13,8
272210,2025-03-13,9
466100,2025-03-13,10
034020,2025-03-13,11
047810,2025-03-13,12
005490,2025-03-13,13
079550,2025-03-13,14
117730,2025-03-13,15
196170,2025-03-13,16
456010,2025-03-13,17
432720,2025-03-13,18
277810,2025-03-13,19
010130,2025-03-13,20
005930,2025-03-14,1
000660,2025-03-14,2
064350,2025-03-14,3
012450,2025-03-14,4
042660,2025-03-14,5
006260,2025-03-14,6
089010,2025-03-14,7
196170,2025-03-14,8
010140,2025-03-14,9
034020,2025-03-14,10
047810,2025-03-14,11
272210,2025-03-14,12
000270,2025-03-14,13
456010,2025-03-14,14
105560,2025-03-14,15
006400,2025-03-14,16
161580,2025-03-14,17
489790,2025-03-14,18
079550,2025-03-14,19
022100,2025-03-14,20
000660,2025-03-17,1
489790,2025-03-17,2
005930,2025-03-17,3
006400,2025-03-17,4
031210,2025-03-17,5
196170,2025-03-17,6
006260,2025-03-17,7
034020,2025-03-17,8
042660,2025-03-17,9
012450,2025-03-17,10
064350,2025-03-17,11
378340,2025-03-17,12
277810,2025-03-17,13
413390,2025-03-17,14
457190,2025-03-17,15
373220,2025-03-17,16
001440,2025-03-17,17
000270,2025-03-17,18
028300,2025-03-17,19
022100,2025-03-17,20
005930,2025-03-18,1
196170,2025-03-18,2
272210,2025-03-18,3
000660,2025-03-18,4
012450,2025-03-18,5
042660,2025-03-18,6
047810,2025-03-18,7
480370,2025-03-18,8
034020,2025-03-18,9
010140,2025-03-18,10
067080,2025-03-18,11
489790,2025-03-18,12
064350,2025-03-18,13
065500,2025-03-18,14
000270,2025-03-18,15
452190,2025-03-18,16
006400,2025-03-18,17
177900,2025-03-18,18
028300,2025-03-18,19
079550,2025-03-18,20
005930,2025-03-19,1
196170,2025-03-19,2
272210,2025-03-19,3
042660,2025-03-19,4
000660,2025-03-19,5
047810,2025-03-19,6
082740,2025-03-19,7
010140,2025-03-19,8
012450,2025-03-19,9
034020,2025-03-19,10
163280,2025-03-19,11
000270,2025-03-19,12
064350,2025-03-19,13
382150,2025-03-19,14
035900,2025-03-19,15
092790,2025-03-19,16
476060,2025-03-19,17
065500,2025-03-19,18
489790,2025-03-19,19
006400,2025-03-19,20
005930,2025-03-20,1
000660,2025-03-20,2
272210,2025-03-20,3
042660,2025-03-20,4
031210,2025-03-20,5
196170,2025-03-20,6
034020,2025-03-20,7
047810,2025-03-20,8
008970,2025-03-20,9
393970,2025-03-20,10
012450,2025-03-20,11
010140,2025-03-20,12
064350,2025-03-20,13
028300,2025-03-20,14
463480,2025-03-20,15
232140,2025-03-20,16
413390,2025-03-20,17
277810,2025-03-20,18
022100,2025-03-20,19
051910,2025-03-20,20
005930,2025-03-21,1
196170,2025-03-21,2
000100,2025-03-21,3
484810,2025-03-21,4
098070,2025-03-21,5
000660,2025-03-21,6
042660,2025-03-21,7
005490,2025-03-21,8
272210,2025-03-21,9
012450,2025-03-21,10
028300,2025-03-21,11
025320,2025-03-21,12
006400,2025-03-21,13
064350,2025-03-21,14
010140,2025-03-21,15
034020,2025-03-21,16
257720,2025-03-21,17
452450,2025-03-21,18
047810,2025-03-21,19
051910,2025-03-21,20
005930,2025-03-24,1
000660,2025-03-24,2
012450,2025-03-24,3
098070,2025-03-24,4
028300,2025-03-24,5
196170,2025-03-24,6
042660,2025-03-24,7
034020,2025-03-24,8
444530,2025-03-24,9
272210,2025-03-24,10
064350,2025-03-24,11
000100,2025-03-24,12
000270,2025-03-24,13
484810,2025-03-24,14
005490,2025-03-24,15
105560,2025-03-24,16
047810,2025-03-24,17
199550,2025-03-24,18
051910,2025-03-24,19
005935,2025-03-24,20
005930,2025-03-25,1
012450,2025-03-25,2
098070,2025-03-25,3
000660,2025-03-25,4
028300,2025-03-25,5
462860,2025-03-25,6
005380,2025-03-25,7
177900,2025-03-25,8
000270,2025-03-25,9
005490,2025-03-25,10
196170,2025-03-25,11
064350,2025-03-25,12
005870,2025-03-25,13
484810,2025-03-25,14
463480,2025-03-25,15
272210,2025-03-25,16
042660,2025-03-25,17
065500,2025-03-25,18
051910,2025-03-25,19
012330,2025-03-25,20
005930,2025-03-26,1
000660,2025-03-26,2
005380,2025-03-26,3
476060,2025-03-26,4
000100,2025-03-26,5
393970,2025-03-26,6
012450,2025-03-26,7
098070,2025-03-26,8
463480,2025-03-26,9
064350,2025-03-26,10
042660,2025-03-26,11
007390,2025-03-26,12
034020,2025-03-26,13
028300,2025-03-26,14
000270,2025-03-26,15
450140,2025-03-26,16
196170,2025-03-26,17
010140,2025-03-26,18
272210,2025-03-26,19
008970,2025-03-26,20
005930,2025-03-27,1
000660,2025-03-27,2
065500,2025-03-27,3
393970,2025-03-27,4
005380,2025-03-27,5
463480,2025-03-27,6
012450,2025-03-27,7
042660,2025-03-27,8
025820,2025-03-27,9
373220,2025-03-27,10
196170,2025-03-27,11
035420,2025-03-27,12
064350,2025-03-27,13
000270,2025-03-27,14
025950,2025-03-27,15
007660,2025-03-27,16
199480,2025-03-27,17
051910,2025-03-27,18
045660,2025-03-27,19
034020,2025-03-27,20
005930,2025-03-28,1
000660,2025-03-28,2
035420,2025-03-28,3
484810,2025-03-28,4
065500,2025-03-28,5
163280,2025-03-28,6
393970,2025-03-28,7
007390,2025-03-28,8
005380,2025-03-28,9
109610,2025-03-28,10
045660,2025-03-28,11
042660,2025-03-28,12
267260,2025-03-28,13
012450,2025-03-28,14
025950,2025-03-28,15
000270,2025-03-28,16
476060,2025-03-28,17
010140,2025-03-28,18
196170,2025-03-28,19
084690,2025-03-28,20
005930,2025-03-31,1
000660,2025-03-31,2
393970,2025-03-31,3
476060,2025-03-31,4
109610,2025-03-31,5
008970,2025-03-31,6
005380,2025-03-31,7
012450,2025-03-31,8
067080,2025-03-31,9
014280,2025-03-31,10
199550,2025-03-31,11
043910,2025-03-31,12
065500,2025-03-31,13
035420,2025-03-31,14
196170,2025-03-31,15
259960,2025-03-31,16
000270,2025-03-31,17
042660,2025-03-31,18
034020,2025-03-31,19
463480,2025-03-31,20
005930,2025-04-01,1
000660,2025-04-01,2
196170,2025-04-01,3
484810,2025-04-01,4
476060,2025-04-01,5
373220,2025-04-01,6
012450,2025-04-01,7
005380,2025-04-01,8
042700,2025-04-01,9
042660,2025-04-01,10
065500,2025-04-01,11
064350,2025-04-01,12
035420,2025-04-01,13
105560,2025-04-01,14
267260,2025-04-01,15
005490,2025-04-01,16
393970,2025-04-01,17
000270,2025-04-01,18
086520,2025-04-01,19
011080,2025-04-01,20
005930,2025-04-02,1
000660,2025-04-02,2
484810,2025-04-02,3
463480,2025-04-02,4
012450,2025-04-02,5
065500,2025-04-02,6
196170,2025-04-02,7
042660,2025-04-02,8
393970,2025-04-02,9
452190,2025-04-02,10
373220,2025-04-02,11
272210,2025-04-02,12
005380,2025-04-02,13
087010,2025-04-02,14
011080,2025-04-02,15
413390,2025-04-02,16
035720,2025-04-02,17
047810,2025-04-02,18
064350,2025-04-02,19
035420,2025-04-02,20
005930,2025-04-03,1
065500,2025-04-03,2
000660,2025-04-03,3
098070,2025-04-03,4
002630,2025-04-03,5
012450,2025-04-03,6
025950,2025-04-03,7
064350,2025-04-03,8
045660,2025-04-03,9
484810,2025-04-03,10
476060,2025-04-03,11
163280,2025-04-03,12
463480,2025-04-03,13
093240,2025-04-03,14
199550,2025-04-03,15
011080,2025-04-03,16
005490,2025-04-03,17
005380,2025-04-03,18
042660,2025-04-03,19
196170,2025-04-03,20
005930,2025-04-04,1
000660,2025-04-04,2
065500,2025-04-04,3
481070,2025-04-04,4
098070,2025-04-04,5
012450,2025-04-04,6
005380,2025-04-04,7
011080,2025-04-04,8
388720,2025-04-04,9
207940,2025-04-04,10
475460,2025-04-04,11
052220,2025-04-04,12
042660,2025-04-04,13
373220,2025-04-04,14
105560,2025-04-04,15
444530,2025-04-04,16
064350,2025-04-04,17
066570,2025-04-04,18
035420,2025-04-04,19
267260,2025-04-04,20
000660,2025-04-07,1
005930,2025-04-07,2
065500,2025-04-07,3
448900,2025-04-07,4
012450,2025-04-07,5
042660,2025-04-07,6
034020,2025-04-07,7
035720,2025-04-07,8
196170,2025-04-07,9
053580,2025-04-07,10
002630,2025-04-07,11
025950,2025-04-07,12
308100,2025-04-07,13
011080,2025-04-07,14
053800,2025-04-07,15
045660,2025-04-07,16
005380,2025-04-07,17
388720,2025-04-07,18
086520,2025-04-07,19
064350,2025-04-07,20
005930,2025-04-08,1
000660,2025-04-08,2
012450,2025-04-08,3
065500,2025-04-08,4
005380,2025-04-08,5
196170,2025-04-08,6
053800,2025-04-08,7
042660,2025-04-08,8
053580,2025-04-08,9
084690,2025-04-08,10
004770,2025-04-08,11
034020,2025-04-08,12
105560,2025-04-08,13
064350,2025-04-08,14
005490,2025-04-08,15
373220,2025-04-08,16
048430,2025-04-08,17
448900,2025-04-08,18
068270,2025-04-08,19
052400,2025-04-08,20
005930,2025-04-09,1
000660,2025-04-09,2
298380,2025-04-09,3
012450,2025-04-09,4
035420,2025-04-09,5
196170,2025-04-09,6
039240,2025-04-09,7
005380,2025-04-09,8
000250,2025-04-09,9
042660,2025-04-09,10
407400,2025-04-09,11
098070,2025-04-09,12
010770,2025-04-09,13
105560,2025-04-09,14
053800,2025-04-09,15
207940,2025-04-09,16
000910,2025-04-09,17
005490,2025-04-09,18
304100,2025-04-09,19
373220,2025-04-09,20
000660,2025-04-10,1
005930,2025-04-10,2
298380,2025-04-10,3
013580,2025-04-10,4
098070,2025-04-10,5
012450,2025-04-10,6
448900,2025-04-10,7
042660,2025-04-10,8
008970,2025-04-10,9
065500,2025-04-10,10
000910,2025-04-10,11
092790,2025-04-10,12
196170,2025-04-10,13
068270,2025-04-10,14
005490,2025-04-10,15
005380,2025-04-10,16
329180,2025-04-10,17
043910,2025-04-10,18
035420,2025-04-10,19
000250,2025-04-10,20
000660,2025-04-11,1
005930,2025-04-11,2
098070,2025-04-11,3
008970,2025-04-11,4
012450,2025-04-11,5
005380,2025-04-11,6
373220,2025-04-11,7
298380,2025-04-11,8
267260,2025-04-11,9
329180,2025-04-11,10
042660,2025-04-11,11
207940,2025-04-11,12
448900,2025-04-11,13
005490,2025-04-11,14
064350,2025-04-11,15
196170,2025-04-11,16
163280,2025-04-11,17
027830,2025-04-11,18
105560,2025-04-11,19
086790,2025-04-11,20
005930,2025-04-14,1
000660,2025-04-14,2
042660,2025-04-14,3
098070,2025-04-14,4
005380,2025-04-14,5
012450,2025-04-14,6
087010,2025-04-14,7
042700,2025-04-14,8
000270,2025-04-14,9
163280,2025-04-14,10
329180,2025-04-14,11
010140,2025-04-14,12
196170,2025-04-14,13
298380,2025-04-14,14
020710,2025-04-14,15
027830,2025-04-14,16
034020,2025-04-14,17
030530,2025-04-14,18
035420,2025-04-14,19
140430,2025-04-14,20
005930,2025-04-15,1
000660,2025-04-15,2
304100,2025-04-15,3
298380,2025-04-15,4
008970,2025-04-15,5
012450,2025-04-15,6
456010,2025-04-15,7
042660,2025-04-15,8
382150,2025-04-15,9
272210,2025-04-15,10
098070,2025-04-15,11
393210,2025-04-15,12
196170,2025-04-15,13
452450,2025-04-15,14
020710,2025-04-15,15
476080,2025-04-15,16
064350,2025-04-15,17
042940,2025-04-15,18
010770,2025-04-15,19
005380,2025-04-15,20
005930,2025-04-16,1
000660,2025-04-16,2
098070,2025-04-16,3
008970,2025-04-16,4
241520,2025-04-16,5
484810,2025-04-16,6
457600,2025-04-16,7
005380,2025-04-16,8
012450,2025-04-16,9
092790,2025-04-16,10
448900,2025-04-16,11
042660,2025-04-16,12
052400,2025-04-16,13
071090,2025-04-16,14
298380,2025-04-16,15
475460,2025-04-16,16
087010,2025-04-16,17
065500,2025-04-16,18
096250,2025-04-16,19
272210,2025-04-16,20
005930,2025-04-17,1
000660,2025-04-17,2
008970,2025-04-17,3
448900,2025-04-17,4
241520,2025-04-17,5
444530,2025-04-17,6
012450,2025-04-17,7
042940,2025-04-17,8
285490,2025-04-17,9
393210,2025-04-17,10
389140,2025-04-17,11
042660,2025-04-17,12
001790,2025-04-17,13
382150,2025-04-17,14
064350,2025-04-17,15
465480,2025-04-17,16
047810,2025-04-17,17
298380,2025-04-17,18
196170,2025-04-17,19
272210,2025-04-17,20
005930,2025-04-18,1
000660,2025-04-18,2
001790,2025-04-18,3
241520,2025-04-18,4
012450,2025-04-18,5
058820,2025-04-18,6
064350,2025-04-18,7
393210,2025-04-18,8
389140,2025-04-18,9
008970,2025-04-18,10
246690,2025-04-18,11
444530,2025-04-18,12
042700,2025-04-18,13
009830,2025-04-18,14
437730,2025-04-18,15
034020,2025-04-18,16
042940,2025-04-18,17
042660,2025-04-18,18
020710,2025-04-18,19
329180,2025-04-18,20
042940,2025-04-21,1
065500,2025-04-21,2
005930,2025-04-21,3
382150,2025-04-21,4
012450,2025-04-21,5
034020,2025-04-21,6
000660,2025-04-21,7
196170,2025-04-21,8
393970,2025-04-21,9
033230,2025-04-21,10
293580,2025-04-21,11
042660,2025-04-21,12
042700,2025-04-21,13
039240,2025-04-21,14
087010,2025-04-21,15
064350,2025-04-21,16
444530,2025-04-21,17
489790,2025-04-21,18
246690,2025-04-21,19
005380,2025-04-21,20
000660,2025-04-22,1
005930,2025-04-22,2
042940,2025-04-22,3
001790,2025-04-22,4
393210,2025-04-22,5
003310,2025-04-22,6
039240,2025-04-22,7
163730,2025-04-22,8
012450,2025-04-22,9
034020,2025-04-22,10
002800,2025-04-22,11
293580,2025-04-22,12
033230,2025-04-22,13
010140,2025-04-22,14
226590,2025-04-22,15
394800,2025-04-22,16
042700,2025-04-22,17
042660,2025-04-22,18
064350,2025-04-22,19
009830,2025-04-22,20
005930,2025-04-23,1
317770,2025-04-23,2
000660,2025-04-23,3
042940,2025-04-23,4
163280,2025-04-23,5
437730,2025-04-23,6
267260,2025-04-23,7
298380,2025-04-23,8
008830,2025-04-23,9
042660,2025-04-23,10
098070,2025-04-23,11
004980,2025-04-23,12
159580,2025-04-23,13
293580,2025-04-23,14
309960,2025-04-23,15
012450,2025-04-23,16
035420,2025-04-23,17
013990,2025-04-23,18
033230,2025-04-23,19
054300,2025-04-23,20
000660,2025-04-24,1
005930,2025-04-24,2
389140,2025-04-24,3
042700,2025-04-24,4
444530,2025-04-24,5
042660,2025-04-24,6
008830,2025-04-24,7
479960,2025-04-24,8
001790,2025-04-24,9
267260,2025-04-24,10
017510,2025-04-24,11
007390,2025-04-24,12
012450,2025-04-24,13
064350,2025-04-24,14
008970,2025-04-24,15
006340,2025-04-24,16
448900,2025-04-24,17
272210,2025-04-24,18
002800,2025-04-24,19
005380,2025-04-24,20
005930,2025-04-25,1
000660,2025-04-25,2
389140,2025-04-25,3
010620,2025-04-25,4
329180,2025-04-25,5
009830,2025-04-25,6
042660,2025-04-25,7
042700,2025-04-25,8
034020,2025-04-25,9
009540,2025-04-25,10
439580,2025-04-25,11
039240,2025-04-25,12
012450,2025-04-25,13
035510,2025-04-25,14
064350,2025-04-25,15
444530,2025-04-25,16
207940,2025-04-25,17
005380,2025-04-25,18
025550,2025-04-25,19
479960,2025-04-25,20
005930,2025-04-28,1
000660,2025-04-28,2
042660,2025-04-28,3
035720,2025-04-28,4
009830,2025-04-28,5
025550,2025-04-28,6
329180,2025-04-28,7
010140,2025-04-28,8
012450,2025-04-28,9
196170,2025-04-28,10
034020,2025-04-28,11
038110,2025-04-28,12
009540,2025-04-28,13
389140,2025-04-28,14
046970,2025-04-28,15
042700,2025-04-28,16
030530,2025-04-28,17
001790,2025-04-28,18
105560,2025-04-28,19
010620,2025-04-28,20
042660,2025-04-29,1
005930,2025-04-29,2
000660,2025-04-29,3
010140,2025-04-29,4
272210,2025-04-29,5
081180,2025-04-29,6
012450,2025-04-29,7
489790,2025-04-29,8
017670,2025-04-29,9
456010,2025-04-29,10
196170,2025-04-29,11
083650,2025-04-29,12
393890,2025-04-29,13
042700,2025-04-29,14
034020,2025-04-29,15
020710,2025-04-29,16
329180,2025-04-29,17
001790,2025-04-29,18
064350,2025-04-29,19
057540,2025-04-29,20
042660,2025-04-30,1
005930,2025-04-30,2
000660,2025-04-30,3
462860,2025-04-30,4
012450,2025-04-30,5
089850,2025-04-30,6
272210,2025-04-30,7
083650,2025-04-30,8
439580,2025-04-30,9
034020,2025-04-30,10
329180,2025-04-30,11
009830,2025-04-30,12
017670,2025-04-30,13
081180,2025-04-30,14
010140,2025-04-30,15
004100,2025-04-30,16
105560,2025-04-30,17
098460,2025-04-30,18
005380,2025-04-30,19
267260,2025-04-30,20
005930,2025-05-02,1
081180,2025-05-02,2
000660,2025-05-02,3
042660,2025-05-02,4
012450,2025-05-02,5
065500,2025-05-02,6
064350,2025-05-02,7
034020,2025-05-02,8
207760,2025-05-02,9
373220,2025-05-02,10
042940,2025-05-02,11
105560,2025-05-02,12
352820,2025-05-02,13
161000,2025-05-02,14
462860,2025-05-02,15
329180,2025-05-02,16
446540,2025-05-02,17
010140,2025-05-02,18
272210,2025-05-02,19
006400,2025-05-02,20
005930,2025-05-07,1
000660,2025-05-07,2
034020,2025-05-07,3
012450,2025-05-07,4
272210,2025-05-07,5
042660,2025-05-07,6
020710,2025-05-07,7
065500,2025-05-07,8
000150,2025-05-07,9
105560,2025-05-07,10
226590,2025-05-07,11
011080,2025-05-07,12
042940,2025-05-07,13
007660,2025-05-07,14
389470,2025-05-07,15
267260,2025-05-07,16
081180,2025-05-07,17
001790,2025-05-07,18
089850,2025-05-07,19
037560,2025-05-07,20
005930,2025-05-08,1
000660,2025-05-08,2
012450,2025-05-08,3
065500,2025-05-08,4
034020,2025-05-08,5
042660,2025-05-08,6
272210,2025-05-08,7
389470,2025-05-08,8
064350,2025-05-08,9
389140,2025-05-08,10
329180,2025-05-08,11
042940,2025-05-08,12
105560,2025-05-08,13
052400,2025-05-08,14
226590,2025-05-08,15
011080,2025-05-08,16
207940,2025-05-08,17
005380,2025-05-08,18
035420,2025-05-08,19
013580,2025-05-08,20
000660,2025-05-09,1
005930,2025-05-09,2
278470,2025-05-09,3
079550,2025-05-09,4
459510,2025-05-09,5
389140,2025-05-09,6
053580,2025-05-09,7
012450,2025-05-09,8
098460,2025-05-09,9
035420,2025-05-09,10
042660,2025-05-09,11
064350,2025-05-09,12
065500,2025-05-09,13
034020,2025-05-09,14
035720,2025-05-09,15
257720,2025-05-09,16
042940,2025-05-09,17
272210,2025-05-09,18
009830,2025-05-09,19
059210,2025-05-09,20
476040,2025-05-12,1
136150,2025-05-12,2
000660,2025-05-12,3
005930,2025-05-12,4
042940,2025-05-12,5
012450,2025-05-12,6
278470,2025-05-12,7
064350,2025-05-12,8
047810,2025-05-12,9
459510,2025-05-12,10
389140,2025-05-12,11
082740,2025-05-12,12
079550,2025-05-12,13
010770,2025-05-12,14
042000,2025-05-12,15
272210,2025-05-12,16
034020,2025-05-12,17
000050,2025-05-12,18
448280,2025-05-12,19
389470,2025-05-12,20
005930,2025-05-13,1
376900,2025-05-13,2
034020,2025-05-13,3
064350,2025-05-13,4
000660,2025-05-13,5
042660,2025-05-13,6
012450,2025-05-13,7
068270,2025-05-13,8
257720,2025-05-13,9
389140,2025-05-13,10
317770,2025-05-13,11
355390,2025-05-13,12
272210,2025-05-13,13
042700,2025-05-13,14
476040,2025-05-13,15
196170,2025-05-13,16
207940,2025-05-13,17
435570,2025-05-13,18
047810,2025-05-13,19
403490,2025-05-13,20
005930,2025-05-14,1
000660,2025-05-14,2
476040,2025-05-14,3
012450,2025-05-14,4
403490,2025-05-14,5
034020,2025-05-14,6
376900,2025-05-14,7
042660,2025-05-14,8
064350,2025-05-14,9
010770,2025-05-14,10
257720,2025-05-14,11
042940,2025-05-14,12
347850,2025-05-14,13
015760,2025-05-14,14
035420,2025-05-14,15
000270,2025-05-14,16
014160,2025-05-14,17
278470,2025-05-14,18
272210,2025-05-14,19
068270,2025-05-14,20
005930,2025-05-15,1
000660,2025-05-15,2
459510,2025-05-15,3
034020,2025-05-15,4
196170,2025-05-15,5
376900,2025-05-15,6
476040,2025-05-15,7
009830,2025-05-15,8
042940,2025-05-15,9
012450,2025-05-15,10
277810,2025-05-15,11
377220,2025-05-15,12
108490,2025-05-15,13
099220,2025-05-15,14
042660,2025-05-15,15
180640,2025-05-15,16
064350,2025-05-15,17
000150,2025-05-15,18
042700,2025-05-15,19
489790,2025-05-15,20
005930,2025-05-16,1
000660,2025-05-16,2
056080,2025-05-16,3
376900,2025-05-16,4
108490,2025-05-16,5
034020,2025-05-16,6
456010,2025-05-16,7
377220,2025-05-16,8
064350,2025-05-16,9
389140,2025-05-16,10
476040,2025-05-16,11
125020,2025-05-16,12
450950,2025-05-16,13
180640,2025-05-16,14
081180,2025-05-16,15
042660,2025-05-16,16
459510,2025-05-16,17
011200,2025-05-16,18
012450,2025-05-16,19
196170,2025-05-16,20
034020,2025-05-19,1
005930,2025-05-19,2
000660,2025-05-19,3
476040,2025-05-19,4
042700,2025-05-19,5
376900,2025-05-19,6
003230,2025-05-19,7
214150,2025-05-19,8
083650,2025-05-19,9
272210,2025-05-19,10
136150,2025-05-19,11
448900,2025-05-19,12
196170,2025-05-19,13
042660,2025-05-19,14
056080,2025-05-19,15
373220,2025-05-19,16
012700,2025-05-19,17
032820,2025-05-19,18
108490,2025-05-19,19
009830,2025-05-19,20
424870,2025-05-20,1
005930,2025-05-20,2
000660,2025-05-20,3
034020,2025-05-20,4
136480,2025-05-20,5
030530,2025-05-20,6
015760,2025-05-20,7
042700,2025-05-20,8
084650,2025-05-20,9
125020,2025-05-20,10
042660,2025-05-20,11
009830,2025-05-20,12
376900,2025-05-20,13
272210,2025-05-20,14
475150,2025-05-20,15
270660,2025-05-20,16
105560,2025-05-20,17
064350,2025-05-20,18
012450,2025-05-20,19
322000,2025-05-20,20
489460,2025-05-21,1
000660,2025-05-21,2
034020,2025-05-21,3
005930,2025-05-21,4
459510,2025-05-21,5
042940,2025-05-21,6
009830,2025-05-21,7
030530,2025-05-21,8
424870,2025-05-21,9
012450,2025-05-21,10
267260,2025-05-21,11
257720,2025-05-21,12
376900,2025-05-21,13
064350,2025-05-21,14
476040,2025-05-21,15
373220,2025-05-21,16
329180,2025-05-21,17
042660,2025-05-21,18
041910,2025-05-21,19
475150,2025-05-21,20
034020,2025-05-22,1
459510,2025-05-22,2
005930,2025-05-22,3
476040,2025-05-22,4
000660,2025-05-22,5
456010,2025-05-22,6
489460,2025-05-22,7
028260,2025-05-22,8
207940,2025-05-22,9
012450,2025-05-22,10
376900,2025-05-22,11
064350,2025-05-22,12
010140,2025-05-22,13
136150,2025-05-22,14
075580,2025-05-22,15
272210,2025-05-22,16
424870,2025-05-22,17
010770,2025-05-22,18
009830,2025-05-22,19
431190,2025-05-22,20
005930,2025-05-23,1
483650,2025-05-23,2
000660,2025-05-23,3
034020,2025-05-23,4
009830,2025-05-23,5
459510,2025-05-23,6
298040,2025-05-23,7
028260,2025-05-23,8
207940,2025-05-23,9
084650,2025-05-23,10
476040,2025-05-23,11
377220,2025-05-23,12
005380,2025-05-23,13
205470,2025-05-23,14
388050,2025-05-23,15
053030,2025-05-23,16
096530,2025-05-23,17
267260,2025-05-23,18
012450,2025-05-23,19
064350,2025-05-23,20
443060,2025-05-26,1
034020,2025-05-26,2
005930,2025-05-26,3
287840,2025-05-26,4
032820,2025-05-26,5
009830,2025-05-26,6
000660,2025-05-26,7
098070,2025-05-26,8
483650,2025-05-26,9
000720,2025-05-26,10
330350,2025-05-26,11
011000,2025-05-26,12
376900,2025-05-26,13
044490,2025-05-26,14
064350,2025-05-26,15
005380,2025-05-26,16
090430,2025-05-26,17
207940,2025-05-26,18
012450,2025-05-26,19
028260,2025-05-26,20
034020,2025-05-27,1
005930,2025-05-27,2
064350,2025-05-27,3
000660,2025-05-27,4
483650,2025-05-27,5
287840,2025-05-27,6
452450,2025-05-27,7
000720,2025-05-27,8
010140,2025-05-27,9
042660,2025-05-27,10
098070,2025-05-27,11
028260,2025-05-27,12
460930,2025-05-27,13
012450,2025-05-27,14
009830,2025-05-27,15
105560,2025-05-27,16
489460,2025-05-27,17
161580,2025-05-27,18
005380,2025-05-27,19
089150,2025-05-27,20
005930,2025-05-28,1
010140,2025-05-28,2
034020,2025-05-28,3
012450,2025-05-28,4
298380,2025-05-28,5
098070,2025-05-28,6
000660,2025-05-28,7
287840,2025-05-28,8
044490,2025-05-28,9
483650,2025-05-28,10
064350,2025-05-28,11
489460,2025-05-28,12
000720,2025-05-28,13
028260,2025-05-28,14
424870,2025-05-28,15
035720,2025-05-28,16
452450,2025-05-28,17
017510,2025-05-28,18
035420,2025-05-28,19
125020,2025-05-28,20
034020,2025-05-29,1
005930,2025-05-29,2
000660,2025-05-29,3
041510,2025-05-29,4
012450,2025-05-29,5
064350,2025-05-29,6
459510,2025-05-29,7
299660,2025-05-29,8
272210,2025-05-29,9
000720,2025-05-29,10
010140,2025-05-29,11
257720,2025-05-29,12
389140,2025-05-29,13
006400,2025-05-29,14
000880,2025-05-29,15
042660,2025-05-29,16
382150,2025-05-29,17
180640,2025-05-29,18
035420,2025-05-29,19
086960,2025-05-29,20
000660,2025-05-30,1
005930,2025-05-30,2
034020,2025-05-30,3
496070,2025-05-30,4
000720,2025-05-30,5
005380,2025-05-30,6
006800,2025-05-30,7
035720,2025-05-30,8
012450,2025-05-30,9
064350,2025-05-30,10
034730,2025-05-30,11
287840,2025-05-30,12
000150,2025-05-30,13
042940,2025-05-30,14
267250,2025-05-30,15
010140,2025-05-30,16
000270,2025-05-30,17
009540,2025-05-30,18
105560,2025-05-30,19
352820,2025-05-30,20
005930,2025-06-02,1
000660,2025-06-02,2
034020,2025-06-02,3
003230,2025-06-02,4
272210,2025-06-02,5
010140,2025-06-02,6
012450,2025-06-02,7
105560,2025-06-02,8
064350,2025-06-02,9
036570,2025-06-02,10
042660,2025-06-02,11
290670,2025-06-02,12
000720,2025-06-02,13
483650,2025-06-02,14
035420,2025-06-02,15
006400,2025-06-02,16
028260,2025-06-02,17
005935,2025-06-02,18
161000,2025-06-02,19
225190,2025-06-02,20
005930,2025-06-04,1
475430,2025-06-04,2
034020,2025-06-04,3
000660,2025-06-04,4
044490,2025-06-04,5
489460,2025-06-04,6
064350,2025-06-04,7
053580,2025-06-04,8
257720,2025-06-04,9
105560,2025-06-04,10
196170,2025-06-04,11
010140,2025-06-04,12
000720,2025-06-04,13
329180,2025-06-04,14
012450,2025-06-04,15
042660,2025-06-04,16
272210,2025-06-04,17
207760,2025-06-04,18
055550,2025-06-04,19
005380,2025-06-04,20
005930,2025-06-05,1
000660,2025-06-05,2
034020,2025-06-05,3
053580,2025-06-05,4
196170,2025-06-05,5
000880,2025-06-05,6
105560,2025-06-05,7
052400,2025-06-05,8
087010,2025-06-05,9
006800,2025-06-05,10
042940,2025-06-05,11
030530,2025-06-05,12
088340,2025-06-05,13
012450,2025-06-05,14
304100,2025-06-05,15
000720,2025-06-05,16
035720,2025-06-05,17
009830,2025-06-05,18
034730,2025-06-05,19
010140,2025-06-05,20
005930,2025-06-09,1
000660,2025-06-09,2
034020,2025-06-09,3
012450,2025-06-09,4
052400,2025-06-09,5
087010,2025-06-09,6
053580,2025-06-09,7
294570,2025-06-09,8
304100,2025-06-09,9
105560,2025-06-09,10
007110,2025-06-09,11
035720,2025-06-09,12
052690,2025-06-09,13
042660,2025-06-09,14
028260,2025-06-09,15
088340,2025-06-09,16
000720,2025-06-09,17
035420,2025-06-09,18
329180,2025-06-09,19
064350,2025-06-09,20
005930,2025-06-10,1
000660,2025-06-10,2
035720,2025-06-10,3
034020,2025-06-10,4
005380,2025-06-10,5
035420,2025-06-10,6
052400,2025-06-10,7
323410,2025-06-10,8
012450,2025-06-10,9
105560,2025-06-10,10
196170,2025-06-10,11
053300,2025-06-10,12
304100,2025-06-10,13
042660,2025-06-10,14
028260,2025-06-10,15
034730,2025-06-10,16
064350,2025-06-10,17
294570,2025-06-10,18
001440,2025-06-10,19
015760,2025-06-10,20
005930,2025-06-11,1
000660,2025-06-11,2
272210,2025-06-11,3
034020,2025-06-11,4
474650,2025-06-11,5
035720,2025-06-11,6
042660,2025-06-11,7
015760,2025-06-11,8
012450,2025-06-11,9
064350,2025-06-11,10
377300,2025-06-11,11
087010,2025-06-11,12
105560,2025-06-11,13
000720,2025-06-11,14
267260,2025-06-11,15
376900,2025-06-11,16
005380,2025-06-11,17
044490,2025-06-11,18
010140,2025-06-11,19
064260,2025-06-11,20
000660,2025-06-12,1
005930,2025-06-12,2
034020,2025-06-12,3
009830,2025-06-12,4
340450,2025-06-12,5
012450,2025-06-12,6
257720,2025-06-12,7
053300,2025-06-12,8
064350,2025-06-12,9
035720,2025-06-12,10
196170,2025-06-12,11
272210,2025-06-12,12
377300,2025-06-12,13
042660,2025-06-12,14
105560,2025-06-12,15
462860,2025-06-12,16
158430,2025-06-12,17
007660,2025-06-12,18
042700,2025-06-12,19
041190,2025-06-12,20
000660,2025-06-13,1
005930,2025-06-13,2
042660,2025-06-13,3
034020,2025-06-13,4
052690,2025-06-13,5
064400,2025-06-13,6
012450,2025-06-13,7
025980,2025-06-13,8
064350,2025-06-13,9
032820,2025-06-13,10
000720,2025-06-13,11
105560,2025-06-13,12
044490,2025-06-13,13
035720,2025-06-13,14
006400,2025-06-13,15
196170,2025-06-13,16
257720,2025-06-13,17
007110,2025-06-13,18
009830,2025-06-13,19
272210,2025-06-13,20
005930,2025-06-16,1
000660,2025-06-16,2
034020,2025-06-16,3
052690,2025-06-16,4
064400,2025-06-16,5
012450,2025-06-16,6
103140,2025-06-16,7
214450,2025-06-16,8
064350,2025-06-16,9
042660,2025-06-16,10
079550,2025-06-16,11
003280,2025-06-16,12
196170,2025-06-16,13
035720,2025-06-16,14
047810,2025-06-16,15
272210,2025-06-16,16
011200,2025-06-16,17
005880,2025-06-16,18
035420,2025-06-16,19
032820,2025-06-16,20
005930,2025-06-17,1
000660,2025-06-17,2
034020,2025-06-17,3
032820,2025-06-17,4
064400,2025-06-17,5
272210,2025-06-17,6
012450,2025-06-17,7
064350,2025-06-17,8
052690,2025-06-17,9
042660,2025-06-17,10
035720,2025-06-17,11
035420,2025-06-17,12
214450,2025-06-17,13
003280,2025-06-17,14
047810,2025-06-17,15
462860,2025-06-17,16
052400,2025-06-17,17
000880,2025-06-17,18
196170,2025-06-17,19
000720,2025-06-17,20
005930,2025-06-18,1
034020,2025-06-18,2
000660,2025-06-18,3
042660,2025-06-18,4
003280,2025-06-18,5
032820,2025-06-18,6
064400,2025-06-18,7
452450,2025-06-18,8
272210,2025-06-18,9
064350,2025-06-18,10
012450,2025-06-18,11
009830,2025-06-18,12
035720,2025-06-18,13
042670,2025-06-18,14
011790,2025-06-18,15
024060,2025-06-18,16
005380,2025-06-18,17
329180,2025-06-18,18
010140,2025-06-18,19
035420,2025-06-18,20
035420,2025-06-19,1
005930,2025-06-19,2
000660,2025-06-19,3
034020,2025-06-19,4
042660,2025-06-19,5
035720,2025-06-19,6
064400,2025-06-19,7
032820,2025-06-19,8
462860,2025-06-19,9
003280,2025-06-19,10
272210,2025-06-19,11
012450,2025-06-19,12
064350,2025-06-19,13
402340,2025-06-19,14
444530,2025-06-19,15
376900,2025-06-19,16
012330,2025-06-19,17
452450,2025-06-19,18
028260,2025-06-19,19
024720,2025-06-19,20
005930,2025-06-20,1
035420,2025-06-20,2
035720,2025-06-20,3
032820,2025-06-20,4
000660,2025-06-20,5
042700,2025-06-20,6
034020,2025-06-20,7
103140,2025-06-20,8
042660,2025-06-20,9
064350,2025-06-20,10
053300,2025-06-20,11
452450,2025-06-20,12
950160,2025-06-20,13
012450,2025-06-20,14
010140,2025-06-20,15
377300,2025-06-20,16
272210,2025-06-20,17
444530,2025-06-20,18
148780,2025-06-20,19
011700,2025-06-20,20
035420,2025-06-23,1
005930,2025-06-23,2
035720,2025-06-23,3
000660,2025-06-23,4
034020,2025-06-23,5
377300,2025-06-23,6
064350,2025-06-23,7
012450,2025-06-23,8
323410,2025-06-23,9
105560,2025-06-23,10
042660,2025-06-23,11
052690,2025-06-23,12
055550,2025-06-23,13
010140,2025-06-23,14
090430,2025-06-23,15
336260,2025-06-23,16
032820,2025-06-23,17
259960,2025-06-23,18
052400,2025-06-23,19
108490,2025-06-23,20
034020,2025-06-24,1
035420,2025-06-24,2
377300,2025-06-24,3
005930,2025-06-24,4
000660,2025-06-24,5
035720,2025-06-24,6
475150,2025-06-24,7
006800,2025-06-24,8
018260,2025-06-24,9
108490,2025-06-24,10
053300,2025-06-24,11
064350,2025-06-24,12
012450,2025-06-24,13
005380,2025-06-24,14
277810,2025-06-24,15
103140,2025-06-24,16
046120,2025-06-24,17
323410,2025-06-24,18
052690,2025-06-24,19
042660,2025-06-24,20
000660,2025-06-25,1
005930,2025-06-25,2
035420,2025-06-25,3
034020,2025-06-25,4
323410,2025-06-25,5
035720,2025-06-25,6
015760,2025-06-25,7
064350,2025-06-25,8
079550,2025-06-25,9
010120,2025-06-25,10
012450,2025-06-25,11
108490,2025-06-25,12
329180,2025-06-25,13
042660,2025-06-25,14
201490,2025-06-25,15
241560,2025-06-25,16
052690,2025-06-25,17
064260,2025-06-25,18
123420,2025-06-25,19
006800,2025-06-25,20
000660,2025-06-26,1
005930,2025-06-26,2
377300,2025-06-26,3
035420,2025-06-26,4
055550,2025-06-26,5
034020,2025-06-26,6
015760,2025-06-26,7
000720,2025-06-26,8
035720,2025-06-26,9
005380,2025-06-26,10
080220,2025-06-26,11
064350,2025-06-26,12
042660,2025-06-26,13
000270,2025-06-26,14
012450,2025-06-26,15
402340,2025-06-26,16
042700,2025-06-26,17
004140,2025-06-26,18
475150,2025-06-26,19
105560,2025-06-26,20
000660,2025-06-27,1
005930,2025-06-27,2
035420,2025-06-27,3
034020,2025-06-27,4
015760,2025-06-27,5
035720,2025-06-27,6
042700,2025-06-27,7
064350,2025-06-27,8
012450,2025-06-27,9
042660,2025-06-27,10
007660,2025-06-27,11
476040,2025-06-27,12
402340,2025-06-27,13
000720,2025-06-27,14
161000,2025-06-27,15
005935,2025-06-27,16
005380,2025-06-27,17
047810,2025-06-27,18
457550,2025-06-27,19
489790,2025-06-27,20
000660,2025-06-30,1
005930,2025-06-30,2
377300,2025-06-30,3
035420,2025-06-30,4
064400,2025-06-30,5
034020,2025-06-30,6
035720,2025-06-30,7
090710,2025-06-30,8
015760,2025-06-30,9
012450,2025-06-30,10
000880,2025-06-30,11
064350,2025-06-30,12
103590,2025-06-30,13
024720,2025-06-30,14
402340,2025-06-30,15
005380,2025-06-30,16
454910,2025-06-30,17
042660,2025-06-30,18
002020,2025-06-30,19
009830,2025-06-30,20
388610,2025-07-01,1
000660,2025-07-01,2
005930,2025-07-01,3
034020,2025-07-01,4
035420,2025-07-01,5
096770,2025-07-01,6
015760,2025-07-01,7
377300,2025-07-01,8
064400,2025-07-01,9
257720,2025-07-01,10
035720,2025-07-01,11
012450,2025-07-01,12
090710,2025-07-01,13
032820,2025-07-01,14
008970,2025-07-01,15
267260,2025-07-01,16
064350,2025-07-01,17
203400,2025-07-01,18
402340,2025-07-01,19
042660,2025-07-01,20
000660,2025-07-02,1
034020,2025-07-02,2
005930,2025-07-02,3
035420,2025-07-02,4
000880,2025-07-02,5
388610,2025-07-02,6
377300,2025-07-02,7
034730,2025-07-02,8
035720,2025-07-02,9
064260,2025-07-02,10
015760,2025-07-02,11
032940,2025-07-02,12
096770,2025-07-02,13
008970,2025-07-02,14
009830,2025-07-02,15
005380,2025-07-02,16
000150,2025-07-02,17
000720,2025-07-02,18
051910,2025-07-02,19
005490,2025-07-02,20
000660,2025-07-03,1
005930,2025-07-03,2
034020,2025-07-03,3
035420,2025-07-03,4
015760,2025-07-03,5
267270,2025-07-03,6
064350,2025-07-03,7
012450,2025-07-03,8
009830,2025-07-03,9
068270,2025-07-03,10
000150,2025-07-03,11
005380,2025-07-03,12
196170,2025-07-03,13
377300,2025-07-03,14
093240,2025-07-03,15
000880,2025-07-03,16
388610,2025-07-03,17
000720,2025-07-03,18
105560,2025-07-03,19
035720,2025-07-03,20
005930,2025-07-04,1
000660,2025-07-04,2
064350,2025-07-04,3
005490,2025-07-04,4
034020,2025-07-04,5
051910,2025-07-04,6
035420,2025-07-04,7
009830,2025-07-04,8
267260,2025-07-04,9
038110,2025-07-04,10
012450,2025-07-04,11
376900,2025-07-04,12
042940,2025-07-04,13
373220,2025-07-04,14
035720,2025-07-04,15
377300,2025-07-04,16
004020,2025-07-04,17
015760,2025-07-04,18
105560,2025-07-04,19
009540,2025-07-04,20
005930,2025-07-07,1
000660,2025-07-07,2
463020,2025-07-07,3
064350,2025-07-07,4
034020,2025-07-07,5
009540,2025-07-07,6
064260,2025-07-07,7
015760,2025-07-07,8
005490,2025-07-07,9
036460,2025-07-07,10
008970,2025-07-07,11
012450,2025-07-07,12
035420,2025-07-07,13
068270,2025-07-07,14
051910,2025-07-07,15
042660,2025-07-07,16
196170,2025-07-07,17
267260,2025-07-07,18
009830,2025-07-07,19
402340,2025-07-07,20
005930,2025-07-08,1
000660,2025-07-08,2
234030,2025-07-08,3
034020,2025-07-08,4
064260,2025-07-08,5
196170,2025-07-08,6
035420,2025-07-08,7
064350,2025-07-08,8
377300,2025-07-08,9
012450,2025-07-08,10
463020,2025-07-08,11
373220,2025-07-08,12
035720,2025-07-08,13
217270,2025-07-08,14
005490,2025-07-08,15
015760,2025-07-08,16
051910,2025-07-08,17
105560,2025-07-08,18
055550,2025-07-08,19
064400,2025-07-08,20
005930,2025-07-09,1
000660,2025-07-09,2
034020,2025-07-09,3
008970,2025-07-09,4
234030,2025-07-09,5
214450,2025-07-09,6
010140,2025-07-09,7
015760,2025-07-09,8
463020,2025-07-09,9
035420,2025-07-09,10
007660,2025-07-09,11
032820,2025-07-09,12
012450,2025-07-09,13
105560,2025-07-09,14
086790,2025-07-09,15
402340,2025-07-09,16
055550,2025-07-09,17
064350,2025-07-09,18
064260,2025-07-09,19
161000,2025-07-09,20
005930,2025-07-10,1
000660,2025-07-10,2
234030,2025-07-10,3
463020,2025-07-10,4
034020,2025-07-10,5
064350,2025-07-10,6
035420,2025-07-10,7
055550,2025-07-10,8
012450,2025-07-10,9
105560,2025-07-10,10
377300,2025-07-10,11
462860,2025-07-10,12
388610,2025-07-10,13
006800,2025-07-10,14
025820,2025-07-10,15
462310,2025-07-10,16
196170,2025-07-10,17
015760,2025-07-10,18
008970,2025-07-10,19
010140,2025-07-10,20
000660,2025-07-11,1
005930,2025-07-11,2
462860,2025-07-11,3
034020,2025-07-11,4
035420,2025-07-11,5
463020,2025-07-11,6
196170,2025-07-11,7
012450,2025-07-11,8
141080,2025-07-11,9
006220,2025-07-11,10
207940,2025-07-11,11
011930,2025-07-11,12
105560,2025-07-11,13
035720,2025-07-11,14
028260,2025-07-11,15
373220,2025-07-11,16
041190,2025-07-11,17
086790,2025-07-11,18
234030,2025-07-11,19
377300,2025-07-11,20
005930,2025-07-14,1
000660,2025-07-14,2
402340,2025-07-14,3
234030,2025-07-14,4
034020,2025-07-14,5
463020,2025-07-14,6
060250,2025-07-14,7
207940,2025-07-14,8
009830,2025-07-14,9
035420,2025-07-14,10
041190,2025-07-14,11
064350,2025-07-14,12
012450,2025-07-14,13
005490,2025-07-14,14
377300,2025-07-14,15
006400,2025-07-14,16
462310,2025-07-14,17
199480,2025-07-14,18
000150,2025-07-14,19
196170,2025-07-14,20
000660,2025-07-15,1
005930,2025-07-15,2
034020,2025-07-15,3
234030,2025-07-15,4
009070,2025-07-15,5
035420,2025-07-15,6
005380,2025-07-15,7
377300,2025-07-15,8
041190,2025-07-15,9
035720,2025-07-15,10
038110,2025-07-15,11
003490,2025-07-15,12
028260,2025-07-15,13
064350,2025-07-15,14
388610,2025-07-15,15
462310,2025-07-15,16
012450,2025-07-15,17
099440,2025-07-15,18
066570,2025-07-15,19
475460,2025-07-15,20
000660,2025-07-16,1
005930,2025-07-16,2
034020,2025-07-16,3
331740,2025-07-16,4
196170,2025-07-16,5
015760,2025-07-16,6
463020,2025-07-16,7
103140,2025-07-16,8
004140,2025-07-16,9
005380,2025-07-16,10
064260,2025-07-16,11
005385,2025-07-16,12
035420,2025-07-16,13
012450,2025-07-16,14
377300,2025-07-16,15
087010,2025-07-16,16
260930,2025-07-16,17
108490,2025-07-16,18
035720,2025-07-16,19
064350,2025-07-16,20
005930,2025-07-17,1
000660,2025-07-17,2
441270,2025-07-17,3
196170,2025-07-17,4
034020,2025-07-17,5
008970,2025-07-17,6
294570,2025-07-17,7
099440,2025-07-17,8
331740,2025-07-17,9
103140,2025-07-17,10
035420,2025-07-17,11
105560,2025-07-17,12
108490,2025-07-17,13
199820,2025-07-17,14
064260,2025-07-17,15
377300,2025-07-17,16
005490,2025-07-17,17
483650,2025-07-17,18
462860,2025-07-17,19
012450,2025-07-17,20
005930,2025-07-18,1
000660,2025-07-18,2
000100,2025-07-18,3
377300,2025-07-18,4
012450,2025-07-18,5
034020,2025-07-18,6
035420,2025-07-18,7
010140,2025-07-18,8
087010,2025-07-18,9
042660,2025-07-18,10
064350,2025-07-18,11
196170,2025-07-18,12
035720,2025-07-18,13
028260,2025-07-18,14
018260,2025-07-18,15
402340,2025-07-18,16
005935,2025-07-18,17
068330,2025-07-18,18
105560,2025-07-18,19
004310,2025-07-18,20
005930,2025-07-21,1
000660,2025-07-21,2
003670,2025-07-21,3
034020,2025-07-21,4
441270,2025-07-21,5
141080,2025-07-21,6
247540,2025-07-21,7
196170,2025-07-21,8
014580,2025-07-21,9
000100,2025-07-21,10
377300,2025-07-21,11
005490,2025-07-21,12
035420,2025-07-21,13
012450,2025-07-21,14
476040,2025-07-21,15
003230,2025-07-21,16
008970,2025-07-21,17
462860,2025-07-21,18
114190,2025-07-21,19
006400,2025-07-21,20
005930,2025-07-22,1
034020,2025-07-22,2
000660,2025-07-22,3
009830,2025-07-22,4
042660,2025-07-22,5
012450,2025-07-22,6
000100,2025-07-22,7
234030,2025-07-22,8
005490,2025-07-22,9
051910,2025-07-22,10
068270,2025-07-22,11
035420,2025-07-22,12
044490,2025-07-22,13
010140,2025-07-22,14
064350,2025-07-22,15
267260,2025-07-22,16
196170,2025-07-22,17
049470,2025-07-22,18
051980,2025-07-22,19
112610,2025-07-22,20
005930,2025-07-23,1
000660,2025-07-23,2
034020,2025-07-23,3
0041J0,2025-07-23,4
037270,2025-07-23,5
060250,2025-07-23,6
090460,2025-07-23,7
196170,2025-07-23,8
267260,2025-07-23,9
035420,2025-07-23,10
042660,2025-07-23,11
012450,2025-07-23,12
015760,2025-07-23,13
200670,2025-07-23,14
408900,2025-07-23,15
000720,2025-07-23,16
010140,2025-07-23,17
377300,2025-07-23,18
064350,2025-07-23,19
005490,2025-07-23,20
005930,2025-07-24,1
000660,2025-07-24,2
484120,2025-07-24,3
005380,2025-07-24,4
008970,2025-07-24,5
000270,2025-07-24,6
034020,2025-07-24,7
005490,2025-07-24,8
267260,2025-07-24,9
000250,2025-07-24,10
071090,2025-07-24,11
060250,2025-07-24,12
012450,2025-07-24,13
042670,2025-07-24,14
042660,2025-07-24,15
035420,2025-07-24,16
004310,2025-07-24,17
010140,2025-07-24,18
047050,2025-07-24,19
015760,2025-07-24,20
000660,2025-07-25,1
005930,2025-07-25,2
042660,2025-07-25,3
034020,2025-07-25,4
298380,2025-07-25,5
000250,2025-07-25,6
373220,2025-07-25,7
005380,2025-07-25,8
042670,2025-07-25,9
035420,2025-07-25,10
012450,2025-07-25,11
051980,2025-07-25,12
000270,2025-07-25,13
207940,2025-07-25,14
071090,2025-07-25,15
006400,2025-07-25,16
083650,2025-07-25,17
100840,2025-07-25,18
051910,2025-07-25,19
064350,2025-07-25,20
000660,2025-07-28,1
005930,2025-07-28,2
380550,2025-07-28,3
034020,2025-07-28,4
462860,2025-07-28,5
035420,2025-07-28,6
082740,2025-07-28,7
105560,2025-07-28,8
377300,2025-07-28,9
042660,2025-07-28,10
000250,2025-07-28,11
010140,2025-07-28,12
055550,2025-07-28,13
064350,2025-07-28,14
329180,2025-07-28,15
475460,2025-07-28,16
201490,2025-07-28,17
196170,2025-07-28,18
000270,2025-07-28,19
005380,2025-07-28,20
005930,2025-07-29,1
042660,2025-07-29,2
000660,2025-07-29,3
034020,2025-07-29,4
015760,2025-07-29,5
373220,2025-07-29,6
298040,2025-07-29,7
008970,2025-07-29,8
047810,2025-07-29,9
329180,2025-07-29,10
131970,2025-07-29,11
475230,2025-07-29,12
009540,2025-07-29,13
010140,2025-07-29,14
062040,2025-07-29,15
380550,2025-07-29,16
005935,2025-07-29,17
086790,2025-07-29,18
105560,2025-07-29,19
055550,2025-07-29,20
005930,2025-07-30,1
042660,2025-07-30,2
000660,2025-07-30,3
034020,2025-07-30,4
468530,2025-07-30,5
012450,2025-07-30,6
489790,2025-07-30,7
064350,2025-07-30,8
047810,2025-07-30,9
373220,2025-07-30,10
201490,2025-07-30,11
035420,2025-07-30,12
272210,2025-07-30,13
380550,2025-07-30,14
105560,2025-07-30,15
093520,2025-07-30,16
015760,2025-07-30,17
007660,2025-07-30,18
005380,2025-07-30,19
005935,2025-07-30,20
005930,2025-07-31,1
000660,2025-07-31,2
042660,2025-07-31,3
009830,2025-07-31,4
009150,2025-07-31,5
006400,2025-07-31,6
012450,2025-07-31,7
005380,2025-07-31,8
373220,2025-07-31,9
034020,2025-07-31,10
000270,2025-07-31,11
007390,2025-07-31,12
035720,2025-07-31,13
047810,2025-07-31,14
035420,2025-07-31,15
005935,2025-07-31,16
353200,2025-07-31,17
064350,2025-07-31,18
067310,2025-07-31,19
015760,2025-07-31,20
005930,2025-08-01,1
042660,2025-08-01,2
000660,2025-08-01,3
034020,2025-08-01,4
005380,2025-08-01,5
012450,2025-08-01,6
272210,2025-08-01,7
329180,2025-08-01,8
000270,2025-08-01,9
373220,2025-08-01,10
010140,2025-08-01,11
010620,2025-08-01,12
000720,2025-08-01,13
009540,2025-08-01,14
000150,2025-08-01,15
006400,2025-08-01,16
042700,2025-08-01,17
009830,2025-08-01,18
333430,2025-08-01,19
105560,2025-08-01,20
005930,2025-08-04,1
439260,2025-08-04,2
042660,2025-08-04,3
000660,2025-08-04,4
034020,2025-08-04,5
012450,2025-08-04,6
017810,2025-08-04,7
005380,2025-08-04,8
272210,2025-08-04,9
103140,2025-08-04,10
329180,2025-08-04,11
105560,2025-08-04,12
196170,2025-08-04,13
035420,2025-08-04,14
010620,2025-08-04,15
064350,2025-08-04,16
006400,2025-08-04,17
103840,2025-08-04,18
015760,2025-08-04,19
010140,2025-08-04,20
005930,2025-08-05,1
000660,2025-08-05,2
042660,2025-08-05,3
034020,2025-08-05,4
035720,2025-08-05,5
035420,2025-08-05,6
439260,2025-08-05,7
064350,2025-08-05,8
097230,2025-08-05,9
042670,2025-08-05,10
005380,2025-08-05,11
105560,2025-08-05,12
196170,2025-08-05,13
468530,2025-08-05,14
307930,2025-08-05,15
009150,2025-08-05,16
408900,2025-08-05,17
373220,2025-08-05,18
103840,2025-08-05,19
012450,2025-08-05,20
005930,2025-08-06,1
000660,2025-08-06,2
439260,2025-08-06,3
006400,2025-08-06,4
247540,2025-08-06,5
042660,2025-08-06,6
326030,2025-08-06,7
010140,2025-08-06,8
064350,2025-08-06,9
034020,2025-08-06,10
035720,2025-08-06,11
012450,2025-08-06,12
373220,2025-08-06,13
035420,2025-08-06,14
009150,2025-08-06,15
196170,2025-08-06,16
000150,2025-08-06,17
010120,2025-08-06,18
105560,2025-08-06,19
009540,2025-08-06,20
005930,2025-08-07,1
278470,2025-08-07,2
015760,2025-08-07,3
034020,2025-08-07,4
064400,2025-08-07,5
439260,2025-08-07,6
000660,2025-08-07,7
247540,2025-08-07,8
064350,2025-08-07,9
042660,2025-08-07,10
006400,2025-08-07,11
035420,2025-08-07,12
035720,2025-08-07,13
257720,2025-08-07,14
468530,2025-08-07,15
012450,2025-08-07,16
000720,2025-08-07,17
141080,2025-08-07,18
332570,2025-08-07,19
373220,2025-08-07,20
005930,2025-08-08,1
035720,2025-08-08,2
000660,2025-08-08,3
034020,2025-08-08,4
042660,2025-08-08,5
015760,2025-08-08,6
309710,2025-08-08,7
097230,2025-08-08,8
439260,2025-08-08,9
278470,2025-08-08,10
035420,2025-08-08,11
017510,2025-08-08,12
064350,2025-08-08,13
352820,2025-08-08,14
062040,2025-08-08,15
012450,2025-08-08,16
377300,2025-08-08,17
332570,2025-08-08,18
068270,2025-08-08,19
007390,2025-08-08,20
005930,2025-08-11,1
000660,2025-08-11,2
035720,2025-08-11,3
035420,2025-08-11,4
079550,2025-08-11,5
012450,2025-08-11,6
064350,2025-08-11,7
042660,2025-08-11,8
034020,2025-08-11,9
015760,2025-08-11,10
214450,2025-08-11,11
278470,2025-08-11,12
131970,2025-08-11,13
352820,2025-08-11,14
051910,2025-08-11,15
222800,2025-08-11,16
033340,2025-08-11,17
033780,2025-08-11,18
161890,2025-08-11,19
483650,2025-08-11,20
034020,2025-08-12,1
005930,2025-08-12,2
000660,2025-08-12,3
042660,2025-08-12,4
035420,2025-08-12,5
035720,2025-08-12,6
006400,2025-08-12,7
257720,2025-08-12,8
064350,2025-08-12,9
278470,2025-08-12,10
483650,2025-08-12,11
247540,2025-08-12,12
003670,2025-08-12,13
348370,2025-08-12,14
131400,2025-08-12,15
012450,2025-08-12,16
017510,2025-08-12,17
005490,2025-08-12,18
373220,2025-08-12,19
103840,2025-08-12,20
005930,2025-08-13,1
000660,2025-08-13,2
034020,2025-08-13,3
042660,2025-08-13,4
033340,2025-08-13,5
012450,2025-08-13,6
015760,2025-08-13,7
247540,2025-08-13,8
101670,2025-08-13,9
035420,2025-08-13,10
035720,2025-08-13,11
086520,2025-08-13,12
468530,2025-08-13,13
192820,2025-08-13,14
452160,2025-08-13,15
064350,2025-08-13,16
278470,2025-08-13,17
006340,2025-08-13,18
108490,2025-08-13,19
196170,2025-08-13,20
000660,2025-08-14,1
005930,2025-08-14,2
034220,2025-08-14,3
012450,2025-08-14,4
278470,2025-08-14,5
034020,2025-08-14,6
042660,2025-08-14,7
009540,2025-08-14,8
035420,2025-08-14,9
439580,2025-08-14,10
064350,2025-08-14,11
035720,2025-08-14,12
035900,2025-08-14,13
196170,2025-08-14,14
015760,2025-08-14,15
090460,2025-08-14,16
097230,2025-08-14,17
087010,2025-08-14,18
000720,2025-08-14,19
298380,2025-08-14,20
005930,2025-08-18,1
456160,2025-08-18,2
000660,2025-08-18,3
034020,2025-08-18,4
298380,2025-08-18,5
035420,2025-08-18,6
042660,2025-08-18,7
196170,2025-08-18,8
035720,2025-08-18,9
012450,2025-08-18,10
034220,2025-08-18,11
077970,2025-08-18,12
207760,2025-08-18,13
278470,2025-08-18,14
373220,2025-08-18,15
009270,2025-08-18,16
005380,2025-08-18,17
035900,2025-08-18,18
336260,2025-08-18,19
015760,2025-08-18,20
005930,2025-08-19,1
484590,2025-08-19,2
000660,2025-08-19,3
077970,2025-08-19,4
042660,2025-08-19,5
034020,2025-08-19,6
015760,2025-08-19,7
012450,2025-08-19,8
105560,2025-08-19,9
010140,2025-08-19,10
456160,2025-08-19,11
196170,2025-08-19,12
011200,2025-08-19,13
267260,2025-08-19,14
298380,2025-08-19,15
035720,2025-08-19,16
087010,2025-08-19,17
007660,2025-08-19,18
035420,2025-08-19,19
064350,2025-08-19,20
005930,2025-08-20,1
034020,2025-08-20,2
0008Z0,2025-08-20,3
000660,2025-08-20,4
012450,2025-08-20,5
015760,2025-08-20,6
456160,2025-08-20,7
042660,2025-08-20,8
087010,2025-08-20,9
035720,2025-08-20,10
201490,2025-08-20,11
196170,2025-08-20,12
484590,2025-08-20,13
064350,2025-08-20,14
105560,2025-08-20,15
010140,2025-08-20,16
377300,2025-08-20,17
298380,2025-08-20,18
333430,2025-08-20,19
278470,2025-08-20,20
034020,2025-08-21,1
005930,2025-08-21,2
000660,2025-08-21,3
125490,2025-08-21,4
042660,2025-08-21,5
012450,2025-08-21,6
015760,2025-08-21,7
035720,2025-08-21,8
103840,2025-08-21,9
005380,2025-08-21,10
000720,2025-08-21,11
408900,2025-08-21,12
000150,2025-08-21,13
064350,2025-08-21,14
024720,2025-08-21,15
007660,2025-08-21,16
055550,2025-08-21,17
105560,2025-08-21,18
035420,2025-08-21,19
298040,2025-08-21,20
000660,2025-08-22,1
005930,2025-08-22,2
034020,2025-08-22,3
0010V0,2025-08-22,4
035720,2025-08-22,5
042660,2025-08-22,6
006910,2025-08-22,7
052690,2025-08-22,8
439260,2025-08-22,9
015760,2025-08-22,10
051910,2025-08-22,11
138040,2025-08-22,12
005380,2025-08-22,13
196170,2025-08-22,14
000720,2025-08-22,15
012450,2025-08-22,16
035420,2025-08-22,17
310200,2025-08-22,18
469750,2025-08-22,19
439580,2025-08-22,20
000660,2025-08-25,1
005930,2025-08-25,2
034020,2025-08-25,3
042660,2025-08-25,4
397810,2025-08-25,5
012450,2025-08-25,6
010140,2025-08-25,7
064260,2025-08-25,8
484590,2025-08-25,9
333430,2025-08-25,10
196170,2025-08-25,11
064350,2025-08-25,12
267260,2025-08-25,13
052220,2025-08-25,14
035720,2025-08-25,15
035420,2025-08-25,16
329180,2025-08-25,17
032820,2025-08-25,18
015760,2025-08-25,19
052690,2025-08-25,20
000660,2025-08-26,1
005930,2025-08-26,2
034020,2025-08-26,3
042660,2025-08-26,4
108490,2025-08-26,5
277810,2025-08-26,6
318060,2025-08-26,7
007660,2025-08-26,8
298380,2025-08-26,9
035420,2025-08-26,10
456160,2025-08-26,11
035720,2025-08-26,12
012450,2025-08-26,13
196170,2025-08-26,14
329180,2025-08-26,15
010140,2025-08-26,16
015760,2025-08-26,17
005380,2025-08-26,18
000150,2025-08-26,19
032820,2025-08-26,20
005930,2025-08-27,1
298040,2025-08-27,2
042660,2025-08-27,3
000660,2025-08-27,4
079550,2025-08-27,5
034020,2025-08-27,6
000150,2025-08-27,7
010140,2025-08-27,8
011070,2025-08-27,9
011790,2025-08-27,10
108490,2025-08-27,11
097950,2025-08-27,12
055550,2025-08-27,13
298380,2025-08-27,14
012450,2025-08-27,15
030530,2025-08-27,16
105560,2025-08-27,17
005380,2025-08-27,18
278470,2025-08-27,19
009540,2025-08-27,20
005930,2025-08-28,1
000660,2025-08-28,2
010620,2025-08-28,3
329180,2025-08-28,4
010140,2025-08-28,5
042660,2025-08-28,6
034020,2025-08-28,7
456160,2025-08-28,8
009540,2025-08-28,9
196170,2025-08-28,10
0008Z0,2025-08-28,11
035420,2025-08-28,12
336260,2025-08-28,13
333430,2025-08-28,14
108490,2025-08-28,15
035720,2025-08-28,16
079550,2025-08-28,17
278470,2025-08-28,18
012450,2025-08-28,19
389470,2025-08-28,20
000660,2025-08-29,1
005930,2025-08-29,2
009540,2025-08-29,3
329180,2025-08-29,4
010620,2025-08-29,5
460930,2025-08-29,6
034020,2025-08-29,7
042660,2025-08-29,8
064350,2025-08-29,9
005380,2025-08-29,10
003230,2025-08-29,11
077970,2025-08-29,12
097230,2025-08-29,13
035420,2025-08-29,14
012450,2025-08-29,15
456160,2025-08-29,16
066970,2025-08-29,17
010140,2025-08-29,18
034730,2025-08-29,19
402340,2025-08-29,20
005930,2025-09-01,1
000660,2025-09-01,2
097230,2025-09-01,3
082740,2025-09-01,4
042660,2025-09-01,5
034020,2025-09-01,6
329180,2025-09-01,7
009540,2025-09-01,8
064350,2025-09-01,9
196170,2025-09-01,10
012330,2025-09-01,11
012450,2025-09-01,12
035420,2025-09-01,13
075580,2025-09-01,14
054540,2025-09-01,15
005380,2025-09-01,16
347850,2025-09-01,17
006400,2025-09-01,18
108490,2025-09-01,19
077970,2025-09-01,20
005930,2025-09-02,1
000660,2025-09-02,2
097230,2025-09-02,3
034020,2025-09-02,4
196170,2025-09-02,5
042660,2025-09-02,6
064260,2025-09-02,7
009540,2025-09-02,8
484590,2025-09-02,9
012450,2025-09-02,10
298380,2025-09-02,11
035720,2025-09-02,12
054540,2025-09-02,13
347850,2025-09-02,14
035420,2025-09-02,15
317830,2025-09-02,16
460930,2025-09-02,17
064350,2025-09-02,18
082740,2025-09-02,19
329180,2025-09-02,20
097230,2025-09-03,1
005930,2025-09-03,2
042660,2025-09-03,3
108490,2025-09-03,4
226950,2025-09-03,5
000660,2025-09-03,6
035420,2025-09-03,7
347850,2025-09-03,8
075580,2025-09-03,9
035720,2025-09-03,10
082740,2025-09-03,11
064350,2025-09-03,12
319400,2025-09-03,13
034020,2025-09-03,14
272210,2025-09-03,15
009150,2025-09-03,16
460930,2025-09-03,17
196170,2025-09-03,18
012450,2025-09-03,19
249420,2025-09-03,20
097230,2025-09-04,1
005930,2025-09-04,2
000660,2025-09-04,3
042660,2025-09-04,4
226950,2025-09-04,5
034020,2025-09-04,6
377300,2025-09-04,7
441270,2025-09-04,8
319400,2025-09-04,9
108490,2025-09-04,10
064350,2025-09-04,11
278470,2025-09-04,12
035420,2025-09-04,13
012450,2025-09-04,14
009150,2025-09-04,15
298380,2025-09-04,16
052420,2025-09-04,17
005380,2025-09-04,18
393210,2025-09-04,19
075580,2025-09-04,20
005930,2025-09-05,1
000660,2025-09-05,2
097230,2025-09-05,3
034020,2025-09-05,4
032820,2025-09-05,5
054540,2025-09-05,6
042660,2025-09-05,7
468530,2025-09-05,8
035420,2025-09-05,9
035720,2025-09-05,10
073010,2025-09-05,11
009540,2025-09-05,12
012450,2025-09-05,13
476060,2025-09-05,14
373220,2025-09-05,15
226950,2025-09-05,16
100090,2025-09-05,17
009150,2025-09-05,18
064350,2025-09-05,19
196170,2025-09-05,20
042660,2025-09-08,1
000660,2025-09-08,2
005930,2025-09-08,3
097230,2025-09-08,4
319400,2025-09-08,5
226950,2025-09-08,6
100090,2025-09-08,7
460930,2025-09-08,8
035420,2025-09-08,9
001040,2025-09-08,10
298380,2025-09-08,11
034020,2025-09-08,12
012450,2025-09-08,13
009540,2025-09-08,14
290650,2025-09-08,15
468530,2025-09-08,16
005490,2025-09-08,17
000150,2025-09-08,18
077970,2025-09-08,19
476060,2025-09-08,20
005930,2025-09-09,1
000660,2025-09-09,2
097230,2025-09-09,3
466100,2025-09-09,4
290650,2025-09-09,5
007660,2025-09-09,6
075580,2025-09-09,7
042660,2025-09-09,8
034020,2025-09-09,9
100090,2025-09-09,10
014940,2025-09-09,11
012450,2025-09-09,12
064350,2025-09-09,13
035420,2025-09-09,14
347850,2025-09-09,15
196170,2025-09-09,16
460930,2025-09-09,17
226950,2025-09-09,18
092460,2025-09-09,19
332570,2025-09-09,20
000660,2025-09-10,1
005930,2025-09-10,2
466100,2025-09-10,3
097230,2025-09-10,4
007660,2025-09-10,5
460930,2025-09-10,6
034020,2025-09-10,7
380550,2025-09-10,8
030530,2025-09-10,9
035420,2025-09-10,10
333430,2025-09-10,11
042660,2025-09-10,12
196170,2025-09-10,13
437730,2025-09-10,14
082740,2025-09-10,15
012450,2025-09-10,16
006800,2025-09-10,17
014940,2025-09-10,18
006910,2025-09-10,19
051910,2025-09-10,20
005930,2025-09-11,1
000660,2025-09-11,2
097230,2025-09-11,3
466100,2025-09-11,4
034020,2025-09-11,5
075580,2025-09-11,6
042660,2025-09-11,7
012450,2025-09-11,8
298040,2025-09-11,9
035420,2025-09-11,10
064260,2025-09-11,11
267260,2025-09-11,12
007660,2025-09-11,13
468530,2025-09-11,14
105560,2025-09-11,15
082740,2025-09-11,16
054540,2025-09-11,17
333430,2025-09-11,18
196170,2025-09-11,19
402340,2025-09-11,20
000660,2025-09-12,1
005930,2025-09-12,2
100090,2025-09-12,3
336260,2025-09-12,4
097230,2025-09-12,5
034020,2025-09-12,6
042660,2025-09-12,7
012450,2025-09-12,8
108490,2025-09-12,9
196170,2025-09-12,10
010140,2025-09-12,11
047810,2025-09-12,12
035420,2025-09-12,13
064350,2025-09-12,14
278470,2025-09-12,15
267260,2025-09-12,16
007660,2025-09-12,17
009150,2025-09-12,18
064820,2025-09-12,19
439260,2025-09-12,20
005930,2025-09-15,1
000660,2025-09-15,2
100090,2025-09-15,3
035720,2025-09-15,4
034020,2025-09-15,5
064260,2025-09-15,6
319400,2025-09-15,7
336260,2025-09-15,8
035420,2025-09-15,9
004370,2025-09-15,10
290650,2025-09-15,11
042660,2025-09-15,12
196170,2025-09-15,13
097230,2025-09-15,14
215100,2025-09-15,15
234030,2025-09-15,16
005935,2025-09-15,17
278470,2025-09-15,18
012450,2025-09-15,19
466100,2025-09-15,20
005930,2025-09-16,1
000660,2025-09-16,2
090710,2025-09-16,3
034020,2025-09-16,4
005380,2025-09-16,5
456160,2025-09-16,6
005690,2025-09-16,7
007660,2025-09-16,8
100090,2025-09-16,9
000270,2025-09-16,10
097230,2025-09-16,11
468530,2025-09-16,12
108490,2025-09-16,13
028260,2025-09-16,14
089030,2025-09-16,15
035420,2025-09-16,16
042660,2025-09-16,17
290650,2025-09-16,18
125490,2025-09-16,19
466100,2025-09-16,20
005930,2025-09-17,1
000660,2025-09-17,2
034020,2025-09-17,3
125490,2025-09-17,4
072710,2025-09-17,5
034220,2025-09-17,6
249420,2025-09-17,7
012450,2025-09-17,8
006910,2025-09-17,9
035420,2025-09-17,10
100090,2025-09-17,11
097230,2025-09-17,12
272210,2025-09-17,13
380550,2025-09-17,14
468530,2025-09-17,15
064350,2025-09-17,16
079550,2025-09-17,17
005935,2025-09-17,18
042660,2025-09-17,19
226950,2025-09-17,20
005930,2025-09-18,1
000660,2025-09-18,2
047810,2025-09-18,3
035420,2025-09-18,4
466100,2025-09-18,5
476060,2025-09-18,6
042660,2025-09-18,7
034020,2025-09-18,8
012450,2025-09-18,9
196170,2025-09-18,10
125490,2025-09-18,11
064350,2025-09-18,12
097230,2025-09-18,13
397030,2025-09-18,14
402340,2025-09-18,15
034230,2025-09-18,16
072710,2025-09-18,17
376930,2025-09-18,18
007660,2025-09-18,19
456160,2025-09-18,20
005930,2025-09-19,1
000660,2025-09-19,2
108490,2025-09-19,3
066570,2025-09-19,4
356680,2025-09-19,5
347850,2025-09-19,6
034020,2025-09-19,7
035420,2025-09-19,8
097230,2025-09-19,9
012450,2025-09-19,10
090360,2025-09-19,11
047810,2025-09-19,12
100090,2025-09-19,13
450140,2025-09-19,14
035720,2025-09-19,15
042660,2025-09-19,16
336260,2025-09-19,17
430690,2025-09-19,18
466100,2025-09-19,19
005380,2025-09-19,20
005930,2025-09-22,1
000660,2025-09-22,2
064260,2025-09-22,3
108490,2025-09-22,4
064350,2025-09-22,5
226950,2025-09-22,6
466100,2025-09-22,7
035420,2025-09-22,8
012450,2025-09-22,9
488280,2025-09-22,10
035720,2025-09-22,11
090360,2025-09-22,12
034020,2025-09-22,13
005380,2025-09-22,14
097230,2025-09-22,15
298040,2025-09-22,16
055550,2025-09-22,17
290650,2025-09-22,18
006400,2025-09-22,19
196170,2025-09-22,20
005930,2025-09-23,1
000660,2025-09-23,2
108490,2025-09-23,3
347850,2025-09-23,4
196170,2025-09-23,5
034020,2025-09-23,6
380550,2025-09-23,7
097230,2025-09-23,8
035420,2025-09-23,9
456160,2025-09-23,10
064350,2025-09-23,11
005935,2025-09-23,12
454910,2025-09-23,13
000250,2025-09-23,14
064260,2025-09-23,15
067080,2025-09-23,16
488280,2025-09-23,17
035720,2025-09-23,18
009150,2025-09-23,19
466100,2025-09-23,20
005930,2025-09-24,1
000660,2025-09-24,2
347850,2025-09-24,3
108490,2025-09-24,4
125490,2025-09-24,5
034020,2025-09-24,6
068270,2025-09-24,7
196170,2025-09-24,8
035720,2025-09-24,9
105840,2025-09-24,10
032820,2025-09-24,11
488280,2025-09-24,12
476060,2025-09-24,13
042660,2025-09-24,14
450140,2025-09-24,15
035420,2025-09-24,16
005935,2025-09-24,17
456160,2025-09-24,18
012450,2025-09-24,19
397030,2025-09-24,20
005930,2025-09-25,1
000660,2025-09-25,2
034020,2025-09-25,3
108490,2025-09-25,4
032820,2025-09-25,5
488280,2025-09-25,6
380550,2025-09-25,7
012450,2025-09-25,8
466100,2025-09-25,9
347850,2025-09-25,10
125490,2025-09-25,11
196170,2025-09-25,12
035420,2025-09-25,13
068270,2025-09-25,14
097230,2025-09-25,15
064350,2025-09-25,16
226950,2025-09-25,17
035720,2025-09-25,18
064260,2025-09-25,19
019990,2025-09-25,20
035420,2025-09-26,1
005930,2025-09-26,2
000660,2025-09-26,3
034020,2025-09-26,4
466100,2025-09-26,5
277810,2025-09-26,6
060250,2025-09-26,7
064260,2025-09-26,8
108490,2025-09-26,9
437730,2025-09-26,10
097230,2025-09-26,11
012450,2025-09-26,12
488280,2025-09-26,13
450140,2025-09-26,14
035720,2025-09-26,15
196170,2025-09-26,16
329180,2025-09-26,17
347850,2025-09-26,18
125490,2025-09-26,19
278470,2025-09-26,20
005930,2025-09-29,1
000660,2025-09-29,2
035420,2025-09-29,3
108490,2025-09-29,4
060250,2025-09-29,5
034020,2025-09-29,6
035720,2025-09-29,7
097230,2025-09-29,8
347850,2025-09-29,9
012450,2025-09-29,10
006220,2025-09-29,11
005935,2025-09-29,12
064260,2025-09-29,13
009150,2025-09-29,14
402340,2025-09-29,15
196170,2025-09-29,16
068270,2025-09-29,17
364950,2025-09-29,18
376900,2025-09-29,19
294570,2025-09-29,20
005930,2025-09-30,1
035420,2025-09-30,2
249420,2025-09-30,3
000660,2025-09-30,4
108490,2025-09-30,5
041190,2025-09-30,6
278470,2025-09-30,7
034020,2025-09-30,8
488280,2025-09-30,9
035720,2025-09-30,10
064260,2025-09-30,11
097230,2025-09-30,12
196170,2025-09-30,13
006800,2025-09-30,14
012450,2025-09-30,15
000150,2025-09-30,16
347850,2025-09-30,17
042660,2025-09-30,18
003530,2025-09-30,19
448900,2025-09-30,20
005930,2025-10-01,1
000660,2025-10-01,2
035420,2025-10-01,3
456160,2025-10-01,4
108490,2025-10-01,5
012450,2025-10-01,6
097230,2025-10-01,7
249420,2025-10-01,8
001520,2025-10-01,9
376900,2025-10-01,10
034020,2025-10-01,11
052420,2025-10-01,12
005935,2025-10-01,13
042700,2025-10-01,14
424870,2025-10-01,15
064350,2025-10-01,16
437730,2025-10-01,17
380550,2025-10-01,18
278470,2025-10-01,19
042660,2025-10-01,20
005930,2025-10-02,1
000660,2025-10-02,2
035420,2025-10-02,3
317450,2025-10-02,4
034020,2025-10-02,5
082740,2025-10-02,6
003160,2025-10-02,7
108490,2025-10-02,8
089010,2025-10-02,9
460930,2025-10-02,10
001520,2025-10-02,11
476060,2025-10-02,12
012450,2025-10-02,13
005935,2025-10-02,14
249420,2025-10-02,15
278470,2025-10-02,16
097230,2025-10-02,17
456160,2025-10-02,18
042660,2025-10-02,19
214450,2025-10-02,20
005930,2025-10-10,1
000660,2025-10-10,2
035420,2025-10-10,3
034020,2025-10-10,4
317450,2025-10-10,5
005935,2025-10-10,6
042700,2025-10-10,7
402340,2025-10-10,8
005380,2025-10-10,9
007660,2025-10-10,10
373220,2025-10-10,11
240810,2025-10-10,12
012450,2025-10-10,13
064350,2025-10-10,14
080220,2025-10-10,15
108490,2025-10-10,16
196170,2025-10-10,17
000270,2025-10-10,18
105560,2025-10-10,19
278470,2025-10-10,20
005930,2025-10-13,1
000660,2025-10-13,2
034020,2025-10-13,3
035420,2025-10-13,4
108490,2025-10-13,5
042700,2025-10-13,6
005935,2025-10-13,7
466100,2025-10-13,8
402340,2025-10-13,9
012450,2025-10-13,10
437730,2025-10-13,11
105560,2025-10-13,12
064350,2025-10-13,13
030530,2025-10-13,14
353200,2025-10-13,15
009150,2025-10-13,16
373220,2025-10-13,17
035720,2025-10-13,18
005380,2025-10-13,19
007660,2025-10-13,20
005930,2025-10-14,1
000660,2025-10-14,2
034020,2025-10-14,3
466100,2025-10-14,4
042700,2025-10-14,5
030530,2025-10-14,6
035420,2025-10-14,7
083650,2025-10-14,8
108490,2025-10-14,9
001440,2025-10-14,10
476060,2025-10-14,11
005935,2025-10-14,12
003160,2025-10-14,13
012450,2025-10-14,14
042660,2025-10-14,15
003670,2025-10-14,16
402340,2025-10-14,17
277810,2025-10-14,18
035720,2025-10-14,19
010130,2025-10-14,20
005930,2025-10-15,1
000660,2025-10-15,2
034020,2025-10-15,3
108490,2025-10-15,4
466100,2025-10-15,5
090360,2025-10-15,6
035420,2025-10-15,7
042700,2025-10-15,8
042660,2025-10-15,9
317450,2025-10-15,10
373220,2025-10-15,11
319400,2025-10-15,12
012450,2025-10-15,13
003280,2025-10-15,14
005935,2025-10-15,15
010130,2025-10-15,16
003670,2025-10-15,17
006400,2025-10-15,18
007660,2025-10-15,19
015760,2025-10-15,20
005930,2025-10-16,1
000660,2025-10-16,2
034020,2025-10-16,3
125490,2025-10-16,4
108490,2025-10-16,5
042700,2025-10-16,6
319400,2025-10-16,7
090360,2025-10-16,8
207940,2025-10-16,9
035420,2025-10-16,10
012450,2025-10-16,11
466100,2025-10-16,12
090710,2025-10-16,13
001520,2025-10-16,14
005935,2025-10-16,15
010130,2025-10-16,16
160190,2025-10-16,17
042660,2025-10-16,18
015760,2025-10-16,19
199430,2025-10-16,20
005930,2025-10-17,1
000660,2025-10-17,2
034020,2025-10-17,3
035420,2025-10-17,4
005380,2025-10-17,5
125490,2025-10-17,6
090360,2025-10-17,7
042700,2025-10-17,8
373220,2025-10-17,9
062040,2025-10-17,10
005935,2025-10-17,11
376900,2025-10-17,12
247540,2025-10-17,13
006400,2025-10-17,14
007660,2025-10-17,15
000270,2025-10-17,16
003670,2025-10-17,17
097230,2025-10-17,18
042660,2025-10-17,19
034730,2025-10-17,20
005930,2025-10-20,1
000660,2025-10-20,2
247540,2025-10-20,3
086520,2025-10-20,4
034020,2025-10-20,5
006400,2025-10-20,6
373220,2025-10-20,7
051910,2025-10-20,8
042660,2025-10-20,9
035420,2025-10-20,10
090710,2025-10-20,11
000150,2025-10-20,12
015760,2025-10-20,13
450080,2025-10-20,14
005935,2025-10-20,15
066970,2025-10-20,16
003670,2025-10-20,17
042700,2025-10-20,18
005380,2025-10-20,19
380550,2025-10-20,20
005930,2025-10-21,1
000660,2025-10-21,2
086520,2025-10-21,3
125490,2025-10-21,4
090710,2025-10-21,5
035420,2025-10-21,6
034020,2025-10-21,7
042660,2025-10-21,8
042700,2025-10-21,9
056080,2025-10-21,10
215100,2025-10-21,11
005380,2025-10-21,12
014280,2025-10-21,13
090360,2025-10-21,14
247540,2025-10-21,15
381620,2025-10-21,16
005935,2025-10-21,17
006400,2025-10-21,18
006800,2025-10-21,19
108490,2025-10-21,20
005930,2025-10-22,1
000660,2025-10-22,2
090710,2025-10-22,3
034020,2025-10-22,4
005380,2025-10-22,5
042660,2025-10-22,6
005070,2025-10-22,7
042700,2025-10-22,8
035720,2025-10-22,9
005935,2025-10-22,10
054540,2025-10-22,11
097230,2025-10-22,12
086520,2025-10-22,13
035420,2025-10-22,14
015760,2025-10-22,15
075580,2025-10-22,16
329180,2025-10-22,17
215100,2025-10-22,18
006400,2025-10-22,19
012450,2025-10-22,20
000660,2025-10-23,1
005930,2025-10-23,2
042660,2025-10-23,3
086520,2025-10-23,4
051910,2025-10-23,5
456160,2025-10-23,6
054540,2025-10-23,7
034020,2025-10-23,8
064350,2025-10-23,9
373220,2025-10-23,10
005380,2025-10-23,11
035420,2025-10-23,12
012450,2025-10-23,13
247540,2025-10-23,14
376900,2025-10-23,15
042700,2025-10-23,16
090710,2025-10-23,17
125490,2025-10-23,18
381620,2025-10-23,19
003160,2025-10-23,20
005930,2025-10-24,1
000660,2025-10-24,2
042660,2025-10-24,3
035420,2025-10-24,4
010120,2025-10-24,5
034020,2025-10-24,6
064350,2025-10-24,7
356680,2025-10-24,8
125490,2025-10-24,9
051910,2025-10-24,10
108490,2025-10-24,11
097230,2025-10-24,12
012450,2025-10-24,13
267260,2025-10-24,14
047050,2025-10-24,15
062040,2025-10-24,16
005380,2025-10-24,17
090710,2025-10-24,18
005935,2025-10-24,19
054540,2025-10-24,20
000660,2025-10-27,1
005930,2025-10-27,2
090360,2025-10-27,3
034020,2025-10-27,4
373220,2025-10-27,5
006400,2025-10-27,6
003670,2025-10-27,7
103590,2025-10-27,8
108490,2025-10-27,9
042660,2025-10-27,10
051910,2025-10-27,11
010140,2025-10-27,12
215100,2025-10-27,13
062040,2025-10-27,14
247540,2025-10-27,15
066970,2025-10-27,16
007660,2025-10-27,17
035420,2025-10-27,18
000720,2025-10-27,19
042700,2025-10-27,20
005930,2025-10-28,1
000660,2025-10-28,2
247540,2025-10-28,3
010140,2025-10-28,4
042660,2025-10-28,5
097230,2025-10-28,6
006400,2025-10-28,7
034020,2025-10-28,8
128940,2025-10-28,9
196170,2025-10-28,10
003670,2025-10-28,11
352820,2025-10-28,12
035420,2025-10-28,13
000720,2025-10-28,14
005935,2025-10-28,15
373220,2025-10-28,16
086520,2025-10-28,17
012450,2025-10-28,18
005690,2025-10-28,19
051980,2025-10-28,20
000660,2025-10-29,1
005930,2025-10-29,2
006400,2025-10-29,3
034020,2025-10-29,4
336260,2025-10-29,5
010140,2025-10-29,6
090360,2025-10-29,7
042660,2025-10-29,8
035720,2025-10-29,9
086520,2025-10-29,10
003670,2025-10-29,11
373220,2025-10-29,12
382900,2025-10-29,13
011790,2025-10-29,14
035420,2025-10-29,15
042700,2025-10-29,16
007660,2025-10-29,17
062040,2025-10-29,18
051910,2025-10-29,19
097230,2025-10-29,20
000660,2025-10-30,1
005930,2025-10-30,2
034020,2025-10-30,3
035720,2025-10-30,4
006400,2025-10-30,5
035420,2025-10-30,6
336260,2025-10-30,7
042660,2025-10-30,8
108490,2025-10-30,9
042700,2025-10-30,10
000720,2025-10-30,11
010140,2025-10-30,12
207940,2025-10-30,13
114190,2025-10-30,14
032820,2025-10-30,15
005690,2025-10-30,16
005935,2025-10-30,17
009150,2025-10-30,18
097230,2025-10-30,19
005380,2025-10-30,20
005930,2025-10-31,1
000660,2025-10-31,2
042660,2025-10-31,3
034020,2025-10-31,4
005380,2025-10-31,5
272210,2025-10-31,6
108490,2025-10-31,7
005935,2025-10-31,8
006400,2025-10-31,9
032820,2025-10-31,10
010140,2025-10-31,11
373220,2025-10-31,12
035420,2025-10-31,13
035720,2025-10-31,14
347850,2025-10-31,15
000270,2025-10-31,16
042700,2025-10-31,17
066970,2025-10-31,18
086520,2025-10-31,19
352820,2025-10-31,20
005930,2025-11-03,1
000660,2025-11-03,2
005380,2025-11-03,3
277810,2025-11-03,4
035420,2025-11-03,5
347850,2025-11-03,6
042660,2025-11-03,7
005935,2025-11-03,8
034020,2025-11-03,9
001440,2025-11-03,10
000270,2025-11-03,11
108490,2025-11-03,12
006400,2025-11-03,13
226950,2025-11-03,14
307950,2025-11-03,15
196170,2025-11-03,16
032830,2025-11-03,17
007660,2025-11-03,18
373220,2025-11-03,19
035720,2025-11-03,20
000660,2025-11-04,1
005930,2025-11-04,2
486990,2025-11-04,3
035420,2025-11-04,4
277810,2025-11-04,5
108490,2025-11-04,6
466100,2025-11-04,7
042660,2025-11-04,8
454910,2025-11-04,9
005380,2025-11-04,10
196170,2025-11-04,11
089010,2025-11-04,12
090360,2025-11-04,13
034020,2025-11-04,14
005935,2025-11-04,15
012450,2025-11-04,16
064350,2025-11-04,17
402340,2025-11-04,18
090710,2025-11-04,19
086520,2025-11-04,20
000660,2025-11-05,1
005930,2025-11-05,2
486990,2025-11-05,3
196170,2025-11-05,4
108490,2025-11-05,5
034020,2025-11-05,6
006400,2025-11-05,7
005935,2025-11-05,8
005380,2025-11-05,9
277810,2025-11-05,10
035420,2025-11-05,11
042660,2025-11-05,12
114190,2025-11-05,13
001440,2025-11-05,14
267260,2025-11-05,15
086520,2025-11-05,16
347850,2025-11-05,17
028300,2025-11-05,18
380550,2025-11-05,19
064350,2025-11-05,20
000660,2025-11-06,1
005930,2025-11-06,2
034020,2025-11-06,3
035420,2025-11-06,4
486990,2025-11-06,5
064400,2025-11-06,6
249420,2025-11-06,7
086520,2025-11-06,8
005935,2025-11-06,9
042660,2025-11-06,10
006400,2025-11-06,11
353200,2025-11-06,12
001440,2025-11-06,13
267260,2025-11-06,14
196170,2025-11-06,15
042700,2025-11-06,16
005380,2025-11-06,17
108490,2025-11-06,18
007660,2025-11-06,19
035720,2025-11-06,20
000660,2025-11-07,1
005930,2025-11-07,2
486990,2025-11-07,3
098460,2025-11-07,4
034020,2025-11-07,5
035420,2025-11-07,6
278470,2025-11-07,7
086520,2025-11-07,8
015760,2025-11-07,9
196170,2025-11-07,10
006800,2025-11-07,11
249420,2025-11-07,12
062040,2025-11-07,13
108490,2025-11-07,14
373220,2025-11-07,15
001440,2025-11-07,16
035720,2025-11-07,17
006400,2025-11-07,18
042660,2025-11-07,19
042700,2025-11-07,20
000660,2025-11-10,1
005930,2025-11-10,2
486990,2025-11-10,3
034020,2025-11-10,4
035720,2025-11-10,5
042660,2025-11-10,6
035420,2025-11-10,7
098460,2025-11-10,8
001440,2025-11-10,9
469610,2025-11-10,10
086520,2025-11-10,11
108490,2025-11-10,12
079550,2025-11-10,13
005935,2025-11-10,14
267260,2025-11-10,15
006400,2025-11-10,16
015760,2025-11-10,17
278470,2025-11-10,18
064350,2025-11-10,19
196170,2025-11-10,20
000660,2025-11-11,1
005930,2025-11-11,2
098460,2025-11-11,3
035720,2025-11-11,4
486990,2025-11-11,5
086520,2025-11-11,6
034020,2025-11-11,7
015760,2025-11-11,8
222800,2025-11-11,9
456160,2025-11-11,10
035420,2025-11-11,11
007660,2025-11-11,12
105560,2025-11-11,13
042660,2025-11-11,14
234030,2025-11-11,15
278470,2025-11-11,16
000990,2025-11-11,17
005380,2025-11-11,18
353200,2025-11-11,19
005935,2025-11-11,20
000660,2025-11-12,1
005930,2025-11-12,2
086520,2025-11-12,3
469610,2025-11-12,4
035720,2025-11-12,5
015760,2025-11-12,6
456160,2025-11-12,7
034020,2025-11-12,8
402340,2025-11-12,9
035420,2025-11-12,10
000990,2025-11-12,11
005935,2025-11-12,12
098460,2025-11-12,13
042660,2025-11-12,14
278470,2025-11-12,15
108490,2025-11-12,16
006400,2025-11-12,17
007660,2025-11-12,18
413630,2025-11-12,19
196170,2025-11-12,20
005930,2025-11-13,1
000660,2025-11-13,2
015760,2025-11-13,3
068270,2025-11-13,4
141080,2025-11-13,5
098460,2025-11-13,6
226950,2025-11-13,7
196170,2025-11-13,8
086520,2025-11-13,9
049630,2025-11-13,10
486990,2025-11-13,11
402340,2025-11-13,12
456160,2025-11-13,13
034020,2025-11-13,14
005490,2025-11-13,15
005380,2025-11-13,16
035720,2025-11-13,17
469610,2025-11-13,18
005935,2025-11-13,19
128940,2025-11-13,20
000660,2025-11-14,1
005930,2025-11-14,2
298380,2025-11-14,3
068270,2025-11-14,4
034020,2025-11-14,5
015760,2025-11-14,6
456160,2025-11-14,7
086520,2025-11-14,8
196170,2025-11-14,9
373220,2025-11-14,10
001440,2025-11-14,11
051910,2025-11-14,12
381620,2025-11-14,13
424870,2025-11-14,14
006400,2025-11-14,15
376900,2025-11-14,16
042660,2025-11-14,17
035720,2025-11-14,18
005490,2025-11-14,19
087010,2025-11-14,20
000660,2025-11-17,1
005930,2025-11-17,2
298380,2025-11-17,3
061090,2025-11-17,4
329180,2025-11-17,5
034020,2025-11-17,6
494120,2025-11-17,7
068270,2025-11-17,8
196170,2025-11-17,9
042660,2025-11-17,10
054540,2025-11-17,11
010620,2025-11-17,12
015760,2025-11-17,13
000100,2025-11-17,14
009540,2025-11-17,15
035420,2025-11-17,16
086520,2025-11-17,17
005935,2025-11-17,18
035720,2025-11-17,19
012450,2025-11-17,20
000660,2025-11-18,1
005930,2025-11-18,2
0015G0,2025-11-18,3
007660,2025-11-18,4
298380,2025-11-18,5
005690,2025-11-18,6
015760,2025-11-18,7
068270,2025-11-18,8
042700,2025-11-18,9
034020,2025-11-18,10
376900,2025-11-18,11
086520,2025-11-18,12
494120,2025-11-18,13
042660,2025-11-18,14
424870,2025-11-18,15
098460,2025-11-18,16
105560,2025-11-18,17
030530,2025-11-18,18
196170,2025-11-18,19
035720,2025-11-18,20
000660,2025-11-19,1
005930,2025-11-19,2
403850,2025-11-19,3
015760,2025-11-19,4
0015G0,2025-11-19,5
034020,2025-11-19,6
035720,2025-11-19,7
196170,2025-11-19,8
086520,2025-11-19,9
298380,2025-11-19,10
035420,2025-11-19,11
329180,2025-11-19,12
042660,2025-11-19,13
007660,2025-11-19,14
402340,2025-11-19,15
042700,2025-11-19,16
012450,2025-11-19,17
068270,2025-11-19,18
049630,2025-11-19,19
006400,2025-11-19,20
000660,2025-11-20,1
005930,2025-11-20,2
015760,2025-11-20,3
034020,2025-11-20,4
014950,2025-11-20,5
0015G0,2025-11-20,6
298380,2025-11-20,7
012450,2025-11-20,8
005935,2025-11-20,9
058610,2025-11-20,10
007660,2025-11-20,11
009150,2025-11-20,12
267260,2025-11-20,13
403850,2025-11-20,14
086520,2025-11-20,15
196170,2025-11-20,16
042660,2025-11-20,17
000150,2025-11-20,18
035720,2025-11-20,19
298040,2025-11-20,20
000660,2025-11-21,1
005930,2025-11-21,2
388210,2025-11-21,3
459550,2025-11-21,4
034020,2025-11-21,5
298380,2025-11-21,6
015760,2025-11-21,7
058610,2025-11-21,8
005935,2025-11-21,9
003230,2025-11-21,10
035420,2025-11-21,11
494120,2025-11-21,12
007660,2025-11-21,13
086520,2025-11-21,14
010120,2025-11-21,15
402340,2025-11-21,16
087010,2025-11-21,17
000150,2025-11-21,18
278470,2025-11-21,19
196170,2025-11-21,20
000660,2025-11-24,1
005930,2025-11-24,2
488900,2025-11-24,3
0068Y0,2025-11-24,4
058610,2025-11-24,5
035420,2025-11-24,6
034020,2025-11-24,7
376900,2025-11-24,8
298380,2025-11-24,9
015760,2025-11-24,10
007660,2025-11-24,11
012450,2025-11-24,12
010120,2025-11-24,13
347850,2025-11-24,14
005935,2025-11-24,15
402340,2025-11-24,16
267260,2025-11-24,17
388210,2025-11-24,18
476060,2025-11-24,19
009150,2025-11-24,20
000660,2025-11-25,1
005930,2025-11-25,2
207940,2025-11-25,3
278470,2025-11-25,4
0126Z0,2025-11-25,5
347850,2025-11-25,6
035420,2025-11-25,7
329180,2025-11-25,8
042660,2025-11-25,9
068270,2025-11-25,10
494120,2025-11-25,11
443060,2025-11-25,12
034020,2025-11-25,13
0091W0,2025-11-25,14
017670,2025-11-25,15
007660,2025-11-25,16
402340,2025-11-25,17
271560,2025-11-25,18
005935,2025-11-25,19
012450,2025-11-25,20
000660,2025-11-26,1
005930,2025-11-26,2
007660,2025-11-26,3
0126Z0,2025-11-26,4
015760,2025-11-26,5
486990,2025-11-26,6
207940,2025-11-26,7
035420,2025-11-26,8
376900,2025-11-26,9
009150,2025-11-26,10
000150,2025-11-26,11
456160,2025-11-26,12
402340,2025-11-26,13
034020,2025-11-26,14
042660,2025-11-26,15
347850,2025-11-26,16
005935,2025-11-26,17
494120,2025-11-26,18
298380,2025-11-26,19
058470,2025-11-26,20
000660,2025-11-27,1
005930,2025-11-27,2
0126Z0,2025-11-27,3
329180,2025-11-27,4
486990,2025-11-27,5
007660,2025-11-27,6
015760,2025-11-27,7
034020,2025-11-27,8
424870,2025-11-27,9
086520,2025-11-27,10
468530,2025-11-27,11
035420,2025-11-27,12
009150,2025-11-27,13
376900,2025-11-27,14
005935,2025-11-27,15
035720,2025-11-27,16
469610,2025-11-27,17
042700,2025-11-27,18
051910,2025-11-27,19
207940,2025-11-27,20
000660,2025-11-28,1
005930,2025-11-28,2
0126Z0,2025-11-28,3
035420,2025-11-28,4
424870,2025-11-28,5
0015N0,2025-11-28,6
486990,2025-11-28,7
125490,2025-11-28,8
007660,2025-11-28,9
437730,2025-11-28,10
403850,2025-11-28,11
034020,2025-11-28,12
469610,2025-11-28,13
015760,2025-11-28,14
476060,2025-11-28,15
058610,2025-11-28,16
376900,2025-11-28,17
226950,2025-11-28,18
051910,2025-11-28,19
012450,2025-11-28,20
005930,2025-12-01,1
000660,2025-12-01,2
098460,2025-12-01,3
0126Z0,2025-12-01,4
298380,2025-12-01,5
0096B0,2025-12-01,6
125490,2025-12-01,7
035420,2025-12-01,8
108490,2025-12-01,9
058610,2025-12-01,10
456160,2025-12-01,11
373220,2025-12-01,12
087010,2025-12-01,13
950160,2025-12-01,14
277810,2025-12-01,15
196170,2025-12-01,16
476060,2025-12-01,17
007660,2025-12-01,18
459550,2025-12-01,19
042660,2025-12-01,20
000660,2025-12-02,1
098460,2025-12-02,2
005930,2025-12-02,3
086520,2025-12-02,4
466100,2025-12-02,5
125490,2025-12-02,6
0126Z0,2025-12-02,7
0120G0,2025-12-02,8
108490,2025-12-02,9
298380,2025-12-02,10
007660,2025-12-02,11
0096D0,2025-12-02,12
030530,2025-12-02,13
012450,2025-12-02,14
015760,2025-12-02,15
214450,2025-12-02,16
196170,2025-12-02,17
009420,2025-12-02,18
003230,2025-12-02,19
277810,2025-12-02,20
000660,2025-12-03,1
005930,2025-12-03,2
0126Z0,2025-12-03,3
098460,2025-12-03,4
468530,2025-12-03,5
108490,2025-12-03,6
086520,2025-12-03,7
469610,2025-12-03,8
005380,2025-12-03,9
456160,2025-12-03,10
012450,2025-12-03,11
087010,2025-12-03,12
424870,2025-12-03,13
298380,2025-12-03,14
034020,2025-12-03,15
380550,2025-12-03,16
196170,2025-12-03,17
105560,2025-12-03,18
376900,2025-12-03,19
007660,2025-12-03,20
0126Z0,2025-12-04,1
005930,2025-12-04,2
000660,2025-12-04,3
389470,2025-12-04,4
098460,2025-12-04,5
456160,2025-12-04,6
486990,2025-12-04,7
034020,2025-12-04,8
099440,2025-12-04,9
347850,2025-12-04,10
012450,2025-12-04,11
000720,2025-12-04,12
028260,2025-12-04,13
086520,2025-12-04,14
108490,2025-12-04,15
488900,2025-12-04,16
090360,2025-12-04,17
066970,2025-12-04,18
007660,2025-12-04,19
319400,2025-12-04,20
000660,2025-12-05,1
005930,2025-12-05,2
0126Z0,2025-12-05,3
108490,2025-12-05,4
030530,2025-12-05,5
005380,2025-12-05,6
125490,2025-12-05,7
380550,2025-12-05,8
307950,2025-12-05,9
277810,2025-12-05,10
098460,2025-12-05,11
468530,2025-12-05,12
034020,2025-12-05,13
012330,2025-12-05,14
389470,2025-12-05,15
058610,2025-12-05,16
099440,2025-12-05,17
000650,2025-12-05,18
466100,2025-12-05,19
064400,2025-12-05,20
005930,2025-12-08,1
000660,2025-12-08,2
196170,2025-12-08,3
005380,2025-12-08,4
086520,2025-12-08,5
0126Z0,2025-12-08,6
108490,2025-12-08,7
298380,2025-12-08,8
030530,2025-12-08,9
000720,2025-12-08,10
125490,2025-12-08,11
083650,2025-12-08,12
064400,2025-12-08,13
347850,2025-12-08,14
034020,2025-12-08,15
486990,2025-12-08,16
0054V0,2025-12-08,17
066570,2025-12-08,18
000270,2025-12-08,19
098460,2025-12-08,20
000660,2025-12-09,1
086520,2025-12-09,2
005930,2025-12-09,3
005380,2025-12-09,4
034020,2025-12-09,5
0009K0,2025-12-09,6
0126Z0,2025-12-09,7
466100,2025-12-09,8
347850,2025-12-09,9
000720,2025-12-09,10
247540,2025-12-09,11
007660,2025-12-09,12
196170,2025-12-09,13
373220,2025-12-09,14
108490,2025-12-09,15
030530,2025-12-09,16
450140,2025-12-09,17
092200,2025-12-09,18
298380,2025-12-09,19
319400,2025-12-09,20
005930,2025-12-10,1
000660,2025-12-10,2
0126Z0,2025-12-10,3
950250,2025-12-10,4
086520,2025-12-10,5
098460,2025-12-10,6
466100,2025-12-10,7
247540,2025-12-10,8
005380,2025-12-10,9
004310,2025-12-10,10
290650,2025-12-10,11
010140,2025-12-10,12
012450,2025-12-10,13
034020,2025-12-10,14
457190,2025-12-10,15
329180,2025-12-10,16
0009K0,2025-12-10,17
007660,2025-12-10,18
196170,2025-12-10,19
347850,2025-12-10,20
000660,2025-12-11,1
005930,2025-12-11,2
950250,2025-12-11,3
086520,2025-12-11,4
0015S0,2025-12-11,5
466100,2025-12-11,6
249420,2025-12-11,7
0126Z0,2025-12-11,8
005380,2025-12-11,9
298380,2025-12-11,10
009150,2025-12-11,11
006400,2025-12-11,12
030530,2025-12-11,13
034020,2025-12-11,14
007660,2025-12-11,15
015760,2025-12-11,16
084670,2025-12-11,17
035420,2025-12-11,18
064350,2025-12-11,19
308080,2025-12-11,20
005930,2025-12-12,1
000660,2025-12-12,2
249420,2025-12-12,3
0126Z0,2025-12-12,4
108490,2025-12-12,5
007660,2025-12-12,6
261520,2025-12-12,7
086520,2025-12-12,8
005380,2025-12-12,9
034020,2025-12-12,10
424870,2025-12-12,11
373220,2025-12-12,12
329180,2025-12-12,13
226950,2025-12-12,14
035420,2025-12-12,15
098460,2025-12-12,16
466100,2025-12-12,17
347850,2025-12-12,18
950250,2025-12-12,19
000650,2025-12-12,20
0126Z0,2025-12-15,1
005930,2025-12-15,2
000660,2025-12-15,3
466100,2025-12-15,4
0009K0,2025-12-15,5
249420,2025-12-15,6
007660,2025-12-15,7
083650,2025-12-15,8
464490,2025-12-15,9
086520,2025-12-15,10
034020,2025-12-15,11
272210,2025-12-15,12
128820,2025-12-15,13
056080,2025-12-15,14
196170,2025-12-15,15
000720,2025-12-15,16
012450,2025-12-15,17
0098T0,2025-12-15,18
108490,2025-12-15,19
424870,2025-12-15,20
005930,2025-12-16,1
000660,2025-12-16,2
0126Z0,2025-12-16,3
030530,2025-12-16,4
0009K0,2025-12-16,5
217590,2025-12-16,6
466100,2025-12-16,7
038500,2025-12-16,8
272210,2025-12-16,9
108490,2025-12-16,10
034020,2025-12-16,11
000720,2025-12-16,12
007660,2025-12-16,13
125490,2025-12-16,14
086520,2025-12-16,15
005380,2025-12-16,16
090710,2025-12-16,17
005935,2025-12-16,18
249420,2025-12-16,19
010130,2025-12-16,20
005930,2025-12-17,1
000660,2025-12-17,2
0007C0,2025-12-17,3
0126Z0,2025-12-17,4
0009K0,2025-12-17,5
319400,2025-12-17,6
034020,2025-12-17,7
347850,2025-12-17,8
217590,2025-12-17,9
086520,2025-12-17,10
005380,2025-12-17,11
035420,2025-12-17,12
464490,2025-12-17,13
007660,2025-12-17,14
005935,2025-12-17,15
030530,2025-12-17,16
015760,2025-12-17,17
108490,2025-12-17,18
466100,2025-12-17,19
468530,2025-12-17,20
005930,2025-12-18,1
478340,2025-12-18,2
000660,2025-12-18,3
464490,2025-12-18,4
0126Z0,2025-12-18,5
0007C0,2025-12-18,6
0009K0,2025-12-18,7
086520,2025-12-18,8
319400,2025-12-18,9
007660,2025-12-18,10
005935,2025-12-18,11
034020,2025-12-18,12
030530,2025-12-18,13
466100,2025-12-18,14
015760,2025-12-18,15
196170,2025-12-18,16
347850,2025-12-18,17
330350,2025-12-18,18
003310,2025-12-18,19
005380,2025-12-18,20
005930,2025-12-19,1
000660,2025-12-19,2
0126Z0,2025-12-19,3
466100,2025-12-19,4
319400,2025-12-19,5
478340,2025-12-19,6
452260,2025-12-19,7
0007C0,2025-12-19,8
0009K0,2025-12-19,9
373220,2025-12-19,10
086520,2025-12-19,11
464490,2025-12-19,12
006800,2025-12-19,13
030530,2025-12-19,14
015760,2025-12-19,15
034020,2025-12-19,16
005935,2025-12-19,17
196170,2025-12-19,18
005380,2025-12-19,19
006400,2025-12-19,20
005930,2025-12-22,1
000660,2025-12-22,2
478340,2025-12-22,3
086520,2025-12-22,4
084670,2025-12-22,5
006800,2025-12-22,6
058610,2025-12-22,7
466100,2025-12-22,8
0099X0,2025-12-22,9
307950,2025-12-22,10
035420,2025-12-22,11
005380,2025-12-22,12
196170,2025-12-22,13
319400,2025-12-22,14
100790,2025-12-22,15
0126Z0,2025-12-22,16
272210,2025-12-22,17
034020,2025-12-22,18
0009K0,2025-12-22,19
027360,2025-12-22,20
005930,2025-12-23,1
000660,2025-12-23,2
319400,2025-12-23,3
478340,2025-12-23,4
466100,2025-12-23,5
0013V0,2025-12-23,6
034020,2025-12-23,7
058610,2025-12-23,8
042700,2025-12-23,9
100790,2025-12-23,10
0099W0,2025-12-23,11
0126Z0,2025-12-23,12
030530,2025-12-23,13
488900,2025-12-23,14
005935,2025-12-23,15
272210,2025-12-23,16
437730,2025-12-23,17
086520,2025-12-23,18
307950,2025-12-23,19
006800,2025-12-23,20
005930,2025-12-24,1
476830,2025-12-24,2
000660,2025-12-24,3
042660,2025-12-24,4
319400,2025-12-24,5
277810,2025-12-24,6
272210,2025-12-24,7
006800,2025-12-24,8
100790,2025-12-24,9
030530,2025-12-24,10
090710,2025-12-24,11
466100,2025-12-24,12
0126Z0,2025-12-24,13
054540,2025-12-24,14
022100,2025-12-24,15
437730,2025-12-24,16
462350,2025-12-24,17
478340,2025-12-24,18
084670,2025-12-24,19
0097F0,2025-12-24,20
005930,2025-12-26,1
000660,2025-12-26,2
319400,2025-12-26,3
476830,2025-12-26,4
042660,2025-12-26,5
491000,2025-12-26,6
125490,2025-12-26,7
005380,2025-12-26,8
478340,2025-12-26,9
030530,2025-12-26,10
488900,2025-12-26,11
100790,2025-12-26,12
090710,2025-12-26,13
000650,2025-12-26,14
0126Z0,2025-12-26,15
249420,2025-12-26,16
274090,2025-12-26,17
084670,2025-12-26,18
466100,2025-12-26,19
004310,2025-12-26,20
005930,2025-12-29,1
000660,2025-12-29,2
030530,2025-12-29,3
0126Z0,2025-12-29,4
319400,2025-12-29,5
042700,2025-12-29,6
196170,2025-12-29,7
034020,2025-12-29,8
005935,2025-12-29,9
486990,2025-12-29,10
298380,2025-12-29,11
476830,2025-12-29,12
042660,2025-12-29,13
476060,2025-12-29,14
005380,2025-12-29,15
125490,2025-12-29,16
086520,2025-12-29,17
049630,2025-12-29,18
0009K0,2025-12-29,19
347850,2025-12-29,20
000660,2025-12-30,1
005930,2025-12-30,2
030530,2025-12-30,3
090710,2025-12-30,4
490470,2025-12-30,5
0126Z0,2025-12-30,6
125490,2025-12-30,7
319400,2025-12-30,8
196170,2025-12-30,9
012450,2025-12-30,10
486990,2025-12-30,11
034020,2025-12-30,12
086520,2025-12-30,13
042700,2025-12-30,14
035420,2025-12-30,15
015760,2025-12-30,16
005935,2025-12-30,17
035720,2025-12-30,18
008350,2025-12-30,19
005380,2025-12-30,20
000660,2026-01-02,1
005930,2026-01-02,2
030530,2026-01-02,3
486990,2026-01-02,4
080220,2026-01-02,5
0126Z0,2026-01-02,6
005935,2026-01-02,7
490470,2026-01-02,8
086520,2026-01-02,9
488900,2026-01-02,10
034020,2026-01-02,11
307950,2026-01-02,12
042700,2026-01-02,13
402340,2026-01-02,14
319400,2026-01-02,15
298380,2026-01-02,16
093240,2026-01-02,17
090710,2026-01-02,18
476830,2026-01-02,19
005380,2026-01-02,20
005930,2026-01-05,1
000660,2026-01-05,2
068270,2026-01-05,3
080220,2026-01-05,4
042700,2026-01-05,5
486990,2026-01-05,6
319400,2026-01-05,7
005935,2026-01-05,8
035420,2026-01-05,9
090710,2026-01-05,10
005380,2026-01-05,11
012200,2026-01-05,12
0126Z0,2026-01-05,13
204320,2026-01-05,14
098460,2026-01-05,15
352820,2026-01-05,16
030530,2026-01-05,17
034020,2026-01-05,18
240810,2026-01-05,19
298380,2026-01-05,20
005930,2026-01-06,1
000660,2026-01-06,2
034020,2026-01-06,3
042700,2026-01-06,4
005935,2026-01-06,5
005380,2026-01-06,6
068270,2026-01-06,7
319400,2026-01-06,8
298380,2026-01-06,9
012450,2026-01-06,10
950250,2026-01-06,11
042660,2026-01-06,12
402340,2026-01-06,13
352820,2026-01-06,14
032940,2026-01-06,15
035420,2026-01-06,16
006400,2026-01-06,17
196170,2026-01-06,18
093240,2026-01-06,19
080220,2026-01-06,20
005930,2026-01-07,1
000660,2026-01-07,2
042700,2026-01-07,3
005380,2026-01-07,4
034020,2026-01-07,5
035420,2026-01-07,6
005935,2026-01-07,7
006800,2026-01-07,8
307950,2026-01-07,9
047810,2026-01-07,10
267260,2026-01-07,11
950250,2026-01-07,12
402340,2026-01-07,13
068270,2026-01-07,14
012450,2026-01-07,15
042660,2026-01-07,16
298380,2026-01-07,17
274090,2026-01-07,18
204320,2026-01-07,19
0015G0,2026-01-07,20
005930,2026-01-08,1
000660,2026-01-08,2
005380,2026-01-08,3
307950,2026-01-08,4
042700,2026-01-08,5
005935,2026-01-08,6
034020,2026-01-08,7
403870,2026-01-08,8
035420,2026-01-08,9
298830,2026-01-08,10
000270,2026-01-08,11
012330,2026-01-08,12
035720,2026-01-08,13
042660,2026-01-08,14
402340,2026-01-08,15
012450,2026-01-08,16
068270,2026-01-08,17
0015G0,2026-01-08,18
298380,2026-01-08,19
010140,2026-01-08,20
005930,2026-01-09,1
000660,2026-01-09,2
005380,2026-01-09,3
042700,2026-01-09,4
042660,2026-01-09,5
005935,2026-01-09,6
012450,2026-01-09,7
443060,2026-01-09,8
034020,2026-01-09,9
009150,2026-01-09,10
014950,2026-01-09,11
047810,2026-01-09,12
035420,2026-01-09,13
402340,2026-01-09,14
329180,2026-01-09,15
474650,2026-01-09,16
456160,2026-01-09,17
010140,2026-01-09,18
347850,2026-01-09,19
207940,2026-01-09,20
005930,2026-01-12,1
000660,2026-01-12,2
272210,2026-01-12,3
005380,2026-01-12,4
012450,2026-01-12,5
307950,2026-01-12,6
042660,2026-01-12,7
010140,2026-01-12,8
010130,2026-01-12,9
042700,2026-01-12,10
034020,2026-01-12,11
196170,2026-01-12,12
476830,2026-01-12,13
005935,2026-01-12,14
047810,2026-01-12,15
064350,2026-01-12,16
012200,2026-01-12,17
035420,2026-01-12,18
101170,2026-01-12,19
000270,2026-01-12,20
005930,2026-01-13,1
000660,2026-01-13,2
042660,2026-01-13,3
005380,2026-01-13,4
034020,2026-01-13,5
000720,2026-01-13,6
272210,2026-01-13,7
042700,2026-01-13,8
196170,2026-01-13,9
012450,2026-01-13,10
035420,2026-01-13,11
005935,2026-01-13,12
491000,2026-01-13,13
298040,2026-01-13,14
086520,2026-01-13,15
006800,2026-01-13,16
086280,2026-01-13,17
329180,2026-01-13,18
047810,2026-01-13,19
010140,2026-01-13,20
005930,2026-01-14,1
000660,2026-01-14,2
005380,2026-01-14,3
272210,2026-01-14,4
005490,2026-01-14,5
042660,2026-01-14,6
012330,2026-01-14,7
098460,2026-01-14,8
307950,2026-01-14,9
034020,2026-01-14,10
035420,2026-01-14,11
012450,2026-01-14,12
090710,2026-01-14,13
000270,2026-01-14,14
015760,2026-01-14,15
006400,2026-01-14,16
005935,2026-01-14,17
000720,2026-01-14,18
086280,2026-01-14,19
329180,2026-01-14,20
000660,2026-01-15,1
005930,2026-01-15,2
005380,2026-01-15,3
034020,2026-01-15,4
000880,2026-01-15,5
042660,2026-01-15,6
042700,2026-01-15,7
000720,2026-01-15,8
272210,2026-01-15,9
000270,2026-01-15,10
035420,2026-01-15,11
010120,2026-01-15,12
012330,2026-01-15,13
005935,2026-01-15,14
005490,2026-01-15,15
056080,2026-01-15,16
000150,2026-01-15,17
052690,2026-01-15,18
012450,2026-01-15,19
010140,2026-01-15,20
005930,2026-01-16,1
000660,2026-01-16,2
005380,2026-01-16,3
272210,2026-01-16,4
042660,2026-01-16,5
090710,2026-01-16,6
022100,2026-01-16,7
035420,2026-01-16,8
277810,2026-01-16,9
000880,2026-01-16,10
000270,2026-01-16,11
010140,2026-01-16,12
034020,2026-01-16,13
0004V0,2026-01-16,14
005490,2026-01-16,15
005935,2026-01-16,16
319400,2026-01-16,17
058610,2026-01-16,18
012450,2026-01-16,19
012330,2026-01-16,20
005930,2026-01-19,1
000660,2026-01-19,2
034020,2026-01-19,3
196170,2026-01-19,4
005380,2026-01-19,5
090710,2026-01-19,6
005935,2026-01-19,7
022100,2026-01-19,8
466100,2026-01-19,9
035420,2026-01-19,10
066570,2026-01-19,11
456160,2026-01-19,12
000270,2026-01-19,13
452260,2026-01-19,14
012450,2026-01-19,15
005490,2026-01-19,16
003490,2026-01-19,17
064400,2026-01-19,18
004310,2026-01-19,19
272210,2026-01-19,20
005930,2026-01-20,1
005380,2026-01-20,2
000660,2026-01-20,3
034020,2026-01-20,4
090710,2026-01-20,5
000270,2026-01-20,6
454910,2026-01-20,7
058610,2026-01-20,8
010140,2026-01-20,9
006400,2026-01-20,10
032820,2026-01-20,11
035420,2026-01-20,12
066570,2026-01-20,13
005935,2026-01-20,14
466100,2026-01-20,15
196170,2026-01-20,16
012330,2026-01-20,17
319400,2026-01-20,18
352820,2026-01-20,19
307950,2026-01-20,20
005930,2026-01-21,1
005380,2026-01-21,2
000660,2026-01-21,3
015760,2026-01-21,4
034020,2026-01-21,5
196170,2026-01-21,6
006400,2026-01-21,7
098460,2026-01-21,8
000270,2026-01-21,9
454910,2026-01-21,10
032820,2026-01-21,11
319400,2026-01-21,12
005935,2026-01-21,13
006910,2026-01-21,14
001440,2026-01-21,15
056080,2026-01-21,16
086520,2026-01-21,17
277810,2026-01-21,18
272210,2026-01-21,19
005490,2026-01-21,20
005930,2026-01-22,1
005380,2026-01-22,2
000660,2026-01-22,3
196170,2026-01-22,4
090710,2026-01-22,5
015760,2026-01-22,6
032820,2026-01-22,7
034020,2026-01-22,8
000270,2026-01-22,9
348340,2026-01-22,10
319400,2026-01-22,11
012330,2026-01-22,12
005935,2026-01-22,13
298380,2026-01-22,14
0115H0,2026-01-22,15
006910,2026-01-22,16
204320,2026-01-22,17
478340,2026-01-22,18
0015G0,2026-01-22,19
056080,2026-01-22,20
005930,2026-01-23,1
005380,2026-01-23,2
000660,2026-01-23,3
006400,2026-01-23,4
196170,2026-01-23,5
034020,2026-01-23,6
086520,2026-01-23,7
005935,2026-01-23,8
348340,2026-01-23,9
012330,2026-01-23,10
000270,2026-01-23,11
032820,2026-01-23,12
005490,2026-01-23,13
457190,2026-01-23,14
298830,2026-01-23,15
215100,2026-01-23,16
000250,2026-01-23,17
001440,2026-01-23,18
015760,2026-01-23,19
278470,2026-01-23,20
005930,2026-01-26,1
000660,2026-01-26,2
005380,2026-01-26,3
090710,2026-01-26,4
035420,2026-01-26,5
006400,2026-01-26,6
006800,2026-01-26,7
319400,2026-01-26,8
377300,2026-01-26,9
034020,2026-01-26,10
196170,2026-01-26,11
005490,2026-01-26,12
000250,2026-01-26,13
042660,2026-01-26,14
000720,2026-01-26,15
015760,2026-01-26,16
064260,2026-01-26,17
005935,2026-01-26,18
035720,2026-01-26,19
000270,2026-01-26,20
005930,2026-01-27,1
000660,2026-01-27,2
090710,2026-01-27,3
005380,2026-01-27,4
086520,2026-01-27,5
277810,2026-01-27,6
064260,2026-01-27,7
298380,2026-01-27,8
247540,2026-01-27,9
348340,2026-01-27,10
035420,2026-01-27,11
196170,2026-01-27,12
006400,2026-01-27,13
319400,2026-01-27,14
377300,2026-01-27,15
034020,2026-01-27,16
108490,2026-01-27,17
032820,2026-01-27,18
491000,2026-01-27,19
058610,2026-01-27,20
005930,2026-01-28,1
000660,2026-01-28,2
005380,2026-01-28,3
086520,2026-01-28,4
035420,2026-01-28,5
006400,2026-01-28,6
034020,2026-01-28,7
064260,2026-01-28,8
005935,2026-01-28,9
090710,2026-01-28,10
298380,2026-01-28,11
067310,2026-01-28,12
017670,2026-01-28,13
196170,2026-01-28,14
247540,2026-01-28,15
277810,2026-01-28,16
032820,2026-01-28,17
010120,2026-01-28,18
060250,2026-01-28,19
402340,2026-01-28,20
000660,2026-01-29,1
005930,2026-01-29,2
086520,2026-01-29,3
005380,2026-01-29,4
006400,2026-01-29,5
064400,2026-01-29,6
035420,2026-01-29,7
196170,2026-01-29,8
247540,2026-01-29,9
034020,2026-01-29,10
373220,2026-01-29,11
005935,2026-01-29,12
277810,2026-01-29,13
090710,2026-01-29,14
058610,2026-01-29,15
298380,2026-01-29,16
080220,2026-01-29,17
005490,2026-01-29,18
450080,2026-01-29,19
042700,2026-01-29,20
000660,2026-01-30,1
005930,2026-01-30,2
005380,2026-01-30,3
086520,2026-01-30,4
042700,2026-01-30,5
034020,2026-01-30,6
247540,2026-01-30,7
035420,2026-01-30,8
006800,2026-01-30,9
005935,2026-01-30,10
277810,2026-01-30,11
006400,2026-01-30,12
196170,2026-01-30,13
108490,2026-01-30,14
298380,2026-01-30,15
402340,2026-01-30,16
000270,2026-01-30,17
307950,2026-01-30,18
005490,2026-01-30,19
007660,2026-01-30,20
000660,2026-02-02,1
005930,2026-02-02,2
0001A0,2026-02-02,3
005380,2026-02-02,4
298380,2026-02-02,5
042700,2026-02-02,6
086520,2026-02-02,7
080220,2026-02-02,8
006400,2026-02-02,9
005935,2026-02-02,10
034020,2026-02-02,11
247540,2026-02-02,12
006800,2026-02-02,13
038500,2026-02-02,14
035420,2026-02-02,15
402340,2026-02-02,16
064350,2026-02-02,17
108490,2026-02-02,18
125490,2026-02-02,19
005490,2026-02-02,20
000660,2026-02-03,1
005930,2026-02-03,2
005380,2026-02-03,3
086520,2026-02-03,4
0001A0,2026-02-03,5
402340,2026-02-03,6
034020,2026-02-03,7
006400,2026-02-03,8
042700,2026-02-03,9
272210,2026-02-03,10
035420,2026-02-03,11
005935,2026-02-03,12
009150,2026-02-03,13
298040,2026-02-03,14
247540,2026-02-03,15
012450,2026-02-03,16
064350,2026-02-03,17
380550,2026-02-03,18
042660,2026-02-03,19
196170,2026-02-03,20
005930,2026-02-04,1
000660,2026-02-04,2
272210,2026-02-04,3
005380,2026-02-04,4
006800,2026-02-04,5
402340,2026-02-04,6
086520,2026-02-04,7
035420,2026-02-04,8
001440,2026-02-04,9
034020,2026-02-04,10
005935,2026-02-04,11
009150,2026-02-04,12
042700,2026-02-04,13
006400,2026-02-04,14
100790,2026-02-04,15
267270,2026-02-04,16
277810,2026-02-04,17
012210,2026-02-04,18
0001A0,2026-02-04,19
042660,2026-02-04,20
005930,2026-02-05,1
000660,2026-02-05,2
034020,2026-02-05,3
009830,2026-02-05,4
086520,2026-02-05,5
005380,2026-02-05,6
278470,2026-02-05,7
402340,2026-02-05,8
005935,2026-02-05,9
272210,2026-02-05,10
006400,2026-02-05,11
035420,2026-02-05,12
001440,2026-02-05,13
042660,2026-02-05,14
015760,2026-02-05,15
006800,2026-02-05,16
080220,2026-02-05,17
052690,2026-02-05,18
042700,2026-02-05,19
032820,2026-02-05,20
005930,2026-02-06,1
000660,2026-02-06,2
009830,2026-02-06,3
005380,2026-02-06,4
0001A0,2026-02-06,5
440110,2026-02-06,6
034020,2026-02-06,7
402340,2026-02-06,8
086520,2026-02-06,9
323410,2026-02-06,10
278470,2026-02-06,11
005935,2026-02-06,12
006400,2026-02-06,13
005490,2026-02-06,14
008830,2026-02-06,15
322000,2026-02-06,16
012450,2026-02-06,17
035420,2026-02-06,18
214450,2026-02-06,19
272210,2026-02-06,20
005930,2026-02-09,1
000660,2026-02-09,2
009830,2026-02-09,3
038500,2026-02-09,4
005380,2026-02-09,5
402340,2026-02-09,6
105560,2026-02-09,7
086520,2026-02-09,8
034020,2026-02-09,9
035420,2026-02-09,10
322000,2026-02-09,11
005935,2026-02-09,12
352820,2026-02-09,13
090710,2026-02-09,14
006800,2026-02-09,15
012450,2026-02-09,16
272210,2026-02-09,17
042700,2026-02-09,18
006400,2026-02-09,19
0001A0,2026-02-09,20
005930,2026-02-10,1
000660,2026-02-10,2
009830,2026-02-10,3
034020,2026-02-10,4
005380,2026-02-10,5
006800,2026-02-10,6
086520,2026-02-10,7
402340,2026-02-10,8
038500,2026-02-10,9
090430,2026-02-10,10
005935,2026-02-10,11
068270,2026-02-10,12
035420,2026-02-10,13
012450,2026-02-10,14
267260,2026-02-10,15
042700,2026-02-10,16
080220,2026-02-10,17
000720,2026-02-10,18
105560,2026-02-10,19
234340,2026-02-10,20
005930,2026-02-11,1
000660,2026-02-11,2
005380,2026-02-11,3
009830,2026-02-11,4
090710,2026-02-11,5
012450,2026-02-11,6
018880,2026-02-11,7
038500,2026-02-11,8
035420,2026-02-11,9
056080,2026-02-11,10
034020,2026-02-11,11
047040,2026-02-11,12
086520,2026-02-11,13
402340,2026-02-11,14
105560,2026-02-11,15
008830,2026-02-11,16
080220,2026-02-11,17
065170,2026-02-11,18
006800,2026-02-11,19
278470,2026-02-11,20
005930,2026-02-12,1
000660,2026-02-12,2
005380,2026-02-12,3
066570,2026-02-12,4
009830,2026-02-12,5
032820,2026-02-12,6
034020,2026-02-12,7
006910,2026-02-12,8
068270,2026-02-12,9
005935,2026-02-12,10
105560,2026-02-12,11
241520,2026-02-12,12
035420,2026-02-12,13
139480,2026-02-12,14
012450,2026-02-12,15
003720,2026-02-12,16
038500,2026-02-12,17
000270,2026-02-12,18
056080,2026-02-12,19
0007C0,2026-02-12,20
005930,2026-02-13,1
000660,2026-02-13,2
032820,2026-02-13,3
042700,2026-02-13,4
005380,2026-02-13,5
005935,2026-02-13,6
066570,2026-02-13,7
034020,2026-02-13,8
005490,2026-02-13,9
035720,2026-02-13,10
402340,2026-02-13,11
035420,2026-02-13,12
009830,2026-02-13,13
105560,2026-02-13,14
000270,2026-02-13,15
086520,2026-02-13,16
006800,2026-02-13,17
187660,2026-02-13,18
080220,2026-02-13,19
000150,2026-02-13,20
005930,2026-02-19,1
000660,2026-02-19,2
034020,2026-02-19,3
006800,2026-02-19,4
005935,2026-02-19,5
005380,2026-02-19,6
003530,2026-02-19,7
130660,2026-02-19,8
032820,2026-02-19,9
047810,2026-02-19,10
475150,2026-02-19,11
080220,2026-02-19,12
018880,2026-02-19,13
017670,2026-02-19,14
001510,2026-02-19,15
055550,2026-02-19,16
105560,2026-02-19,17
004310,2026-02-19,18
347700,2026-02-19,19
066570,2026-02-19,20
005930,2026-02-20,1
000660,2026-02-20,2
086520,2026-02-20,3
009830,2026-02-20,4
005380,2026-02-20,5
018880,2026-02-20,6
006800,2026-02-20,7
005935,2026-02-20,8
009150,2026-02-20,9
003530,2026-02-20,10
034020,2026-02-20,11
006400,2026-02-20,12
042660,2026-02-20,13
105560,2026-02-20,14
196170,2026-02-20,15
187660,2026-02-20,16
402340,2026-02-20,17
000720,2026-02-20,18
055550,2026-02-20,19
066570,2026-02-20,20
000660,2026-02-23,1
005930,2026-02-23,2
034020,2026-02-23,3
032820,2026-02-23,4
005935,2026-02-23,5
005380,2026-02-23,6
042660,2026-02-23,7
001510,2026-02-23,8
088350,2026-02-23,9
012450,2026-02-23,10
006800,2026-02-23,11
006910,2026-02-23,12
024060,2026-02-23,13
009150,2026-02-23,14
272210,2026-02-23,15
130660,2026-02-23,16
402340,2026-02-23,17
009830,2026-02-23,18
003530,2026-02-23,19
086520,2026-02-23,20
005930,2026-02-24,1
000660,2026-02-24,2
005380,2026-02-24,3
024060,2026-02-24,4
032820,2026-02-24,5
066570,2026-02-24,6
088350,2026-02-24,7
009150,2026-02-24,8
086520,2026-02-24,9
005935,2026-02-24,10
034020,2026-02-24,11
001440,2026-02-24,12
006800,2026-02-24,13
006910,2026-02-24,14
402340,2026-02-24,15
187660,2026-02-24,16
042660,2026-02-24,17
006400,2026-02-24,18
012510,2026-02-24,19
038500,2026-02-24,20
005930,2026-02-25,1
000660,2026-02-25,2
006400,2026-02-25,3
006340,2026-02-25,4
005380,2026-02-25,5
005935,2026-02-25,6
009150,2026-02-25,7
403870,2026-02-25,8
032820,2026-02-25,9
006800,2026-02-25,10
489790,2026-02-25,11
048410,2026-02-25,12
222080,2026-02-25,13
402340,2026-02-25,14
319400,2026-02-25,15
034020,2026-02-25,16
086520,2026-02-25,17
024060,2026-02-25,18
042700,2026-02-25,19
007660,2026-02-25,20
005930,2026-02-26,1
000660,2026-02-26,2
005380,2026-02-26,3
454910,2026-02-26,4
000270,2026-02-26,5
005935,2026-02-26,6
307950,2026-02-26,7
006800,2026-02-26,8
006400,2026-02-26,9
214150,2026-02-26,10
009150,2026-02-26,11
086520,2026-02-26,12
000720,2026-02-26,13
034020,2026-02-26,14
402340,2026-02-26,15
051910,2026-02-26,16
047040,2026-02-26,17
012330,2026-02-26,18
0015G0,2026-02-26,19
007660,2026-02-26,20
005930,2026-02-27,1
000660,2026-02-27,2
005380,2026-02-27,3
042700,2026-02-27,4
080220,2026-02-27,5
086520,2026-02-27,6
005935,2026-02-27,7
001510,2026-02-27,8
047040,2026-02-27,9
187660,2026-02-27,10
066570,2026-02-27,11
489790,2026-02-27,12
035720,2026-02-27,13
000250,2026-02-27,14
402340,2026-02-27,15
277810,2026-02-27,16
006400,2026-02-27,17
035420,2026-02-27,18
003530,2026-02-27,19
012330,2026-02-27,20
005930,2026-03-03,1
000660,2026-03-03,2
005380,2026-03-03,3
042700,2026-03-03,4
000720,2026-03-03,5
005935,2026-03-03,6
034020,2026-03-03,7
038500,2026-03-03,8
402340,2026-03-03,9
0126Z0,2026-03-03,10
000270,2026-03-03,11
187660,2026-03-03,12
021240,2026-03-03,13
015760,2026-03-03,14
004020,2026-03-03,15
006400,2026-03-03,16
012330,2026-03-03,17
322000,2026-03-03,18
080220,2026-03-03,19
086520,2026-03-03,20
005930,2026-03-04,1
000660,2026-03-04,2
005380,2026-03-04,3
012450,2026-03-04,4
272210,2026-03-04,5
005935,2026-03-04,6
064350,2026-03-04,7
042660,2026-03-04,8
086520,2026-03-04,9
034020,2026-03-04,10
079550,2026-03-04,11
042700,2026-03-04,12
000270,2026-03-04,13
322000,2026-03-04,14
006400,2026-03-04,15
010950,2026-03-04,16
047810,2026-03-04,17
009150,2026-03-04,18
089030,2026-03-04,19
096770,2026-03-04,20
005930,2026-03-05,1
000660,2026-03-05,2
005380,2026-03-05,3
272210,2026-03-05,4
010950,2026-03-05,5
012450,2026-03-05,6
005935,2026-03-05,7
079550,2026-03-05,8
042700,2026-03-05,9
034020,2026-03-05,10
086520,2026-03-05,11
006400,2026-03-05,12
064350,2026-03-05,13
089030,2026-03-05,14
003280,2026-03-05,15
402340,2026-03-05,16
006800,2026-03-05,17
042660,2026-03-05,18
009150,2026-03-05,19
000270,2026-03-05,20
005930,2026-03-06,1
000660,2026-03-06,2
024060,2026-03-06,3
279570,2026-03-06,4
005380,2026-03-06,5
079550,2026-03-06,6
272210,2026-03-06,7
012450,2026-03-06,8
042700,2026-03-06,9
005935,2026-03-06,10
086520,2026-03-06,11
010950,2026-03-06,12
089030,2026-03-06,13
003280,2026-03-06,14
034020,2026-03-06,15
009150,2026-03-06,16
004090,2026-03-06,17
006800,2026-03-06,18
000270,2026-03-06,19
402340,2026-03-06,20
005930,2026-03-09,1
000660,2026-03-09,2
272210,2026-03-09,3
079550,2026-03-09,4
012450,2026-03-09,5
009830,2026-03-09,6
032820,2026-03-09,7
089030,2026-03-09,8
005380,2026-03-09,9
034020,2026-03-09,10
042700,2026-03-09,11
086520,2026-03-09,12
005935,2026-03-09,13
024060,2026-03-09,14
322000,2026-03-09,15
279570,2026-03-09,16
010950,2026-03-09,17
001510,2026-03-09,18
010820,2026-03-09,19
006400,2026-03-09,20
005930,2026-03-10,1
000660,2026-03-10,2
005380,2026-03-10,3
012450,2026-03-10,4
272210,2026-03-10,5
032820,2026-03-10,6
034020,2026-03-10,7
079550,2026-03-10,8
458350,2026-03-10,9
005935,2026-03-10,10
024060,2026-03-10,11
187660,2026-03-10,12
042700,2026-03-10,13
047050,2026-03-10,14
086520,2026-03-10,15
089030,2026-03-10,16
322000,2026-03-10,17
402340,2026-03-10,18
010950,2026-03-10,19
117580,2026-03-10,20
005930,2026-03-11,1
000660,2026-03-11,2
032820,2026-03-11,3
034020,2026-03-11,4
005935,2026-03-11,5
279570,2026-03-11,6
005380,2026-03-11,7
012450,2026-03-11,8
272210,2026-03-11,9
024060,2026-03-11,10
079550,2026-03-11,11
042700,2026-03-11,12
086520,2026-03-11,13
089030,2026-03-11,14
009150,2026-03-11,15
0011A0,2026-03-11,16
036930,2026-03-11,17
043260,2026-03-11,18
006800,2026-03-11,19
010170,2026-03-11,20
005930,2026-03-12,1
000660,2026-03-12,2
032820,2026-03-12,3
005935,2026-03-12,4
006800,2026-03-12,5
005380,2026-03-12,6
034020,2026-03-12,7
042660,2026-03-12,8
079550,2026-03-12,9
024060,2026-03-12,10
010170,2026-03-12,11
043260,2026-03-12,12
272210,2026-03-12,13
012450,2026-03-12,14
006910,2026-03-12,15
089030,2026-03-12,16
034730,2026-03-12,17
050890,2026-03-12,18
042700,2026-03-12,19
038500,2026-03-12,20
005930,2026-03-13,1
000660,2026-03-13,2
038500,2026-03-13,3
322000,2026-03-13,4
010170,2026-03-13,5
005935,2026-03-13,6
032820,2026-03-13,7
005380,2026-03-13,8
034020,2026-03-13,9
050890,2026-03-13,10
010140,2026-03-13,11
475150,2026-03-13,12
012450,2026-03-13,13
024060,2026-03-13,14
272210,2026-03-13,15
009830,2026-03-13,16
079550,2026-03-13,17
0009K0,2026-03-13,18
006800,2026-03-13,19
042660,2026-03-13,20
005930,2026-03-16,1
000660,2026-03-16,2
032820,2026-03-16,3
047040,2026-03-16,4
034020,2026-03-16,5
417200,2026-03-16,6
005380,2026-03-16,7
012450,2026-03-16,8
475150,2026-03-16,9
000720,2026-03-16,10
005935,2026-03-16,11
010140,2026-03-16,12
003280,2026-03-16,13
010170,2026-03-16,14
003670,2026-03-16,15
000270,2026-03-16,16
079550,2026-03-16,17
187660,2026-03-16,18
042700,2026-03-16,19
006800,2026-03-16,20
005930,2026-03-17,1
000660,2026-03-17,2
0082N0,2026-03-17,3
032820,2026-03-17,4
005380,2026-03-17,5
003280,2026-03-17,6
034020,2026-03-17,7
006910,2026-03-17,8
005880,2026-03-17,9
456160,2026-03-17,10
005935,2026-03-17,11
079550,2026-03-17,12
047040,2026-03-17,13
006800,2026-03-17,14
009150,2026-03-17,15
402340,2026-03-17,16
012450,2026-03-17,17
042700,2026-03-17,18
272210,2026-03-17,19
008350,2026-03-17,20
005930,2026-03-18,1
000660,2026-03-18,2
003280,2026-03-18,3
005380,2026-03-18,4
322000,2026-03-18,5
005935,2026-03-18,6
032820,2026-03-18,7
090710,2026-03-18,8
009150,2026-03-18,9
417200,2026-03-18,10
009830,2026-03-18,11
027360,2026-03-18,12
034020,2026-03-18,13
005880,2026-03-18,14
000390,2026-03-18,15
006910,2026-03-18,16
012450,2026-03-18,17
402340,2026-03-18,18
011930,2026-03-18,19
039980,2026-03-18,20
005930,2026-03-19,1
000660,2026-03-19,2
032820,2026-03-19,3
047040,2026-03-19,4
005935,2026-03-19,5
403870,2026-03-19,6
090710,2026-03-19,7
011930,2026-03-19,8
005380,2026-03-19,9
034020,2026-03-19,10
009150,2026-03-19,11
402340,2026-03-19,12
476830,2026-03-19,13
140410,2026-03-19,14
035510,2026-03-19,15
006340,2026-03-19,16
042700,2026-03-19,17
001510,2026-03-19,18
000720,2026-03-19,19
007660,2026-03-19,20
005930,2026-03-20,1
000660,2026-03-20,2
047040,2026-03-20,3
032820,2026-03-20,4
001510,2026-03-20,5
475150,2026-03-20,6
005935,2026-03-20,7
009150,2026-03-20,8
403870,2026-03-20,9
005380,2026-03-20,10
034020,2026-03-20,11
322000,2026-03-20,12
011930,2026-03-20,13
140410,2026-03-20,14
007660,2026-03-20,15
000250,2026-03-20,16
272210,2026-03-20,17
402340,2026-03-20,18
042700,2026-03-20,19
090710,2026-03-20,20
005930,2026-03-23,1
000660,2026-03-23,2
047040,2026-03-23,3
001510,2026-03-23,4
005935,2026-03-23,5
034020,2026-03-23,6
009830,2026-03-23,7
032820,2026-03-23,8
475150,2026-03-23,9
000250,2026-03-23,10
005380,2026-03-23,11
036930,2026-03-23,12
402340,2026-03-23,13
012450,2026-03-23,14
277810,2026-03-23,15
322000,2026-03-23,16
000270,2026-03-23,17
263750,2026-03-23,18
417200,2026-03-23,19
100090,2026-03-23,20
005930,2026-03-24,1
000660,2026-03-24,2
005380,2026-03-24,3
003280,2026-03-24,4
005935,2026-03-24,5
047040,2026-03-24,6
032820,2026-03-24,7
034020,2026-03-24,8
001510,2026-03-24,9
402340,2026-03-24,10
100090,2026-03-24,11
000250,2026-03-24,12
012450,2026-03-24,13
352820,2026-03-24,14
046120,2026-03-24,15
009150,2026-03-24,16
403870,2026-03-24,17
322000,2026-03-24,18
028050,2026-03-24,19
090710,2026-03-24,20
005930,2026-03-25,1
000660,2026-03-25,2
003280,2026-03-25,3
047040,2026-03-25,4
032820,2026-03-25,5
005380,2026-03-25,6
036930,2026-03-25,7
034020,2026-03-25,8
402340,2026-03-25,9
005935,2026-03-25,10
178320,2026-03-25,11
001510,2026-03-25,12
069540,2026-03-25,13
261780,2026-03-25,14
010170,2026-03-25,15
000720,2026-03-25,16
042700,2026-03-25,17
373220,2026-03-25,18
000270,2026-03-25,19
368770,2026-03-25,20
000660,2026-03-26,1
005930,2026-03-26,2
408470,2026-03-26,3
050890,2026-03-26,4
032820,2026-03-26,5
047040,2026-03-26,6
005380,2026-03-26,7
079550,2026-03-26,8
005935,2026-03-26,9
263750,2026-03-26,10
000250,2026-03-26,11
010170,2026-03-26,12
006800,2026-03-26,13
066970,2026-03-26,14
034020,2026-03-26,15
027360,2026-03-26,16
402340,2026-03-26,17
375500,2026-03-26,18
489790,2026-03-26,19
012450,2026-03-26,20
005930,2026-03-27,1
000660,2026-03-27,2
326030,2026-03-27,3
0088M0,2026-03-27,4
100790,2026-03-27,5
027360,2026-03-27,6
005935,2026-03-27,7
005380,2026-03-27,8
100090,2026-03-27,9
009830,2026-03-27,10
032820,2026-03-27,11
108860,2026-03-27,12
196170,2026-03-27,13
402340,2026-03-27,14
950160,2026-03-27,15
079550,2026-03-27,16
047040,2026-03-27,17
038110,2026-03-27,18
034020,2026-03-27,19
000250,2026-03-27,20
005930,2026-03-30,1
000660,2026-03-30,2
0130H0,2026-03-30,3
047040,2026-03-30,4
100790,2026-03-30,5
062040,2026-03-30,6
005380,2026-03-30,7
032820,2026-03-30,8
263750,2026-03-30,9
005935,2026-03-30,10
034020,2026-03-30,11
402340,2026-03-30,12
038110,2026-03-30,13
009150,2026-03-30,14
066970,2026-03-30,15
012450,2026-03-30,16
006400,2026-03-30,17
115440,2026-03-30,18
000250,2026-03-30,19
086520,2026-03-30,20
000660,2026-03-31,1
005930,2026-03-31,2
046970,2026-03-31,3
047040,2026-03-31,4
005380,2026-03-31,5
000250,2026-03-31,6
322000,2026-03-31,7
005935,2026-03-31,8
263750,2026-03-31,9
402340,2026-03-31,10
373220,2026-03-31,11
006400,2026-03-31,12
032820,2026-03-31,13
037030,2026-03-31,14
034020,2026-03-31,15
003280,2026-03-31,16
066970,2026-03-31,17
009150,2026-03-31,18
009830,2026-03-31,19
425040,2026-03-31,20
005930,2026-04-01,1
000660,2026-04-01,2
000250,2026-04-01,3
003280,2026-04-01,4
005935,2026-04-01,5
402340,2026-04-01,6
394420,2026-04-01,7
005380,2026-04-01,8
006400,2026-04-01,9
034020,2026-04-01,10
322000,2026-04-01,11
012450,2026-04-01,12
105560,2026-04-01,13
009150,2026-04-01,14
032820,2026-04-01,15
047040,2026-04-01,16
009830,2026-04-01,17
425040,2026-04-01,18
079550,2026-04-01,19
042700,2026-04-01,20
005930,2026-04-02,1
000660,2026-04-02,2
047040,2026-04-02,3
329180,2026-04-02,4
000250,2026-04-02,5
079550,2026-04-02,6
003280,2026-04-02,7
005380,2026-04-02,8
402340,2026-04-02,9
005935,2026-04-02,10
032820,2026-04-02,11
272210,2026-04-02,12
046970,2026-04-02,13
263750,2026-04-02,14
034020,2026-04-02,15
006400,2026-04-02,16
012450,2026-04-02,17
010170,2026-04-02,18
0130D0,2026-04-02,19
050890,2026-04-02,20
005930,2026-04-03,1
000660,2026-04-03,2
0007J0,2026-04-03,3
003280,2026-04-03,4
010170,2026-04-03,5
047040,2026-04-03,6
000250,2026-04-03,7
006400,2026-04-03,8
005380,2026-04-03,9
012450,2026-04-03,10
0132G0,2026-04-03,11
079550,2026-04-03,12
005935,2026-04-03,13
034020,2026-04-03,14
066970,2026-04-03,15
024060,2026-04-03,16
322000,2026-04-03,17
064350,2026-04-03,18
272210,2026-04-03,19
402340,2026-04-03,20
005930,2026-04-06,1
000660,2026-04-06,2
010170,2026-04-06,3
079550,2026-04-06,4
475150,2026-04-06,5
011930,2026-04-06,6
322000,2026-04-06,7
047040,2026-04-06,8
003280,2026-04-06,9
009830,2026-04-06,10
0010F0,2026-04-06,11
000250,2026-04-06,12
009150,2026-04-06,13
050890,2026-04-06,14
329180,2026-04-06,15
028050,2026-04-06,16
005380,2026-04-06,17
006400,2026-04-06,18
100090,2026-04-06,19
012450,2026-04-06,20
005930,2026-04-07,1
000660,2026-04-07,2
042660,2026-04-07,3
010170,2026-04-07,4
047040,2026-04-07,5
006400,2026-04-07,6
028050,2026-04-07,7
008350,2026-04-07,8
322000,2026-04-07,9
011930,2026-04-07,10
005935,2026-04-07,11
000250,2026-04-07,12
079550,2026-04-07,13
0010F0,2026-04-07,14
062970,2026-04-07,15
005380,2026-04-07,16
103140,2026-04-07,17
475150,2026-04-07,18
032820,2026-04-07,19
003280,2026-04-07,20
005930,2026-04-08,1
000660,2026-04-08,2
047040,2026-04-08,3
024060,2026-04-08,4
450080,2026-04-08,5
000250,2026-04-08,6
028050,2026-04-08,7
005935,2026-04-08,8
010170,2026-04-08,9
012450,2026-04-08,10
066970,2026-04-08,11
079550,2026-04-08,12
008350,2026-04-08,13
0010F0,2026-04-08,14
006400,2026-04-08,15
005380,2026-04-08,16
086520,2026-04-08,17
003280,2026-04-08,18
272210,2026-04-08,19
011930,2026-04-08,20
005930,2026-04-09,1
000660,2026-04-09,2
047040,2026-04-09,3
000720,2026-04-09,4
010170,2026-04-09,5
032820,2026-04-09,6
005935,2026-04-09,7
000250,2026-04-09,8
005380,2026-04-09,9
010130,2026-04-09,10
006360,2026-04-09,11
375500,2026-04-09,12
028050,2026-04-09,13
009150,2026-04-09,14
402340,2026-04-09,15
012450,2026-04-09,16
034020,2026-04-09,17
006400,2026-04-09,18
038500,2026-04-09,19
079550,2026-04-09,20
005930,2026-04-10,1
000660,2026-04-10,2
047040,2026-04-10,3
079550,2026-04-10,4
005935,2026-04-10,5
005380,2026-04-10,6
006400,2026-04-10,7
028050,2026-04-10,8
010170,2026-04-10,9
017900,2026-04-10,10
000250,2026-04-10,11
012450,2026-04-10,12
278470,2026-04-10,13
373220,2026-04-10,14
000270,2026-04-10,15
000720,2026-04-10,16
032820,2026-04-10,17
065440,2026-04-10,18
093370,2026-04-10,19
402340,2026-04-10,20
005930,2026-04-13,1
000660,2026-04-13,2
010170,2026-04-13,3
047040,2026-04-13,4
050890,2026-04-13,5
009150,2026-04-13,6
095340,2026-04-13,7
011930,2026-04-13,8
005880,2026-04-13,9
079550,2026-04-13,10
005380,2026-04-13,11
064260,2026-04-13,12
005935,2026-04-13,13
010820,2026-04-13,14
038500,2026-04-13,15
003280,2026-04-13,16
006360,2026-04-13,17
042700,2026-04-13,18
000720,2026-04-13,19
069540,2026-04-13,20
005930,2026-04-14,1
000660,2026-04-14,2
010170,2026-04-14,3
047040,2026-04-14,4
008350,2026-04-14,5
490470,2026-04-14,6
010120,2026-04-14,7
050890,2026-04-14,8
012450,2026-04-14,9
079550,2026-04-14,10
046970,2026-04-14,11
005380,2026-04-14,12
005880,2026-04-14,13
025860,2026-04-14,14
009150,2026-04-14,15
011930,2026-04-14,16
005935,2026-04-14,17
018470,2026-04-14,18
010820,2026-04-14,19
402340,2026-04-14,20
000660,2026-04-15,1
005930,2026-04-15,2
010170,2026-04-15,3
047040,2026-04-15,4
006800,2026-04-15,5
046970,2026-04-15,6
008350,2026-04-15,7
005935,2026-04-15,8
402340,2026-04-15,9
010120,2026-04-15,10
005380,2026-04-15,11
006400,2026-04-15,12
079550,2026-04-15,13
027360,2026-04-15,14
009150,2026-04-15,15
375500,2026-04-15,16
490470,2026-04-15,17
012450,2026-04-15,18
069540,2026-04-15,19
037030,2026-04-15,20
005930,2026-04-16,1
000660,2026-04-16,2
047040,2026-04-16,3
001440,2026-04-16,4
050890,2026-04-16,5
034020,2026-04-16,6
010170,2026-04-16,7
011930,2026-04-16,8
046970,2026-04-16,9
100790,2026-04-16,10
005935,2026-04-16,11
005380,2026-04-16,12
006360,2026-04-16,13
009150,2026-04-16,14
027360,2026-04-16,15
006340,2026-04-16,16
402340,2026-04-16,17
032820,2026-04-16,18
079550,2026-04-16,19
006800,2026-04-16,20
005930,2026-04-17,1
000660,2026-04-17,2
047040,2026-04-17,3
010170,2026-04-17,4
032820,2026-04-17,5
034020,2026-04-17,6
005380,2026-04-17,7
017900,2026-04-17,8
001440,2026-04-17,9
011930,2026-04-17,10
069540,2026-04-17,11
005880,2026-04-17,12
005935,2026-04-17,13
456010,2026-04-17,14
158430,2026-04-17,15
009150,2026-04-17,16
402340,2026-04-17,17
042660,2026-04-17,18
011790,2026-04-17,19
066310,2026-04-17,20
000660,2026-04-20,1
005930,2026-04-20,2
100790,2026-04-20,3
047040,2026-04-20,4
017900,2026-04-20,5
010170,2026-04-20,6
046970,2026-04-20,7
006400,2026-04-20,8
009150,2026-04-20,9
027360,2026-04-20,10
456010,2026-04-20,11
098460,2026-04-20,12
093370,2026-04-20,13
012450,2026-04-20,14
034020,2026-04-20,15
005380,2026-04-20,16
005935,2026-04-20,17
069540,2026-04-20,18
001440,2026-04-20,19
010820,2026-04-20,20
000660,2026-04-21,1
005930,2026-04-21,2
036930,2026-04-21,3
001440,2026-04-21,4
034020,2026-04-21,5
047040,2026-04-21,6
007660,2026-04-21,7
356680,2026-04-21,8
005380,2026-04-21,9
006400,2026-04-21,10
010820,2026-04-21,11
009150,2026-04-21,12
000720,2026-04-21,13
069540,2026-04-21,14
402340,2026-04-21,15
010170,2026-04-21,16
086520,2026-04-21,17
079550,2026-04-21,18
005935,2026-04-21,19
450080,2026-04-21,20
000660,2026-04-22,1
005930,2026-04-22,2
047040,2026-04-22,3
006400,2026-04-22,4
036930,2026-04-22,5
009150,2026-04-22,6
222080,2026-04-22,7
373220,2026-04-22,8
034020,2026-04-22,9
010170,2026-04-22,10
005380,2026-04-22,11
080220,2026-04-22,12
001440,2026-04-22,13
329180,2026-04-22,14
006360,2026-04-22,15
005490,2026-04-22,16
005935,2026-04-22,17
100790,2026-04-22,18
086520,2026-04-22,19
450080,2026-04-22,20
005930,2026-04-23,1
000660,2026-04-23,2
079550,2026-04-23,3
006400,2026-04-23,4
007660,2026-04-23,5
036930,2026-04-23,6
329180,2026-04-23,7
047040,2026-04-23,8
009150,2026-04-23,9
100790,2026-04-23,10
027360,2026-04-23,11
322000,2026-04-23,12
000250,2026-04-23,13
222080,2026-04-23,14
010820,2026-04-23,15
034020,2026-04-23,16
010140,2026-04-23,17
373220,2026-04-23,18
005935,2026-04-23,19
005380,2026-04-23,20
005930,2026-04-24,1
000660,2026-04-24,2
047040,2026-04-24,3
0131D0,2026-04-24,4
006340,2026-04-24,5
034020,2026-04-24,6
009150,2026-04-24,7
001440,2026-04-24,8
032820,2026-04-24,9
010140,2026-04-24,10
006400,2026-04-24,11
005935,2026-04-24,12
010120,2026-04-24,13
100790,2026-04-24,14
005380,2026-04-24,15
329180,2026-04-24,16
403870,2026-04-24,17
402340,2026-04-24,18
006910,2026-04-24,19
443060,2026-04-24,20
005930,2026-04-27,1
000660,2026-04-27,2
098460,2026-04-27,3
080220,2026-04-27,4
006340,2026-04-27,5
001440,2026-04-27,6
034020,2026-04-27,7
027360,2026-04-27,8
005380,2026-04-27,9
090710,2026-04-27,10
047040,2026-04-27,11
006400,2026-04-27,12
036930,2026-04-27,13
010060,2026-04-27,14
064350,2026-04-27,15
005935,2026-04-27,16
100790,2026-04-27,17
047810,2026-04-27,18
036540,2026-04-27,19
009150,2026-04-27,20
000660,2026-04-28,1
005930,2026-04-28,2
042700,2026-04-28,3
010170,2026-04-28,4
080220,2026-04-28,5
005935,2026-04-28,6
047040,2026-04-28,7
098460,2026-04-28,8
006340,2026-04-28,9
034020,2026-04-28,10
005380,2026-04-28,11
108490,2026-04-28,12
006400,2026-04-28,13
090710,2026-04-28,14
402340,2026-04-28,15
009150,2026-04-28,16
010120,2026-04-28,17
001440,2026-04-28,18
329180,2026-04-28,19
058470,2026-04-28,20
005930,2026-04-29,1
000660,2026-04-29,2
047040,2026-04-29,3
005380,2026-04-29,4
006400,2026-04-29,5
005490,2026-04-29,6
001510,2026-04-29,7
001440,2026-04-29,8
010120,2026-04-29,9
009830,2026-04-29,10
005935,2026-04-29,11
042700,2026-04-29,12
009150,2026-04-29,13
222080,2026-04-29,14
402340,2026-04-29,15
066570,2026-04-29,16
267260,2026-04-29,17
034020,2026-04-29,18
298380,2026-04-29,19
322000,2026-04-29,20
005930,2026-04-30,1
000660,2026-04-30,2
0011T0,2026-04-30,3
001440,2026-04-30,4
006340,2026-04-30,5
006400,2026-04-30,6
027360,2026-04-30,7
402340,2026-04-30,8
098460,2026-04-30,9
005935,2026-04-30,10
417200,2026-04-30,11
005380,2026-04-30,12
047040,2026-04-30,13
322000,2026-04-30,14
096770,2026-04-30,15
329180,2026-04-30,16
009150,2026-04-30,17
010120,2026-04-30,18
064350,2026-04-30,19
034020,2026-04-30,20
005930,2026-05-04,1
000660,2026-05-04,2
001440,2026-05-04,3
006340,2026-05-04,4
042700,2026-05-04,5
009150,2026-05-04,6
0129K0,2026-05-04,7
005935,2026-05-04,8
066570,2026-05-04,9
062040,2026-05-04,10
009830,2026-05-04,11
005380,2026-05-04,12
006400,2026-05-04,13
0011T0,2026-05-04,14
402340,2026-05-04,15
025860,2026-05-04,16
010170,2026-05-04,17
034020,2026-05-04,18
047040,2026-05-04,19
064350,2026-05-04,20
000660,2026-05-06,1
005930,2026-05-06,2
010170,2026-05-06,3
402340,2026-05-06,4
001440,2026-05-06,5
047040,2026-05-06,6
009150,2026-05-06,7
005935,2026-05-06,8
006340,2026-05-06,9
062040,2026-05-06,10
012450,2026-05-06,11
006910,2026-05-06,12
018880,2026-05-06,13
016360,2026-05-06,14
005490,2026-05-06,15
006400,2026-05-06,16
005380,2026-05-06,17
006800,2026-05-06,18
010120,2026-05-06,19
050890,2026-05-06,20
005930,2026-05-07,1
000660,2026-05-07,2
005935,2026-05-07,3
001440,2026-05-07,4
402340,2026-05-07,5
006800,2026-05-07,6
009150,2026-05-07,7
005380,2026-05-07,8
010170,2026-05-07,9
018880,2026-05-07,10
047040,2026-05-07,11
016360,2026-05-07,12
028260,2026-05-07,13
001510,2026-05-07,14
006910,2026-05-07,15
066570,2026-05-07,16
006340,2026-05-07,17
006400,2026-05-07,18
042700,2026-05-07,19
010120,2026-05-07,20
005930,2026-05-08,1
000660,2026-05-08,2
005935,2026-05-08,3
010170,2026-05-08,4
402340,2026-05-08,5
005380,2026-05-08,6
034020,2026-05-08,7
028050,2026-05-08,8
047040,2026-05-08,9
001440,2026-05-08,10
079550,2026-05-08,11
010120,2026-05-08,12
009150,2026-05-08,13
203650,2026-05-08,14
329180,2026-05-08,15
454910,2026-05-08,16
006800,2026-05-08,17
005490,2026-05-08,18
042700,2026-05-08,19
028260,2026-05-08,20
000660,2026-05-11,1
005930,2026-05-11,2
005380,2026-05-11,3
010170,2026-05-11,4
001440,2026-05-11,5
005935,2026-05-11,6
012330,2026-05-11,7
402340,2026-05-11,8
319400,2026-05-11,9
307950,2026-05-11,10
000270,2026-05-11,11
034020,2026-05-11,12
277810,2026-05-11,13
009150,2026-05-11,14
006800,2026-05-11,15
010120,2026-05-11,16
329180,2026-05-11,17
028260,2026-05-11,18
079550,2026-05-11,19
090710,2026-05-11,20
000660,2026-05-12,1
005930,2026-05-12,2
010170,2026-05-12,3
005380,2026-05-12,4
402340,2026-05-12,5
005935,2026-05-12,6
439960,2026-05-12,7
018880,2026-05-12,8
009150,2026-05-12,9
307950,2026-05-12,10
001440,2026-05-12,11
028260,2026-05-12,12
012330,2026-05-12,13
027360,2026-05-12,14
006400,2026-05-12,15
010140,2026-05-12,16
000270,2026-05-12,17
034020,2026-05-12,18
042700,2026-05-12,19
042660,2026-05-12,20
000660,2026-05-13,1
005930,2026-05-13,2
005380,2026-05-13,3
010170,2026-05-13,4
009150,2026-05-13,5
066570,2026-05-13,6
005935,2026-05-13,7
402340,2026-05-13,8
042700,2026-05-13,9
006400,2026-05-13,10
034020,2026-05-13,11
319400,2026-05-13,12
012330,2026-05-13,13
001440,2026-05-13,14
005490,2026-05-13,15
329180,2026-05-13,16
006800,2026-05-13,17
090710,2026-05-13,18
010120,2026-05-13,19
277810,2026-05-13,20
000660,2026-05-14,1
005930,2026-05-14,2
005380,2026-05-14,3
402340,2026-05-14,4
009150,2026-05-14,5
005935,2026-05-14,6
012330,2026-05-14,7
010170,2026-05-14,8
066570,2026-05-14,9
307950,2026-05-14,10
034020,2026-05-14,11
034220,2026-05-14,12
012200,2026-05-14,13
196170,2026-05-14,14
006400,2026-05-14,15
000270,2026-05-14,16
001440,2026-05-14,17
038500,2026-05-14,18
439960,2026-05-14,19
042700,2026-05-14,20
000660,2026-05-15,1
005930,2026-05-15,2
005380,2026-05-15,3
402340,2026-05-15,4
005935,2026-05-15,5
066570,2026-05-15,6
064400,2026-05-15,7
012330,2026-05-15,8
080220,2026-05-15,9
010170,2026-05-15,10
009150,2026-05-15,11
322000,2026-05-15,12
001440,2026-05-15,13
034020,2026-05-15,14
047040,2026-05-15,15
100790,2026-05-15,16
329180,2026-05-15,17
006400,2026-05-15,18
034220,2026-05-15,19
042700,2026-05-15,20
000660,2026-05-18,1
005930,2026-05-18,2
005380,2026-05-18,3
439960,2026-05-18,4
066570,2026-05-18,5
009150,2026-05-18,6
402340,2026-05-18,7
454910,2026-05-18,8
005935,2026-05-18,9
080220,2026-05-18,10
090710,2026-05-18,11
006400,2026-05-18,12
067310,2026-05-18,13
487580,2026-05-18,14
064400,2026-05-18,15
012330,2026-05-18,16
001740,2026-05-18,17
034020,2026-05-18,18
034220,2026-05-18,19
036930,2026-05-18,20
000660,2026-05-19,1
005930,2026-05-19,2
005380,2026-05-19,3
009150,2026-05-19,4
402340,2026-05-19,5
005935,2026-05-19,6
066570,2026-05-19,7
080220,2026-05-19,8
042700,2026-05-19,9
027360,2026-05-19,10
036930,2026-05-19,11
100790,2026-05-19,12
439960,2026-05-19,13
010170,2026-05-19,14
012330,2026-05-19,15
010120,2026-05-19,16
034020,2026-05-19,17
001740,2026-05-19,18
047040,2026-05-19,19
454910,2026-05-19,20
005930,2026-05-20,1
000660,2026-05-20,2
005380,2026-05-20,3
439960,2026-05-20,4
066570,2026-05-20,5
036930,2026-05-20,6
009150,2026-05-20,7
454910,2026-05-20,8
402340,2026-05-20,9
005935,2026-05-20,10
027360,2026-05-20,11
012330,2026-05-20,12
012450,2026-05-20,13
080220,2026-05-20,14
100790,2026-05-20,15
042700,2026-05-20,16
034020,2026-05-20,17
274090,2026-05-20,18
010120,2026-05-20,19
011070,2026-05-20,20
005930,2026-05-21,1
000660,2026-05-21,2
009150,2026-05-21,3
439960,2026-05-21,4
036930,2026-05-21,5
005380,2026-05-21,6
005935,2026-05-21,7
402340,2026-05-21,8
066570,2026-05-21,9
010170,2026-05-21,10
012330,2026-05-21,11
034020,2026-05-21,12
329180,2026-05-21,13
006400,2026-05-21,14
042700,2026-05-21,15
011070,2026-05-21,16
005490,2026-05-21,17
000270,2026-05-21,18
012450,2026-05-21,19
080220,2026-05-21,20
005930,2026-05-22,1
000660,2026-05-22,2
009150,2026-05-22,3
005380,2026-05-22,4
066570,2026-05-22,5
402340,2026-05-22,6
005935,2026-05-22,7
080220,2026-05-22,8
012330,2026-05-22,9
439960,2026-05-22,10
017900,2026-05-22,11
036930,2026-05-22,12
047040,2026-05-22,13
042700,2026-05-22,14
010120,2026-05-22,15
067310,2026-05-22,16
329180,2026-05-22,17
006340,2026-05-22,18
006400,2026-05-22,19
064400,2026-05-22,20
000660,2026-05-26,1
005930,2026-05-26,2
009150,2026-05-26,3
036930,2026-05-26,4
066570,2026-05-26,5
402340,2026-05-26,6
036540,2026-05-26,7
080220,2026-05-26,8
005380,2026-05-26,9
012330,2026-05-26,10
477850,2026-05-26,11
005935,2026-05-26,12
086520,2026-05-26,13
006400,2026-05-26,14
010170,2026-05-26,15
034020,2026-05-26,16
440110,2026-05-26,17
050890,2026-05-26,18
010120,2026-05-26,19
012450,2026-05-26,20
000660,2026-05-27,1
005930,2026-05-27,2
009150,2026-05-27,3
036930,2026-05-27,4
402340,2026-05-27,5
005380,2026-05-27,6
010170,2026-05-27,7
005935,2026-05-27,8
011070,2026-05-27,9
001740,2026-05-27,10
066570,2026-05-27,11
042660,2026-05-27,12
012330,2026-05-27,13
047040,2026-05-27,14
329180,2026-05-27,15
069540,2026-05-27,16
403870,2026-05-27,17
036540,2026-05-27,18
439960,2026-05-27,19
440110,2026-05-27,20
000660,2026-05-28,1
005930,2026-05-28,2
009150,2026-05-28,3
402340,2026-05-28,4
005935,2026-05-28,5
005380,2026-05-28,6
011070,2026-05-28,7
012330,2026-05-28,8
001740,2026-05-28,9
018260,2026-05-28,10
066570,2026-05-28,11
042700,2026-05-28,12
010170,2026-05-28,13
006400,2026-05-28,14
018880,2026-05-28,15
036930,2026-05-28,16
307950,2026-05-28,17
064400,2026-05-28,18
001820,2026-05-28,19
080220,2026-05-28,20
000660,2026-05-29,1
005930,2026-05-29,2
009150,2026-05-29,3
005380,2026-05-29,4
012330,2026-05-29,5
402340,2026-05-29,6
005935,2026-05-29,7
006400,2026-05-29,8
011070,2026-05-29,9
001820,2026-05-29,10
373220,2026-05-29,11
066570,2026-05-29,12
001740,2026-05-29,13
347850,2026-05-29,14
010170,2026-05-29,15
036930,2026-05-29,16
042700,2026-05-29,17
034220,2026-05-29,18
035420,2026-05-29,19
010120,2026-05-29,20
000660,2026-06-01,1
005930,2026-06-01,2
009150,2026-06-01,3
066570,2026-06-01,4
005380,2026-06-01,5
005935,2026-06-01,6
011070,2026-06-01,7
035420,2026-06-01,8
402340,2026-06-01,9
012330,2026-06-01,10
006400,2026-06-01,11
018260,2026-06-01,12
001820,2026-06-01,13
034220,2026-06-01,14
064400,2026-06-01,15
307950,2026-06-01,16
003550,2026-06-01,17
373220,2026-06-01,18
329180,2026-06-01,19
036930,2026-06-01,20
005930,2026-06-02,1
000660,2026-06-02,2
035420,2026-06-02,3
005935,2026-06-02,4
009150,2026-06-02,5
011070,2026-06-02,6
005380,2026-06-02,7
066570,2026-06-02,8
064400,2026-06-02,9
402340,2026-06-02,10
012330,2026-06-02,11
018260,2026-06-02,12
003550,2026-06-02,13
034220,2026-06-02,14
307950,2026-06-02,15
011790,2026-06-02,16
010120,2026-06-02,17
006400,2026-06-02,18
108490,2026-06-02,19
035720,2026-06-02,20
005930,2026-06-04,1
000660,2026-06-04,2
066570,2026-06-04,3
009150,2026-06-04,4
035420,2026-06-04,5
005935,2026-06-04,6
005380,2026-06-04,7
454910,2026-06-04,8
402340,2026-06-04,9
011070,2026-06-04,10
034220,2026-06-04,11
017670,2026-06-04,12
064400,2026-06-04,13
012330,2026-06-04,14
036930,2026-06-04,15
373220,2026-06-04,16
043260,2026-06-04,17
006400,2026-06-04,18
018260,2026-06-04,19
034020,2026-06-04,20
005930,2026-06-05,1
000660,2026-06-05,2
009150,2026-06-05,3
005935,2026-06-05,4
036930,2026-06-05,5
066570,2026-06-05,6
402340,2026-06-05,7
035420,2026-06-05,8
005380,2026-06-05,9
042700,2026-06-05,10
028260,2026-06-05,11
043260,2026-06-05,12
454910,2026-06-05,13
011070,2026-06-05,14
012330,2026-06-05,15
032830,2026-06-05,16
010170,2026-06-05,17
064400,2026-06-05,18
012450,2026-06-05,19
001740,2026-06-05,20
000660,2026-06-08,1
005930,2026-06-08,2
009150,2026-06-08,3
066570,2026-06-08,4
005935,2026-06-08,5
402340,2026-06-08,6
011070,2026-06-08,7
005380,2026-06-08,8
454910,2026-06-08,9
035420,2026-06-08,10
0134X0,2026-06-08,11
012330,2026-06-08,12
090360,2026-06-08,13
036930,2026-06-08,14
105560,2026-06-08,15
403870,2026-06-08,16
240810,2026-06-08,17
001440,2026-06-08,18
055550,2026-06-08,19
028260,2026-06-08,20
000660,2026-06-09,1
005930,2026-06-09,2
035420,2026-06-09,3
009150,2026-06-09,4
066570,2026-06-09,5
402340,2026-06-09,6
005935,2026-06-09,7
005380,2026-06-09,8
001740,2026-06-09,9
0117P0,2026-06-09,10
011070,2026-06-09,11
454910,2026-06-09,12
017670,2026-06-09,13
012330,2026-06-09,14
080220,2026-06-09,15
036930,2026-06-09,16
105560,2026-06-09,17
034020,2026-06-09,18
006400,2026-06-09,19
090360,2026-06-09,20
000660,2026-06-10,1
005930,2026-06-10,2
009150,2026-06-10,3
035420,2026-06-10,4
066570,2026-06-10,5
005935,2026-06-10,6
402340,2026-06-10,7
005380,2026-06-10,8
011070,2026-06-10,9
001740,2026-06-10,10
012330,2026-06-10,11
403870,2026-06-10,12
089030,2026-06-10,13
010170,2026-06-10,14
036930,2026-06-10,15
017670,2026-06-10,16
000270,2026-06-10,17
043260,2026-06-10,18
064400,2026-06-10,19
006400,2026-06-10,20
000660,2026-06-11,1
005930,2026-06-11,2
009150,2026-06-11,3
005380,2026-06-11,4
402340,2026-06-11,5
036930,2026-06-11,6
005935,2026-06-11,7
066570,2026-06-11,8
035420,2026-06-11,9
011070,2026-06-11,10
093370,2026-06-11,11
012330,2026-06-11,12
001740,2026-06-11,13
089030,2026-06-11,14
178320,2026-06-11,15
403870,2026-06-11,16
010120,2026-06-11,17
000270,2026-06-11,18
329180,2026-06-11,19
042700,2026-06-11,20
000660,2026-06-12,1
005930,2026-06-12,2
009150,2026-06-12,3
036930,2026-06-12,4
402340,2026-06-12,5
005380,2026-06-12,6
005935,2026-06-12,7
066570,2026-06-12,8
035420,2026-06-12,9
240810,2026-06-12,10
100790,2026-06-12,11
403870,2026-06-12,12
011070,2026-06-12,13
042700,2026-06-12,14
329180,2026-06-12,15
006800,2026-06-12,16
012330,2026-06-12,17
196170,2026-06-12,18
222800,2026-06-12,19
319400,2026-06-12,20
000660,2026-06-15,1
005930,2026-06-15,2
009150,2026-06-15,3
402340,2026-06-15,4
042700,2026-06-15,5
036930,2026-06-15,6
035420,2026-06-15,7
403870,2026-06-15,8
058470,2026-06-15,9
005935,2026-06-15,10
005380,2026-06-15,11
066570,2026-06-15,12
240810,2026-06-15,13
012330,2026-06-15,14
089030,2026-06-15,15
267260,2026-06-15,16
011070,2026-06-15,17
010120,2026-06-15,18
353200,2026-06-15,19
039030,2026-06-15,20
000660,2026-06-16,1
005930,2026-06-16,2
009150,2026-06-16,3
403870,2026-06-16,4
402340,2026-06-16,5
005380,2026-06-16,6
005935,2026-06-16,7
066570,2026-06-16,8
011070,2026-06-16,9
036930,2026-06-16,10
204320,2026-06-16,11
475150,2026-06-16,12
035420,2026-06-16,13
089030,2026-06-16,14
010120,2026-06-16,15
018880,2026-06-16,16
042700,2026-06-16,17
080220,2026-06-16,18
093370,2026-06-16,19
267260,2026-06-16,20
000660,2026-06-17,1
005930,2026-06-17,2
009150,2026-06-17,3
047040,2026-06-17,4
402340,2026-06-17,5
475150,2026-06-17,6
079550,2026-06-17,7
005380,2026-06-17,8
403870,2026-06-17,9
005935,2026-06-17,10
011070,2026-06-17,11
035420,2026-06-17,12
036930,2026-06-17,13
012450,2026-06-17,14
066570,2026-06-17,15
028050,2026-06-17,16
042700,2026-06-17,17
034020,2026-06-17,18
012330,2026-06-17,19
204320,2026-06-17,20
000660,2026-06-18,1
005930,2026-06-18,2
402340,2026-06-18,3
009150,2026-06-18,4
080220,2026-06-18,5
042660,2026-06-18,6
005935,2026-06-18,7
403870,2026-06-18,8
006340,2026-06-18,9
347850,2026-06-18,10
005380,2026-06-18,11
036930,2026-06-18,12
047040,2026-06-18,13
240810,2026-06-18,14
475150,2026-06-18,15
001440,2026-06-18,16
011070,2026-06-18,17
012450,2026-06-18,18
079550,2026-06-18,19
066570,2026-06-18,20
000660,2026-06-19,1
005930,2026-06-19,2
009150,2026-06-19,3
402340,2026-06-19,4
005935,2026-06-19,5
011070,2026-06-19,6
080220,2026-06-19,7
001820,2026-06-19,8
403870,2026-06-19,9
005380,2026-06-19,10
034020,2026-06-19,11
066570,2026-06-19,12
036930,2026-06-19,13
035420,2026-06-19,14
012450,2026-06-19,15
006340,2026-06-19,16
010170,2026-06-19,17
011790,2026-06-19,18
475150,2026-06-19,19
047040,2026-06-19,20
000660,2026-06-22,1
005930,2026-06-22,2
009150,2026-06-22,3
402340,2026-06-22,4
005935,2026-06-22,5
042700,2026-06-22,6
005380,2026-06-22,7
080220,2026-06-22,8
0165X0,2026-06-22,9
011070,2026-06-22,10
028260,2026-06-22,11
010120,2026-06-22,12
066570,2026-06-22,13
403870,2026-06-22,14
012330,2026-06-22,15
006400,2026-06-22,16
036930,2026-06-22,17
012450,2026-06-22,18
035420,2026-06-22,19
034020,2026-06-22,20
000660,2026-06-23,1
005930,2026-06-23,2
402340,2026-06-23,3
009150,2026-06-23,4
080220,2026-06-23,5
005935,2026-06-23,6
066570,2026-06-23,7
005380,2026-06-23,8
403870,2026-06-23,9
009155,2026-06-23,10
028260,2026-06-23,11
036930,2026-06-23,12
067310,2026-06-23,13
011070,2026-06-23,14
240810,2026-06-23,15
042700,2026-06-23,16
012330,2026-06-23,17
032830,2026-06-23,18
042660,2026-06-23,19
006400,2026-06-23,20
000660,2026-06-24,1
005930,2026-06-24,2
402340,2026-06-24,3
009150,2026-06-24,4
005935,2026-06-24,5
005380,2026-06-24,6
080220,2026-06-24,7
034730,2026-06-24,8
011070,2026-06-24,9
028260,2026-06-24,10
034020,2026-06-24,11
066570,2026-06-24,12
010120,2026-06-24,13
035420,2026-06-24,14
006400,2026-06-24,15
012330,2026-06-24,16
042700,2026-06-24,17
320000,2026-06-24,18
032830,2026-06-24,19
298040,2026-06-24,20
000660,2026-06-25,1
005930,2026-06-25,2
402340,2026-06-25,3
009150,2026-06-25,4
005935,2026-06-25,5
005380,2026-06-25,6
028260,2026-06-25,7
080220,2026-06-25,8
011070,2026-06-25,9
032830,2026-06-25,10
196170,2026-06-25,11
066570,2026-06-25,12
035420,2026-06-25,13
006400,2026-06-25,14
034020,2026-06-25,15
012330,2026-06-25,16
042700,2026-06-25,17
036930,2026-06-25,18
105560,2026-06-25,19
034730,2026-06-25,20
000660,2026-06-26,1
005930,2026-06-26,2
402340,2026-06-26,3
005935,2026-06-26,4
009150,2026-06-26,5
034730,2026-06-26,6
028260,2026-06-26,7
005380,2026-06-26,8
036930,2026-06-26,9
080220,2026-06-26,10
475150,2026-06-26,11
196170,2026-06-26,12
012450,2026-06-26,13
011070,2026-06-26,14
032830,2026-06-26,15
034020,2026-06-26,16
001740,2026-06-26,17
042700,2026-06-26,18
066570,2026-06-26,19
298040,2026-06-26,20
000660,2026-06-29,1
005930,2026-06-29,2
009150,2026-06-29,3
402340,2026-06-29,4
005935,2026-06-29,5
005380,2026-06-29,6
034730,2026-06-29,7
240810,2026-06-29,8
036930,2026-06-29,9
011070,2026-06-29,10
034020,2026-06-29,11
028260,2026-06-29,12
066570,2026-06-29,13
080220,2026-06-29,14
012450,2026-06-29,15
035420,2026-06-29,16
079650,2026-06-29,17
006400,2026-06-29,18
403870,2026-06-29,19
475150,2026-06-29,20
000660,2026-06-30,1
005930,2026-06-30,2
402340,2026-06-30,3
009150,2026-06-30,4
153890,2026-06-30,5
005935,2026-06-30,6
005380,2026-06-30,7
475150,2026-06-30,8
036930,2026-06-30,9
006400,2026-06-30,10
034020,2026-06-30,11
028260,2026-06-30,12
034730,2026-06-30,13
086520,2026-06-30,14
373220,2026-06-30,15
240810,2026-06-30,16
403870,2026-06-30,17
066570,2026-06-30,18
012450,2026-06-30,19
196170,2026-06-30,20
000660,2026-07-01,1
005930,2026-07-01,2
009150,2026-07-01,3
402340,2026-07-01,4
005935,2026-07-01,5
036930,2026-07-01,6
240810,2026-07-01,7
0164H0,2026-07-01,8
005380,2026-07-01,9
028260,2026-07-01,10
475150,2026-07-01,11
002990,2026-07-01,12
034730,2026-07-01,13
403870,2026-07-01,14
006400,2026-07-01,15
066570,2026-07-01,16
086520,2026-07-01,17
010120,2026-07-01,18
373220,2026-07-01,19
080220,2026-07-01,20
000660,2026-07-02,1
005930,2026-07-02,2
402340,2026-07-02,3
009150,2026-07-02,4
036930,2026-07-02,5
0039P0,2026-07-02,6
240810,2026-07-02,7
475150,2026-07-02,8
005935,2026-07-02,9
403870,2026-07-02,10
010120,2026-07-02,11
007660,2026-07-02,12
005380,2026-07-02,13
006340,2026-07-02,14
042700,2026-07-02,15
028260,2026-07-02,16
034730,2026-07-02,17
000990,2026-07-02,18
086520,2026-07-02,19
028050,2026-07-02,20
000660,2026-07-03,1
005930,2026-07-03,2
402340,2026-07-03,3
009150,2026-07-03,4
005935,2026-07-03,5
036930,2026-07-03,6
005380,2026-07-03,7
006340,2026-07-03,8
002990,2026-07-03,9
012450,2026-07-03,10
240810,2026-07-03,11
066570,2026-07-03,12
105560,2026-07-03,13
042660,2026-07-03,14
010120,2026-07-03,15
042700,2026-07-03,16
475150,2026-07-03,17
028260,2026-07-03,18
012330,2026-07-03,19
403870,2026-07-03,20
000660,2026-07-06,1
005930,2026-07-06,2
009150,2026-07-06,3
402340,2026-07-06,4
005935,2026-07-06,5
036930,2026-07-06,6
005380,2026-07-06,7
006340,2026-07-06,8
403870,2026-07-06,9
012450,2026-07-06,10
010120,2026-07-06,11
240810,2026-07-06,12
055550,2026-07-06,13
028260,2026-07-06,14
066570,2026-07-06,15
105560,2026-07-06,16
034020,2026-07-06,17
011070,2026-07-06,18
477850,2026-07-06,19
034730,2026-07-06,20
000660,2026-07-07,1
005930,2026-07-07,2
009150,2026-07-07,3
402340,2026-07-07,4
365660,2026-07-07,5
005935,2026-07-07,6
042660,2026-07-07,7
005380,2026-07-07,8
036930,2026-07-07,9
000270,2026-07-07,10
028260,2026-07-07,11
002990,2026-07-07,12
012330,2026-07-07,13
066570,2026-07-07,14
034020,2026-07-07,15
240810,2026-07-07,16
006400,2026-07-07,17
006340,2026-07-07,18
105560,2026-07-07,19
477850,2026-07-07,20
000660,2026-07-08,1
005930,2026-07-08,2
009150,2026-07-08,3
402340,2026-07-08,4
005935,2026-07-08,5
042660,2026-07-08,6
002990,2026-07-08,7
005380,2026-07-08,8
036930,2026-07-08,9
347850,2026-07-08,10
066570,2026-07-08,11
105560,2026-07-08,12
011070,2026-07-08,13
365660,2026-07-08,14
034730,2026-07-08,15
028260,2026-07-08,16
329180,2026-07-08,17
006400,2026-07-08,18
012330,2026-07-08,19
035420,2026-07-08,20
000660,2026-07-09,1
005930,2026-07-09,2
009150,2026-07-09,3
402340,2026-07-09,4
005935,2026-07-09,5
066570,2026-07-09,6
005380,2026-07-09,7
105560,2026-07-09,8
365660,2026-07-09,9
010120,2026-07-09,10
034020,2026-07-09,11
000270,2026-07-09,12
036930,2026-07-09,13
042660,2026-07-09,14
298040,2026-07-09,15
011070,2026-07-09,16
028260,2026-07-09,17
006400,2026-07-09,18
267260,2026-07-09,19
477850,2026-07-09,20
000660,2026-07-10,1
005930,2026-07-10,2
009150,2026-07-10,3
402340,2026-07-10,4
005935,2026-07-10,5
005380,2026-07-10,6
002990,2026-07-10,7
105560,2026-07-10,8
066570,2026-07-10,9
028260,2026-07-10,10
042660,2026-07-10,11
036930,2026-07-10,12
011070,2026-07-10,13
042700,2026-07-10,14
034020,2026-07-10,15
012450,2026-07-10,16
032830,2026-07-10,17
010120,2026-07-10,18
006400,2026-07-10,19
024060,2026-07-10,20
000660,2026-07-13,1
005930,2026-07-13,2
009150,2026-07-13,3
402340,2026-07-13,4
005935,2026-07-13,5
036930,2026-07-13,6
002990,2026-07-13,7
105560,2026-07-13,8
010170,2026-07-13,9
240810,2026-07-13,10
011070,2026-07-13,11
353200,2026-07-13,12
005380,2026-07-13,13
012450,2026-07-13,14
032830,2026-07-13,15
066570,2026-07-13,16
034020,2026-07-13,17
087010,2026-07-13,18
080220,2026-07-13,19
319660,2026-07-13,20
000660,2026-07-14,1
005930,2026-07-14,2
009150,2026-07-14,3
402340,2026-07-14,4
005935,2026-07-14,5
387690,2026-07-14,6
066570,2026-07-14,7
036930,2026-07-14,8
105560,2026-07-14,9
240810,2026-07-14,10
475150,2026-07-14,11
005380,2026-07-14,12
006400,2026-07-14,13
011070,2026-07-14,14
319660,2026-07-14,15
034020,2026-07-14,16
353200,2026-07-14,17
028260,2026-07-14,18
010120,2026-07-14,19
095610,2026-07-14,20
000660,2026-07-15,1
005930,2026-07-15,2
009150,2026-07-15,3
402340,2026-07-15,4
005935,2026-07-15,5
005380,2026-07-15,6
036930,2026-07-15,7
105560,2026-07-15,8
006340,2026-07-15,9
196170,2026-07-15,10
066570,2026-07-15,11
006400,2026-07-15,12
034020,2026-07-15,13
240810,2026-07-15,14
028260,2026-07-15,15
000150,2026-07-15,16
011070,2026-07-15,17
329180,2026-07-15,18
012450,2026-07-15,19
475150,2026-07-15,20
000660,2026-07-16,1
005930,2026-07-16,2
402340,2026-07-16,3
009150,2026-07-16,4
036930,2026-07-16,5
042700,2026-07-16,6
005935,2026-07-16,7
005380,2026-07-16,8
080220,2026-07-16,9
240810,2026-07-16,10
105560,2026-07-16,11
475150,2026-07-16,12
006400,2026-07-16,13
066570,2026-07-16,14
028260,2026-07-16,15
353200,2026-07-16,16
006340,2026-07-16,17
012450,2026-07-16,18
329180,2026-07-16,19
196170,2026-07-16,20
000660,2026-07-20,1
005930,2026-07-20,2
402340,2026-07-20,3
009150,2026-07-20,4
005935,2026-07-20,5
042700,2026-07-20,6
005380,2026-07-20,7
066570,2026-07-20,8
240810,2026-07-20,9
105560,2026-07-20,10
042660,2026-07-20,11
096770,2026-07-20,12
028260,2026-07-20,13
036930,2026-07-20,14
475150,2026-07-20,15
006400,2026-07-20,16
353200,2026-07-20,17
004310,2026-07-20,18
034020,2026-07-20,19
055550,2026-07-20,20
000660,2026-07-21,1
005930,2026-07-21,2
009150,2026-07-21,3
402340,2026-07-21,4
005935,2026-07-21,5
475150,2026-07-21,6
012450,2026-07-21,7
005380,2026-07-21,8
105560,2026-07-21,9
240810,2026-07-21,10
036930,2026-07-21,11
028260,2026-07-21,12
066570,2026-07-21,13
034020,2026-07-21,14
042660,2026-07-21,15
042700,2026-07-21,16
032830,2026-07-21,17
086790,2026-07-21,18
006400,2026-07-21,19
012330,2026-07-21,20
000660,2026-07-22,1
005930,2026-07-22,2
402340,2026-07-22,3
009150,2026-07-22,4
005935,2026-07-22,5
005380,2026-07-22,6
475150,2026-07-22,7
000250,2026-07-22,8
028260,2026-07-22,9
036930,2026-07-22,10
032830,2026-07-22,11
066570,2026-07-22,12
105560,2026-07-22,13
034020,2026-07-22,14
035420,2026-07-22,15
042700,2026-07-22,16
012450,2026-07-22,17
012330,2026-07-22,18
353200,2026-07-22,19
006400,2026-07-22,20
000660,2026-07-23,1
005930,2026-07-23,2
009150,2026-07-23,3
402340,2026-07-23,4
475150,2026-07-23,5
005935,2026-07-23,6
005380,2026-07-23,7
066570,2026-07-23,8
012330,2026-07-23,9
240810,2026-07-23,10
036930,2026-07-23,11
006340,2026-07-23,12
034020,2026-07-23,13
277810,2026-07-23,14
042700,2026-07-23,15
028260,2026-07-23,16
012450,2026-07-23,17
035420,2026-07-23,18
017670,2026-07-23,19
080220,2026-07-23,20
000660,2026-07-24,1
005930,2026-07-24,2
475150,2026-07-24,3
009150,2026-07-24,4
402340,2026-07-24,5
005935,2026-07-24,6
035420,2026-07-24,7
006340,2026-07-24,8
028050,2026-07-24,9
005380,2026-07-24,10
010120,2026-07-24,11
006360,2026-07-24,12
036930,2026-07-24,13
017670,2026-07-24,14
042700,2026-07-24,15
100090,2026-07-24,16
096770,2026-07-24,17
006400,2026-07-24,18
066570,2026-07-24,19
439960,2026-07-24,20
000660,2026-07-27,1
005930,2026-07-27,2
475150,2026-07-27,3
402340,2026-07-27,4
009150,2026-07-27,5
322000,2026-07-27,6
005935,2026-07-27,7
0156T0,2026-07-27,8
950160,2026-07-27,9
017670,2026-07-27,10
100090,2026-07-27,11
005380,2026-07-27,12
010060,2026-07-27,13
207940,2026-07-27,14
012450,2026-07-27,15
010120,2026-07-27,16
028050,2026-07-27,17
035420,2026-07-27,18
066570,2026-07-27,19
036930,2026-07-27,20
000660,2026-07-28,1
005930,2026-07-28,2
402340,2026-07-28,3
009150,2026-07-28,4
475150,2026-07-28,5
035420,2026-07-28,6
005935,2026-07-28,7
017670,2026-07-28,8
950160,2026-07-28,9
005380,2026-07-28,10
006340,2026-07-28,11
036930,2026-07-28,12
042660,2026-07-28,13
012450,2026-07-28,14
207940,2026-07-28,15
316140,2026-07-28,16
066570,2026-07-28,17
319400,2026-07-28,18
064350,2026-07-28,19
012330,2026-07-28,20
000660,2026-07-29,1
005930,2026-07-29,2
009150,2026-07-29,3
402340,2026-07-29,4
005935,2026-07-29,5
035420,2026-07-29,6
475150,2026-07-29,7
005380,2026-07-29,8
413630,2026-07-29,9
207940,2026-07-29,10
068270,2026-07-29,11
105560,2026-07-29,12
017670,2026-07-29,13
006340,2026-07-29,14
028260,2026-07-29,15
006400,2026-07-29,16
439960,2026-07-29,17
012330,2026-07-29,18
329180,2026-07-29,19
034730,2026-07-29,20
000660,2026-07-30,1
005930,2026-07-30,2
009150,2026-07-30,3
005935,2026-07-30,4
402340,2026-07-30,5
005380,2026-07-30,6
035420,2026-07-30,7
068270,2026-07-30,8
267260,2026-07-30,9
034020,2026-07-30,10
475150,2026-07-30,11
105560,2026-07-30,12
036930,2026-07-30,13
028260,2026-07-30,14
066570,2026-07-30,15
012450,2026-07-30,16
012330,2026-07-30,17
010120,2026-07-30,18
042700,2026-07-30,19
000270,2026-07-30,20
000660,2026-07-31,1
005930,2026-07-31,2
009150,2026-07-31,3
402340,2026-07-31,4
005935,2026-07-31,5
005380,2026-07-31,6
035420,2026-07-31,7
068270,2026-07-31,8
475150,2026-07-31,9
036930,2026-07-31,10
105560,2026-07-31,11
006400,2026-07-31,12
028260,2026-07-31,13
042700,2026-07-31,14
267260,2026-07-31,15
298040,2026-07-31,16
012450,2026-07-31,17
042660,2026-07-31,18
010120,2026-07-31,19
034020,2026-07-31,20
000660,2026-08-03,1
005930,2026-08-03,2
005935,2026-08-03,3
402340,2026-08-03,4
009150,2026-08-03,5
042700,2026-08-03,6
028260,2026-08-03,7
475150,2026-08-03,8
005380,2026-08-03,9
035420,2026-08-03,10
010120,2026-08-03,11
036930,2026-08-03,12
066570,2026-08-03,13
011070,2026-08-03,14
006400,2026-08-03,15
105560,2026-08-03,16
298040,2026-08-03,17
012450,2026-08-03,18
034730,2026-08-03,19
080220,2026-08-03,20
000660,2026-08-04,1
005930,2026-08-04,2
009150,2026-08-04,3
402340,2026-08-04,4
005935,2026-08-04,5
005380,2026-08-04,6
439960,2026-08-04,7
058610,2026-08-04,8
036930,2026-08-04,9
475150,2026-08-04,10
010120,2026-08-04,11
298040,2026-08-04,12
012450,2026-08-04,13
012330,2026-08-04,14
105560,2026-08-04,15
011070,2026-08-04,16
000150,2026-08-04,17
042700,2026-08-04,18
353200,2026-08-04,19
277810,2026-08-04,20
000660,2026-08-05,1
005930,2026-08-05,2
009150,2026-08-05,3
402340,2026-08-05,4
475150,2026-08-05,5
035420,2026-08-05,6
005935,2026-08-05,7
012450,2026-08-05,8
005380,2026-08-05,9
017670,2026-08-05,10
006340,2026-08-05,11
196170,2026-08-05,12
066570,2026-08-05,13
032830,2026-08-05,14
119850,2026-08-05,15
034020,2026-08-05,16
036930,2026-08-05,17
042700,2026-08-05,18
006400,2026-08-05,19
298040,2026-08-05,20
000660,2026-08-06,1
005930,2026-08-06,2
009150,2026-08-06,3
402340,2026-08-06,4
006340,2026-08-06,5
010170,2026-08-06,6
005935,2026-08-06,7
475150,2026-08-06,8
347850,2026-08-06,9
278470,2026-08-06,10
035420,2026-08-06,11
009830,2026-08-06,12
066570,2026-08-06,13
005380,2026-08-06,14
011070,2026-08-06,15
950160,2026-08-06,16
032830,2026-08-06,17
017670,2026-08-06,18
196170,2026-08-06,19
298040,2026-08-06,20
000660,2026-08-07,1
005930,2026-08-07,2
009150,2026-08-07,3
402340,2026-08-07,4
005935,2026-08-07,5
012450,2026-08-07,6
477850,2026-08-07,7
079550,2026-08-07,8
006360,2026-08-07,9
278470,2026-08-07,10
196170,2026-08-07,11
298040,2026-08-07,12
035420,2026-08-07,13
005380,2026-08-07,14
047040,2026-08-07,15
222800,2026-08-07,16
347850,2026-08-07,17
066570,2026-08-07,18
073240,2026-08-07,19
475150,2026-08-07,20
000660,2026-08-10,1
005930,2026-08-10,2
009150,2026-08-10,3
009830,2026-08-10,4
402340,2026-08-10,5
005935,2026-08-10,6
035420,2026-08-10,7
006400,2026-08-10,8
010060,2026-08-10,9
475150,2026-08-10,10
066570,2026-08-10,11
214450,2026-08-10,12
010170,2026-08-10,13
017900,2026-08-10,14
012450,2026-08-10,15
005380,2026-08-10,16
035720,2026-08-10,17
068270,2026-08-10,18
298040,2026-08-10,19
055550,2026-08-10,20
000660,2026-08-11,1
005930,2026-08-11,2
009150,2026-08-11,3
010170,2026-08-11,4
080220,2026-08-11,5
402340,2026-08-11,6
196170,2026-08-11,7
005935,2026-08-11,8
012450,2026-08-11,9
009830,2026-08-11,10
329180,2026-08-11,11
036930,2026-08-11,12
006400,2026-08-11,13
066570,2026-08-11,14
005380,2026-08-11,15
006360,2026-08-11,16
010060,2026-08-11,17
035420,2026-08-11,18
017900,2026-08-11,19
079550,2026-08-11,20
005930,2026-08-12,1
000660,2026-08-12,2
009150,2026-08-12,3
036930,2026-08-12,4
402340,2026-08-12,5
005935,2026-08-12,6
009830,2026-08-12,7
080220,2026-08-12,8
006340,2026-08-12,9
196170,2026-08-12,10
010170,2026-08-12,11
001820,2026-08-12,12
058610,2026-08-12,13
068270,2026-08-12,14
105560,2026-08-12,15
012450,2026-08-12,16
475150,2026-08-12,17
006400,2026-08-12,18
240810,2026-08-12,19
066570,2026-08-12,20
005930,2026-08-13,1
000660,2026-08-13,2
009150,2026-08-13,3
402340,2026-08-13,4
066570,2026-08-13,5
005935,2026-08-13,6
036930,2026-08-13,7
006340,2026-08-13,8
012450,2026-08-13,9
161890,2026-08-13,10
002990,2026-08-13,11
257720,2026-08-13,12
006400,2026-08-13,13
068270,2026-08-13,14
011070,2026-08-13,15
035420,2026-08-13,16
240810,2026-08-13,17
483350,2026-08-13,18
222800,2026-08-13,19
080220,2026-08-13,20
005930,2026-08-14,1
000660,2026-08-14,2
009150,2026-08-14,3
005935,2026-08-14,4
402340,2026-08-14,5
002990,2026-08-14,6
487400,2026-08-14,7
475150,2026-08-14,8
001820,2026-08-14,9
035420,2026-08-14,10
036930,2026-08-14,11
012450,2026-08-14,12
066570,2026-08-14,13
005380,2026-08-14,14
006340,2026-08-14,15
017670,2026-08-14,16
105560,2026-08-14,17
196170,2026-08-14,18
332570,2026-08-14,19
080220,2026-08-14,20
000660,2026-08-18,1
005930,2026-08-18,2
009150,2026-08-18,3
402340,2026-08-18,4
005935,2026-08-18,5
005380,2026-08-18,6
080220,2026-08-18,7
066570,2026-08-18,8
017670,2026-08-18,9
319400,2026-08-18,10
950160,2026-08-18,11
125490,2026-08-18,12
006400,2026-08-18,13
036930,2026-08-18,14
475150,2026-08-18,15
012450,2026-08-18,16
042660,2026-08-18,17
012330,2026-08-18,18
487400,2026-08-18,19
034020,2026-08-18,20
000660,2026-08-19,1
005930,2026-08-19,2
009150,2026-08-19,3
005935,2026-08-19,4
402340,2026-08-19,5
950260,2026-08-19,6
036930,2026-08-19,7
005380,2026-08-19,8
066570,2026-08-19,9
403870,2026-08-19,10
067310,2026-08-19,11
006400,2026-08-19,12
080220,2026-08-19,13
012450,2026-08-19,14
475150,2026-08-19,15
011070,2026-08-19,16
017670,2026-08-19,17
093370,2026-08-19,18
034020,2026-08-19,19
035420,2026-08-19,20
000660,2026-08-20,1
005930,2026-08-20,2
009150,2026-08-20,3
402340,2026-08-20,4
005935,2026-08-20,5
950260,2026-08-20,6
012450,2026-08-20,7
403870,2026-08-20,8
025980,2026-08-20,9
475150,2026-08-20,10
005380,2026-08-20,11
006400,2026-08-20,12
036930,2026-08-20,13
066570,2026-08-20,14
257720,2026-08-20,15
007660,2026-08-20,16
017670,2026-08-20,17
035420,2026-08-20,18
105560,2026-08-20,19
108490,2026-08-20,20
000660,2026-08-21,1
005930,2026-08-21,2
009150,2026-08-21,3
402340,2026-08-21,4
005935,2026-08-21,5
475150,2026-08-21,6
002990,2026-08-21,7
196170,2026-08-21,8
950260,2026-08-21,9
012450,2026-08-21,10
403870,2026-08-21,11
105560,2026-08-21,12
035420,2026-08-21,13
006400,2026-08-21,14
950160,2026-08-21,15
005380,2026-08-21,16
032830,2026-08-21,17
028260,2026-08-21,18
237690,2026-08-21,19
042700,2026-08-21,20
005930,2026-08-24,1
000660,2026-08-24,2
005935,2026-08-24,3
009150,2026-08-24,4
402340,2026-08-24,5
002990,2026-08-24,6
950260,2026-08-24,7
035720,2026-08-24,8
032830,2026-08-24,9
001510,2026-08-24,10
001210,2026-08-24,11
028260,2026-08-24,12
035420,2026-08-24,13
282620,2026-08-24,14
012450,2026-08-24,15
017670,2026-08-24,16
079550,2026-08-24,17
105560,2026-08-24,18
034020,2026-08-24,19
010120,2026-08-24,20
005930,2026-08-25,1
000660,2026-08-25,2
005935,2026-08-25,3
009150,2026-08-25,4
402340,2026-08-25,5
035420,2026-08-25,6
006400,2026-08-25,7
417030,2026-08-25,8
128940,2026-08-25,9
008930,2026-08-25,10
032830,2026-08-25,11
028260,2026-08-25,12
017670,2026-08-25,13
278470,2026-08-25,14
005380,2026-08-25,15
950260,2026-08-25,16
035720,2026-08-25,17
373220,2026-08-25,18
005490,2026-08-25,19
066970,2026-08-25,20
000660,2026-08-26,1
005930,2026-08-26,2
005935,2026-08-26,3
009150,2026-08-26,4
402340,2026-08-26,5
034020,2026-08-26,6
128940,2026-08-26,7
041190,2026-08-26,8
000720,2026-08-26,9
005380,2026-08-26,10
278470,2026-08-26,11
035420,2026-08-26,12
006400,2026-08-26,13
000880,2026-08-26,14
403870,2026-08-26,15
0220W0,2026-08-26,16
012330,2026-08-26,17
036930,2026-08-26,18
028260,2026-08-26,19
052690,2026-08-26,20
005930,2026-08-27,1
000660,2026-08-27,2
005935,2026-08-27,3
009150,2026-08-27,4
034020,2026-08-27,5
402340,2026-08-27,6
096770,2026-08-27,7
005380,2026-08-27,8
047040,2026-08-27,9
032830,2026-08-27,10
950260,2026-08-27,11
128940,2026-08-27,12
000720,2026-08-27,13
012330,2026-08-27,14
196170,2026-08-27,15
052690,2026-08-27,16
006360,2026-08-27,17
015760,2026-08-27,18
010170,2026-08-27,19
003490,2026-08-27,20
000660,2026-08-28,1
005930,2026-08-28,2
009150,2026-08-28,3
005935,2026-08-28,4
006400,2026-08-28,5
402340,2026-08-28,6
005380,2026-08-28,7
047040,2026-08-28,8
010170,2026-08-28,9
257720,2026-08-28,10
034020,2026-08-28,11
012330,2026-08-28,12
010120,2026-08-28,13
222800,2026-08-28,14
298040,2026-08-28,15
0155E0,2026-08-28,16
000270,2026-08-28,17
267260,2026-08-28,18
062040,2026-08-28,19
035420,2026-08-28,20
000660,2026-08-31,1
005930,2026-08-31,2
009150,2026-08-31,3
005935,2026-08-31,4
002990,2026-08-31,5
402340,2026-08-31,6
034020,2026-08-31,7
001210,2026-08-31,8
006400,2026-08-31,9
035420,2026-08-31,10
298040,2026-08-31,11
196170,2026-08-31,12
001820,2026-08-31,13
005380,2026-08-31,14
267260,2026-08-31,15
030530,2026-08-31,16
207940,2026-08-31,17
278470,2026-08-31,18
041190,2026-08-31,19
105560,2026-08-31,20
000660,2026-09-01,1
005930,2026-09-01,2
009150,2026-09-01,3
011070,2026-09-01,4
005935,2026-09-01,5
402340,2026-09-01,6
105560,2026-09-01,7
028300,2026-09-01,8
006400,2026-09-01,9
034220,2026-09-01,10
001210,2026-09-01,11
002990,2026-09-01,12
0126Z0,2026-09-01,13
047050,2026-09-01,14
066570,2026-09-01,15
034020,2026-09-01,16
005380,2026-09-01,17
096770,2026-09-01,18
012330,2026-09-01,19
017670,2026-09-01,20
000660,2026-09-02,1
005930,2026-09-02,2
009150,2026-09-02,3
402340,2026-09-02,4
005935,2026-09-02,5
006400,2026-09-02,6
105560,2026-09-02,7
096770,2026-09-02,8
011070,2026-09-02,9
001210,2026-09-02,10
055550,2026-09-02,11
086790,2026-09-02,12
005380,2026-09-02,13
080220,2026-09-02,14
004310,2026-09-02,15
066970,2026-09-02,16
066570,2026-09-02,17
950260,2026-09-02,18
012330,2026-09-02,19
090460,2026-09-02,20
000660,2026-09-03,1
005930,2026-09-03,2
196170,2026-09-03,3
009150,2026-09-03,4
402340,2026-09-03,5
002990,2026-09-03,6
005935,2026-09-03,7
005380,2026-09-03,8
006400,2026-09-03,9
105560,2026-09-03,10
950260,2026-09-03,11
012330,2026-09-03,12
036930,2026-09-03,13
067290,2026-09-03,14
055550,2026-09-03,15
096770,2026-09-03,16
373220,2026-09-03,17
034020,2026-09-03,18
001820,2026-09-03,19
336260,2026-09-03,20
000660,2026-09-04,1
005930,2026-09-04,2
047050,2026-09-04,3
009150,2026-09-04,4
316140,2026-09-04,5
022100,2026-09-04,6
402340,2026-09-04,7
196170,2026-09-04,8
005935,2026-09-04,9
105560,2026-09-04,10
067290,2026-09-04,11
034020,2026-09-04,12
006400,2026-09-04,13
005380,2026-09-04,14
055550,2026-09-04,15
079650,2026-09-04,16
000810,2026-09-04,17
373220,2026-09-04,18
278470,2026-09-04,19
010140,2026-09-04,20
000660,2026-09-07,1
005930,2026-09-07,2
386380,2026-09-07,3
009150,2026-09-07,4
005935,2026-09-07,5
402340,2026-09-07,6
108490,2026-09-07,7
105560,2026-09-07,8
042700,2026-09-07,9
196170,2026-09-07,10
096770,2026-09-07,11
036930,2026-09-07,12
010950,2026-09-07,13
032940,2026-09-07,14
003490,2026-09-07,15
030530,2026-09-07,16
028260,2026-09-07,17
006400,2026-09-07,18
035420,2026-09-07,19
005380,2026-09-07,20
000660,2026-09-08,1
005930,2026-09-08,2
009150,2026-09-08,3
386380,2026-09-08,4
005935,2026-09-08,5
402340,2026-09-08,6
034020,2026-09-08,7
066570,2026-09-08,8
108490,2026-09-08,9
036930,2026-09-08,10
067290,2026-09-08,11
006400,2026-09-08,12
042700,2026-09-08,13
012210,2026-09-08,14
336260,2026-09-08,15
005380,2026-09-08,16
047040,2026-09-08,17
003230,2026-09-08,18
298040,2026-09-08,19
030530,2026-09-08,20
000660,2026-09-09,1
005930,2026-09-09,2
386380,2026-09-09,3
009150,2026-09-09,4
005935,2026-09-09,5
402340,2026-09-09,6
047040,2026-09-09,7
034020,2026-09-09,8
036930,2026-09-09,9
004310,2026-09-09,10
052690,2026-09-09,11
067290,2026-09-09,12
108490,2026-09-09,13
010170,2026-09-09,14
000720,2026-09-09,15
042700,2026-09-09,16
005380,2026-09-09,17
196170,2026-09-09,18
006400,2026-09-09,19
028260,2026-09-09,20
000660,2026-09-10,1
005930,2026-09-10,2
009150,2026-09-10,3
386380,2026-09-10,4
005935,2026-09-10,5
032820,2026-09-10,6
402340,2026-09-10,7
010170,2026-09-10,8
006400,2026-09-10,9
034020,2026-09-10,10
036930,2026-09-10,11
047040,2026-09-10,12
096770,2026-09-10,13
069540,2026-09-10,14
012210,2026-09-10,15
108490,2026-09-10,16
000500,2026-09-10,17
105560,2026-09-10,18
336260,2026-09-10,19
353200,2026-09-10,20
000660,2026-09-11,1
005930,2026-09-11,2
036930,2026-09-11,3
0197V0,2026-09-11,4
009150,2026-09-11,5
005935,2026-09-11,6
402340,2026-09-11,7
042700,2026-09-11,8
096770,2026-09-11,9
403870,2026-09-11,10
329180,2026-09-11,11
240810,2026-09-11,12
024060,2026-09-11,13
006400,2026-09-11,14
095610,2026-09-11,15
000990,2026-09-11,16
034020,2026-09-11,17
080220,2026-09-11,18
032820,2026-09-11,19
222800,2026-09-11,20
000660,2026-09-14,1
005930,2026-09-14,2
009150,2026-09-14,3
005935,2026-09-14,4
001820,2026-09-14,5
402340,2026-09-14,6
036930,2026-09-14,7
386380,2026-09-14,8
329180,2026-09-14,9
042700,2026-09-14,10
034020,2026-09-14,11
024060,2026-09-14,12
356680,2026-09-14,13
005380,2026-09-14,14
028260,2026-09-14,15
003350,2026-09-14,16
105560,2026-09-14,17
052690,2026-09-14,18
046970,2026-09-14,19
096770,2026-09-14,20
000660,2026-09-15,1
005930,2026-09-15,2
009150,2026-09-15,3
005935,2026-09-15,4
402340,2026-09-15,5
069540,2026-09-15,6
356680,2026-09-15,7
034020,2026-09-15,8
017900,2026-09-15,9
001820,2026-09-15,10
012450,2026-09-15,11
105560,2026-09-15,12
010170,2026-09-15,13
005380,2026-09-15,14
036930,2026-09-15,15
006400,2026-09-15,16
316140,2026-09-15,17
024060,2026-09-15,18
014950,2026-09-15,19
329180,2026-09-15,20
000660,2026-09-16,1
005930,2026-09-16,2
005935,2026-09-16,3
009150,2026-09-16,4
017900,2026-09-16,5
402340,2026-09-16,6
036930,2026-09-16,7
030530,2026-09-16,8
014950,2026-09-16,9
108490,2026-09-16,10
006400,2026-09-16,11
356680,2026-09-16,12
105560,2026-09-16,13
052690,2026-09-16,14
034020,2026-09-16,15
001820,2026-09-16,16
012450,2026-09-16,17
058610,2026-09-16,18
004310,2026-09-16,19
067290,2026-09-16,20
000660,2026-09-17,1
005930,2026-09-17,2
010170,2026-09-17,3
005935,2026-09-17,4
009150,2026-09-17,5
402340,2026-09-17,6
069540,2026-09-17,7
036930,2026-09-17,8
072950,2026-09-17,9
034020,2026-09-17,10
105560,2026-09-17,11
005380,2026-09-17,12
356680,2026-09-17,13
006400,2026-09-17,14
413630,2026-09-17,15
004310,2026-09-17,16
017900,2026-09-17,17
240810,2026-09-17,18
012450,2026-09-17,19
000150,2026-09-17,20
000660,2026-09-18,1
005930,2026-09-18,2
005935,2026-09-18,3
009150,2026-09-18,4
251270,2026-09-18,5
010170,2026-09-18,6
402340,2026-09-18,7
201490,2026-09-18,8
043260,2026-09-18,9
000150,2026-09-18,10
004310,2026-09-18,11
012450,2026-09-18,12
457370,2026-09-18,13
036930,2026-09-18,14
105560,2026-09-18,15
034020,2026-09-18,16
347700,2026-09-18,17
005380,2026-09-18,18
329180,2026-09-18,19
067310,2026-09-18,20
000660,2026-09-21,1
005930,2026-09-21,2
009150,2026-09-21,3
010170,2026-09-21,4
005935,2026-09-21,5
402340,2026-09-21,6
043260,2026-09-21,7
000500,2026-09-21,8
028050,2026-09-21,9
012450,2026-09-21,10
001440,2026-09-21,11
035420,2026-09-21,12
001820,2026-09-21,13
007660,2026-09-21,14
017900,2026-09-21,15
072950,2026-09-21,16
000150,2026-09-21,17
034020,2026-09-21,18
105560,2026-09-21,19
005380,2026-09-21,20
005930,2026-09-22,1
000660,2026-09-22,2
0161M0,2026-09-22,3
005935,2026-09-22,4
009150,2026-09-22,5
402340,2026-09-22,6
036540,2026-09-22,7
067310,2026-09-22,8
010170,2026-09-22,9
017900,2026-09-22,10
386380,2026-09-22,11
240810,2026-09-22,12
437730,2026-09-22,13
001820,2026-09-22,14
005380,2026-09-22,15
232140,2026-09-22,16
006400,2026-09-22,17
043260,2026-09-22,18
950260,2026-09-22,19
034020,2026-09-22,20
000660,2026-09-23,1
005930,2026-09-23,2
009150,2026-09-23,3
005935,2026-09-23,4
0200G0,2026-09-23,5
402340,2026-09-23,6
0161M0,2026-09-23,7
0209J0,2026-09-23,8
066570,2026-09-23,9
353200,2026-09-23,10
012210,2026-09-23,11
001440,2026-09-23,12
222800,2026-09-23,13
052690,2026-09-23,14
034020,2026-09-23,15
003490,2026-09-23,16
001820,2026-09-23,17
007810,2026-09-23,18
010170,2026-09-23,19
036930,2026-09-23,20
005930,2026-09-28,1
000660,2026-09-28,2
005935,2026-09-28,3
402340,2026-09-28,4
0010S0,2026-09-28,5
009150,2026-09-28,6
034020,2026-09-28,7
240810,2026-09-28,8
356680,2026-09-28,9
0161M0,2026-09-28,10
035420,2026-09-28,11
005380,2026-09-28,12
006400,2026-09-28,13
030530,2026-09-28,14
353200,2026-09-28,15
036930,2026-09-28,16
047040,2026-09-28,17
072950,2026-09-28,18
010170,2026-09-28,19
096770,2026-09-28,20
000660,2026-09-29,1
005930,2026-09-29,2
005935,2026-09-29,3
009150,2026-09-29,4
402340,2026-09-29,5
009830,2026-09-29,6
011070,2026-09-29,7
047040,2026-09-29,8
0010S0,2026-09-29,9
096770,2026-09-29,10
387690,2026-09-29,11
010170,2026-09-29,12
028260,2026-09-29,13
006400,2026-09-29,14
353200,2026-09-29,15
066570,2026-09-29,16
036930,2026-09-29,17
005380,2026-09-29,18
105560,2026-09-29,19
356680,2026-09-29,20
000660,2026-09-30,1
005930,2026-09-30,2
486510,2026-09-30,3
009150,2026-09-30,4
005935,2026-09-30,5
0035S0,2026-09-30,6
402340,2026-09-30,7
403870,2026-09-30,8
028300,2026-09-30,9
036930,2026-09-30,10
001820,2026-09-30,11
353200,2026-09-30,12
005380,2026-09-30,13
006400,2026-09-30,14
042700,2026-09-30,15
490470,2026-09-30,16
034020,2026-09-30,17
009830,2026-09-30,18
047040,2026-09-30,19
452190,2026-09-30,20
000660,2026-10-01,1
005930,2026-10-01,2
005935,2026-10-01,3
266690,2026-10-01,4
009150,2026-10-01,5
486510,2026-10-01,6
402340,2026-10-01,7
0035S0,2026-10-01,8
036930,2026-10-01,9
267260,2026-10-01,10
009830,2026-10-01,11
403870,2026-10-01,12
055550,2026-10-01,13
105560,2026-10-01,14
072950,2026-10-01,15
011070,2026-10-01,16
043260,2026-10-01,17
005380,2026-10-01,18
012330,2026-10-01,19
066570,2026-10-01,20
