code,date,pages
000020,2026-07-15,1
000020,2026-07-16,4
000100,2026-07-23,1
000100,2026-07-24,4
000100,2026-07-28,1
000100,2026-07-29,4
000100,2026-07-30,4
000100,2026-08-10,1
000100,2026-08-11,4
000100,2026-08-19,1
000100,2026-08-20,4
000150,2026-06-30,1
000150,2026-07-01,4
000150,2026-07-09,1
000150,2026-07-10,4
000150,2026-07-14,1
000150,2026-07-15,4
000150,2026-07-20,1
000150,2026-07-21,4
000150,2026-07-22,4
000150,2026-07-23,4
000150,2026-07-28,1
000150,2026-07-29,4
000150,2026-07-30,1
000150,2026-07-31,4
000150,2026-08-03,4
000150,2026-08-04,1
000150,2026-08-05,4
000150,2026-08-07,1
000150,2026-08-10,4
000150,2026-08-11,1
000150,2026-08-12,4
000150,2026-08-13,4
000150,2026-08-25,1
000150,2026-08-26,4
000150,2026-08-27,4
000150,2026-08-28,1
000150,2026-08-31,4
000150,2026-09-04,1
000150,2026-09-07,4
000150,2026-09-08,1
000150,2026-09-09,4
000150,2026-09-14,1
000150,2026-09-15,4
000150,2026-09-16,4
000150,2026-09-17,4
000150,2026-09-18,4
000150,2026-09-21,1
000150,2026-09-22,4
000250,2026-06-30,1
000250,2026-07-01,4
000250,2026-07-02,1
000250,2026-07-03,4
000250,2026-07-08,1
000250,2026-07-09,4
000250,2026-07-10,4
000250,2026-07-14,1
000250,2026-07-15,4
000250,2026-07-20,1
000250,2026-07-21,4
000250,2026-07-22,1
000250,2026-07-23,4
000250,2026-07-29,1
000250,2026-07-30,4
000250,2026-07-31,4
000250,2026-08-03,4
000250,2026-08-04,4
000250,2026-08-07,1
000250,2026-08-10,4
000250,2026-08-11,4
000250,2026-08-12,1
000250,2026-08-13,4
000250,2026-08-14,4
000250,2026-08-18,4
000250,2026-08-19,1
000250,2026-08-20,4
000270,2026-07-01,1
000270,2026-07-02,4
000270,2026-07-03,1
000270,2026-07-06,4
000270,2026-07-07,1
000270,2026-07-08,4
000270,2026-07-30,1
000270,2026-07-31,4
000490,2026-08-07,1
000490,2026-08-10,4
000490,2026-08-11,4
000490,2026-08-12,1
000490,2026-08-13,4
000500,2026-06-30,1
000500,2026-07-01,4
000500,2026-07-02,4
000500,2026-07-03,4
000500,2026-07-06,4
000500,2026-07-09,1
000500,2026-07-10,4
000500,2026-07-14,1
000500,2026-07-15,4
000500,2026-07-20,1
000500,2026-07-21,4
000500,2026-07-22,4
000500,2026-07-23,4
000500,2026-07-30,1
000500,2026-07-31,4
000500,2026-08-03,4
000500,2026-08-04,4
000500,2026-08-05,4
000500,2026-08-07,1
000500,2026-08-10,4
000500,2026-08-12,1
000500,2026-08-13,4
000500,2026-08-25,1
000500,2026-08-26,4
000500,2026-08-27,4
000500,2026-08-28,1
000500,2026-08-31,4
000500,2026-09-02,1
000500,2026-09-03,4
000500,2026-09-04,4
000500,2026-09-07,4
000500,2026-09-08,1
000500,2026-09-09,4
000500,2026-09-15,1
000500,2026-09-16,4
000500,2026-09-17,4
000500,2026-09-18,4
000500,2026-09-21,1
000500,2026-09-22,4
000660,2026-07-02,1
000660,2026-07-03,4
000660,2026-07-07,1
000660,2026-07-08,4
000660,2026-07-09,4
000660,2026-07-10,4
000660,2026-07-14,1
000660,2026-07-15,4
000660,2026-07-20,1
000660,2026-07-21,4
000660,2026-07-22,4
000660,2026-07-23,4
000660,2026-07-30,1
000660,2026-07-31,4
000660,2026-08-04,1
000660,2026-08-05,4
000660,2026-08-11,1
000660,2026-08-12,4
000660,2026-08-13,4
000660,2026-08-14,4
000660,2026-08-18,4
000660,2026-08-19,1
000660,2026-08-20,4
000660,2026-08-26,1
000660,2026-08-27,4
000660,2026-09-03,1
000660,2026-09-04,4
000660,2026-09-07,4
000660,2026-09-08,4
000660,2026-09-09,4
000660,2026-09-17,1
000660,2026-09-18,4
000670,2026-09-11,1
000670,2026-09-14,4
000670,2026-09-15,4
000720,2026-06-30,1
000720,2026-07-01,4
000720,2026-07-09,1
000720,2026-07-10,4
000720,2026-07-14,1
000720,2026-07-15,4
000720,2026-07-20,1
000720,2026-07-21,4
000720,2026-07-22,4
000720,2026-07-23,4
000720,2026-07-30,1
000720,2026-07-31,4
000720,2026-08-03,1
000720,2026-08-04,4
000720,2026-08-05,4
000720,2026-08-06,4
000720,2026-08-10,1
000720,2026-08-11,4
000720,2026-08-13,1
000720,2026-08-14,4
000720,2026-08-18,1
000720,2026-08-19,4
000720,2026-08-24,1
000720,2026-08-25,4
000720,2026-08-26,4
000720,2026-09-02,1
000720,2026-09-03,4
000720,2026-09-04,1
000720,2026-09-07,4
000720,2026-09-08,4
000720,2026-09-09,4
000720,2026-09-21,1
000720,2026-09-22,4
0007C0,2026-09-21,1
0007C0,2026-09-22,4
0007J0,2026-09-21,1
0007J0,2026-09-22,4
000810,2026-07-02,1
000810,2026-07-03,4
000810,2026-07-06,4
000810,2026-07-09,1
000810,2026-07-10,4
000810,2026-07-14,1
000810,2026-07-15,4
000810,2026-07-16,4
000810,2026-07-21,1
000810,2026-07-22,4
000810,2026-07-29,1
000810,2026-07-30,4
000810,2026-08-20,1
000810,2026-08-21,4
000810,2026-08-25,1
000810,2026-08-26,4
000810,2026-09-02,1
000810,2026-09-03,4
000810,2026-09-10,1
000810,2026-09-11,4
000880,2026-07-01,1
000880,2026-07-02,4
000880,2026-07-03,1
000880,2026-07-06,4
000880,2026-07-10,1
000880,2026-07-13,4
000880,2026-07-29,1
000880,2026-08-25,4
000880,2026-08-26,4
000880,2026-08-27,4
000880,2026-09-02,1
000880,2026-09-03,4
000990,2026-07-07,1
000990,2026-07-08,4
000990,2026-07-09,4
000990,2026-07-10,4
000990,2026-07-14,1
000990,2026-07-15,4
000990,2026-07-21,1
000990,2026-07-22,4
000990,2026-07-30,1
000990,2026-07-31,4
000990,2026-08-03,1
000990,2026-08-04,4
000990,2026-08-05,4
000990,2026-08-07,1
000990,2026-08-10,4
000990,2026-08-12,1
000990,2026-08-13,4
000990,2026-08-24,1
000990,2026-08-25,4
000990,2026-09-04,1
000990,2026-09-07,4
000990,2026-09-08,4
000990,2026-09-09,4
000990,2026-09-10,4
000990,2026-09-11,1
000990,2026-09-14,4
000990,2026-09-15,4
000990,2026-09-16,4
000990,2026-09-17,4
000990,2026-09-18,1
000990,2026-09-21,4
000990,2026-09-28,1
000990,2026-09-29,4
001040,2026-07-09,1
001040,2026-07-10,4
001040,2026-09-11,1
001040,2026-09-14,4
0010F0,2026-09-23,1
0010F0,2026-09-28,4
0010F0,2026-09-29,4
0011A0,2026-09-09,1
0011A0,2026-09-10,4
0011A0,2026-09-11,4
0011A0,2026-09-14,4
0011A0,2026-09-15,4
0011A0,2026-09-16,4
001210,2026-06-30,1
001210,2026-07-01,4
001210,2026-07-02,4
001210,2026-07-03,1
001210,2026-07-06,4
001210,2026-07-07,4
001210,2026-07-08,4
001210,2026-07-09,4
001210,2026-07-10,4
001210,2026-07-13,1
001210,2026-07-14,4
001210,2026-07-31,4
001210,2026-08-12,1
001210,2026-08-13,4
001210,2026-08-14,4
001210,2026-08-18,4
001210,2026-08-19,1
001210,2026-08-20,4
001210,2026-08-21,4
001210,2026-08-24,4
001210,2026-08-25,4
001210,2026-08-26,4
001210,2026-08-27,1
001210,2026-08-28,4
001210,2026-08-31,4
001210,2026-09-01,4
001210,2026-09-02,4
001210,2026-09-03,4
001210,2026-09-04,1
001210,2026-09-07,4
001210,2026-09-10,1
001210,2026-09-11,4
001210,2026-09-14,4
001210,2026-09-15,4
001210,2026-09-16,4
001210,2026-09-17,1
001210,2026-09-18,4
001260,2026-07-01,1
001260,2026-07-02,4
001260,2026-07-03,1
001260,2026-07-06,4
001260,2026-07-07,4
001290,2026-08-07,1
001290,2026-08-10,4
001440,2026-06-30,1
001440,2026-07-01,4
001440,2026-07-09,1
001440,2026-07-10,4
001440,2026-07-14,1
001440,2026-07-15,4
001440,2026-07-20,1
001440,2026-07-21,4
001440,2026-07-22,4
001440,2026-07-23,4
001440,2026-07-30,1
001440,2026-07-31,4
001440,2026-08-03,1
001440,2026-08-04,4
001440,2026-08-05,4
001440,2026-08-07,1
001440,2026-08-10,4
001440,2026-08-11,1
001440,2026-08-12,4
001440,2026-08-13,4
001440,2026-08-26,1
001440,2026-08-27,4
001440,2026-09-04,1
001440,2026-09-07,4
001440,2026-09-08,1
001440,2026-09-09,4
001440,2026-09-17,1
001440,2026-09-18,4
001440,2026-09-21,1
001440,2026-09-22,4
001450,2026-07-01,1
001450,2026-07-02,4
001450,2026-07-23,1
001450,2026-07-24,4
001450,2026-07-29,1
001450,2026-07-30,4
001450,2026-08-07,1
001450,2026-08-10,4
001450,2026-08-11,4
001450,2026-08-12,1
001450,2026-08-13,4
001450,2026-08-14,4
001450,2026-08-18,4
001450,2026-08-27,1
001450,2026-08-28,4
001450,2026-08-31,1
001450,2026-09-01,4
001450,2026-09-23,1
001450,2026-09-28,4
001510,2026-08-19,1
001510,2026-08-20,4
001510,2026-08-21,4
001510,2026-08-25,1
001510,2026-08-26,4
001550,2026-08-18,1
001550,2026-08-19,4
0015N0,2026-08-05,1
0015N0,2026-08-06,4
0015N0,2026-09-07,1
0015N0,2026-09-08,4
0015N0,2026-09-10,1
0015N0,2026-09-11,4
0015N0,2026-09-14,4
0015N0,2026-09-15,4
001740,2026-06-30,1
001740,2026-07-01,4
001820,2026-06-30,1
001820,2026-07-01,4
001820,2026-07-09,1
001820,2026-07-10,4
001820,2026-07-14,1
001820,2026-07-15,4
001820,2026-07-20,1
001820,2026-07-21,4
001820,2026-07-22,4
001820,2026-07-23,4
001820,2026-07-28,1
001820,2026-07-29,4
001820,2026-07-30,1
001820,2026-07-31,4
001820,2026-08-03,4
001820,2026-08-04,4
001820,2026-08-05,4
001820,2026-08-07,1
001820,2026-08-10,4
001820,2026-08-11,4
001820,2026-08-12,4
001820,2026-08-13,4
001820,2026-08-19,1
001820,2026-08-20,4
001820,2026-08-24,1
001820,2026-08-25,4
001820,2026-08-26,4
001820,2026-08-27,1
001820,2026-08-28,4
001820,2026-09-01,1
001820,2026-09-02,4
001820,2026-09-03,1
001820,2026-09-04,4
001820,2026-09-07,4
001820,2026-09-08,1
001820,2026-09-09,4
001820,2026-09-10,1
001820,2026-09-11,4
001820,2026-09-14,1
001820,2026-09-15,4
001820,2026-09-17,1
001820,2026-09-18,4
001820,2026-09-21,4
001820,2026-09-22,4
001820,2026-09-28,1
001820,2026-09-29,4
002140,2026-07-20,1
002140,2026-07-21,4
002140,2026-07-22,1
002140,2026-07-23,4
002140,2026-07-24,4
002140,2026-07-27,1
002140,2026-07-28,4
002380,2026-08-20,1
002380,2026-08-21,4
002700,2026-07-03,1
002700,2026-07-06,4
002700,2026-07-10,1
002700,2026-07-13,4
002700,2026-07-15,1
002700,2026-07-16,4
002780,2026-07-02,1
002780,2026-07-03,4
002780,2026-07-06,4
002780,2026-07-07,1
002780,2026-07-08,4
002990,2026-06-30,1
002990,2026-07-01,4
002990,2026-07-02,4
002990,2026-07-03,4
002990,2026-07-06,4
002990,2026-07-07,4
002990,2026-07-09,4
002990,2026-07-10,4
002990,2026-07-13,1
002990,2026-07-14,4
002990,2026-07-15,4
002990,2026-07-21,1
002990,2026-07-22,4
002990,2026-07-23,4
002990,2026-07-29,1
002990,2026-07-30,4
002990,2026-07-31,4
002990,2026-08-03,4
002990,2026-08-04,4
002990,2026-08-05,4
002990,2026-08-10,1
002990,2026-08-11,4
002990,2026-08-12,4
002990,2026-08-13,4
002990,2026-08-14,4
002990,2026-08-18,4
002990,2026-08-19,1
002990,2026-08-20,4
002990,2026-08-21,4
002990,2026-08-24,4
002990,2026-08-25,4
002990,2026-08-26,4
002990,2026-08-27,1
002990,2026-08-28,4
002990,2026-08-31,4
002990,2026-09-01,1
002990,2026-09-02,4
002990,2026-09-17,1
002990,2026-09-18,4
002990,2026-09-21,1
002990,2026-09-22,4
003000,2026-08-31,1
003000,2026-09-01,4
003010,2026-08-06,1
003010,2026-08-07,4
003010,2026-08-10,4
003010,2026-08-11,4
003010,2026-08-14,1
003010,2026-08-18,4
003160,2026-08-31,1
003160,2026-09-01,4
003160,2026-09-02,4
003160,2026-09-03,4
003160,2026-09-04,4
003160,2026-09-18,1
003160,2026-09-21,4
003160,2026-09-22,1
003160,2026-09-23,4
003230,2026-07-01,1
003230,2026-07-02,4
003230,2026-07-06,1
003230,2026-07-07,4
003230,2026-07-09,1
003230,2026-07-10,4
003230,2026-07-20,1
003230,2026-07-21,4
003230,2026-07-24,1
003230,2026-07-27,4
003230,2026-07-28,1
003230,2026-07-29,4
003230,2026-07-30,4
003230,2026-08-03,1
003230,2026-08-04,4
003230,2026-08-06,1
003230,2026-08-07,4
003230,2026-08-13,1
003230,2026-08-14,4
003230,2026-08-18,4
003230,2026-08-19,1
003230,2026-08-20,4
003230,2026-08-25,1
003230,2026-08-26,4
003230,2026-08-27,1
003230,2026-08-28,4
003280,2026-07-07,1
003280,2026-07-08,4
003280,2026-07-09,4
003280,2026-07-10,4
003280,2026-07-13,4
003280,2026-07-14,4
003280,2026-07-15,1
003280,2026-07-16,4
003280,2026-07-20,4
003280,2026-07-21,4
003280,2026-07-22,4
003280,2026-07-23,4
003280,2026-07-28,1
003280,2026-07-29,4
003280,2026-08-14,1
003280,2026-08-18,4
003280,2026-09-01,1
003280,2026-09-02,4
003280,2026-09-09,1
003280,2026-09-10,4
003280,2026-09-11,4
003350,2026-08-10,1
003350,2026-08-11,4
003350,2026-08-12,4
003350,2026-08-13,4
003350,2026-08-24,1
003350,2026-08-25,4
003350,2026-08-27,1
003350,2026-08-28,4
003350,2026-08-31,4
003350,2026-09-10,1
003350,2026-09-11,4
003350,2026-09-14,4
003350,2026-09-15,1
003350,2026-09-16,4
003350,2026-09-17,1
003350,2026-09-18,4
003350,2026-09-22,1
003350,2026-09-23,4
003490,2026-07-01,1
003490,2026-07-02,4
003490,2026-07-09,1
003490,2026-07-10,4
003490,2026-07-14,1
003490,2026-07-15,4
003490,2026-07-24,1
003490,2026-07-27,4
003490,2026-07-30,1
003490,2026-07-31,4
003490,2026-08-04,1
003490,2026-08-05,4
003490,2026-08-25,1
003490,2026-08-26,4
003490,2026-09-21,1
003490,2026-09-22,4
003530,2026-08-20,1
003530,2026-08-21,4
003530,2026-08-24,4
003530,2026-08-25,4
003530,2026-09-03,1
003530,2026-09-04,4
003550,2026-07-07,1
003550,2026-07-08,4
003550,2026-07-09,1
003550,2026-07-10,4
003550,2026-07-13,4
003550,2026-07-14,1
003550,2026-07-15,4
003550,2026-07-29,1
003550,2026-07-30,4
003550,2026-07-31,4
003550,2026-08-04,1
003550,2026-08-05,4
003550,2026-08-13,1
003550,2026-08-14,4
003550,2026-08-21,1
003550,2026-08-24,4
003550,2026-09-21,1
003550,2026-09-22,4
003570,2026-09-28,1
003570,2026-09-29,4
003670,2026-07-08,1
003670,2026-07-09,4
003670,2026-07-10,4
003670,2026-07-13,4
003670,2026-07-14,1
003670,2026-07-15,4
003670,2026-07-21,1
003670,2026-07-22,4
003670,2026-07-23,4
003670,2026-07-29,1
003670,2026-07-30,4
003670,2026-07-31,4
003670,2026-08-06,1
003670,2026-08-07,4
003670,2026-08-10,4
003670,2026-08-19,1
003670,2026-08-20,4
003670,2026-08-21,1
003670,2026-08-24,4
003670,2026-08-26,1
003670,2026-08-27,4
003670,2026-08-28,1
003670,2026-08-31,4
003670,2026-09-02,1
003670,2026-09-03,4
003670,2026-09-07,1
003670,2026-09-08,4
003670,2026-09-09,4
003670,2026-09-14,1
003670,2026-09-15,4
003670,2026-09-21,1
003670,2026-09-22,4
003670,2026-09-23,4
003680,2026-07-08,1
003680,2026-07-09,4
003680,2026-07-10,1
003680,2026-07-13,4
003680,2026-07-14,4
003680,2026-07-15,4
003680,2026-07-20,4
003680,2026-07-21,1
003680,2026-07-22,4
003680,2026-08-10,1
003680,2026-08-11,4
0039P0,2026-07-01,1
0039P0,2026-07-02,4
0039P0,2026-07-03,4
0039P0,2026-07-06,4
0039P0,2026-07-07,4
0039P0,2026-07-08,4
0039P0,2026-07-09,4
0039P0,2026-07-10,4
0039P0,2026-07-16,1
0039P0,2026-07-20,4
0039P0,2026-07-21,4
0039P0,2026-07-22,4
0039P0,2026-07-28,1
0039P0,2026-07-29,4
0039P0,2026-07-30,4
0039P0,2026-07-31,4
0039P0,2026-08-03,4
0039P0,2026-08-04,4
0039P0,2026-08-05,4
0039P0,2026-08-06,4
0039P0,2026-08-07,4
0039P0,2026-08-10,4
0039P0,2026-08-12,1
0039P0,2026-08-13,4
0039P0,2026-08-14,4
0039P0,2026-08-18,1
0039P0,2026-08-19,4
0039P0,2026-08-20,4
0039P0,2026-08-31,1
0039P0,2026-09-01,4
0039P0,2026-09-02,1
0039P0,2026-09-03,4
0039P0,2026-09-04,1
0039P0,2026-09-07,4
0039P0,2026-09-09,1
0039P0,2026-09-10,4
0039P0,2026-09-11,4
0039P0,2026-09-23,1
0039P0,2026-09-28,4
004020,2026-07-22,1
004020,2026-07-23,4
004020,2026-08-24,1
004020,2026-08-25,4
004020,2026-08-26,1
004020,2026-08-27,4
004020,2026-09-02,1
004020,2026-09-03,4
004020,2026-09-14,1
004020,2026-09-15,4
004020,2026-09-17,1
004020,2026-09-18,4
004090,2026-07-07,1
004090,2026-07-08,4
004090,2026-07-09,4
004090,2026-07-13,1
004090,2026-07-14,4
004090,2026-09-09,1
004090,2026-09-10,4
004090,2026-09-11,4
004170,2026-07-09,1
004170,2026-07-10,4
004170,2026-07-14,1
004170,2026-07-15,4
004170,2026-07-20,1
004170,2026-07-21,4
004170,2026-07-30,1
004170,2026-07-31,4
004170,2026-08-03,1
004170,2026-08-04,4
004170,2026-08-05,4
004170,2026-08-11,1
004170,2026-08-12,4
004170,2026-08-13,4
004170,2026-08-25,1
004170,2026-08-26,4
004170,2026-08-31,1
004170,2026-09-01,4
004170,2026-09-07,1
004170,2026-09-08,4
004310,2026-07-14,1
004310,2026-07-15,4
004310,2026-07-16,4
004310,2026-07-20,4
004310,2026-07-21,4
004310,2026-07-22,4
004310,2026-07-23,1
004310,2026-07-24,4
004310,2026-07-29,1
004310,2026-07-30,4
004310,2026-08-05,1
004310,2026-08-06,4
004310,2026-08-28,1
004310,2026-08-31,4
004310,2026-09-01,4
004310,2026-09-02,4
004310,2026-09-03,4
004310,2026-09-04,4
004310,2026-09-07,4
004310,2026-09-08,4
004310,2026-09-09,4
004310,2026-09-10,1
004310,2026-09-11,4
004310,2026-09-14,4
004310,2026-09-15,4
004310,2026-09-16,4
004310,2026-09-17,4
004370,2026-07-28,1
004370,2026-07-29,4
004370,2026-08-13,1
004370,2026-08-14,4
004370,2026-08-21,1
004370,2026-08-24,4
004370,2026-08-27,1
004370,2026-08-28,4
004490,2026-08-28,1
004490,2026-08-31,4
004490,2026-09-07,1
004490,2026-09-08,4
004710,2026-07-14,1
004710,2026-07-15,4
004710,2026-09-02,1
004710,2026-09-03,4
004710,2026-09-23,1
004710,2026-09-28,4
004770,2026-08-28,1
004770,2026-08-31,4
004770,2026-09-08,1
004770,2026-09-09,4
004830,2026-07-06,1
004830,2026-07-07,4
005090,2026-07-22,1
005090,2026-07-23,4
005090,2026-08-12,1
005090,2026-08-13,4
005160,2026-09-15,1
005160,2026-09-16,4
005160,2026-09-17,4
005160,2026-09-21,1
005160,2026-09-22,4
005180,2026-08-13,1
005180,2026-08-14,4
005180,2026-08-19,1
005180,2026-08-20,4
005290,2026-06-30,1
005290,2026-07-01,4
005290,2026-07-08,1
005290,2026-07-09,4
005290,2026-07-28,1
005290,2026-07-29,4
005290,2026-07-30,1
005290,2026-07-31,4
005290,2026-08-24,1
005290,2026-08-25,4
005290,2026-09-22,1
005290,2026-09-23,4
005360,2026-07-10,1
005360,2026-07-13,4
005360,2026-07-15,1
005360,2026-07-16,4
005360,2026-08-10,1
005360,2026-08-11,4
005380,2026-07-09,1
005380,2026-07-10,4
005380,2026-07-13,4
005380,2026-07-21,1
005380,2026-07-22,4
005380,2026-07-30,1
005380,2026-07-31,4
005380,2026-08-12,1
005380,2026-08-13,4
005380,2026-08-14,4
005490,2026-07-09,1
005490,2026-07-10,4
005490,2026-07-14,1
005490,2026-07-15,4
005490,2026-07-22,1
005490,2026-07-23,4
005490,2026-07-29,1
005490,2026-07-30,4
005490,2026-07-31,4
005490,2026-08-21,1
005490,2026-08-24,4
005490,2026-09-02,1
005490,2026-09-03,4
005690,2026-08-19,1
005690,2026-08-20,4
005690,2026-09-16,1
005690,2026-09-17,4
005690,2026-09-18,4
005690,2026-09-21,1
005690,2026-09-22,4
005830,2026-07-01,1
005830,2026-07-02,4
005830,2026-07-09,1
005830,2026-07-10,4
005830,2026-07-13,4
005830,2026-07-21,1
005830,2026-07-22,4
005830,2026-07-29,1
005830,2026-07-30,4
005830,2026-08-10,1
005830,2026-08-11,4
005830,2026-08-12,1
005830,2026-08-13,4
005830,2026-08-14,4
005830,2026-08-18,1
005830,2026-08-19,4
005830,2026-08-31,1
005830,2026-09-01,4
005830,2026-09-02,1
005830,2026-09-03,4
005830,2026-09-16,1
005830,2026-09-17,4
005860,2026-07-13,1
005860,2026-07-14,4
005860,2026-07-16,1
005860,2026-07-20,4
005860,2026-07-21,4
005860,2026-07-23,1
005860,2026-07-24,4
005860,2026-09-09,1
005860,2026-09-10,4
005930,2026-07-02,1
005930,2026-07-03,4
005930,2026-07-06,4
005930,2026-07-08,1
005930,2026-07-09,4
005930,2026-07-10,4
005930,2026-07-13,1
005930,2026-07-14,4
005930,2026-07-15,4
005930,2026-07-20,1
005930,2026-07-21,4
005930,2026-07-22,4
005930,2026-07-28,1
005930,2026-07-29,4
005930,2026-07-30,4
005930,2026-07-31,4
005930,2026-08-04,1
005930,2026-08-05,4
005930,2026-08-10,1
005930,2026-08-11,4
005930,2026-08-12,4
005930,2026-08-13,4
005930,2026-08-19,1
005930,2026-08-20,4
005930,2026-08-21,4
005930,2026-09-04,1
005930,2026-09-07,4
005930,2026-09-18,1
005930,2026-09-21,4
005940,2026-07-02,1
005940,2026-07-03,4
005940,2026-07-06,4
005940,2026-07-09,1
005940,2026-07-10,4
005940,2026-07-13,4
005940,2026-07-14,1
005940,2026-07-15,4
005940,2026-07-29,1
005940,2026-07-30,4
005940,2026-07-31,4
005950,2026-07-02,1
005950,2026-07-03,4
005950,2026-07-22,1
005950,2026-07-23,4
005950,2026-08-14,1
005950,2026-08-18,4
006110,2026-08-14,1
006110,2026-08-18,4
006110,2026-08-21,1
006110,2026-08-24,4
006110,2026-08-26,1
006110,2026-08-27,4
006220,2026-08-26,1
006220,2026-08-27,4
006260,2026-06-30,1
006260,2026-07-01,4
006260,2026-07-08,1
006260,2026-07-09,4
006260,2026-07-10,4
006260,2026-07-14,1
006260,2026-07-15,4
006260,2026-07-21,1
006260,2026-07-22,4
006260,2026-07-23,4
006260,2026-07-30,1
006260,2026-07-31,4
006260,2026-08-03,1
006260,2026-08-04,4
006260,2026-08-05,4
006260,2026-08-06,4
006260,2026-08-07,1
006260,2026-08-10,4
006260,2026-08-11,1
006260,2026-08-12,4
006260,2026-08-13,4
006260,2026-08-14,1
006260,2026-08-18,4
006260,2026-08-26,1
006260,2026-08-27,4
006260,2026-09-03,1
006260,2026-09-04,4
006260,2026-09-07,4
006260,2026-09-08,1
006260,2026-09-09,4
006260,2026-09-17,1
006260,2026-09-18,4
006340,2026-06-30,1
006340,2026-07-01,4
006340,2026-07-02,4
006340,2026-07-03,4
006340,2026-07-06,4
006340,2026-07-09,1
006340,2026-07-10,4
006340,2026-07-13,4
006340,2026-07-14,4
006340,2026-07-15,4
006340,2026-07-20,1
006340,2026-07-21,4
006340,2026-07-22,4
006340,2026-07-23,4
006340,2026-07-24,1
006340,2026-07-27,4
006340,2026-07-28,1
006340,2026-07-29,4
006340,2026-07-30,1
006340,2026-07-31,4
006340,2026-08-03,1
006340,2026-08-04,4
006340,2026-08-05,4
006340,2026-08-07,1
006340,2026-08-10,4
006340,2026-08-11,4
006340,2026-08-12,4
006340,2026-08-26,1
006340,2026-08-27,4
006340,2026-09-04,1
006340,2026-09-07,4
006340,2026-09-08,1
006340,2026-09-09,4
006340,2026-09-17,1
006340,2026-09-18,4
006340,2026-09-21,1
006340,2026-09-22,4
006360,2026-06-30,1
006360,2026-07-01,4
006360,2026-07-03,1
006360,2026-07-06,4
006360,2026-07-09,1
006360,2026-07-10,4
006360,2026-07-14,1
006360,2026-07-15,4
006360,2026-07-21,1
006360,2026-07-22,4
006360,2026-07-23,4
006360,2026-07-24,1
006360,2026-07-27,4
006360,2026-07-29,1
006360,2026-07-30,4
006360,2026-07-31,4
006360,2026-08-03,4
006360,2026-08-04,4
006360,2026-08-05,4
006360,2026-08-06,4
006360,2026-08-07,1
006360,2026-08-10,4
006360,2026-08-18,1
006360,2026-08-19,4
006360,2026-08-20,4
006360,2026-08-25,1
006360,2026-08-26,4
006360,2026-09-02,1
006360,2026-09-03,4
006360,2026-09-09,1
006360,2026-09-10,4
006360,2026-09-11,4
006360,2026-09-14,1
006360,2026-09-15,4
006360,2026-09-17,1
006360,2026-09-18,4
006360,2026-09-23,1
006360,2026-09-28,4
006400,2026-07-09,1
006400,2026-07-10,4
006400,2026-07-13,4
006400,2026-07-14,1
006400,2026-07-15,4
006400,2026-07-21,1
006400,2026-07-22,4
006400,2026-07-23,4
006400,2026-07-29,1
006400,2026-07-30,4
006400,2026-07-31,4
006400,2026-08-03,1
006400,2026-08-04,4
006400,2026-08-06,1
006400,2026-08-07,4
006400,2026-08-10,4
006400,2026-08-11,1
006400,2026-08-12,4
006400,2026-08-13,1
006400,2026-08-14,4
006400,2026-08-19,1
006400,2026-08-20,4
006400,2026-08-21,1
006400,2026-08-24,4
006400,2026-08-26,1
006400,2026-08-27,4
006400,2026-09-08,1
006400,2026-09-09,4
006400,2026-09-14,1
006400,2026-09-15,4
006660,2026-07-03,1
006660,2026-07-06,4
006660,2026-07-10,1
006660,2026-07-13,4
006660,2026-07-14,4
006660,2026-07-15,4
006660,2026-07-16,4
006660,2026-07-20,4
006660,2026-07-21,4
006660,2026-07-23,1
006660,2026-07-24,4
006660,2026-08-14,1
006660,2026-08-18,4
006660,2026-08-19,4
006660,2026-08-20,4
006660,2026-08-21,4
006800,2026-06-30,1
006800,2026-07-01,4
006800,2026-07-02,1
006800,2026-07-03,4
006800,2026-07-06,4
006800,2026-07-09,1
006800,2026-07-10,4
006800,2026-07-14,1
006800,2026-07-15,4
006800,2026-07-21,1
006800,2026-07-22,4
006800,2026-07-30,1
006800,2026-07-31,4
006800,2026-08-07,1
006800,2026-08-10,4
006800,2026-08-12,1
006800,2026-08-13,4
006800,2026-08-19,1
006800,2026-08-20,4
006800,2026-09-21,1
006800,2026-09-22,4
006910,2026-08-12,1
006910,2026-08-13,4
006910,2026-08-25,1
006910,2026-08-26,4
006910,2026-09-07,1
006910,2026-09-08,4
006910,2026-09-09,4
007340,2026-08-13,1
007340,2026-08-14,4
007340,2026-08-18,4
007540,2026-09-10,1
007540,2026-09-11,4
007610,2026-07-01,1
007610,2026-07-02,4
007610,2026-07-09,1
007610,2026-07-10,4
007610,2026-09-17,1
007610,2026-09-18,4
007660,2026-06-30,1
007660,2026-07-01,4
007660,2026-07-09,1
007660,2026-07-10,4
007660,2026-07-14,1
007660,2026-07-15,4
007660,2026-07-20,1
007660,2026-07-21,4
007660,2026-07-22,4
007660,2026-07-23,4
007660,2026-07-30,1
007660,2026-07-31,4
007660,2026-08-03,1
007660,2026-08-04,4
007660,2026-08-05,4
007660,2026-08-07,1
007660,2026-08-10,4
007660,2026-08-12,1
007660,2026-08-13,4
007660,2026-08-14,1
007660,2026-08-18,4
007660,2026-08-19,4
007660,2026-08-21,1
007660,2026-08-24,4
007660,2026-08-25,4
007660,2026-09-03,1
007660,2026-09-04,4
007660,2026-09-07,4
007660,2026-09-16,1
007660,2026-09-17,4
007660,2026-09-18,1
007660,2026-09-21,4
007660,2026-09-22,4
007660,2026-09-23,4
007660,2026-09-28,1
007660,2026-09-29,4
007810,2026-07-08,1
007810,2026-07-09,4
007810,2026-07-10,4
007810,2026-07-13,4
007810,2026-07-14,1
007810,2026-07-15,4
007810,2026-07-30,1
007810,2026-07-31,4
007810,2026-08-04,1
007810,2026-08-05,4
007810,2026-08-06,4
007810,2026-08-07,1
007810,2026-08-10,4
007810,2026-08-11,1
007810,2026-08-12,4
007810,2026-08-13,4
007810,2026-08-14,1
007810,2026-08-18,4
007810,2026-09-21,1
007810,2026-09-22,4
007810,2026-09-23,1
007810,2026-09-28,4
007810,2026-09-29,4
007820,2026-08-12,1
007820,2026-08-13,4
007820,2026-08-14,4
007820,2026-08-18,4
007820,2026-08-19,4
008770,2026-07-01,1
008770,2026-07-02,4
008770,2026-07-06,1
008770,2026-07-07,4
008770,2026-07-30,1
008770,2026-07-31,4
008830,2026-08-07,1
008830,2026-08-10,4
008830,2026-08-12,1
008830,2026-08-13,4
008930,2026-07-07,1
008930,2026-07-08,4
008930,2026-08-21,1
008930,2026-08-24,4
008930,2026-09-02,1
008930,2026-09-03,4
008930,2026-09-07,1
008930,2026-09-08,4
009150,2026-07-08,1
009150,2026-07-09,4
009150,2026-07-10,4
009150,2026-07-14,1
009150,2026-07-15,4
009150,2026-07-16,1
009150,2026-07-20,4
009150,2026-07-21,1
009150,2026-07-22,4
009150,2026-07-23,4
009150,2026-07-24,1
009150,2026-07-27,4
009150,2026-07-30,1
009150,2026-07-31,4
009150,2026-08-03,4
009150,2026-08-04,4
009150,2026-08-05,4
009150,2026-08-06,1
009150,2026-08-07,4
009150,2026-08-10,4
009150,2026-08-11,1
009150,2026-08-12,4
009150,2026-08-13,4
009150,2026-08-14,4
009150,2026-08-26,1
009150,2026-08-27,4
009150,2026-08-28,4
009150,2026-09-03,1
009150,2026-09-04,4
009150,2026-09-15,1
009150,2026-09-16,4
009150,2026-09-17,1
009150,2026-09-18,4
009150,2026-09-21,1
009150,2026-09-22,4
009150,2026-09-23,1
009150,2026-09-28,4
009420,2026-06-30,1
009420,2026-07-01,4
009420,2026-07-02,4
009420,2026-07-06,1
009420,2026-07-07,4
009420,2026-07-09,1
009420,2026-07-10,4
009420,2026-08-03,1
009420,2026-08-04,4
009420,2026-08-07,1
009420,2026-08-10,4
009420,2026-08-12,1
009420,2026-08-13,4
009420,2026-08-14,1
009420,2026-08-18,4
009420,2026-08-19,1
009420,2026-08-20,4
009420,2026-08-21,1
009420,2026-08-24,4
009420,2026-08-25,1
009420,2026-08-26,4
009420,2026-09-01,1
009420,2026-09-02,4
009540,2026-06-30,1
009540,2026-07-01,4
009540,2026-07-09,1
009540,2026-07-10,4
009540,2026-07-14,1
009540,2026-07-15,4
009540,2026-07-16,4
009540,2026-07-21,1
009540,2026-07-22,4
009540,2026-07-23,4
009540,2026-07-29,1
009540,2026-07-30,4
009540,2026-07-31,4
009540,2026-08-04,1
009540,2026-08-05,4
009540,2026-09-02,1
009540,2026-09-03,4
009540,2026-09-10,1
009540,2026-09-11,4
009540,2026-09-16,1
009540,2026-09-17,4
009580,2026-09-21,1
009580,2026-09-22,4
009830,2026-06-30,1
009830,2026-07-01,4
009830,2026-07-08,1
009830,2026-07-09,4
009830,2026-07-10,4
009830,2026-07-13,4
009830,2026-07-14,1
009830,2026-07-15,4
009830,2026-07-21,1
009830,2026-07-22,4
009830,2026-07-23,4
009830,2026-07-24,4
009830,2026-07-28,1
009830,2026-07-29,4
009830,2026-07-30,4
009830,2026-07-31,4
009830,2026-08-03,1
009830,2026-08-04,4
009830,2026-08-05,4
009830,2026-08-06,4
009830,2026-08-07,4
009830,2026-08-10,4
009830,2026-08-11,4
009830,2026-08-19,1
009830,2026-08-20,4
009830,2026-09-08,1
009830,2026-09-09,4
009830,2026-09-22,1
009830,2026-09-23,4
009830,2026-09-28,4
010060,2026-06-30,1
010060,2026-07-01,4
010060,2026-07-02,4
010060,2026-07-08,1
010060,2026-07-09,4
010060,2026-07-10,4
010060,2026-07-13,4
010060,2026-07-14,1
010060,2026-07-15,4
010060,2026-07-16,1
010060,2026-07-20,4
010060,2026-07-21,1
010060,2026-07-22,4
010060,2026-07-23,4
010060,2026-07-24,4
010060,2026-07-28,1
010060,2026-07-29,4
010060,2026-07-30,4
010060,2026-07-31,4
010060,2026-08-03,4
010060,2026-08-04,4
010060,2026-08-05,4
010060,2026-08-06,1
010060,2026-08-07,4
010060,2026-08-10,4
010060,2026-08-12,1
010060,2026-08-13,4
010060,2026-08-18,1
010060,2026-08-19,4
010060,2026-08-20,4
010060,2026-09-08,1
010060,2026-09-09,4
010060,2026-09-22,1
010060,2026-09-23,4
010060,2026-09-28,4
010120,2026-06-30,1
010120,2026-07-01,4
010120,2026-07-02,1
010120,2026-07-03,4
010120,2026-07-08,1
010120,2026-07-09,4
010120,2026-07-10,4
010120,2026-07-14,1
010120,2026-07-15,4
010120,2026-07-20,1
010120,2026-07-21,4
010120,2026-07-22,4
010120,2026-07-23,4
010120,2026-07-30,1
010120,2026-07-31,4
010120,2026-08-03,1
010120,2026-08-04,4
010120,2026-08-05,4
010120,2026-08-12,1
010120,2026-08-13,4
010120,2026-08-14,1
010120,2026-08-18,4
010120,2026-08-25,1
010120,2026-08-26,4
010120,2026-08-27,4
010120,2026-09-04,1
010120,2026-09-07,4
010120,2026-09-08,1
010120,2026-09-09,4
010130,2026-07-30,1
010130,2026-07-31,4
010130,2026-08-05,1
010130,2026-08-06,4
010130,2026-08-07,1
010130,2026-08-10,4
010130,2026-08-11,4
010130,2026-08-19,1
010130,2026-08-20,4
010130,2026-08-21,4
010130,2026-08-24,4
010130,2026-08-25,4
010140,2026-06-30,1
010140,2026-07-01,4
010140,2026-07-09,1
010140,2026-07-10,4
010140,2026-07-13,4
010140,2026-07-14,1
010140,2026-07-15,4
010140,2026-07-22,1
010140,2026-07-23,4
010140,2026-07-29,1
010140,2026-07-30,4
010140,2026-09-02,1
010140,2026-09-03,4
010140,2026-09-11,1
010140,2026-09-14,4
010140,2026-09-16,1
010140,2026-09-17,4
010170,2026-06-30,1
010170,2026-07-01,4
010170,2026-07-08,1
010170,2026-07-09,4
010170,2026-07-10,4
010170,2026-07-13,4
010170,2026-07-14,1
010170,2026-07-15,4
010170,2026-07-20,1
010170,2026-07-21,4
010170,2026-07-22,4
010170,2026-07-23,4
010170,2026-07-30,1
010170,2026-07-31,4
010170,2026-08-03,4
010170,2026-08-04,4
010170,2026-08-05,4
010170,2026-08-06,1
010170,2026-08-07,4
010170,2026-08-10,4
010170,2026-08-12,1
010170,2026-08-13,4
010170,2026-08-21,1
010170,2026-08-24,4
010170,2026-08-25,1
010170,2026-08-26,4
010170,2026-08-27,4
010170,2026-09-04,1
010170,2026-09-07,4
010170,2026-09-08,4
010170,2026-09-09,4
010170,2026-09-11,1
010170,2026-09-14,4
010170,2026-09-15,1
010170,2026-09-16,4
010170,2026-09-17,1
010170,2026-09-18,4
010170,2026-09-21,1
010170,2026-09-22,4
010170,2026-09-23,1
010170,2026-09-28,4
010580,2026-09-07,1
010580,2026-09-08,4
010580,2026-09-09,4
010580,2026-09-11,1
010580,2026-09-14,4
010580,2026-09-15,4
010580,2026-09-18,1
010580,2026-09-21,4
010690,2026-08-18,1
010690,2026-08-19,4
010820,2026-07-23,1
010820,2026-07-24,4
010950,2026-07-03,1
010950,2026-07-06,4
010950,2026-07-07,4
010950,2026-07-08,4
010950,2026-07-10,1
010950,2026-07-13,4
010950,2026-07-14,1
010950,2026-07-15,4
010950,2026-07-22,1
010950,2026-07-23,4
010950,2026-07-29,1
010950,2026-07-30,4
010950,2026-08-06,1
010950,2026-08-07,4
010950,2026-08-10,1
010950,2026-08-11,4
010950,2026-08-12,4
010950,2026-08-13,1
010950,2026-08-14,4
010950,2026-08-27,1
010950,2026-08-28,4
010950,2026-08-31,1
010950,2026-09-01,4
010950,2026-09-03,1
010950,2026-09-04,4
010950,2026-09-08,1
010950,2026-09-09,4
010950,2026-09-16,1
010950,2026-09-17,4
010950,2026-09-23,1
010950,2026-09-28,4
010960,2026-06-30,1
010960,2026-07-01,4
010960,2026-07-02,4
010960,2026-07-03,4
010960,2026-07-06,4
010960,2026-07-07,4
010960,2026-07-08,4
010960,2026-07-09,1
010960,2026-07-10,4
011070,2026-07-03,1
011070,2026-07-06,4
011070,2026-07-14,1
011070,2026-07-15,4
011070,2026-07-21,1
011070,2026-07-22,4
011070,2026-07-23,4
011070,2026-07-30,1
011070,2026-07-31,4
011070,2026-08-03,4
011070,2026-08-04,1
011070,2026-08-05,4
011070,2026-08-11,1
011070,2026-08-12,4
011070,2026-08-13,4
011070,2026-08-14,4
011070,2026-08-18,4
011070,2026-08-24,1
011070,2026-08-25,4
011070,2026-08-28,1
011070,2026-08-31,4
011070,2026-09-04,1
011070,2026-09-07,4
011070,2026-09-17,1
011070,2026-09-18,4
011070,2026-09-21,1
011070,2026-09-22,4
011070,2026-09-23,1
011070,2026-09-28,4
011170,2026-09-08,1
011170,2026-09-09,4
011170,2026-09-10,4
011170,2026-09-15,1
011170,2026-09-16,4
011200,2026-07-23,1
011200,2026-07-24,4
011200,2026-07-28,1
011200,2026-07-29,4
011200,2026-07-30,4
011200,2026-08-14,1
011200,2026-08-18,4
011200,2026-08-21,1
011200,2026-08-24,4
011200,2026-09-17,1
011200,2026-09-18,4
011230,2026-06-30,1
011230,2026-07-01,4
011230,2026-07-02,1
011230,2026-07-03,4
011230,2026-07-06,4
011230,2026-07-22,1
011230,2026-07-23,4
011330,2026-08-07,1
011330,2026-08-10,4
011780,2026-08-06,1
011780,2026-08-07,4
011780,2026-09-02,1
011780,2026-09-03,4
011790,2026-07-02,1
011790,2026-07-03,4
011790,2026-07-08,1
011790,2026-07-09,4
011790,2026-07-10,4
011790,2026-07-22,1
011790,2026-07-23,4
011790,2026-07-30,1
011790,2026-07-31,4
011790,2026-09-07,1
011790,2026-09-08,4
011790,2026-09-09,4
0117P0,2026-08-31,1
0117P0,2026-09-01,4
0120G0,2026-08-20,1
0120G0,2026-08-21,4
012200,2026-09-17,1
012200,2026-09-18,4
012210,2026-09-04,1
012210,2026-09-07,4
012210,2026-09-08,4
012210,2026-09-09,4
012210,2026-09-11,1
012210,2026-09-14,4
012210,2026-09-16,1
012210,2026-09-17,4
012210,2026-09-21,1
012210,2026-09-22,4
012210,2026-09-23,1
012210,2026-09-28,4
012330,2026-07-03,1
012330,2026-07-06,4
012330,2026-07-09,1
012330,2026-07-10,4
012330,2026-07-13,4
012330,2026-07-14,1
012330,2026-07-15,4
012330,2026-07-21,1
012330,2026-07-22,4
012330,2026-07-28,1
012330,2026-07-29,4
012330,2026-07-30,4
012330,2026-07-31,4
012330,2026-08-03,4
012330,2026-08-04,1
012330,2026-08-05,4
012330,2026-08-12,1
012330,2026-08-13,4
012330,2026-08-14,4
012450,2026-06-30,1
012450,2026-07-01,4
012450,2026-07-02,4
012450,2026-07-03,4
012450,2026-07-06,4
012450,2026-07-14,1
012450,2026-07-15,4
012450,2026-07-22,1
012450,2026-07-23,4
012450,2026-07-24,4
012450,2026-07-29,1
012450,2026-07-30,4
012450,2026-07-31,4
012450,2026-08-03,1
012450,2026-08-04,4
012450,2026-08-05,1
012450,2026-08-06,4
012450,2026-08-07,1
012450,2026-08-10,4
012450,2026-08-11,1
012450,2026-08-12,4
012450,2026-08-18,1
012450,2026-08-19,4
012450,2026-08-26,1
012450,2026-08-27,4
012450,2026-09-11,1
012450,2026-09-14,4
012450,2026-09-16,1
012450,2026-09-17,4
012690,2026-07-15,1
012690,2026-07-16,4
012690,2026-07-20,4
012690,2026-07-21,4
012690,2026-07-22,4
0126Z0,2026-07-13,1
0126Z0,2026-07-14,4
0126Z0,2026-07-15,4
0126Z0,2026-08-13,1
0126Z0,2026-08-14,4
0126Z0,2026-08-19,1
0126Z0,2026-08-20,4
0126Z0,2026-08-25,1
0126Z0,2026-08-26,4
0126Z0,2026-08-28,1
0126Z0,2026-08-31,4
013120,2026-07-02,1
013120,2026-07-03,4
013120,2026-07-06,4
013360,2026-07-03,1
013360,2026-07-06,4
013360,2026-07-07,4
013580,2026-07-01,1
013580,2026-07-02,4
013580,2026-07-03,4
014280,2026-09-23,1
014280,2026-09-28,4
014530,2026-09-09,1
014530,2026-09-10,4
014620,2026-08-25,1
014620,2026-08-26,4
014680,2026-06-30,1
014680,2026-07-01,4
014680,2026-07-10,1
014680,2026-07-13,4
014910,2026-07-02,1
014910,2026-07-03,4
014940,2026-07-27,1
014940,2026-07-28,4
014950,2026-07-16,1
014950,2026-07-20,4
014950,2026-07-21,1
014950,2026-07-22,4
014950,2026-08-31,1
014950,2026-09-01,4
014950,2026-09-03,1
014950,2026-09-04,4
014950,2026-09-07,4
014950,2026-09-08,4
014950,2026-09-09,4
014950,2026-09-10,4
014950,2026-09-11,1
014950,2026-09-14,4
014950,2026-09-15,4
014950,2026-09-16,1
014950,2026-09-17,4
014950,2026-09-23,1
014950,2026-09-28,4
014990,2026-09-01,1
014990,2026-09-02,4
0155E0,2026-08-25,1
0155E0,2026-08-26,4
0155E0,2026-08-27,4
0155E0,2026-08-28,4
0155E0,2026-08-31,4
0155E0,2026-09-04,1
0155E0,2026-09-07,4
0155E0,2026-09-08,4
0155E0,2026-09-18,1
0155E0,2026-09-21,4
0156T0,2026-07-24,1
0156T0,2026-07-27,4
0156T0,2026-08-06,1
0156T0,2026-08-07,4
0156T0,2026-08-14,1
0156T0,2026-08-18,4
015760,2026-07-09,1
015760,2026-07-10,4
015760,2026-07-22,1
015760,2026-07-23,4
015760,2026-07-30,1
015760,2026-07-31,4
015760,2026-08-24,1
015760,2026-08-25,4
015760,2026-08-26,4
015760,2026-09-02,1
015760,2026-09-03,4
015760,2026-09-07,1
015760,2026-09-08,4
0161M0,2026-09-21,1
0161M0,2026-09-22,4
016360,2026-06-30,1
016360,2026-07-01,4
016360,2026-07-02,1
016360,2026-07-03,4
016360,2026-07-06,4
016360,2026-07-09,1
016360,2026-07-10,4
016360,2026-07-13,4
016360,2026-07-14,1
016360,2026-07-15,4
016360,2026-07-21,1
016360,2026-07-22,4
016360,2026-07-29,1
016360,2026-07-30,4
016360,2026-07-31,4
016360,2026-08-19,1
016360,2026-08-20,4
017670,2026-07-08,1
017670,2026-07-09,4
017670,2026-07-15,1
017670,2026-07-16,4
017670,2026-07-21,1
017670,2026-07-22,4
017670,2026-07-23,4
017670,2026-07-24,4
017670,2026-07-27,4
017670,2026-07-30,1
017670,2026-07-31,4
017670,2026-08-03,4
017670,2026-08-04,4
017670,2026-08-05,4
017670,2026-08-12,1
017670,2026-08-13,4
017670,2026-08-14,4
017670,2026-08-20,1
017670,2026-08-21,4
017670,2026-09-03,1
017670,2026-09-04,4
017800,2026-08-14,1
017800,2026-08-18,4
017800,2026-08-19,4
017900,2026-07-09,1
017900,2026-07-10,4
017900,2026-07-14,1
017900,2026-07-15,4
017900,2026-08-04,1
017900,2026-08-05,4
017900,2026-08-06,1
017900,2026-08-07,4
017900,2026-08-10,4
017900,2026-08-11,1
017900,2026-08-12,4
017900,2026-08-13,4
017900,2026-08-26,1
017900,2026-08-27,4
017900,2026-09-07,1
017900,2026-09-08,4
017900,2026-09-09,4
017900,2026-09-10,1
017900,2026-09-11,4
017900,2026-09-14,4
017900,2026-09-15,4
017900,2026-09-16,1
017900,2026-09-17,4
017900,2026-09-18,4
017900,2026-09-21,4
018000,2026-08-27,1
018000,2026-08-28,4
018260,2026-07-01,1
018260,2026-07-02,4
018260,2026-07-06,1
018260,2026-07-07,4
018260,2026-07-09,1
018260,2026-07-10,4
018260,2026-07-21,1
018260,2026-07-22,4
018260,2026-07-23,4
018260,2026-07-24,1
018260,2026-07-27,4
018260,2026-07-28,1
018260,2026-07-29,4
018260,2026-07-30,4
018260,2026-07-31,4
018260,2026-08-03,1
018260,2026-08-04,4
018260,2026-08-05,4
018260,2026-08-10,1
018260,2026-08-11,4
018260,2026-08-19,1
018260,2026-08-20,4
018260,2026-09-03,1
018260,2026-09-04,4
018880,2026-07-22,1
018880,2026-07-23,4
018880,2026-07-30,1
018880,2026-07-31,4
018880,2026-08-04,1
018880,2026-08-05,4
019010,2026-08-14,1
019010,2026-08-18,4
019010,2026-08-19,1
019010,2026-08-20,4
019170,2026-08-21,1
019170,2026-08-24,4
019170,2026-08-27,1
019170,2026-08-28,4
019170,2026-08-31,4
019210,2026-07-01,1
019210,2026-07-02,4
019210,2026-07-03,4
019210,2026-07-06,4
019210,2026-07-08,1
019210,2026-07-09,4
019210,2026-07-14,1
019210,2026-07-15,4
019210,2026-07-28,1
019210,2026-07-29,4
019210,2026-07-30,1
019210,2026-07-31,4
019210,2026-08-13,1
019210,2026-08-14,4
019210,2026-08-18,4
020120,2026-08-21,1
020120,2026-08-24,4
020150,2026-08-31,1
020150,2026-09-01,4
020150,2026-09-10,1
020150,2026-09-11,4
021240,2026-06-30,1
021240,2026-07-01,4
021240,2026-09-11,1
021240,2026-09-14,4
021240,2026-09-15,1
021240,2026-09-16,4
0218L0,2026-07-27,1
0218L0,2026-07-28,4
0218L0,2026-07-29,4
0220W0,2026-08-31,1
0220W0,2026-09-01,4
0220W0,2026-09-03,1
0220W0,2026-09-04,4
0220W0,2026-09-08,1
0220W0,2026-09-09,4
0220W0,2026-09-11,1
0220W0,2026-09-14,4
0220W0,2026-09-15,4
023410,2026-06-30,1
023410,2026-07-01,4
023410,2026-07-03,1
023410,2026-07-06,4
023410,2026-07-07,4
023530,2026-06-30,1
023530,2026-07-01,4
023530,2026-07-06,1
023530,2026-07-07,4
023530,2026-07-14,1
023530,2026-07-15,4
023530,2026-08-07,1
023530,2026-08-10,4
023530,2026-08-12,1
023530,2026-08-13,4
023530,2026-08-25,1
023530,2026-08-26,4
023530,2026-08-31,1
023530,2026-09-01,4
023530,2026-09-07,1
023530,2026-09-08,4
023530,2026-09-11,1
023530,2026-09-14,4
023530,2026-09-15,1
023530,2026-09-16,4
024060,2026-07-07,1
024060,2026-07-08,4
024060,2026-07-09,4
024060,2026-07-10,1
024060,2026-07-13,4
024060,2026-07-14,4
024060,2026-07-15,1
024060,2026-07-16,4
024060,2026-07-20,4
024060,2026-07-21,1
024060,2026-07-22,4
024060,2026-07-23,4
024060,2026-07-24,4
024060,2026-07-28,1
024060,2026-07-29,4
024060,2026-07-30,4
024060,2026-08-11,1
024060,2026-08-12,4
024060,2026-08-14,1
024060,2026-08-18,4
024060,2026-09-01,1
024060,2026-09-02,4
024060,2026-09-03,4
024060,2026-09-07,1
024060,2026-09-08,4
024060,2026-09-09,4
024060,2026-09-10,4
024060,2026-09-11,4
024060,2026-09-14,4
024060,2026-09-15,4
024110,2026-07-09,1
024110,2026-07-10,4
024110,2026-09-22,1
024110,2026-09-23,4
024840,2026-06-30,1
024840,2026-07-01,4
024840,2026-07-02,4
024840,2026-07-03,4
024840,2026-07-06,4
024840,2026-07-09,1
024840,2026-07-10,4
024840,2026-07-14,1
024840,2026-07-15,4
024840,2026-07-22,1
024840,2026-07-23,4
024840,2026-08-04,1
024840,2026-08-05,4
024840,2026-08-06,4
024840,2026-08-07,1
024840,2026-08-10,4
024840,2026-08-11,4
024840,2026-08-12,4
024840,2026-08-13,4
024840,2026-08-18,1
024840,2026-08-19,4
024840,2026-08-26,1
024840,2026-08-27,4
024840,2026-08-28,4
024840,2026-08-31,4
024840,2026-09-01,4
024840,2026-09-16,1
024840,2026-09-17,4
024840,2026-09-18,4
024840,2026-09-21,4
024840,2026-09-22,4
024850,2026-09-23,1
024850,2026-09-28,4
025320,2026-08-10,1
025320,2026-08-11,4
025560,2026-06-30,1
025560,2026-07-01,4
025560,2026-07-06,1
025560,2026-07-27,4
025560,2026-08-12,1
025560,2026-08-13,4
025860,2026-08-18,1
025860,2026-08-19,4
025950,2026-07-01,1
025950,2026-07-02,4
025950,2026-07-03,1
025950,2026-07-06,4
025950,2026-07-07,4
025980,2026-08-14,1
025980,2026-08-18,4
025980,2026-08-19,4
025980,2026-08-20,1
025980,2026-08-21,4
025980,2026-08-24,1
025980,2026-08-25,4
025980,2026-08-31,1
025980,2026-09-01,4
025980,2026-09-02,4
025980,2026-09-03,1
025980,2026-09-04,4
027360,2026-08-07,1
027360,2026-08-10,4
027360,2026-08-12,1
027360,2026-08-13,4
027360,2026-08-14,1
027360,2026-08-18,4
027360,2026-09-16,1
027360,2026-09-17,4
027360,2026-09-18,1
027360,2026-09-21,4
028050,2026-06-30,1
028050,2026-07-01,4
028050,2026-07-09,1
028050,2026-07-10,4
028050,2026-07-14,1
028050,2026-07-15,4
028050,2026-07-20,1
028050,2026-07-21,4
028050,2026-07-22,1
028050,2026-07-23,4
028050,2026-07-24,4
028050,2026-07-29,1
028050,2026-07-30,4
028050,2026-07-31,4
028050,2026-08-03,1
028050,2026-08-04,4
028050,2026-08-25,1
028050,2026-08-26,4
028050,2026-08-27,4
028050,2026-09-02,1
028050,2026-09-03,4
028050,2026-09-04,1
028050,2026-09-07,4
028050,2026-09-08,4
028050,2026-09-17,1
028050,2026-09-18,4
028260,2026-07-02,1
028260,2026-07-03,4
028260,2026-07-06,4
028260,2026-07-09,1
028260,2026-07-10,4
028260,2026-07-14,1
028260,2026-07-15,4
028260,2026-07-20,1
028260,2026-07-21,4
028260,2026-07-22,4
028260,2026-07-29,1
028260,2026-07-30,4
028260,2026-07-31,4
028260,2026-08-04,1
028260,2026-08-05,4
028260,2026-08-07,1
028260,2026-08-10,4
028260,2026-08-12,1
028260,2026-08-13,4
028260,2026-08-19,1
028260,2026-08-20,4
028260,2026-08-21,4
028260,2026-08-25,1
028260,2026-08-26,4
028260,2026-09-18,1
028260,2026-09-21,4
028300,2026-07-03,1
028300,2026-07-06,4
028300,2026-07-07,4
028300,2026-07-08,1
028300,2026-07-09,4
028300,2026-07-13,1
028300,2026-07-14,4
028300,2026-07-15,4
028300,2026-07-16,4
028300,2026-07-20,1
028300,2026-07-21,4
028300,2026-07-22,1
028300,2026-07-23,4
028300,2026-07-24,4
028300,2026-08-03,1
028300,2026-08-04,4
028300,2026-08-05,4
028300,2026-08-06,1
028300,2026-08-07,4
028300,2026-08-10,4
028300,2026-08-19,1
028300,2026-08-20,4
028300,2026-08-31,1
028300,2026-09-01,4
028300,2026-09-14,1
028300,2026-09-15,4
028300,2026-09-18,1
028300,2026-09-21,4
028300,2026-09-28,1
028300,2026-09-29,4
028670,2026-07-29,1
028670,2026-07-30,4
028670,2026-07-31,4
028670,2026-08-03,1
028670,2026-08-04,4
028670,2026-08-14,1
028670,2026-08-18,4
028670,2026-08-21,1
028670,2026-08-24,4
028670,2026-09-02,1
028670,2026-09-03,4
028670,2026-09-28,1
028670,2026-09-29,4
030530,2026-07-22,1
030530,2026-07-23,4
030530,2026-07-31,1
030530,2026-08-03,4
030530,2026-08-04,4
030530,2026-08-07,1
030530,2026-08-10,4
030530,2026-08-27,1
030530,2026-08-28,4
030530,2026-09-02,1
030530,2026-09-03,4
030530,2026-09-04,4
030530,2026-09-07,4
030530,2026-09-08,4
030530,2026-09-09,4
030530,2026-09-14,1
030530,2026-09-15,4
030530,2026-09-18,1
030530,2026-09-21,4
030530,2026-09-22,1
030530,2026-09-23,4
031980,2026-06-30,1
031980,2026-07-01,4
031980,2026-07-06,1
031980,2026-07-07,4
031980,2026-07-08,1
031980,2026-07-09,4
031980,2026-07-10,4
031980,2026-07-13,4
031980,2026-07-14,4
031980,2026-07-15,4
031980,2026-07-20,1
031980,2026-07-21,4
031980,2026-07-22,4
031980,2026-07-23,4
031980,2026-07-30,1
031980,2026-07-31,4
031980,2026-08-10,1
031980,2026-08-11,4
031980,2026-08-13,1
031980,2026-08-14,4
031980,2026-08-18,4
031980,2026-08-19,4
031980,2026-09-02,1
031980,2026-09-03,4
031980,2026-09-04,4
031980,2026-09-07,4
031980,2026-09-09,1
031980,2026-09-10,4
031980,2026-09-14,1
031980,2026-09-15,4
031980,2026-09-18,1
031980,2026-09-21,4
031980,2026-09-28,1
031980,2026-09-29,4
032580,2026-06-30,1
032580,2026-07-01,4
032580,2026-08-11,1
032580,2026-08-12,4
032640,2026-07-29,1
032640,2026-07-30,4
032640,2026-08-10,1
032640,2026-08-11,4
032820,2026-06-30,1
032820,2026-07-01,4
032820,2026-07-03,1
032820,2026-07-06,4
032820,2026-07-08,1
032820,2026-07-09,4
032820,2026-07-10,4
032820,2026-07-13,4
032820,2026-07-14,1
032820,2026-07-15,4
032820,2026-07-20,1
032820,2026-07-21,4
032820,2026-07-22,4
032820,2026-07-23,4
032820,2026-07-30,1
032820,2026-07-31,4
032820,2026-08-03,4
032820,2026-08-04,4
032820,2026-08-05,4
032820,2026-08-07,1
032820,2026-08-10,4
032820,2026-08-12,1
032820,2026-08-13,4
032820,2026-08-19,1
032820,2026-08-20,4
032820,2026-08-27,1
032820,2026-08-28,4
032820,2026-09-07,1
032820,2026-09-08,4
032820,2026-09-09,4
032820,2026-09-10,4
032820,2026-09-16,1
032820,2026-09-17,4
032820,2026-09-18,4
032820,2026-09-21,4
032830,2026-07-09,1
032830,2026-07-10,4
032830,2026-07-14,1
032830,2026-07-15,4
032830,2026-07-20,1
032830,2026-07-21,4
032830,2026-07-22,4
032830,2026-07-29,1
032830,2026-07-30,4
032830,2026-07-31,4
032830,2026-08-04,1
032830,2026-08-05,4
032830,2026-08-11,1
032830,2026-08-12,4
032830,2026-08-13,4
032830,2026-08-14,4
032830,2026-08-18,4
032830,2026-08-19,1
032830,2026-08-20,4
032830,2026-08-21,4
032830,2026-08-25,1
032830,2026-08-26,4
032830,2026-09-02,1
032830,2026-09-03,4
032830,2026-09-04,1
032830,2026-09-07,4
032940,2026-08-28,1
032940,2026-08-31,4
032940,2026-09-01,4
032940,2026-09-02,1
032940,2026-09-03,4
032940,2026-09-04,4
032940,2026-09-09,1
032940,2026-09-10,4
032940,2026-09-14,1
032940,2026-09-15,4
032940,2026-09-16,4
033100,2026-06-30,1
033100,2026-07-01,4
033160,2026-07-14,1
033160,2026-07-15,4
033160,2026-08-04,1
033160,2026-08-05,4
033160,2026-08-06,4
033160,2026-08-12,1
033160,2026-08-13,4
033160,2026-08-14,1
033160,2026-08-18,4
033160,2026-09-01,1
033160,2026-09-02,4
033160,2026-09-21,1
033160,2026-09-22,4
033340,2026-08-19,1
033340,2026-08-20,4
033340,2026-08-21,4
033340,2026-09-01,1
033340,2026-09-02,4
033340,2026-09-04,1
033340,2026-09-07,4
033780,2026-07-01,1
033780,2026-07-02,4
033780,2026-07-06,1
033780,2026-07-07,4
033780,2026-07-28,1
033780,2026-07-29,4
033790,2026-08-28,1
033790,2026-08-31,4
033790,2026-09-01,4
033790,2026-09-02,1
033790,2026-09-03,4
033790,2026-09-04,4
033790,2026-09-08,1
033790,2026-09-09,4
033790,2026-09-23,1
033790,2026-09-28,4
034020,2026-07-09,1
034020,2026-07-10,4
034020,2026-07-21,1
034020,2026-07-22,4
034020,2026-07-23,4
034020,2026-07-30,1
034020,2026-07-31,4
034020,2026-08-03,1
034020,2026-08-04,4
034020,2026-08-05,4
034020,2026-08-13,1
034020,2026-08-14,4
034020,2026-08-24,1
034020,2026-08-25,4
034020,2026-08-26,4
034020,2026-09-02,1
034020,2026-09-03,4
034020,2026-09-04,1
034020,2026-09-07,4
034020,2026-09-08,4
034020,2026-09-09,4
034220,2026-07-07,1
034220,2026-07-08,4
034220,2026-07-09,1
034220,2026-07-10,4
034220,2026-07-14,1
034220,2026-07-15,4
034220,2026-07-21,1
034220,2026-07-22,4
034220,2026-07-29,1
034220,2026-07-30,4
034220,2026-07-31,4
034730,2026-07-08,1
034730,2026-07-09,4
034730,2026-07-10,4
034730,2026-07-14,1
034730,2026-07-15,4
034730,2026-07-21,1
034730,2026-07-22,4
034730,2026-07-23,4
034730,2026-07-30,1
034730,2026-07-31,4
034730,2026-08-04,1
034730,2026-08-05,4
034730,2026-08-12,1
034730,2026-08-13,4
034730,2026-08-14,4
034730,2026-08-18,4
034730,2026-08-19,1
034730,2026-08-20,4
034730,2026-08-21,4
034730,2026-08-31,1
034730,2026-09-01,4
034730,2026-09-03,1
034730,2026-09-04,4
034730,2026-09-07,4
034730,2026-09-18,1
034730,2026-09-21,4
034730,2026-09-22,1
034730,2026-09-23,4
035420,2026-07-09,1
035420,2026-07-10,4
035420,2026-07-20,1
035420,2026-07-21,4
035420,2026-07-22,4
035420,2026-07-23,4
035420,2026-07-24,1
035420,2026-07-27,4
035420,2026-07-30,1
035420,2026-07-31,4
035420,2026-08-03,1
035420,2026-08-04,4
035420,2026-08-12,1
035420,2026-08-13,4
035420,2026-08-19,1
035420,2026-08-20,4
035420,2026-08-21,1
035420,2026-08-24,4
035420,2026-08-27,1
035420,2026-08-28,4
035720,2026-07-09,1
035720,2026-07-10,4
035720,2026-07-14,1
035720,2026-07-15,4
035720,2026-07-28,1
035720,2026-07-29,4
035720,2026-08-06,1
035720,2026-08-07,4
035720,2026-08-19,1
035720,2026-08-20,4
036220,2026-09-14,1
036220,2026-09-15,4
036540,2026-07-14,1
036540,2026-07-15,4
036540,2026-07-30,1
036540,2026-07-31,4
036540,2026-08-10,1
036540,2026-08-11,4
036540,2026-09-07,1
036540,2026-09-08,4
036540,2026-09-09,4
036540,2026-09-10,4
036540,2026-09-11,1
036540,2026-09-14,4
036540,2026-09-15,4
036540,2026-09-17,1
036540,2026-09-18,4
036540,2026-09-21,4
036540,2026-09-22,4
036570,2026-07-01,1
036570,2026-07-02,4
036570,2026-07-29,1
036570,2026-07-30,4
036570,2026-08-10,1
036570,2026-08-11,4
036570,2026-09-21,1
036570,2026-09-22,4
036930,2026-06-30,1
036930,2026-07-01,4
036930,2026-07-06,1
036930,2026-07-07,4
036930,2026-07-08,1
036930,2026-07-09,4
036930,2026-07-10,4
036930,2026-07-13,4
036930,2026-07-14,4
036930,2026-07-15,4
036930,2026-07-21,1
036930,2026-07-22,4
036930,2026-07-23,4
036930,2026-07-24,1
036930,2026-07-27,4
036930,2026-07-28,1
036930,2026-07-29,4
036930,2026-07-30,1
036930,2026-07-31,4
036930,2026-08-03,4
036930,2026-08-04,4
036930,2026-08-05,4
036930,2026-08-06,1
036930,2026-08-07,4
036930,2026-08-10,4
036930,2026-08-11,4
036930,2026-08-12,4
036930,2026-08-13,4
036930,2026-08-14,1
036930,2026-08-18,4
036930,2026-08-24,1
036930,2026-08-25,4
036930,2026-09-01,1
036930,2026-09-02,4
036930,2026-09-03,1
036930,2026-09-04,4
036930,2026-09-07,4
036930,2026-09-08,4
036930,2026-09-09,4
036930,2026-09-10,4
036930,2026-09-15,1
036930,2026-09-16,4
036930,2026-09-28,1
036930,2026-09-29,4
037070,2026-07-02,1
037070,2026-07-03,4
037070,2026-07-06,4
037070,2026-07-07,4
037070,2026-07-10,1
037070,2026-07-13,4
037070,2026-07-14,4
037070,2026-07-15,4
037070,2026-07-16,4
037070,2026-07-23,1
037070,2026-07-24,4
037070,2026-07-27,4
037070,2026-07-31,1
037070,2026-08-03,4
037350,2026-06-30,1
037350,2026-07-01,4
037440,2026-07-01,1
037440,2026-07-02,4
037440,2026-07-06,1
037440,2026-07-07,4
037440,2026-08-25,1
037440,2026-08-26,4
037710,2026-07-01,1
037710,2026-07-02,4
037710,2026-07-03,1
037710,2026-07-06,4
037710,2026-07-07,1
037710,2026-07-08,4
037710,2026-07-09,1
037710,2026-07-10,4
037710,2026-07-14,1
037710,2026-07-15,4
038500,2026-06-30,1
038500,2026-07-01,4
039030,2026-06-30,1
039030,2026-07-01,4
039030,2026-07-08,1
039030,2026-07-09,4
039030,2026-07-10,4
039030,2026-07-13,4
039030,2026-07-14,1
039030,2026-07-15,4
039030,2026-07-21,1
039030,2026-07-22,4
039030,2026-07-23,4
039030,2026-07-24,1
039030,2026-07-27,4
039030,2026-07-30,1
039030,2026-07-31,4
039030,2026-08-03,1
039030,2026-08-04,4
039030,2026-08-05,4
039030,2026-08-06,4
039030,2026-08-07,1
039030,2026-08-10,4
039030,2026-08-11,4
039030,2026-08-12,4
039030,2026-08-13,4
039030,2026-08-14,4
039030,2026-08-18,4
039030,2026-08-19,4
039030,2026-09-01,1
039030,2026-09-02,4
039030,2026-09-03,4
039030,2026-09-04,4
039030,2026-09-07,4
039030,2026-09-08,1
039030,2026-09-09,4
039030,2026-09-14,1
039030,2026-09-15,4
039030,2026-09-16,4
039030,2026-09-18,1
039030,2026-09-21,4
039030,2026-09-28,1
039030,2026-09-29,4
039490,2026-07-02,1
039490,2026-07-03,4
039490,2026-07-06,4
039490,2026-07-09,1
039490,2026-07-10,4
039490,2026-07-13,4
039490,2026-07-14,1
039490,2026-07-15,4
039490,2026-07-29,1
039490,2026-07-30,4
039490,2026-07-31,4
039490,2026-08-07,1
039490,2026-08-10,4
039980,2026-07-24,1
039980,2026-07-27,4
039980,2026-07-28,4
039980,2026-08-04,1
039980,2026-08-05,4
039980,2026-08-06,4
039980,2026-08-07,4
041190,2026-08-20,1
041190,2026-08-21,4
041190,2026-08-24,4
041190,2026-08-25,4
041190,2026-08-27,1
041190,2026-08-28,4
041190,2026-09-03,1
041190,2026-09-04,4
041190,2026-09-18,1
041190,2026-09-21,4
041190,2026-09-22,4
041510,2026-07-06,1
041510,2026-07-07,4
041830,2026-08-05,1
041830,2026-08-06,4
041930,2026-09-04,1
041930,2026-09-07,4
042110,2026-07-10,1
042110,2026-07-13,4
042110,2026-07-15,1
042110,2026-07-16,4
042370,2026-09-16,1
042370,2026-09-17,4
042370,2026-09-23,1
042370,2026-09-28,4
042510,2026-08-27,1
042510,2026-08-28,4
042510,2026-09-11,1
042510,2026-09-14,4
042510,2026-09-15,4
042660,2026-07-01,1
042660,2026-07-02,4
042660,2026-07-03,1
042660,2026-07-06,4
042660,2026-07-09,1
042660,2026-07-10,4
042660,2026-07-13,4
042660,2026-07-14,1
042660,2026-07-15,4
042660,2026-07-16,4
042660,2026-07-21,1
042660,2026-07-22,4
042660,2026-07-23,4
042660,2026-07-29,1
042660,2026-07-30,4
042660,2026-07-31,4
042660,2026-08-03,1
042660,2026-08-04,4
042660,2026-08-05,4
042660,2026-08-07,1
042660,2026-08-10,4
042660,2026-08-13,1
042660,2026-08-14,4
042660,2026-09-02,1
042660,2026-09-03,4
042660,2026-09-08,1
042660,2026-09-09,4
042700,2026-07-02,1
042700,2026-07-03,4
042700,2026-07-08,1
042700,2026-07-09,4
042700,2026-07-10,4
042700,2026-07-14,1
042700,2026-07-15,4
042700,2026-07-21,1
042700,2026-07-22,4
042700,2026-07-29,1
042700,2026-07-30,4
042700,2026-07-31,4
042700,2026-08-04,1
042700,2026-08-05,4
042700,2026-08-07,1
042700,2026-08-10,4
042700,2026-08-12,1
042700,2026-08-13,4
042700,2026-08-14,4
042700,2026-08-18,4
042700,2026-09-03,1
042700,2026-09-04,4
042700,2026-09-07,4
042700,2026-09-08,4
042700,2026-09-09,4
042700,2026-09-10,4
042700,2026-09-17,1
042700,2026-09-18,4
042700,2026-09-28,1
042700,2026-09-29,4
042940,2026-07-01,1
042940,2026-07-02,4
043260,2026-06-30,1
043260,2026-07-01,4
043260,2026-07-07,1
043260,2026-07-08,4
043260,2026-07-09,4
043260,2026-07-10,4
043260,2026-07-14,1
043260,2026-07-15,4
043260,2026-07-21,1
043260,2026-07-22,4
043260,2026-07-23,4
043260,2026-07-30,1
043260,2026-07-31,4
043260,2026-08-03,1
043260,2026-08-04,4
043260,2026-08-05,4
043260,2026-08-06,1
043260,2026-08-07,4
043260,2026-08-10,4
043260,2026-08-12,1
043260,2026-08-13,4
043260,2026-08-14,1
043260,2026-08-18,4
043260,2026-09-07,1
043260,2026-09-08,4
043260,2026-09-09,4
043260,2026-09-15,1
043260,2026-09-16,4
043260,2026-09-17,4
043260,2026-09-18,4
043260,2026-09-21,1
043260,2026-09-22,4
044340,2026-07-13,1
044340,2026-07-14,4
044340,2026-07-15,4
044340,2026-07-16,4
044340,2026-07-23,1
044340,2026-07-24,4
044340,2026-07-27,4
044340,2026-07-28,4
044340,2026-07-30,1
044340,2026-07-31,4
044340,2026-08-03,4
044340,2026-08-04,4
044490,2026-09-01,1
044490,2026-09-02,4
044490,2026-09-07,1
044490,2026-09-08,4
044490,2026-09-10,1
044490,2026-09-11,4
044490,2026-09-21,1
044490,2026-09-22,4
045100,2026-06-30,1
045100,2026-07-01,4
045390,2026-08-14,1
045390,2026-08-18,4
045390,2026-08-19,4
045390,2026-08-31,1
045390,2026-09-01,4
045390,2026-09-02,4
046120,2026-09-07,1
046120,2026-09-08,4
046120,2026-09-09,4
046940,2026-07-01,1
046940,2026-07-02,4
046940,2026-07-03,4
046940,2026-07-06,4
046970,2026-08-27,1
046970,2026-08-28,4
046970,2026-09-08,1
046970,2026-09-09,4
046970,2026-09-10,4
046970,2026-09-11,4
046970,2026-09-14,4
046970,2026-09-15,1
046970,2026-09-16,4
046970,2026-09-17,1
046970,2026-09-18,4
046970,2026-09-22,1
046970,2026-09-23,4
047040,2026-06-30,1
047040,2026-07-01,4
047040,2026-07-09,1
047040,2026-07-10,4
047040,2026-07-14,1
047040,2026-07-15,4
047040,2026-07-21,1
047040,2026-07-22,4
047040,2026-07-23,4
047040,2026-07-30,1
047040,2026-07-31,4
047040,2026-08-03,4
047040,2026-08-04,4
047040,2026-08-05,4
047040,2026-08-06,4
047040,2026-08-07,1
047040,2026-08-10,4
047040,2026-08-12,1
047040,2026-08-13,4
047040,2026-08-24,1
047040,2026-08-25,4
047040,2026-08-26,4
047040,2026-08-27,4
047040,2026-09-02,1
047040,2026-09-03,4
047040,2026-09-04,1
047040,2026-09-07,4
047040,2026-09-08,4
047040,2026-09-09,4
047040,2026-09-17,1
047040,2026-09-18,4
047040,2026-09-21,1
047040,2026-09-22,4
047040,2026-09-23,1
047040,2026-09-28,4
047050,2026-07-10,1
047050,2026-07-13,4
047050,2026-07-14,4
047050,2026-07-22,1
047050,2026-07-23,4
047050,2026-07-29,1
047050,2026-07-30,4
047050,2026-08-03,1
047050,2026-08-04,4
047050,2026-08-06,1
047050,2026-08-07,4
047050,2026-08-19,1
047050,2026-08-20,4
047050,2026-08-21,1
047050,2026-08-24,4
047050,2026-08-31,1
047050,2026-09-01,4
047050,2026-09-02,1
047050,2026-09-03,4
047050,2026-09-08,1
047050,2026-09-09,4
047050,2026-09-15,1
047050,2026-09-16,4
047050,2026-09-17,4
047770,2026-07-15,1
047770,2026-07-16,4
047770,2026-08-18,1
047770,2026-08-19,4
047770,2026-08-20,1
047770,2026-08-21,4
047770,2026-08-24,1
047770,2026-08-25,4
047770,2026-08-31,1
047770,2026-09-01,4
047770,2026-09-02,4
047770,2026-09-04,1
047770,2026-09-07,4
047810,2026-06-30,1
047810,2026-07-01,4
047810,2026-07-03,1
047810,2026-07-06,4
047810,2026-07-08,1
047810,2026-07-09,4
047810,2026-07-10,1
047810,2026-07-13,4
047810,2026-07-14,1
047810,2026-07-15,4
047810,2026-07-21,1
047810,2026-07-22,4
047810,2026-07-23,4
047810,2026-07-29,1
047810,2026-07-30,4
047810,2026-07-31,4
047810,2026-08-03,1
047810,2026-08-04,4
047810,2026-08-05,4
047810,2026-08-06,1
047810,2026-08-07,4
047810,2026-08-11,1
047810,2026-08-12,4
047810,2026-08-31,1
047810,2026-09-01,4
047810,2026-09-16,1
047810,2026-09-17,4
047920,2026-09-28,1
047920,2026-09-29,4
048410,2026-09-08,1
048410,2026-09-09,4
048410,2026-09-10,4
048770,2026-09-04,1
048770,2026-09-07,4
048770,2026-09-09,1
048770,2026-09-10,4
048770,2026-09-14,1
048770,2026-09-15,4
049080,2026-07-10,1
049080,2026-07-13,4
049080,2026-07-14,4
049080,2026-07-15,4
049080,2026-07-16,4
049080,2026-07-20,4
049080,2026-07-21,4
049080,2026-07-22,4
049080,2026-08-03,1
049080,2026-08-04,4
049080,2026-08-05,4
049080,2026-08-26,1
049080,2026-08-27,4
049080,2026-09-15,1
049080,2026-09-16,4
049080,2026-09-17,4
049480,2026-07-08,1
049480,2026-07-09,4
049630,2026-08-13,1
049630,2026-08-14,4
049630,2026-08-18,4
049720,2026-07-23,1
049720,2026-07-24,4
050890,2026-08-04,1
050890,2026-08-05,4
050890,2026-09-15,1
050890,2026-09-16,4
050890,2026-09-17,4
050890,2026-09-18,4
051160,2026-09-16,1
051160,2026-09-17,4
051900,2026-07-01,1
051900,2026-07-02,4
051900,2026-07-28,1
051900,2026-07-29,4
051900,2026-07-30,4
051900,2026-08-05,1
051900,2026-08-06,4
051900,2026-08-27,1
051900,2026-08-28,4
051910,2026-07-09,1
051910,2026-07-10,4
051910,2026-07-13,4
051910,2026-07-14,1
051910,2026-07-15,4
051910,2026-07-21,1
051910,2026-07-22,4
051910,2026-07-23,4
051910,2026-07-29,1
051910,2026-07-30,4
051910,2026-07-31,4
051910,2026-08-06,1
051910,2026-08-07,4
051910,2026-08-21,1
051910,2026-08-24,4
051910,2026-08-31,1
051910,2026-09-01,4
051910,2026-09-02,1
051910,2026-09-03,4
051910,2026-09-08,1
051910,2026-09-09,4
052260,2026-09-23,1
052260,2026-09-28,4
052260,2026-09-29,4
052690,2026-07-08,1
052690,2026-07-09,4
052690,2026-07-23,1
052690,2026-07-24,4
052690,2026-07-30,1
052690,2026-07-31,4
052690,2026-08-24,1
052690,2026-08-25,4
052690,2026-08-26,4
052690,2026-09-04,1
052690,2026-09-07,4
052690,2026-09-08,4
052690,2026-09-09,4
052690,2026-09-10,1
052690,2026-09-11,4
052690,2026-09-14,1
052690,2026-09-15,4
052690,2026-09-21,1
052690,2026-09-22,4
052710,2026-06-30,1
052710,2026-07-01,4
052710,2026-09-10,1
052710,2026-09-11,4
052710,2026-09-14,4
052710,2026-09-15,4
052710,2026-09-17,1
052710,2026-09-18,4
052710,2026-09-21,1
052710,2026-09-22,4
053260,2026-08-07,1
053260,2026-08-10,4
053260,2026-08-11,4
053260,2026-09-02,1
053260,2026-09-03,4
053260,2026-09-04,1
053260,2026-09-07,4
053260,2026-09-08,4
053260,2026-09-09,4
053260,2026-09-10,4
053260,2026-09-11,4
053260,2026-09-14,4
053300,2026-09-14,1
053300,2026-09-15,4
053690,2026-08-25,1
053690,2026-08-26,4
053690,2026-08-27,4
054540,2026-07-23,1
054540,2026-07-24,4
054920,2026-09-14,1
054920,2026-09-15,4
054920,2026-09-16,4
054920,2026-09-22,1
054920,2026-09-23,4
055550,2026-07-01,1
055550,2026-07-02,4
055550,2026-07-03,4
055550,2026-07-09,1
055550,2026-07-10,4
055550,2026-07-29,1
055550,2026-07-30,4
058470,2026-06-30,1
058470,2026-07-01,4
058470,2026-07-08,1
058470,2026-07-09,4
058470,2026-07-10,4
058470,2026-07-13,4
058470,2026-07-14,1
058470,2026-07-15,4
058470,2026-07-21,1
058470,2026-07-22,4
058470,2026-07-30,1
058470,2026-07-31,4
058470,2026-08-04,1
058470,2026-08-05,4
058470,2026-08-07,1
058470,2026-08-10,4
058470,2026-09-07,1
058470,2026-09-08,4
058470,2026-09-17,1
058470,2026-09-18,4
058470,2026-09-21,1
058470,2026-09-22,4
058610,2026-07-08,1
058610,2026-07-09,4
058610,2026-07-21,1
058610,2026-07-22,4
058610,2026-07-23,4
058610,2026-07-24,1
058610,2026-07-27,4
058610,2026-07-28,1
058610,2026-07-29,4
058610,2026-07-30,4
058610,2026-07-31,4
058610,2026-08-03,4
058610,2026-08-05,1
058610,2026-08-06,4
058610,2026-08-07,1
058610,2026-08-10,4
058610,2026-08-11,4
058610,2026-08-13,1
058610,2026-08-14,4
058610,2026-09-03,1
058610,2026-09-04,4
058610,2026-09-09,1
058610,2026-09-10,4
058610,2026-09-14,1
058610,2026-09-15,4
058610,2026-09-22,1
058610,2026-09-23,4
058730,2026-06-30,1
058730,2026-07-01,4
058730,2026-07-02,4
058730,2026-07-06,1
058730,2026-07-07,4
058730,2026-07-08,4
058730,2026-07-09,4
058730,2026-07-10,4
058730,2026-07-13,4
058730,2026-07-14,1
058730,2026-07-15,4
058730,2026-07-16,1
058730,2026-07-20,4
058730,2026-07-21,1
058730,2026-07-22,4
058730,2026-07-23,4
058730,2026-08-10,1
058730,2026-08-11,4
058730,2026-08-12,4
058730,2026-08-19,1
058730,2026-08-20,4
058730,2026-08-25,1
058730,2026-08-26,4
058730,2026-09-01,1
058730,2026-09-02,4
059090,2026-09-21,1
059090,2026-09-22,4
059120,2026-07-22,1
059120,2026-07-23,4
059120,2026-07-24,1
059120,2026-07-27,4
059120,2026-07-28,4
059120,2026-08-04,1
059120,2026-08-05,4
059120,2026-08-10,1
059120,2026-08-11,4
059120,2026-09-02,1
059120,2026-09-03,4
060250,2026-07-22,1
060250,2026-07-23,4
060250,2026-08-10,1
060250,2026-08-11,4
060250,2026-08-21,1
060250,2026-08-24,4
060250,2026-08-27,1
060250,2026-08-28,4
060720,2026-07-20,1
060720,2026-07-21,4
060720,2026-07-22,4
062040,2026-06-30,1
062040,2026-07-01,4
062040,2026-07-09,1
062040,2026-07-10,4
062040,2026-07-14,1
062040,2026-07-15,4
062040,2026-07-21,1
062040,2026-07-22,4
062040,2026-07-23,4
062040,2026-07-30,1
062040,2026-07-31,4
062040,2026-08-03,1
062040,2026-08-04,4
062040,2026-08-05,4
062040,2026-08-07,1
062040,2026-08-10,4
062040,2026-08-11,1
062040,2026-08-12,4
062040,2026-08-25,1
062040,2026-08-26,4
062040,2026-08-27,4
062040,2026-09-02,1
062040,2026-09-03,4
062040,2026-09-04,4
062040,2026-09-07,1
062040,2026-09-08,4
062040,2026-09-09,4
062040,2026-09-15,1
062040,2026-09-16,4
062040,2026-09-17,1
062040,2026-09-18,4
062970,2026-08-07,1
062970,2026-08-10,4
062970,2026-09-14,1
062970,2026-09-15,4
062970,2026-09-16,4
064260,2026-07-22,1
064260,2026-07-23,4
064260,2026-07-24,1
064260,2026-07-27,4
064260,2026-07-28,4
064260,2026-07-29,4
064260,2026-07-30,1
064260,2026-07-31,4
064260,2026-08-07,1
064260,2026-08-10,4
064260,2026-08-19,1
064260,2026-08-20,4
064260,2026-08-21,4
064260,2026-08-24,4
064260,2026-08-25,4
064260,2026-08-27,1
064260,2026-08-28,4
064290,2026-07-02,1
064290,2026-07-03,4
064290,2026-07-06,1
064290,2026-07-07,4
064290,2026-08-14,1
064290,2026-08-18,4
064290,2026-09-03,1
064290,2026-09-04,4
064290,2026-09-07,4
064290,2026-09-09,1
064290,2026-09-10,4
064290,2026-09-15,1
064290,2026-09-16,4
064290,2026-09-18,1
064290,2026-09-21,4
064290,2026-09-22,4
064350,2026-06-30,1
064350,2026-07-01,4
064350,2026-07-02,4
064350,2026-07-09,1
064350,2026-07-10,4
064350,2026-07-20,1
064350,2026-07-21,4
064350,2026-07-22,4
064350,2026-07-23,4
064350,2026-07-29,1
064350,2026-07-30,4
064350,2026-07-31,4
064350,2026-08-03,1
064350,2026-08-04,4
064350,2026-08-05,4
064350,2026-08-06,1
064350,2026-08-07,4
064400,2026-07-01,1
064400,2026-07-02,4
064400,2026-07-09,1
064400,2026-07-10,4
064400,2026-07-14,1
064400,2026-07-15,4
064400,2026-07-21,1
064400,2026-07-22,4
064400,2026-07-23,4
064400,2026-07-24,1
064400,2026-07-27,4
064400,2026-07-30,1
064400,2026-07-31,4
064400,2026-08-03,1
064400,2026-08-04,4
064400,2026-08-05,4
064400,2026-08-13,1
064400,2026-08-14,4
064400,2026-08-18,4
064400,2026-08-19,1
064400,2026-08-20,4
064400,2026-09-21,1
064400,2026-09-22,4
064550,2026-08-31,1
064550,2026-09-01,4
064550,2026-09-04,1
064550,2026-09-07,4
064550,2026-09-10,1
064550,2026-09-11,4
064760,2026-06-30,1
064760,2026-07-01,4
064760,2026-07-10,1
064760,2026-07-13,4
064760,2026-07-14,4
064760,2026-07-28,1
064760,2026-07-29,4
064760,2026-08-11,1
064760,2026-08-12,4
064760,2026-08-13,1
064760,2026-08-14,4
064760,2026-09-04,1
064760,2026-09-07,4
064760,2026-09-09,1
064760,2026-09-10,4
064760,2026-09-28,1
064760,2026-09-29,4
065170,2026-07-01,1
065170,2026-07-02,4
065170,2026-07-03,4
065170,2026-07-07,4
065170,2026-07-08,4
065170,2026-07-09,4
065450,2026-09-28,1
065450,2026-09-29,4
066430,2026-07-28,1
066430,2026-07-29,4
066430,2026-08-13,1
066430,2026-08-14,4
066570,2026-07-07,1
066570,2026-07-08,4
066570,2026-07-10,1
066570,2026-07-13,4
066570,2026-07-14,1
066570,2026-07-15,4
066570,2026-07-21,1
066570,2026-07-22,4
066570,2026-07-30,1
066570,2026-07-31,4
066570,2026-08-03,1
066570,2026-08-04,4
066570,2026-08-05,4
066570,2026-08-06,1
066570,2026-08-07,4
066570,2026-08-11,1
066570,2026-08-12,4
066570,2026-08-13,1
066570,2026-08-14,4
066570,2026-08-18,4
066570,2026-08-28,1
066570,2026-08-31,4
066570,2026-09-04,1
066570,2026-09-07,4
066570,2026-09-21,1
066570,2026-09-22,4
066570,2026-09-23,1
066570,2026-09-28,4
066590,2026-07-16,1
066590,2026-07-20,4
066590,2026-07-21,4
066590,2026-07-22,4
066910,2026-07-20,1
066910,2026-07-21,4
066970,2026-07-09,1
066970,2026-07-10,4
066970,2026-07-13,4
066970,2026-07-14,1
066970,2026-07-15,4
066970,2026-07-21,1
066970,2026-07-22,4
066970,2026-07-23,4
066970,2026-07-29,1
066970,2026-07-30,4
066970,2026-07-31,4
066970,2026-08-06,1
066970,2026-08-07,4
066970,2026-08-10,4
066970,2026-08-11,1
066970,2026-08-12,4
066970,2026-08-13,4
066970,2026-08-14,4
066970,2026-08-19,1
066970,2026-08-20,4
066970,2026-08-21,1
066970,2026-08-24,4
066970,2026-08-26,1
066970,2026-08-27,4
066970,2026-08-28,4
066970,2026-08-31,4
066970,2026-09-08,1
066970,2026-09-09,4
066970,2026-09-23,1
066970,2026-09-28,4
066980,2026-06-30,1
066980,2026-07-01,4
067290,2026-07-13,1
067290,2026-07-14,4
067290,2026-07-15,4
067290,2026-07-16,4
067290,2026-07-20,4
067290,2026-07-21,4
067290,2026-07-22,4
067290,2026-07-23,1
067290,2026-07-24,4
067290,2026-07-29,1
067290,2026-07-30,4
067290,2026-07-31,4
067290,2026-08-03,4
067290,2026-08-04,1
067290,2026-08-05,4
067290,2026-08-06,4
067290,2026-08-07,1
067290,2026-08-10,4
067290,2026-08-11,4
067290,2026-08-12,4
067290,2026-08-14,1
067290,2026-08-18,4
067290,2026-08-19,1
067290,2026-08-20,4
067290,2026-08-28,1
067290,2026-08-31,4
067290,2026-09-01,4
067290,2026-09-02,4
067290,2026-09-03,4
067290,2026-09-04,1
067290,2026-09-07,4
067290,2026-09-08,4
067290,2026-09-09,4
067290,2026-09-10,4
067290,2026-09-11,4
067290,2026-09-14,4
067290,2026-09-15,4
067290,2026-09-16,1
067290,2026-09-17,4
067290,2026-09-23,1
067290,2026-09-28,4
067310,2026-06-30,1
067310,2026-07-01,4
067310,2026-07-08,1
067310,2026-07-09,4
067310,2026-07-10,4
067310,2026-07-13,4
067310,2026-07-14,1
067310,2026-07-15,4
067310,2026-07-16,1
067310,2026-07-20,4
067310,2026-07-21,1
067310,2026-07-22,4
067310,2026-07-23,4
067310,2026-07-24,1
067310,2026-07-27,4
067310,2026-07-30,1
067310,2026-07-31,4
067310,2026-08-03,4
067310,2026-08-04,4
067310,2026-08-05,4
067310,2026-08-07,1
067310,2026-08-10,4
067310,2026-08-11,4
067310,2026-08-14,1
067310,2026-08-18,4
067310,2026-08-24,1
067310,2026-08-25,4
067310,2026-08-26,1
067310,2026-08-27,4
067310,2026-09-04,1
067310,2026-09-07,4
067310,2026-09-09,1
067310,2026-09-10,4
067310,2026-09-16,1
067310,2026-09-17,4
067310,2026-09-18,1
067310,2026-09-21,4
067310,2026-09-22,4
067630,2026-09-28,1
067630,2026-09-29,4
068270,2026-07-02,1
068270,2026-07-03,4
068270,2026-07-28,1
068270,2026-07-29,4
068270,2026-07-30,4
068270,2026-08-10,1
068270,2026-08-11,4
069540,2026-07-10,1
069540,2026-07-13,4
069540,2026-07-14,4
069540,2026-07-15,4
069540,2026-07-16,4
069540,2026-07-20,4
069540,2026-07-21,4
069540,2026-07-22,4
069540,2026-08-04,1
069540,2026-08-05,4
069540,2026-08-06,4
069540,2026-08-07,4
069540,2026-08-10,4
069540,2026-08-25,1
069540,2026-08-26,4
069540,2026-08-27,4
069540,2026-09-07,1
069540,2026-09-08,4
069540,2026-09-09,4
069540,2026-09-10,4
069540,2026-09-11,4
069540,2026-09-14,4
069540,2026-09-15,1
069540,2026-09-16,4
069540,2026-09-17,1
069540,2026-09-18,4
069540,2026-09-21,4
069540,2026-09-22,1
069540,2026-09-23,4
069620,2026-07-02,1
069620,2026-07-03,4
069960,2026-07-14,1
069960,2026-07-15,4
069960,2026-08-04,1
069960,2026-08-05,4
069960,2026-09-07,1
069960,2026-09-08,4
071050,2026-06-30,1
071050,2026-07-01,4
071050,2026-07-02,1
071050,2026-07-03,4
071050,2026-07-06,4
071050,2026-07-07,1
071050,2026-07-08,4
071050,2026-07-09,1
071050,2026-07-10,4
071050,2026-07-13,4
071050,2026-07-14,1
071050,2026-07-15,4
071050,2026-07-21,1
071050,2026-07-22,4
071050,2026-07-29,1
071050,2026-07-30,4
071050,2026-07-31,4
071050,2026-08-04,1
071050,2026-08-05,4
071050,2026-08-12,1
071050,2026-08-13,4
071090,2026-09-21,1
071090,2026-09-22,4
071200,2026-09-14,1
071200,2026-09-15,4
071970,2026-06-30,1
071970,2026-07-01,4
071970,2026-07-02,1
071970,2026-07-03,4
071970,2026-07-14,1
071970,2026-07-15,4
071970,2026-07-21,1
071970,2026-07-22,4
071970,2026-07-23,4
071970,2026-07-30,1
071970,2026-07-31,4
072950,2026-08-04,1
072950,2026-08-05,4
072950,2026-08-11,1
072950,2026-08-12,4
072950,2026-08-13,4
072950,2026-09-11,1
072950,2026-09-14,4
072950,2026-09-15,1
072950,2026-09-16,4
072950,2026-09-17,4
072950,2026-09-18,4
072950,2026-09-22,1
072950,2026-09-23,4
073010,2026-09-09,1
073010,2026-09-10,4
073240,2026-06-30,1
073240,2026-07-01,4
073240,2026-07-03,1
073240,2026-07-06,4
073240,2026-07-07,4
073240,2026-07-08,4
073240,2026-07-09,1
073240,2026-07-10,4
073240,2026-07-16,1
073240,2026-07-20,4
073240,2026-07-21,4
073240,2026-07-22,4
073240,2026-07-23,4
073240,2026-07-29,1
073240,2026-07-30,4
073240,2026-07-31,4
073240,2026-08-03,1
073240,2026-08-04,4
073240,2026-08-05,4
073240,2026-08-06,4
073240,2026-08-07,4
073240,2026-08-12,1
073240,2026-08-13,4
073240,2026-08-14,4
073240,2026-08-18,4
073240,2026-08-31,1
073240,2026-09-01,4
073240,2026-09-09,1
073240,2026-09-10,4
074600,2026-06-30,1
074600,2026-07-01,4
075580,2026-07-23,1
075580,2026-07-24,4
078340,2026-08-26,1
078340,2026-08-27,4
078350,2026-09-16,1
078350,2026-09-17,4
078350,2026-09-18,4
078350,2026-09-21,4
078600,2026-08-03,1
078600,2026-08-04,4
078600,2026-08-07,1
078600,2026-08-10,4
078600,2026-08-26,1
078600,2026-08-27,4
078600,2026-08-31,1
078600,2026-09-01,4
078600,2026-09-23,1
078600,2026-09-28,4
078930,2026-06-30,1
078930,2026-07-01,4
078930,2026-07-02,4
078930,2026-07-03,1
078930,2026-07-06,4
078930,2026-07-07,4
078930,2026-07-09,1
078930,2026-07-10,4
078930,2026-07-13,4
078930,2026-07-14,1
078930,2026-07-15,4
078930,2026-07-16,1
078930,2026-07-20,4
078930,2026-07-21,1
078930,2026-07-22,4
078930,2026-07-23,4
078930,2026-07-24,4
078930,2026-07-29,1
078930,2026-07-30,4
078930,2026-08-03,1
078930,2026-08-04,4
078930,2026-08-05,4
078930,2026-08-06,4
078930,2026-08-11,1
078930,2026-08-12,4
078930,2026-08-13,4
078930,2026-08-14,4
078930,2026-08-24,1
078930,2026-08-25,4
078930,2026-08-26,4
078930,2026-08-27,1
078930,2026-08-28,4
078930,2026-09-03,1
078930,2026-09-04,4
078930,2026-09-23,1
078930,2026-09-28,4
079370,2026-09-22,1
079370,2026-09-23,4
079550,2026-06-30,1
079550,2026-07-01,4
079550,2026-07-02,1
079550,2026-07-03,4
079550,2026-07-06,4
079550,2026-07-09,1
079550,2026-07-10,4
079550,2026-07-13,4
079550,2026-07-14,1
079550,2026-07-15,4
079550,2026-07-21,1
079550,2026-07-22,4
079550,2026-07-23,4
079550,2026-07-24,4
079550,2026-07-29,1
079550,2026-07-30,4
079550,2026-07-31,4
079550,2026-08-03,1
079550,2026-08-04,4
079550,2026-08-06,1
079550,2026-08-07,4
079550,2026-08-10,4
079550,2026-08-11,1
079550,2026-08-12,4
079550,2026-08-13,4
079550,2026-08-26,1
079550,2026-08-27,4
079550,2026-09-04,1
079550,2026-09-07,4
079550,2026-09-11,1
079550,2026-09-14,4
079550,2026-09-16,1
079550,2026-09-17,4
079550,2026-09-18,4
079650,2026-06-30,1
079650,2026-07-01,4
079650,2026-07-02,1
079650,2026-07-03,4
079650,2026-07-06,4
079650,2026-07-07,1
079650,2026-07-08,4
079650,2026-07-09,4
079650,2026-07-10,4
079650,2026-07-13,4
079650,2026-07-14,4
079650,2026-07-15,4
079650,2026-07-16,1
079650,2026-07-20,4
079650,2026-07-21,4
079650,2026-07-29,1
079650,2026-07-30,4
079650,2026-07-31,4
079650,2026-08-03,4
079650,2026-08-10,1
079650,2026-08-11,4
079650,2026-08-12,4
079650,2026-08-13,4
079650,2026-08-19,1
079650,2026-08-20,4
079650,2026-08-21,4
079650,2026-08-27,1
079650,2026-08-28,4
079650,2026-08-31,4
079650,2026-09-01,1
079650,2026-09-02,4
079650,2026-09-03,4
079650,2026-09-04,1
079650,2026-09-07,4
079650,2026-09-08,4
079650,2026-09-09,4
079650,2026-09-10,4
079900,2026-08-25,1
079900,2026-08-26,4
079900,2026-09-02,1
079900,2026-09-03,4
080220,2026-07-08,1
080220,2026-07-09,4
080220,2026-07-10,4
080220,2026-07-14,1
080220,2026-07-15,4
080220,2026-07-21,1
080220,2026-07-22,4
080220,2026-07-23,4
080220,2026-07-24,1
080220,2026-07-27,4
080220,2026-07-30,1
080220,2026-07-31,4
080220,2026-08-03,1
080220,2026-08-04,4
080220,2026-08-05,4
080220,2026-08-06,1
080220,2026-08-07,4
080220,2026-08-10,4
080220,2026-08-11,4
080220,2026-08-12,1
080220,2026-08-13,4
080220,2026-08-14,1
080220,2026-08-18,4
080220,2026-08-19,1
080220,2026-08-20,4
080220,2026-08-24,1
080220,2026-08-25,4
080220,2026-08-31,1
080220,2026-09-01,4
080220,2026-09-04,1
080220,2026-09-07,4
080220,2026-09-09,1
080220,2026-09-10,4
080220,2026-09-21,1
080220,2026-09-22,4
080580,2026-08-13,1
080580,2026-08-14,4
080580,2026-09-22,1
080580,2026-09-23,4
082740,2026-06-30,1
082740,2026-07-01,4
082740,2026-07-02,4
082740,2026-07-03,1
082740,2026-07-06,4
082740,2026-07-09,1
082740,2026-07-10,4
082740,2026-07-13,4
082740,2026-07-14,1
082740,2026-07-15,4
082740,2026-07-20,1
082740,2026-07-21,4
082740,2026-07-22,4
082740,2026-07-23,4
082740,2026-07-29,1
082740,2026-07-30,4
082740,2026-07-31,4
082740,2026-08-03,1
082740,2026-08-04,4
082740,2026-08-05,4
082740,2026-08-07,1
082740,2026-08-10,4
082740,2026-08-12,1
082740,2026-08-13,4
082740,2026-08-21,1
082740,2026-08-24,4
082740,2026-08-25,4
082740,2026-08-31,1
082740,2026-09-01,4
082740,2026-09-08,1
082740,2026-09-09,4
082740,2026-09-10,1
082740,2026-09-11,4
082740,2026-09-16,1
082740,2026-09-17,4
082800,2026-08-18,1
082800,2026-08-19,4
082920,2026-08-07,1
082920,2026-08-10,4
082920,2026-08-18,1
082920,2026-08-19,4
082920,2026-09-02,1
082920,2026-09-03,4
082920,2026-09-04,4
083650,2026-06-30,1
083650,2026-07-01,4
083650,2026-08-03,1
083650,2026-08-04,4
083650,2026-08-05,4
083650,2026-08-06,4
083650,2026-08-07,1
083650,2026-08-10,4
083650,2026-08-13,1
083650,2026-08-14,4
083650,2026-08-18,4
083650,2026-08-24,1
083650,2026-08-25,4
083650,2026-08-26,4
083650,2026-09-04,1
083650,2026-09-07,4
083650,2026-09-08,1
083650,2026-09-09,4
083650,2026-09-21,1
083650,2026-09-22,4
084370,2026-06-30,1
084370,2026-07-01,4
084370,2026-07-06,1
084370,2026-07-07,4
084370,2026-07-08,1
084370,2026-07-09,4
084370,2026-07-10,4
084370,2026-07-13,4
084370,2026-07-14,1
084370,2026-07-15,4
084370,2026-07-21,1
084370,2026-07-22,4
084370,2026-07-23,4
084370,2026-07-28,1
084370,2026-07-29,4
084370,2026-07-30,1
084370,2026-07-31,4
084370,2026-08-03,4
084370,2026-08-04,4
084370,2026-08-07,1
084370,2026-08-10,4
084370,2026-08-14,1
084370,2026-08-18,4
084370,2026-08-21,1
084370,2026-08-24,4
084370,2026-09-08,1
084370,2026-09-09,4
084370,2026-09-10,4
084370,2026-09-21,1
084370,2026-09-22,4
084370,2026-09-23,4
084370,2026-09-28,1
084370,2026-09-29,4
084730,2026-09-02,1
084730,2026-09-03,4
085620,2026-08-19,1
085620,2026-08-20,4
086280,2026-06-30,1
086280,2026-07-01,4
086280,2026-07-09,1
086280,2026-07-10,4
086280,2026-07-14,1
086280,2026-07-15,4
086280,2026-07-21,1
086280,2026-07-22,4
086280,2026-07-23,4
086280,2026-07-24,4
086280,2026-07-29,1
086280,2026-07-30,4
086280,2026-07-31,4
086280,2026-08-24,1
086280,2026-08-25,4
086280,2026-09-02,1
086280,2026-09-03,4
086450,2026-08-27,1
086450,2026-08-28,4
086450,2026-09-02,1
086450,2026-09-03,4
086520,2026-07-08,1
086520,2026-07-09,4
086520,2026-07-10,4
086520,2026-07-14,1
086520,2026-07-15,4
086520,2026-07-21,1
086520,2026-07-22,4
086520,2026-07-23,4
086520,2026-07-24,1
086520,2026-07-27,4
086520,2026-07-29,1
086520,2026-07-30,4
086520,2026-07-31,4
086520,2026-08-03,1
086520,2026-08-04,4
086520,2026-08-06,1
086520,2026-08-07,4
086520,2026-08-10,4
086520,2026-08-21,1
086520,2026-08-24,4
086520,2026-08-26,1
086520,2026-08-27,4
086520,2026-09-08,1
086520,2026-09-09,4
086790,2026-07-01,1
086790,2026-07-02,4
086790,2026-07-09,1
086790,2026-07-10,4
086790,2026-07-13,4
086790,2026-07-29,1
086790,2026-07-30,4
086790,2026-08-20,1
086790,2026-08-21,4
086960,2026-09-28,1
086960,2026-09-29,4
087010,2026-06-30,1
087010,2026-07-01,4
087010,2026-07-03,1
087010,2026-07-06,4
087010,2026-07-07,4
087010,2026-07-10,1
087010,2026-07-13,4
087010,2026-07-14,1
087010,2026-07-15,4
087010,2026-07-23,1
087010,2026-07-24,4
087010,2026-07-27,4
087010,2026-07-28,4
087010,2026-07-30,1
087010,2026-07-31,4
087010,2026-08-03,4
087010,2026-08-04,4
087010,2026-08-05,1
087010,2026-08-06,4
087010,2026-08-07,1
087010,2026-08-10,4
087010,2026-08-12,1
087010,2026-08-13,4
087010,2026-09-03,1
087010,2026-09-04,4
087010,2026-09-14,1
087010,2026-09-15,4
088350,2026-07-09,1
088350,2026-07-10,4
088350,2026-08-12,1
088350,2026-08-13,4
088350,2026-08-14,4
088350,2026-08-27,1
088350,2026-08-28,4
088350,2026-09-02,1
088350,2026-09-03,4
088350,2026-09-09,1
088350,2026-09-10,4
088350,2026-09-16,1
088350,2026-09-17,4
089030,2026-06-30,1
089030,2026-07-01,4
089030,2026-07-08,1
089030,2026-07-09,4
089030,2026-07-10,4
089030,2026-07-13,1
089030,2026-07-14,4
089030,2026-07-15,4
089030,2026-07-16,1
089030,2026-07-20,4
089030,2026-07-21,1
089030,2026-07-22,4
089030,2026-07-23,4
089030,2026-07-30,1
089030,2026-07-31,4
089030,2026-08-03,4
089030,2026-08-07,1
089030,2026-08-10,4
089030,2026-08-11,4
089030,2026-08-19,1
089030,2026-08-20,4
089030,2026-08-24,1
089030,2026-08-25,4
089030,2026-09-08,1
089030,2026-09-09,4
089030,2026-09-18,1
089030,2026-09-21,4
089030,2026-09-22,1
089030,2026-09-23,4
089860,2026-08-10,1
089860,2026-08-11,4
089860,2026-08-31,1
089860,2026-09-01,4
089890,2026-07-10,1
089890,2026-07-13,4
089970,2026-06-30,1
089970,2026-07-01,4
089970,2026-07-07,1
089970,2026-07-08,4
089970,2026-07-09,4
089970,2026-07-10,4
089970,2026-07-13,4
089970,2026-07-14,4
089970,2026-07-21,1
089970,2026-07-22,4
089970,2026-07-23,4
089970,2026-07-24,1
089970,2026-07-27,4
089970,2026-07-30,1
089970,2026-07-31,4
089970,2026-08-03,1
089970,2026-08-04,4
089970,2026-08-05,4
089970,2026-08-06,1
089970,2026-08-07,4
089970,2026-08-10,4
089970,2026-08-11,4
089970,2026-08-14,1
089970,2026-08-18,4
089970,2026-09-04,1
089970,2026-09-07,4
089970,2026-09-15,1
089970,2026-09-16,4
089970,2026-09-17,4
089970,2026-09-18,4
089970,2026-09-21,1
089970,2026-09-22,4
089970,2026-09-23,4
090360,2026-07-21,1
090360,2026-07-22,4
090360,2026-08-05,1
090360,2026-08-06,4
090360,2026-08-07,4
090360,2026-08-11,1
090360,2026-08-12,4
090360,2026-08-13,1
090360,2026-08-14,4
090360,2026-08-18,4
090360,2026-09-03,1
090360,2026-09-04,4
090360,2026-09-07,4
090430,2026-06-30,1
090430,2026-07-01,4
090430,2026-07-02,4
090430,2026-07-09,1
090430,2026-07-10,4
090430,2026-07-24,1
090430,2026-07-27,4
090430,2026-07-28,1
090430,2026-07-29,4
090430,2026-07-30,4
090430,2026-08-05,1
090430,2026-08-06,4
090430,2026-08-27,1
090430,2026-08-28,4
090430,2026-09-11,1
090430,2026-09-14,4
090460,2026-08-10,1
090460,2026-08-11,4
090460,2026-08-12,4
090460,2026-08-13,4
090460,2026-08-14,1
090460,2026-08-18,4
090460,2026-08-31,1
090460,2026-09-01,4
090460,2026-09-02,1
090460,2026-09-03,4
090460,2026-09-04,4
090460,2026-09-07,4
090460,2026-09-11,1
090460,2026-09-14,4
090460,2026-09-17,1
090460,2026-09-18,4
090710,2026-07-20,1
090710,2026-07-21,4
090710,2026-07-22,4
090710,2026-07-23,4
090710,2026-07-31,1
090710,2026-08-03,4
090710,2026-08-04,1
090710,2026-08-05,4
091590,2026-07-01,1
091590,2026-07-02,4
091590,2026-07-03,4
091590,2026-07-06,4
091590,2026-07-07,4
091590,2026-07-08,4
091590,2026-08-11,1
091590,2026-08-12,4
091590,2026-08-13,4
091590,2026-08-19,1
091590,2026-08-20,4
091590,2026-09-01,1
091590,2026-09-02,4
092200,2026-08-13,1
092200,2026-08-14,4
092790,2026-08-06,1
092790,2026-08-07,4
092790,2026-09-02,1
092790,2026-09-03,4
092790,2026-09-08,1
092790,2026-09-09,4
092790,2026-09-10,4
092790,2026-09-11,4
092790,2026-09-14,4
092870,2026-07-09,1
092870,2026-07-10,4
092870,2026-09-01,1
092870,2026-09-02,4
092870,2026-09-22,1
092870,2026-09-23,4
092870,2026-09-28,4
093370,2026-07-08,1
093370,2026-07-09,4
093370,2026-07-10,4
093370,2026-07-14,1
093370,2026-07-15,4
093370,2026-07-20,1
093370,2026-07-21,4
093370,2026-07-22,4
093370,2026-07-30,1
093370,2026-07-31,4
093370,2026-08-03,4
093370,2026-08-04,1
093370,2026-08-05,4
093370,2026-08-06,1
093370,2026-08-07,4
093370,2026-08-10,1
093370,2026-08-11,4
093370,2026-08-12,4
093370,2026-08-13,4
093370,2026-08-14,4
093370,2026-08-18,4
093370,2026-08-19,1
093370,2026-08-20,4
093370,2026-08-21,1
093370,2026-08-24,4
093370,2026-08-26,1
093370,2026-08-27,4
093370,2026-09-04,1
093370,2026-09-07,4
093370,2026-09-08,4
093370,2026-09-09,4
093370,2026-09-11,1
093370,2026-09-14,4
093370,2026-09-15,4
093370,2026-09-16,1
093370,2026-09-17,4
093370,2026-09-22,1
093370,2026-09-23,4
094360,2026-07-01,1
094360,2026-07-02,4
094480,2026-08-20,1
094480,2026-08-21,4
094480,2026-08-24,1
094480,2026-08-25,4
094480,2026-09-03,1
094480,2026-09-04,4
094940,2026-08-18,1
094940,2026-08-19,4
095340,2026-06-30,1
095340,2026-07-01,4
095340,2026-07-02,1
095340,2026-07-03,4
095340,2026-07-08,1
095340,2026-07-09,4
095340,2026-07-10,4
095340,2026-07-13,4
095340,2026-07-14,1
095340,2026-07-15,4
095340,2026-07-21,1
095340,2026-07-22,4
095340,2026-07-24,1
095340,2026-07-27,4
095340,2026-07-29,1
095340,2026-07-30,4
095340,2026-07-31,4
095340,2026-08-04,1
095340,2026-08-05,4
095340,2026-08-10,1
095340,2026-08-11,4
095340,2026-08-12,1
095340,2026-08-13,4
095340,2026-08-14,1
095340,2026-08-18,4
095340,2026-08-19,4
095340,2026-08-24,1
095340,2026-08-25,4
095340,2026-09-01,1
095340,2026-09-02,4
095340,2026-09-03,1
095340,2026-09-04,4
095340,2026-09-07,4
095340,2026-09-08,1
095340,2026-09-09,4
095340,2026-09-10,4
095340,2026-09-15,1
095340,2026-09-16,4
095340,2026-09-18,1
095340,2026-09-21,4
095340,2026-09-22,4
095500,2026-07-02,1
095500,2026-07-03,4
095610,2026-06-30,1
095610,2026-07-01,4
095610,2026-07-08,1
095610,2026-07-09,4
095610,2026-07-10,4
095610,2026-07-13,4
095610,2026-07-14,4
095610,2026-07-15,4
095610,2026-07-21,1
095610,2026-07-22,4
095610,2026-07-23,4
095610,2026-07-24,1
095610,2026-07-27,4
095610,2026-07-28,1
095610,2026-07-29,4
095610,2026-07-30,1
095610,2026-07-31,4
095610,2026-08-03,4
095610,2026-08-04,4
095610,2026-08-05,4
095610,2026-08-06,1
095610,2026-08-07,4
095610,2026-08-10,4
095610,2026-08-11,4
095610,2026-08-13,1
095610,2026-08-14,4
095610,2026-08-18,4
095610,2026-08-21,1
095610,2026-08-24,4
095610,2026-08-26,1
095610,2026-08-27,4
095610,2026-09-03,1
095610,2026-09-04,4
095610,2026-09-07,4
095610,2026-09-08,4
095610,2026-09-09,1
095610,2026-09-10,4
095610,2026-09-18,1
095610,2026-09-21,4
095610,2026-09-22,1
095610,2026-09-23,4
095610,2026-09-28,1
095610,2026-09-29,4
096530,2026-08-10,1
096530,2026-08-11,4
096530,2026-08-21,1
096530,2026-08-24,4
096530,2026-08-27,1
096530,2026-08-28,4
096770,2026-07-06,1
096770,2026-07-07,4
096770,2026-07-09,1
096770,2026-07-10,4
096770,2026-07-13,4
096770,2026-07-14,1
096770,2026-07-15,4
096770,2026-07-16,4
096770,2026-07-21,1
096770,2026-07-22,4
096770,2026-07-23,4
096770,2026-07-29,1
096770,2026-07-30,4
096770,2026-08-06,1
096770,2026-08-07,4
096770,2026-08-13,1
096770,2026-08-14,4
096770,2026-08-21,1
096770,2026-08-24,4
096770,2026-08-27,1
096770,2026-08-28,4
096770,2026-08-31,4
096770,2026-09-01,4
096770,2026-09-03,1
096770,2026-09-04,4
096770,2026-09-08,1
096770,2026-09-09,4
096770,2026-09-10,4
096770,2026-09-14,1
096770,2026-09-15,4
096770,2026-09-18,1
096770,2026-09-21,4
096770,2026-09-22,1
096770,2026-09-23,4
096770,2026-09-28,4
097230,2026-07-23,1
097230,2026-07-24,4
097950,2026-07-01,1
097950,2026-07-02,4
097950,2026-08-19,1
097950,2026-08-20,4
098120,2026-08-14,1
098120,2026-08-18,4
098120,2026-08-19,4
098460,2026-06-30,1
098460,2026-07-01,4
098460,2026-07-08,1
098460,2026-07-09,4
098460,2026-07-10,4
098460,2026-07-14,1
098460,2026-07-15,4
098460,2026-07-20,1
098460,2026-07-21,4
098460,2026-07-22,4
098460,2026-07-24,1
098460,2026-07-27,4
098460,2026-07-28,1
098460,2026-07-29,4
098460,2026-07-30,4
098460,2026-07-31,4
098460,2026-08-03,4
098460,2026-08-04,4
098460,2026-08-05,1
098460,2026-08-06,4
098460,2026-08-07,1
098460,2026-08-10,4
098460,2026-08-19,1
098460,2026-08-20,4
098460,2026-08-24,1
098460,2026-08-25,4
098460,2026-09-09,1
098460,2026-09-10,4
098460,2026-09-17,1
098460,2026-09-18,4
098460,2026-09-28,1
098460,2026-09-29,4
100090,2026-06-30,1
100090,2026-07-01,4
100090,2026-07-21,1
100090,2026-07-22,4
100090,2026-07-23,4
100090,2026-07-24,4
100090,2026-07-30,1
100090,2026-07-31,4
100090,2026-08-03,1
100090,2026-08-04,4
100090,2026-08-11,1
100090,2026-08-12,4
100090,2026-08-28,1
100090,2026-08-31,4
100090,2026-09-02,1
100090,2026-09-03,4
100090,2026-09-04,4
100590,2026-09-09,1
100590,2026-09-10,4
100590,2026-09-15,1
100590,2026-09-16,4
100790,2026-08-07,1
100790,2026-08-10,4
100790,2026-08-11,4
100790,2026-08-12,1
100790,2026-08-13,4
100790,2026-08-21,1
100790,2026-08-24,4
100790,2026-09-16,1
100790,2026-09-17,4
100840,2026-08-25,1
100840,2026-08-26,4
100840,2026-09-02,1
100840,2026-09-03,4
100840,2026-09-04,1
100840,2026-09-07,4
100840,2026-09-21,1
100840,2026-09-22,4
101490,2026-09-09,1
101490,2026-09-10,4
101730,2026-08-18,1
101730,2026-08-19,4
101730,2026-09-11,1
101730,2026-09-14,4
103140,2026-07-30,1
103140,2026-07-31,4
103140,2026-08-04,1
103140,2026-08-05,4
103140,2026-08-06,4
103140,2026-08-24,1
103140,2026-08-25,4
103590,2026-06-30,1
103590,2026-07-01,4
103590,2026-07-30,1
103590,2026-07-31,4
103590,2026-08-03,1
103590,2026-08-04,4
103590,2026-08-11,1
103590,2026-08-12,4
103590,2026-08-13,4
103590,2026-08-26,1
103590,2026-08-27,4
103590,2026-09-08,1
103590,2026-09-09,4
103590,2026-09-17,1
103590,2026-09-18,4
103590,2026-09-21,1
103590,2026-09-22,4
103590,2026-09-23,4
105560,2026-07-01,1
105560,2026-07-02,4
105560,2026-07-09,1
105560,2026-07-10,4
105560,2026-07-13,4
105560,2026-07-29,1
105560,2026-07-30,4
105560,2026-09-02,1
105560,2026-09-03,4
105840,2026-09-08,1
105840,2026-09-09,4
108230,2026-08-25,1
108230,2026-08-26,4
108490,2026-07-08,1
108490,2026-07-09,4
108490,2026-07-10,4
108490,2026-07-13,4
108490,2026-07-14,1
108490,2026-07-15,4
108490,2026-07-20,1
108490,2026-07-21,4
108490,2026-07-22,4
108490,2026-07-24,1
108490,2026-07-27,4
108490,2026-07-28,1
108490,2026-07-29,4
108490,2026-07-30,1
108490,2026-07-31,4
108490,2026-08-03,4
108490,2026-08-04,4
108490,2026-08-07,1
108490,2026-08-10,4
108490,2026-08-11,4
108490,2026-08-12,1
108490,2026-08-13,4
108490,2026-08-14,4
108490,2026-08-18,4
108490,2026-08-19,4
108490,2026-08-28,1
108490,2026-08-31,4
108490,2026-09-01,4
108490,2026-09-02,1
108490,2026-09-03,4
108490,2026-09-04,4
108490,2026-09-07,4
108490,2026-09-08,1
108490,2026-09-09,4
108490,2026-09-10,4
108490,2026-09-14,1
108490,2026-09-15,4
108860,2026-07-24,1
108860,2026-07-27,4
108860,2026-07-28,4
108860,2026-07-31,1
108860,2026-08-03,4
108860,2026-08-04,4
109610,2026-07-07,1
109610,2026-07-08,4
111710,2026-06-30,1
111710,2026-07-01,4
112040,2026-07-01,1
112040,2026-07-02,4
112040,2026-09-11,1
112040,2026-09-14,4
112610,2026-06-30,1
112610,2026-07-01,4
112610,2026-07-10,1
112610,2026-07-13,4
112610,2026-07-22,1
112610,2026-07-23,4
112610,2026-08-12,1
112610,2026-08-13,4
112610,2026-08-19,1
112610,2026-08-20,4
112610,2026-09-08,1
112610,2026-09-09,4
112610,2026-09-10,1
112610,2026-09-11,4
112610,2026-09-23,1
112610,2026-09-28,4
115440,2026-09-08,1
115440,2026-09-09,4
115440,2026-09-10,1
115440,2026-09-11,4
115440,2026-09-14,4
115440,2026-09-15,4
115440,2026-09-16,4
115440,2026-09-17,1
115440,2026-09-18,4
115440,2026-09-22,1
115440,2026-09-23,4
115440,2026-09-28,4
115500,2026-09-10,1
115500,2026-09-11,4
117580,2026-09-09,1
117580,2026-09-10,4
119850,2026-06-30,1
119850,2026-07-01,4
119850,2026-07-03,1
119850,2026-07-06,4
119850,2026-07-15,1
119850,2026-07-16,4
119850,2026-07-20,4
119850,2026-07-22,1
119850,2026-07-23,4
119850,2026-07-24,4
119850,2026-07-29,1
119850,2026-07-30,4
119850,2026-07-31,4
119850,2026-08-03,4
119850,2026-08-04,4
119850,2026-08-06,1
119850,2026-08-07,4
119850,2026-08-10,4
119850,2026-08-11,1
119850,2026-08-12,4
119850,2026-08-13,4
119850,2026-08-18,1
119850,2026-08-19,4
119850,2026-08-27,1
119850,2026-08-28,4
119850,2026-09-07,1
119850,2026-09-08,4
119850,2026-09-09,4
119850,2026-09-10,4
119850,2026-09-11,4
119850,2026-09-16,1
119850,2026-09-17,4
119850,2026-09-18,4
119850,2026-09-21,1
119850,2026-09-22,4
119850,2026-09-23,4
120110,2026-09-08,1
120110,2026-09-09,4
122350,2026-07-02,1
122350,2026-07-03,4
122350,2026-07-06,4
122350,2026-07-07,4
122350,2026-07-09,1
122350,2026-07-10,4
122350,2026-07-15,1
122350,2026-07-16,4
122350,2026-07-20,4
122350,2026-08-04,1
122350,2026-08-05,4
122350,2026-08-13,1
122350,2026-08-14,4
122640,2026-06-30,1
122640,2026-07-01,4
122640,2026-07-02,1
122640,2026-07-03,4
122640,2026-07-09,1
122640,2026-07-10,4
122640,2026-07-13,1
122640,2026-07-14,4
122640,2026-08-27,1
122640,2026-08-28,4
122640,2026-09-08,1
122640,2026-09-09,4
122640,2026-09-18,1
122640,2026-09-21,4
123330,2026-07-01,1
123330,2026-07-02,4
123330,2026-08-11,1
123330,2026-08-12,4
123330,2026-08-13,1
123330,2026-08-14,4
123420,2026-07-01,1
123420,2026-07-02,4
123690,2026-09-10,1
123690,2026-09-11,4
124500,2026-08-19,1
124500,2026-08-20,4
124500,2026-08-21,4
124500,2026-08-24,4
124500,2026-08-25,4
124500,2026-09-03,1
124500,2026-09-04,4
124500,2026-09-11,1
124500,2026-09-14,4
125020,2026-09-17,1
125020,2026-09-18,4
125490,2026-08-12,1
125490,2026-08-13,4
125490,2026-08-14,4
125490,2026-08-18,1
125490,2026-08-19,4
125490,2026-09-03,1
125490,2026-09-04,4
125490,2026-09-14,1
125490,2026-09-15,4
125490,2026-09-17,1
125490,2026-09-18,4
125490,2026-09-21,4
125490,2026-09-22,4
126340,2026-09-15,1
126340,2026-09-16,4
126340,2026-09-17,4
126340,2026-09-18,4
126640,2026-07-01,1
126640,2026-07-02,4
126640,2026-08-13,1
126640,2026-08-14,4
126640,2026-08-18,1
126640,2026-08-19,4
126730,2026-08-06,1
126730,2026-08-07,4
126730,2026-08-10,4
126730,2026-08-11,4
126730,2026-08-12,4
126730,2026-08-13,4
126730,2026-08-18,1
126730,2026-08-19,4
126730,2026-08-27,1
126730,2026-08-28,4
126730,2026-08-31,1
126730,2026-09-01,4
126730,2026-09-02,4
126730,2026-09-10,1
126730,2026-09-11,4
126730,2026-09-14,4
126730,2026-09-15,1
126730,2026-09-16,4
126730,2026-09-17,4
126730,2026-09-18,4
128940,2026-06-30,1
128940,2026-07-01,4
128940,2026-07-02,4
128940,2026-07-03,4
128940,2026-07-06,1
128940,2026-07-07,4
128940,2026-07-14,1
128940,2026-07-15,4
128940,2026-07-22,1
128940,2026-07-23,4
128940,2026-07-30,1
128940,2026-07-31,4
128940,2026-08-03,4
128940,2026-08-04,4
128940,2026-08-10,1
128940,2026-08-11,4
128940,2026-08-20,1
128940,2026-08-21,4
128940,2026-08-24,4
128940,2026-08-25,1
128940,2026-08-26,4
128940,2026-09-03,1
128940,2026-09-04,4
128940,2026-09-08,1
128940,2026-09-09,4
128940,2026-09-14,1
128940,2026-09-15,4
128940,2026-09-16,1
128940,2026-09-17,4
128940,2026-09-22,1
128940,2026-09-23,4
130660,2026-08-25,1
130660,2026-08-26,4
130660,2026-09-04,1
130660,2026-09-07,4
130660,2026-09-08,4
130660,2026-09-10,1
130660,2026-09-11,4
131290,2026-06-30,1
131290,2026-07-01,4
131290,2026-07-02,1
131290,2026-07-03,4
131290,2026-07-07,1
131290,2026-07-08,4
131290,2026-07-09,4
131290,2026-07-10,4
131290,2026-07-13,4
131290,2026-07-14,4
131290,2026-07-21,1
131290,2026-07-22,4
131290,2026-07-23,4
131290,2026-07-28,1
131290,2026-07-29,4
131290,2026-07-30,4
131290,2026-07-31,1
131290,2026-08-03,4
131290,2026-08-05,1
131290,2026-08-06,4
131290,2026-08-07,1
131290,2026-08-10,4
131290,2026-08-11,4
131290,2026-08-12,4
131290,2026-08-13,4
131290,2026-08-14,4
131290,2026-08-18,4
131290,2026-08-21,1
131290,2026-08-24,4
131290,2026-09-01,1
131290,2026-09-02,4
131290,2026-09-04,1
131290,2026-09-07,4
131290,2026-09-08,4
131290,2026-09-09,4
131290,2026-09-10,4
131290,2026-09-18,1
131290,2026-09-21,4
131290,2026-09-28,1
131290,2026-09-29,4
131970,2026-07-02,1
131970,2026-07-03,4
131970,2026-07-06,4
131970,2026-07-07,4
131970,2026-07-09,1
131970,2026-07-10,4
131970,2026-07-13,4
131970,2026-07-14,1
131970,2026-07-15,4
131970,2026-07-30,1
131970,2026-07-31,4
131970,2026-08-03,4
131970,2026-08-11,1
131970,2026-08-12,4
131970,2026-08-19,1
131970,2026-08-20,4
131970,2026-09-04,1
131970,2026-09-07,4
131970,2026-09-09,1
131970,2026-09-10,4
131970,2026-09-15,1
131970,2026-09-16,4
131970,2026-09-17,1
131970,2026-09-18,4
131970,2026-09-21,4
131970,2026-09-22,4
131970,2026-09-28,1
131970,2026-09-29,4
138080,2026-08-05,1
138080,2026-08-06,4
138080,2026-08-07,4
138080,2026-08-10,4
138080,2026-09-15,1
138080,2026-09-16,4
138080,2026-09-17,4
138080,2026-09-18,4
138360,2026-07-21,1
138360,2026-07-22,4
138610,2026-08-19,1
138610,2026-08-20,4
138930,2026-07-01,1
138930,2026-07-02,4
138930,2026-07-09,1
138930,2026-07-10,4
138930,2026-09-02,1
138930,2026-09-03,4
140410,2026-08-03,1
140410,2026-08-04,4
140430,2026-09-15,1
140430,2026-09-16,4
140860,2026-07-08,1
140860,2026-07-09,4
141080,2026-06-30,1
141080,2026-07-01,4
141080,2026-07-06,1
141080,2026-07-07,4
141080,2026-07-08,1
141080,2026-07-09,4
141080,2026-07-10,4
141080,2026-07-13,4
141080,2026-07-14,1
141080,2026-07-15,4
141080,2026-07-22,1
141080,2026-07-23,4
141080,2026-07-30,1
141080,2026-07-31,4
141080,2026-08-03,4
141080,2026-08-04,4
141080,2026-08-07,1
141080,2026-08-10,4
141080,2026-08-13,1
141080,2026-08-14,4
141080,2026-08-19,1
141080,2026-08-20,4
142210,2026-08-13,1
142210,2026-08-14,4
142280,2026-08-21,1
142280,2026-08-24,4
142280,2026-09-02,1
142280,2026-09-03,4
142280,2026-09-16,1
142280,2026-09-17,4
144960,2026-07-14,1
144960,2026-07-15,4
144960,2026-08-05,1
144960,2026-08-06,4
144960,2026-08-07,1
144960,2026-08-10,4
144960,2026-08-11,4
144960,2026-08-12,1
144960,2026-08-13,4
144960,2026-08-14,1
144960,2026-08-18,4
144960,2026-09-18,1
144960,2026-09-21,4
145020,2026-06-30,1
145020,2026-07-01,4
145020,2026-08-05,1
145020,2026-08-06,4
148780,2026-08-06,1
148780,2026-08-07,4
148780,2026-08-10,1
148780,2026-08-11,4
153890,2026-06-30,1
153890,2026-07-01,4
153890,2026-07-02,1
153890,2026-07-03,4
153890,2026-07-06,4
153890,2026-07-07,4
153890,2026-07-08,4
153890,2026-08-04,1
153890,2026-08-05,4
153890,2026-08-06,4
153890,2026-08-07,4
153890,2026-08-10,1
153890,2026-08-11,4
153890,2026-08-12,4
153890,2026-08-13,4
153890,2026-08-14,4
153890,2026-08-18,1
153890,2026-08-19,4
153890,2026-08-20,1
153890,2026-08-21,4
153890,2026-08-24,1
153890,2026-08-25,4
153890,2026-09-23,1
153890,2026-09-28,4
158430,2026-09-14,1
158430,2026-09-15,4
158430,2026-09-22,1
158430,2026-09-23,4
159010,2026-09-22,1
159010,2026-09-23,4
160190,2026-09-14,1
160190,2026-09-15,4
160190,2026-09-17,1
160190,2026-09-18,4
160190,2026-09-21,4
161000,2026-08-28,1
161000,2026-08-31,4
161390,2026-07-01,1
161390,2026-07-02,4
161390,2026-07-03,1
161390,2026-07-06,4
161390,2026-07-07,4
161390,2026-07-14,1
161390,2026-07-15,4
161390,2026-07-22,1
161390,2026-07-23,4
161390,2026-07-30,1
161390,2026-07-31,4
161390,2026-08-11,1
161390,2026-08-12,4
161580,2026-09-04,1
161580,2026-09-07,4
161580,2026-09-08,4
161580,2026-09-28,1
161580,2026-09-29,4
161890,2026-06-30,1
161890,2026-07-01,4
161890,2026-07-02,4
161890,2026-07-03,4
161890,2026-07-06,1
161890,2026-07-07,4
161890,2026-07-09,1
161890,2026-07-10,4
161890,2026-07-13,4
161890,2026-07-22,1
161890,2026-07-23,4
161890,2026-07-24,1
161890,2026-07-27,4
161890,2026-07-28,1
161890,2026-07-29,4
161890,2026-08-03,1
161890,2026-08-04,4
161890,2026-08-10,1
161890,2026-08-11,4
161890,2026-08-12,4
161890,2026-08-13,4
161890,2026-08-19,1
161890,2026-08-20,4
161890,2026-08-21,1
161890,2026-08-24,4
161890,2026-08-25,4
161890,2026-08-27,1
161890,2026-08-28,4
161890,2026-09-11,1
161890,2026-09-14,4
162300,2026-08-07,1
162300,2026-08-10,4
162300,2026-09-04,1
162300,2026-09-07,4
162300,2026-09-08,4
162300,2026-09-09,4
166090,2026-09-09,1
166090,2026-09-10,4
170920,2026-06-30,1
170920,2026-07-01,4
170920,2026-07-02,1
170920,2026-07-03,4
170920,2026-07-10,1
170920,2026-07-13,4
170920,2026-07-14,4
175330,2026-07-14,1
175330,2026-07-15,4
175330,2026-08-12,1
175330,2026-08-13,4
175330,2026-09-01,1
175330,2026-09-02,4
175330,2026-09-03,4
178320,2026-06-30,1
178320,2026-07-01,4
178320,2026-07-07,1
178320,2026-07-08,4
178320,2026-07-09,1
178320,2026-07-10,4
178320,2026-07-14,1
178320,2026-07-15,4
178320,2026-07-21,1
178320,2026-07-22,4
178320,2026-07-23,4
178320,2026-07-24,1
178320,2026-07-27,4
178320,2026-07-30,1
178320,2026-07-31,4
178320,2026-08-03,4
178320,2026-08-04,4
178320,2026-08-05,4
178320,2026-08-06,1
178320,2026-08-07,4
178320,2026-08-10,4
178320,2026-08-11,4
178320,2026-08-12,1
178320,2026-08-13,4
178320,2026-08-14,1
178320,2026-08-18,4
178320,2026-08-19,4
178320,2026-08-20,4
178320,2026-08-21,1
178320,2026-08-24,4
178320,2026-08-26,1
178320,2026-08-27,4
178320,2026-09-04,1
178320,2026-09-07,4
178320,2026-09-23,1
178320,2026-09-28,4
180640,2026-07-01,1
180640,2026-07-02,4
180640,2026-07-30,1
180640,2026-07-31,4
181710,2026-08-10,1
181710,2026-08-11,4
181710,2026-08-12,4
181710,2026-08-13,4
181710,2026-08-14,4
181710,2026-08-18,1
181710,2026-08-19,4
181710,2026-08-20,1
181710,2026-08-21,4
183300,2026-07-10,1
183300,2026-07-13,4
183300,2026-07-28,1
183300,2026-08-21,4
183300,2026-09-07,1
183300,2026-09-08,4
183300,2026-09-09,4
183300,2026-09-17,1
183300,2026-09-18,4
183300,2026-09-21,1
183300,2026-09-22,4
183300,2026-09-28,1
183300,2026-09-29,4
187660,2026-09-03,1
187660,2026-09-04,4
187660,2026-09-08,1
187660,2026-09-09,4
187660,2026-09-10,4
187660,2026-09-11,1
187660,2026-09-14,4
189330,2026-07-08,1
189330,2026-07-09,4
189330,2026-07-10,4
189330,2026-08-10,1
189330,2026-08-11,4
189860,2026-09-07,1
189860,2026-09-08,4
190510,2026-09-04,1
190510,2026-09-07,4
192650,2026-08-26,1
192650,2026-08-27,4
192650,2026-09-16,1
192650,2026-09-17,4
192650,2026-09-18,1
192650,2026-09-21,4
192650,2026-09-22,4
192820,2026-07-01,1
192820,2026-07-02,4
192820,2026-07-03,1
192820,2026-07-06,4
192820,2026-07-07,4
192820,2026-07-09,1
192820,2026-07-10,4
192820,2026-07-13,4
192820,2026-07-24,1
192820,2026-07-27,4
192820,2026-07-28,1
192820,2026-07-29,4
192820,2026-08-03,1
192820,2026-08-04,4
192820,2026-08-05,1
192820,2026-08-06,4
192820,2026-08-10,1
192820,2026-08-11,4
192820,2026-08-12,4
192820,2026-08-13,4
192820,2026-08-19,1
192820,2026-08-20,4
192820,2026-08-21,4
192820,2026-08-24,4
192820,2026-08-27,1
192820,2026-08-28,4
195870,2026-09-15,1
195870,2026-09-16,4
196170,2026-06-30,1
196170,2026-07-01,4
196170,2026-07-09,1
196170,2026-07-10,4
196170,2026-07-13,4
196170,2026-07-14,1
196170,2026-07-15,4
196170,2026-07-22,1
196170,2026-07-23,4
196170,2026-07-24,1
196170,2026-07-27,4
196170,2026-07-30,1
196170,2026-07-31,4
196170,2026-08-03,1
196170,2026-08-04,4
196170,2026-08-05,4
196170,2026-08-06,4
196170,2026-08-07,1
196170,2026-08-10,4
196170,2026-08-19,1
196170,2026-08-20,4
196170,2026-09-01,1
196170,2026-09-02,4
196170,2026-09-03,4
198440,2026-06-30,1
198440,2026-07-01,4
198440,2026-07-06,1
198440,2026-07-07,4
198440,2026-07-08,4
198440,2026-08-31,1
198440,2026-09-01,4
198440,2026-09-02,1
198440,2026-09-03,4
198440,2026-09-08,1
198440,2026-09-09,4
198440,2026-09-10,4
199430,2026-07-27,1
199430,2026-07-28,4
200470,2026-09-16,1
200470,2026-09-17,4
200710,2026-07-08,1
200710,2026-07-09,4
201490,2026-08-21,1
201490,2026-08-24,4
201490,2026-09-16,1
201490,2026-09-17,4
201490,2026-09-22,1
201490,2026-09-23,4
203650,2026-09-10,1
203650,2026-09-11,4
203650,2026-09-14,4
203650,2026-09-15,4
203650,2026-09-22,1
203650,2026-09-23,4
203650,2026-09-28,4
204270,2026-08-11,1
204270,2026-08-12,4
204270,2026-09-04,1
204270,2026-09-07,4
204270,2026-09-08,1
204270,2026-09-09,4
204270,2026-09-10,4
204270,2026-09-11,4
204270,2026-09-17,1
204270,2026-09-18,4
204270,2026-09-21,4
204270,2026-09-22,4
204270,2026-09-23,1
204270,2026-09-28,4
204320,2026-07-07,1
204320,2026-07-08,4
204320,2026-07-09,1
204320,2026-07-10,4
204320,2026-07-13,4
204320,2026-07-14,1
204320,2026-07-15,4
204320,2026-07-21,1
204320,2026-07-22,4
204320,2026-07-28,1
204320,2026-07-29,4
204320,2026-07-30,4
204320,2026-07-31,4
204320,2026-08-03,4
204320,2026-08-04,1
204320,2026-08-05,4
204320,2026-08-07,1
204320,2026-08-10,4
204620,2026-08-27,1
204620,2026-08-28,4
207940,2026-07-09,1
207940,2026-07-10,4
207940,2026-07-20,1
207940,2026-07-21,4
207940,2026-07-23,1
207940,2026-07-24,4
207940,2026-08-19,1
207940,2026-08-20,4
209640,2026-09-16,1
209640,2026-09-17,4
209640,2026-09-22,1
209640,2026-09-23,4
210980,2026-09-01,1
210980,2026-09-02,4
212560,2026-08-13,1
212560,2026-08-14,4
212560,2026-09-07,1
212560,2026-09-08,4
214330,2026-07-08,1
214330,2026-07-09,4
214330,2026-07-10,4
214450,2026-07-06,1
214450,2026-07-07,4
214450,2026-07-09,1
214450,2026-07-10,4
214450,2026-07-13,4
214450,2026-07-15,1
214450,2026-07-16,4
214450,2026-07-20,1
214450,2026-07-21,4
214450,2026-07-22,1
214450,2026-07-23,4
214450,2026-07-24,1
214450,2026-07-27,4
214450,2026-07-28,1
214450,2026-07-29,4
214450,2026-07-31,1
214450,2026-08-03,4
214450,2026-08-04,4
214450,2026-08-05,1
214450,2026-08-06,4
214450,2026-08-07,1
214450,2026-08-10,4
214450,2026-08-11,4
214450,2026-08-19,1
214450,2026-08-20,4
214450,2026-08-21,1
214450,2026-08-24,4
214450,2026-08-25,1
214450,2026-08-26,4
214450,2026-08-27,1
214450,2026-08-28,4
214450,2026-09-16,1
214450,2026-09-17,4
215600,2026-08-18,1
215600,2026-08-19,4
215600,2026-08-24,1
215600,2026-08-25,4
215600,2026-08-26,4
217590,2026-07-14,1
217590,2026-07-15,4
217590,2026-07-20,1
217590,2026-07-21,4
217590,2026-08-04,1
217590,2026-08-05,4
217590,2026-08-07,1
217590,2026-08-10,4
217590,2026-08-26,1
217590,2026-08-27,4
217590,2026-09-11,1
217590,2026-09-14,4
217590,2026-09-15,4
217590,2026-09-16,4
217590,2026-09-17,4
217590,2026-09-18,4
217590,2026-09-21,4
217820,2026-09-10,1
217820,2026-09-11,4
218150,2026-07-20,1
218150,2026-07-21,4
218150,2026-07-22,1
218150,2026-07-23,4
218410,2026-07-09,1
218410,2026-07-10,4
218410,2026-08-03,1
218410,2026-08-04,4
218410,2026-08-05,4
218410,2026-08-06,1
218410,2026-08-07,4
218410,2026-08-10,4
218410,2026-09-01,1
218410,2026-09-02,4
218410,2026-09-08,1
218410,2026-09-09,4
218410,2026-09-15,1
218410,2026-09-16,4
218410,2026-09-17,1
218410,2026-09-18,4
218410,2026-09-21,4
222040,2026-08-07,1
222040,2026-08-10,4
222800,2026-06-30,1
222800,2026-07-01,4
222800,2026-07-02,1
222800,2026-07-03,4
222800,2026-07-07,1
222800,2026-07-08,4
222800,2026-07-09,4
222800,2026-07-10,4
222800,2026-07-13,4
222800,2026-07-14,1
222800,2026-07-15,4
222800,2026-07-21,1
222800,2026-07-22,4
222800,2026-07-23,4
222800,2026-07-30,1
222800,2026-07-31,4
222800,2026-08-03,4
222800,2026-08-04,4
222800,2026-08-05,4
222800,2026-08-06,4
222800,2026-08-07,4
222800,2026-08-10,4
222800,2026-08-11,4
222800,2026-08-14,1
222800,2026-08-18,4
222800,2026-08-19,4
222800,2026-08-20,4
222800,2026-08-21,1
222800,2026-08-24,4
222800,2026-08-25,4
222800,2026-08-26,1
222800,2026-08-27,4
222800,2026-08-28,4
222800,2026-08-31,4
222800,2026-09-04,1
222800,2026-09-07,4
222800,2026-09-08,4
222800,2026-09-09,4
222800,2026-09-21,1
222800,2026-09-22,4
223250,2026-09-18,1
223250,2026-09-21,4
224060,2026-09-10,1
224060,2026-09-11,4
225190,2026-08-11,1
225190,2026-08-12,4
225190,2026-08-13,4
226340,2026-08-07,1
226340,2026-08-11,4
226340,2026-08-12,4
226340,2026-08-13,4
226340,2026-08-14,4
226340,2026-08-18,1
226340,2026-08-19,4
226340,2026-08-20,4
226340,2026-08-26,1
226340,2026-08-27,4
226950,2026-06-30,1
226950,2026-07-01,4
226950,2026-07-06,1
226950,2026-07-07,4
226950,2026-07-08,1
226950,2026-07-09,4
226950,2026-07-10,1
226950,2026-07-13,4
226950,2026-07-14,1
226950,2026-07-15,4
226950,2026-07-16,4
226950,2026-07-22,1
226950,2026-07-23,4
226950,2026-07-30,1
226950,2026-07-31,4
226950,2026-08-03,4
226950,2026-08-04,4
226950,2026-08-05,4
226950,2026-08-07,1
226950,2026-08-10,4
226950,2026-08-19,1
226950,2026-08-20,4
226950,2026-08-21,1
226950,2026-08-24,4
226950,2026-08-26,1
226950,2026-08-27,4
226950,2026-09-10,1
226950,2026-09-11,4
226950,2026-09-14,1
226950,2026-09-15,4
226950,2026-09-16,1
226950,2026-09-17,4
226950,2026-09-23,1
226950,2026-09-28,4
228340,2026-07-01,1
228340,2026-07-02,4
228340,2026-07-03,1
228340,2026-07-06,4
228340,2026-07-07,4
228340,2026-07-08,4
228340,2026-08-11,1
228340,2026-08-12,4
228340,2026-09-02,1
228340,2026-09-03,4
228340,2026-09-04,4
228340,2026-09-07,4
228340,2026-09-08,4
228340,2026-09-15,1
228340,2026-09-16,4
229640,2026-09-15,1
229640,2026-09-16,4
229640,2026-09-17,1
229640,2026-09-18,4
229640,2026-09-22,1
229640,2026-09-23,4
232140,2026-08-25,1
232140,2026-08-26,4
232140,2026-08-27,4
232140,2026-09-01,1
232140,2026-09-02,4
232140,2026-09-03,4
232140,2026-09-08,1
232140,2026-09-09,4
232140,2026-09-18,1
232140,2026-09-21,4
232140,2026-09-22,4
232680,2026-08-05,1
232680,2026-08-06,4
232830,2026-09-16,1
232830,2026-09-17,4
234340,2026-07-22,1
234340,2026-07-23,4
234340,2026-08-07,1
234340,2026-08-10,4
234340,2026-08-19,1
234340,2026-08-20,4
234340,2026-08-21,4
234340,2026-08-24,4
234340,2026-08-25,4
234340,2026-08-27,1
234340,2026-08-28,4
234340,2026-08-31,1
234340,2026-09-01,4
234340,2026-09-03,1
234340,2026-09-04,4
234340,2026-09-18,1
234340,2026-09-21,4
234690,2026-09-02,1
234690,2026-09-03,4
237690,2026-07-13,1
237690,2026-07-14,4
237690,2026-07-24,1
237690,2026-07-27,4
237690,2026-08-19,1
237690,2026-08-20,4
237690,2026-08-21,1
237690,2026-08-24,4
237880,2026-08-13,1
237880,2026-08-14,4
240550,2026-09-18,1
240550,2026-09-21,4
240810,2026-06-30,1
240810,2026-07-01,4
240810,2026-07-08,1
240810,2026-07-09,4
240810,2026-07-10,4
240810,2026-07-13,4
240810,2026-07-14,1
240810,2026-07-15,4
240810,2026-07-21,1
240810,2026-07-22,4
240810,2026-07-23,4
240810,2026-07-24,1
240810,2026-07-27,4
240810,2026-07-30,1
240810,2026-07-31,4
240810,2026-08-03,1
240810,2026-08-04,4
240810,2026-08-05,4
240810,2026-08-06,1
240810,2026-08-07,4
240810,2026-08-10,4
240810,2026-08-11,4
240810,2026-08-12,4
240810,2026-08-13,4
240810,2026-08-24,1
240810,2026-08-25,4
240810,2026-09-03,1
240810,2026-09-04,4
240810,2026-09-07,4
240810,2026-09-09,1
240810,2026-09-10,4
240810,2026-09-15,1
240810,2026-09-16,4
240810,2026-09-18,1
240810,2026-09-21,4
240810,2026-09-22,1
240810,2026-09-23,4
240810,2026-09-28,1
240810,2026-09-29,4
241710,2026-08-10,1
241710,2026-08-11,4
241710,2026-08-12,4
241710,2026-08-13,4
241710,2026-08-14,4
241710,2026-08-19,1
241710,2026-08-20,4
241710,2026-08-27,1
241710,2026-08-28,4
241710,2026-09-10,1
241710,2026-09-11,4
241710,2026-09-14,4
247540,2026-07-09,1
247540,2026-07-10,4
247540,2026-07-14,1
247540,2026-07-15,4
247540,2026-07-21,1
247540,2026-07-22,4
247540,2026-07-23,4
247540,2026-07-29,1
247540,2026-07-30,4
247540,2026-07-31,4
247540,2026-08-03,1
247540,2026-08-04,4
247540,2026-08-06,1
247540,2026-08-07,4
247540,2026-08-10,4
247540,2026-08-19,1
247540,2026-08-20,4
247540,2026-08-21,1
247540,2026-08-24,4
247540,2026-08-26,1
247540,2026-08-27,4
247540,2026-09-08,1
247540,2026-09-09,4
247540,2026-09-23,1
247540,2026-09-28,4
248170,2026-09-09,1
248170,2026-09-10,4
248170,2026-09-11,4
249420,2026-08-21,1
249420,2026-08-24,4
249420,2026-09-01,1
249420,2026-09-02,4
252990,2026-07-14,1
252990,2026-07-15,4
252990,2026-07-16,1
252990,2026-07-20,4
252990,2026-09-10,1
252990,2026-09-11,4
252990,2026-09-14,4
252990,2026-09-28,1
252990,2026-09-29,4
253590,2026-08-13,1
253590,2026-08-14,4
253590,2026-09-22,1
253590,2026-09-23,4
253840,2026-08-21,1
253840,2026-08-24,4
255220,2026-07-07,1
255220,2026-07-08,4
255440,2026-07-29,1
255440,2026-07-30,4
255440,2026-07-31,4
256840,2026-08-28,1
256840,2026-08-31,4
256840,2026-09-08,1
256840,2026-09-09,4
256840,2026-09-11,1
256840,2026-09-14,4
256840,2026-09-23,1
256840,2026-09-28,4
256840,2026-09-29,4
257720,2026-06-30,1
257720,2026-07-01,4
257720,2026-07-03,1
257720,2026-07-06,4
257720,2026-07-07,4
257720,2026-07-09,1
257720,2026-07-10,4
257720,2026-07-13,4
257720,2026-07-24,1
257720,2026-07-27,4
257720,2026-08-03,1
257720,2026-08-04,4
257720,2026-08-05,1
257720,2026-08-06,4
257720,2026-08-11,1
257720,2026-08-12,4
257720,2026-08-13,1
257720,2026-08-14,4
257720,2026-08-18,4
257720,2026-08-19,4
257720,2026-08-21,1
257720,2026-08-24,4
257720,2026-08-25,4
257720,2026-08-27,1
257720,2026-08-28,4
257720,2026-09-11,1
257720,2026-09-14,4
257720,2026-09-23,1
257720,2026-09-28,4
259960,2026-06-30,1
259960,2026-07-01,4
259960,2026-07-20,1
259960,2026-07-21,4
259960,2026-07-29,1
259960,2026-07-30,4
259960,2026-08-06,1
259960,2026-08-07,4
263750,2026-09-03,1
263750,2026-09-04,4
263800,2026-07-08,1
263800,2026-07-09,4
263800,2026-07-10,4
263800,2026-07-13,1
263800,2026-07-14,4
263800,2026-07-15,4
263800,2026-07-16,1
263800,2026-07-20,4
263800,2026-07-21,4
263800,2026-08-12,1
263800,2026-08-13,4
263860,2026-09-11,1
263860,2026-09-14,4
263860,2026-09-15,4
263860,2026-09-16,4
264850,2026-07-21,1
264850,2026-07-22,4
264850,2026-07-24,1
264850,2026-07-27,4
264850,2026-08-04,1
264850,2026-08-05,4
264850,2026-08-06,1
264850,2026-08-07,4
264850,2026-08-10,4
264850,2026-08-11,4
265740,2026-08-11,1
265740,2026-08-12,4
265740,2026-09-17,1
265740,2026-09-18,4
267250,2026-06-30,1
267250,2026-07-01,4
267250,2026-07-09,1
267250,2026-07-10,4
267250,2026-07-14,1
267250,2026-07-15,4
267250,2026-07-21,1
267250,2026-07-22,4
267250,2026-07-23,4
267250,2026-07-29,1
267250,2026-07-30,4
267250,2026-07-31,4
267250,2026-08-03,1
267250,2026-08-04,4
267250,2026-08-05,4
267250,2026-09-03,1
267250,2026-09-04,4
267250,2026-09-08,1
267250,2026-09-09,4
267250,2026-09-16,1
267250,2026-09-17,4
267260,2026-06-30,1
267260,2026-07-01,4
267260,2026-07-02,4
267260,2026-07-09,1
267260,2026-07-10,4
267260,2026-07-14,1
267260,2026-07-15,4
267260,2026-07-20,1
267260,2026-07-21,4
267260,2026-07-22,4
267260,2026-07-23,4
267260,2026-07-29,1
267260,2026-07-30,4
267260,2026-07-31,4
267260,2026-08-03,1
267260,2026-08-04,4
267260,2026-08-05,4
267260,2026-08-11,1
267260,2026-08-12,4
267260,2026-08-26,1
267260,2026-08-27,4
267260,2026-09-04,1
267260,2026-09-07,4
267270,2026-06-30,1
267270,2026-07-01,4
267270,2026-07-03,1
267270,2026-07-06,4
267270,2026-07-09,1
267270,2026-07-10,4
267270,2026-07-14,1
267270,2026-07-15,4
267270,2026-07-21,1
267270,2026-07-22,4
267270,2026-07-23,4
267270,2026-07-29,1
267270,2026-07-30,4
267270,2026-07-31,4
267270,2026-08-04,1
267270,2026-08-05,4
267270,2026-08-21,1
267270,2026-08-24,4
267270,2026-08-25,4
267270,2026-09-02,1
267270,2026-09-03,4
267270,2026-09-04,4
267270,2026-09-08,1
267270,2026-09-09,4
267270,2026-09-16,1
267270,2026-09-17,4
267270,2026-09-21,1
267270,2026-09-22,4
267320,2026-09-28,1
267320,2026-09-29,4
270660,2026-08-03,1
270660,2026-08-04,4
271560,2026-07-01,1
271560,2026-07-02,4
271560,2026-07-28,1
271560,2026-07-29,4
271560,2026-07-30,4
272210,2026-06-30,1
272210,2026-07-01,4
272210,2026-07-03,1
272210,2026-07-06,4
272210,2026-07-08,1
272210,2026-07-09,4
272210,2026-07-10,4
272210,2026-07-14,1
272210,2026-07-15,4
272210,2026-07-21,1
272210,2026-07-22,4
272210,2026-07-23,4
272210,2026-07-29,1
272210,2026-07-30,4
272210,2026-07-31,4
272210,2026-08-03,1
272210,2026-08-04,4
272210,2026-08-05,4
272210,2026-08-07,1
272210,2026-08-10,4
272210,2026-08-11,1
272210,2026-08-12,4
272210,2026-08-13,4
272210,2026-08-26,1
272210,2026-08-27,4
272210,2026-09-11,1
272210,2026-09-14,4
272210,2026-09-16,1
272210,2026-09-17,4
272210,2026-09-18,4
274090,2026-09-16,1
274090,2026-09-17,4
274090,2026-09-18,4
274090,2026-09-21,1
274090,2026-09-22,4
274090,2026-09-23,4
277810,2026-06-30,1
277810,2026-07-01,4
277810,2026-07-08,1
277810,2026-07-09,4
277810,2026-07-10,4
277810,2026-07-14,1
277810,2026-07-15,4
277810,2026-07-20,1
277810,2026-07-21,4
277810,2026-07-22,4
277810,2026-07-23,4
277810,2026-07-24,1
277810,2026-07-27,4
277810,2026-07-28,1
277810,2026-07-29,4
277810,2026-07-30,1
277810,2026-07-31,4
277810,2026-08-03,4
277810,2026-08-05,1
277810,2026-08-06,4
277810,2026-08-07,1
277810,2026-08-10,4
277810,2026-09-03,1
277810,2026-09-04,4
277810,2026-09-14,1
277810,2026-09-15,4
278470,2026-06-30,1
278470,2026-07-01,4
278470,2026-07-02,4
278470,2026-07-06,1
278470,2026-07-07,4
278470,2026-07-09,1
278470,2026-07-10,4
278470,2026-07-13,4
278470,2026-07-31,1
278470,2026-08-03,4
278470,2026-08-04,4
278470,2026-08-05,1
278470,2026-08-06,4
278470,2026-08-11,1
278470,2026-08-12,4
278470,2026-08-13,4
278470,2026-08-21,1
278470,2026-08-24,4
278470,2026-08-25,4
278470,2026-08-27,1
278470,2026-08-28,4
278470,2026-09-17,1
278470,2026-09-18,4
279570,2026-07-15,1
279570,2026-07-16,4
281820,2026-06-30,1
281820,2026-07-01,4
281820,2026-07-06,1
281820,2026-07-07,4
281820,2026-07-08,1
281820,2026-07-09,4
281820,2026-07-10,4
281820,2026-07-13,4
281820,2026-07-14,4
281820,2026-07-15,4
281820,2026-07-20,1
281820,2026-07-21,4
281820,2026-07-22,4
281820,2026-07-30,1
281820,2026-07-31,4
281820,2026-08-11,1
281820,2026-08-12,4
281820,2026-09-09,1
281820,2026-09-10,4
281820,2026-09-21,1
281820,2026-09-22,4
281820,2026-09-23,4
282330,2026-08-06,1
282330,2026-08-07,4
282620,2026-08-26,1
282620,2026-08-27,4
289080,2026-08-26,1
289080,2026-08-27,4
289080,2026-09-07,1
289080,2026-09-08,4
289080,2026-09-16,1
289080,2026-09-17,4
290550,2026-08-21,1
290550,2026-08-24,4
290650,2026-06-30,1
290650,2026-07-01,4
290650,2026-07-02,4
290650,2026-08-03,1
290650,2026-08-04,4
290650,2026-08-05,1
290650,2026-08-06,4
290650,2026-09-08,1
290650,2026-09-09,4
293490,2026-08-31,1
293490,2026-09-01,4
294570,2026-08-27,1
294570,2026-08-28,4
295310,2026-06-30,1
295310,2026-07-01,4
295310,2026-08-03,1
295310,2026-08-04,4
295310,2026-08-06,1
295310,2026-08-07,4
295310,2026-09-16,1
295310,2026-09-17,4
298000,2026-07-07,1
298000,2026-07-08,4
298040,2026-06-30,1
298040,2026-07-01,4
298040,2026-07-08,1
298040,2026-07-09,4
298040,2026-07-10,4
298040,2026-07-14,1
298040,2026-07-15,4
298040,2026-07-21,1
298040,2026-07-22,4
298040,2026-07-23,4
298040,2026-07-30,1
298040,2026-07-31,4
298040,2026-08-03,4
298040,2026-08-04,4
298040,2026-08-05,4
298040,2026-08-06,1
298040,2026-08-07,4
298040,2026-08-10,4
298040,2026-08-12,1
298040,2026-08-13,4
298040,2026-08-26,1
298040,2026-08-27,4
298040,2026-08-28,4
298040,2026-09-04,1
298040,2026-09-07,4
298040,2026-09-15,1
298040,2026-09-16,4
298380,2026-06-30,1
298380,2026-07-01,4
298380,2026-07-06,1
298380,2026-07-07,4
298380,2026-07-08,1
298380,2026-07-09,4
298380,2026-07-10,4
298380,2026-07-22,1
298380,2026-07-23,4
298380,2026-07-30,1
298380,2026-07-31,4
298380,2026-08-03,4
298380,2026-08-04,4
298380,2026-08-05,1
298380,2026-08-06,4
298380,2026-08-07,1
298380,2026-08-10,4
298380,2026-08-19,1
298380,2026-08-20,4
298380,2026-08-27,1
298380,2026-08-28,4
299170,2026-09-23,1
299170,2026-09-28,4
299660,2026-07-28,1
299660,2026-07-29,4
299660,2026-08-24,1
299660,2026-08-25,4
299660,2026-08-28,1
299660,2026-08-31,4
299660,2026-09-22,1
299660,2026-09-23,4
302430,2026-09-08,1
302430,2026-09-09,4
303810,2026-09-21,1
303810,2026-09-22,4
303810,2026-09-23,4
303810,2026-09-28,4
304100,2026-08-04,1
304100,2026-08-05,4
307950,2026-06-30,1
307950,2026-07-01,4
307950,2026-07-09,1
307950,2026-07-10,4
307950,2026-07-13,4
307950,2026-07-14,1
307950,2026-07-15,4
307950,2026-07-21,1
307950,2026-07-22,4
307950,2026-07-23,4
307950,2026-07-24,1
307950,2026-07-27,4
307950,2026-07-28,1
307950,2026-07-29,4
307950,2026-07-30,1
307950,2026-07-31,4
307950,2026-08-03,4
307950,2026-08-04,1
307950,2026-08-05,4
307950,2026-08-06,4
307950,2026-08-07,1
307950,2026-08-10,4
307950,2026-08-12,1
307950,2026-08-13,4
307950,2026-08-14,4
307950,2026-08-19,1
307950,2026-08-20,4
307950,2026-09-03,1
307950,2026-09-04,4
307950,2026-09-21,1
307950,2026-09-22,4
310210,2026-08-03,1
310210,2026-08-04,4
310210,2026-08-07,1
310210,2026-08-10,4
310210,2026-08-12,1
310210,2026-08-13,4
310210,2026-09-01,1
310210,2026-09-02,4
310210,2026-09-18,1
310210,2026-09-21,4
316140,2026-07-01,1
316140,2026-07-02,4
316140,2026-07-09,1
316140,2026-07-10,4
316140,2026-07-24,1
316140,2026-07-27,4
316140,2026-07-28,1
316140,2026-07-29,4
316140,2026-07-30,4
316140,2026-09-11,1
316140,2026-09-14,4
317400,2026-07-22,1
317400,2026-07-23,4
317400,2026-08-05,1
317400,2026-08-06,4
317400,2026-08-07,4
317400,2026-08-10,4
317400,2026-08-12,1
317400,2026-08-13,4
317400,2026-08-14,4
317400,2026-08-18,4
317400,2026-08-19,4
317400,2026-09-10,1
317400,2026-09-11,4
317850,2026-09-16,1
317850,2026-09-17,4
319400,2026-07-06,1
319400,2026-07-07,4
319400,2026-07-08,1
319400,2026-07-09,4
319400,2026-07-10,4
319400,2026-07-20,1
319400,2026-07-21,4
319400,2026-07-22,4
319400,2026-07-23,4
319400,2026-07-24,1
319400,2026-07-27,4
319400,2026-07-28,1
319400,2026-07-29,4
319400,2026-07-30,1
319400,2026-07-31,4
319400,2026-08-03,4
319400,2026-08-04,4
319400,2026-08-05,4
319400,2026-08-06,4
319400,2026-08-07,1
319400,2026-08-10,4
319400,2026-08-12,1
319400,2026-08-13,4
319400,2026-08-14,4
319400,2026-09-17,1
319400,2026-09-18,4
319660,2026-06-30,1
319660,2026-07-01,4
319660,2026-07-06,1
319660,2026-07-07,4
319660,2026-07-08,1
319660,2026-07-09,4
319660,2026-07-10,4
319660,2026-07-13,4
319660,2026-07-14,4
319660,2026-07-21,1
319660,2026-07-22,4
319660,2026-07-23,4
319660,2026-07-30,1
319660,2026-07-31,4
319660,2026-08-03,1
319660,2026-08-04,4
319660,2026-08-05,4
319660,2026-08-06,1
319660,2026-08-07,4
319660,2026-08-10,4
319660,2026-08-14,1
319660,2026-08-18,4
319660,2026-08-21,1
319660,2026-08-24,4
319660,2026-09-03,1
319660,2026-09-04,4
319660,2026-09-07,4
319660,2026-09-08,1
319660,2026-09-09,4
319660,2026-09-10,4
319660,2026-09-14,1
319660,2026-09-15,4
319660,2026-09-16,4
319660,2026-09-18,1
319660,2026-09-21,4
319660,2026-09-22,1
319660,2026-09-23,4
319660,2026-09-28,1
319660,2026-09-29,4
320000,2026-07-16,1
320000,2026-07-20,4
320000,2026-07-22,1
320000,2026-07-23,4
320000,2026-09-01,1
320000,2026-09-02,4
321370,2026-08-18,1
321370,2026-08-19,4
321370,2026-09-15,1
321370,2026-09-16,4
321370,2026-09-17,4
321370,2026-09-18,4
321370,2026-09-21,1
321370,2026-09-22,4
321370,2026-09-23,4
322000,2026-06-30,1
322000,2026-07-01,4
322000,2026-07-02,4
322000,2026-07-10,1
322000,2026-07-13,4
322000,2026-07-14,4
322000,2026-07-16,1
322000,2026-07-20,4
322000,2026-07-21,4
322000,2026-07-22,4
322000,2026-07-23,4
322000,2026-07-24,4
322000,2026-07-28,1
322000,2026-07-29,4
322000,2026-07-30,4
322000,2026-07-31,4
322000,2026-08-03,4
322000,2026-08-04,4
322000,2026-08-05,4
322000,2026-08-06,1
322000,2026-08-07,4
322000,2026-08-12,1
322000,2026-08-13,4
322000,2026-08-14,1
322000,2026-08-18,4
322000,2026-08-19,4
322000,2026-08-20,4
322000,2026-08-24,1
322000,2026-08-25,4
322000,2026-08-26,4
322000,2026-09-03,1
322000,2026-09-04,4
322000,2026-09-08,1
322000,2026-09-09,4
322000,2026-09-17,1
322000,2026-09-18,4
322000,2026-09-22,1
322000,2026-09-23,4
322000,2026-09-28,4
323280,2026-07-31,1
323280,2026-08-03,4
323280,2026-08-04,1
323280,2026-08-05,4
323280,2026-08-10,1
323280,2026-08-11,4
323280,2026-09-28,1
323280,2026-09-29,4
323410,2026-07-01,1
323410,2026-07-02,4
323410,2026-07-09,1
323410,2026-07-10,4
323410,2026-07-29,1
323410,2026-07-30,4
326030,2026-08-25,1
326030,2026-08-26,4
327260,2026-08-03,1
327260,2026-08-04,4
327260,2026-08-05,4
327260,2026-08-07,1
327260,2026-08-10,4
327260,2026-08-14,1
327260,2026-08-18,4
327260,2026-08-25,1
327260,2026-08-26,4
327260,2026-08-27,4
327260,2026-08-28,1
327260,2026-08-31,4
327260,2026-09-04,1
327260,2026-09-07,4
327260,2026-09-08,4
327260,2026-09-09,4
327260,2026-09-10,4
327260,2026-09-11,1
327260,2026-09-14,4
327260,2026-09-16,1
327260,2026-09-17,4
327260,2026-09-18,4
327260,2026-09-21,4
327260,2026-09-28,1
327260,2026-09-29,4
328130,2026-09-18,1
328130,2026-09-21,4
328130,2026-09-23,1
328130,2026-09-28,4
329180,2026-06-30,1
329180,2026-07-01,4
329180,2026-07-03,1
329180,2026-07-06,4
329180,2026-07-21,1
329180,2026-07-22,4
329180,2026-07-23,4
329180,2026-07-29,1
329180,2026-07-30,4
329180,2026-07-31,4
329180,2026-08-04,1
329180,2026-08-05,4
329180,2026-08-07,1
329180,2026-08-10,4
329180,2026-09-10,1
329180,2026-09-11,4
329180,2026-09-16,1
329180,2026-09-17,4
330350,2026-08-31,1
330350,2026-09-01,4
332570,2026-07-07,1
332570,2026-07-08,4
332570,2026-07-09,1
332570,2026-07-10,4
332570,2026-07-20,1
332570,2026-07-21,4
332570,2026-07-22,4
332570,2026-07-23,4
332570,2026-07-24,1
332570,2026-07-27,4
332570,2026-07-28,4
332570,2026-07-29,4
332570,2026-07-30,1
332570,2026-07-31,4
332570,2026-08-03,4
332570,2026-08-04,4
332570,2026-08-05,4
332570,2026-08-07,1
332570,2026-08-10,4
332570,2026-08-12,1
332570,2026-08-13,4
332570,2026-08-19,1
332570,2026-08-20,4
332570,2026-08-28,1
332570,2026-08-31,4
332570,2026-09-10,1
332570,2026-09-11,4
332570,2026-09-14,4
332570,2026-09-15,4
332570,2026-09-16,4
332570,2026-09-17,1
332570,2026-09-18,4
332570,2026-09-21,4
333430,2026-07-27,1
333430,2026-07-28,4
333430,2026-07-29,1
333430,2026-07-30,4
333430,2026-07-31,4
333430,2026-08-03,1
333430,2026-08-04,4
336260,2026-06-30,1
336260,2026-07-01,4
336260,2026-07-08,1
336260,2026-07-09,4
336260,2026-07-30,1
336260,2026-07-31,4
336260,2026-08-03,4
336260,2026-08-04,1
336260,2026-08-05,4
336260,2026-08-07,1
336260,2026-08-10,4
336260,2026-08-11,4
336260,2026-08-12,1
336260,2026-08-13,4
336260,2026-08-18,1
336260,2026-08-19,4
336260,2026-08-20,4
336260,2026-08-21,1
336260,2026-08-24,4
336260,2026-08-25,4
336260,2026-08-26,4
336260,2026-09-02,1
336260,2026-09-03,4
336260,2026-09-04,4
336260,2026-09-07,4
336260,2026-09-08,1
336260,2026-09-09,4
336260,2026-09-14,1
336260,2026-09-15,4
338220,2026-09-28,1
338220,2026-09-29,4
347700,2026-06-30,1
347700,2026-07-01,4
347700,2026-07-02,1
347700,2026-07-03,4
347700,2026-07-06,4
347700,2026-07-09,1
347700,2026-07-10,4
347700,2026-08-03,1
347700,2026-08-04,4
347700,2026-08-05,1
347700,2026-08-06,4
347700,2026-08-07,4
347700,2026-08-10,4
347700,2026-08-11,4
347700,2026-08-12,4
347700,2026-08-13,4
347700,2026-08-14,4
347700,2026-09-07,1
347700,2026-09-08,4
347700,2026-09-16,1
347700,2026-09-17,4
347700,2026-09-22,1
347700,2026-09-23,4
347850,2026-06-30,1
347850,2026-07-01,4
347850,2026-07-06,1
347850,2026-07-07,4
347850,2026-07-08,1
347850,2026-07-09,4
347850,2026-07-10,4
347850,2026-07-14,1
347850,2026-07-15,4
347850,2026-07-22,1
347850,2026-07-23,4
347850,2026-07-30,1
347850,2026-07-31,4
347850,2026-08-03,4
347850,2026-08-04,4
347850,2026-08-05,1
347850,2026-08-06,4
347850,2026-08-07,1
347850,2026-08-10,4
347850,2026-08-12,1
347850,2026-08-13,4
347850,2026-08-19,1
347850,2026-08-20,4
347850,2026-08-21,4
347850,2026-08-24,4
347850,2026-09-22,1
347850,2026-09-23,4
348340,2026-08-03,1
348340,2026-08-04,4
348340,2026-08-13,1
348340,2026-08-14,4
352820,2026-06-30,1
352820,2026-07-01,4
352820,2026-07-02,4
352820,2026-07-03,1
352820,2026-07-06,4
352820,2026-07-07,4
352820,2026-07-22,1
352820,2026-07-23,4
352820,2026-07-24,1
352820,2026-07-27,4
352820,2026-07-30,1
352820,2026-07-31,4
352820,2026-08-03,4
352820,2026-08-25,1
352820,2026-08-26,4
352820,2026-08-27,4
352820,2026-09-23,1
352820,2026-09-28,4
353200,2026-07-08,1
353200,2026-07-09,4
353200,2026-07-10,4
353200,2026-07-13,4
353200,2026-07-14,1
353200,2026-07-15,4
353200,2026-07-20,1
353200,2026-07-21,4
353200,2026-07-22,4
353200,2026-07-23,4
353200,2026-07-30,1
353200,2026-07-31,4
353200,2026-08-03,4
353200,2026-08-04,4
353200,2026-08-05,4
353200,2026-08-06,1
353200,2026-08-07,4
353200,2026-08-10,4
353200,2026-08-11,1
353200,2026-08-12,4
353200,2026-08-13,4
353200,2026-08-14,4
353200,2026-08-18,4
353200,2026-08-21,1
353200,2026-08-24,4
353200,2026-08-25,4
353200,2026-08-26,1
353200,2026-08-27,4
353200,2026-08-28,1
353200,2026-08-31,4
353200,2026-09-04,1
353200,2026-09-07,4
353200,2026-09-08,1
353200,2026-09-09,4
353200,2026-09-15,1
353200,2026-09-16,4
353200,2026-09-17,1
353200,2026-09-18,4
353200,2026-09-21,1
353200,2026-09-22,4
353200,2026-09-23,4
353200,2026-09-28,4
353200,2026-09-29,4
356680,2026-07-27,1
356680,2026-07-28,4
356680,2026-08-04,1
356680,2026-08-05,4
356680,2026-08-12,1
356680,2026-08-13,4
356680,2026-08-27,1
356680,2026-08-28,4
356680,2026-09-08,1
356680,2026-09-09,4
356680,2026-09-10,1
356680,2026-09-11,4
356680,2026-09-14,4
356680,2026-09-15,4
356680,2026-09-16,4
356680,2026-09-17,1
356680,2026-09-18,4
356680,2026-09-21,4
356680,2026-09-22,1
356680,2026-09-23,4
356680,2026-09-28,4
356860,2026-07-10,1
356860,2026-07-13,4
356860,2026-07-14,1
356860,2026-07-15,4
356860,2026-08-05,1
356860,2026-08-06,4
356860,2026-08-12,1
356860,2026-08-13,4
356860,2026-08-14,1
356860,2026-08-18,4
356860,2026-08-19,4
356860,2026-08-21,1
356860,2026-08-24,4
356860,2026-08-25,4
356860,2026-08-26,1
356860,2026-08-27,4
356860,2026-08-28,1
356860,2026-08-31,4
356860,2026-09-04,1
356860,2026-09-07,4
356860,2026-09-08,1
356860,2026-09-09,4
356860,2026-09-14,1
356860,2026-09-15,4
356860,2026-09-21,1
356860,2026-09-22,4
357780,2026-07-02,1
357780,2026-07-03,4
357780,2026-07-08,1
357780,2026-07-09,4
357780,2026-07-10,1
357780,2026-07-13,4
357780,2026-09-22,1
357780,2026-09-23,4
357780,2026-09-28,1
357780,2026-09-29,4
361610,2026-08-25,1
361610,2026-08-26,4
361610,2026-09-08,1
361610,2026-09-09,4
361610,2026-09-10,4
365330,2026-07-06,1
365330,2026-07-07,4
365660,2026-07-06,1
365660,2026-07-07,4
365660,2026-07-08,4
365660,2026-07-09,4
365660,2026-07-10,4
365660,2026-07-13,1
365660,2026-07-14,4
365660,2026-07-16,1
365660,2026-07-20,4
365660,2026-07-21,4
365660,2026-07-22,4
365660,2026-07-28,1
365660,2026-07-29,4
365660,2026-07-30,4
365660,2026-07-31,4
365660,2026-08-03,4
365660,2026-08-04,4
365660,2026-08-05,4
365660,2026-08-06,4
365660,2026-08-07,4
365660,2026-08-10,1
365660,2026-08-11,4
365660,2026-08-14,1
365660,2026-08-18,4
365660,2026-09-07,1
365660,2026-09-08,4
372910,2026-09-14,1
372910,2026-09-15,4
373220,2026-07-08,1
373220,2026-07-09,4
373220,2026-07-10,4
373220,2026-07-13,4
373220,2026-07-14,1
373220,2026-07-15,4
373220,2026-07-21,1
373220,2026-07-22,4
373220,2026-07-23,4
373220,2026-07-29,1
373220,2026-07-30,4
373220,2026-08-06,1
373220,2026-08-07,4
373220,2026-08-21,1
373220,2026-08-24,4
373220,2026-08-26,1
373220,2026-08-27,4
373220,2026-09-02,1
373220,2026-09-03,4
373220,2026-09-08,1
373220,2026-09-09,4
373220,2026-09-14,1
373220,2026-09-15,4
375500,2026-06-30,1
375500,2026-07-01,4
375500,2026-07-03,1
375500,2026-07-06,4
375500,2026-07-09,1
375500,2026-07-10,4
375500,2026-07-21,1
375500,2026-07-22,4
375500,2026-07-23,4
375500,2026-07-30,1
375500,2026-07-31,4
375500,2026-08-03,4
375500,2026-08-04,4
375500,2026-08-05,4
375500,2026-08-25,1
375500,2026-08-26,4
375500,2026-09-02,1
375500,2026-09-03,4
375500,2026-09-04,1
375500,2026-09-07,4
375500,2026-09-14,1
375500,2026-09-15,4
375500,2026-09-17,1
375500,2026-09-18,4
376900,2026-07-13,1
376900,2026-07-14,4
376900,2026-07-15,4
376900,2026-07-16,1
376900,2026-07-20,4
377300,2026-07-22,1
377300,2026-07-23,4
377300,2026-08-04,1
377300,2026-08-05,4
377300,2026-08-07,1
377300,2026-08-10,4
377300,2026-08-19,1
377300,2026-08-20,4
377300,2026-08-21,1
377300,2026-08-24,4
377300,2026-08-25,4
377300,2026-09-03,1
377300,2026-09-04,4
377450,2026-08-14,1
377450,2026-08-18,4
377480,2026-07-27,1
377480,2026-07-28,4
382900,2026-09-10,1
382900,2026-09-11,4
386380,2026-09-04,1
386380,2026-09-07,4
386380,2026-09-08,4
386380,2026-09-09,4
386380,2026-09-10,1
386380,2026-09-11,4
386380,2026-09-14,4
386380,2026-09-15,1
386380,2026-09-16,4
386380,2026-09-18,1
386380,2026-09-21,4
386380,2026-09-22,4
386380,2026-09-23,4
386380,2026-09-28,4
387690,2026-07-13,1
387690,2026-07-14,4
387690,2026-07-15,4
387690,2026-07-16,1
387690,2026-07-20,4
387690,2026-08-05,1
387690,2026-08-06,4
387690,2026-08-07,4
387690,2026-08-13,1
387690,2026-08-14,4
387690,2026-08-18,4
387690,2026-08-19,4
387690,2026-08-20,4
387690,2026-08-27,1
387690,2026-08-28,4
387690,2026-08-31,4
387690,2026-09-01,1
387690,2026-09-02,4
387690,2026-09-03,1
387690,2026-09-04,4
387690,2026-09-07,4
387690,2026-09-08,4
387690,2026-09-09,1
387690,2026-09-10,4
387690,2026-09-18,1
387690,2026-09-21,4
387690,2026-09-22,1
387690,2026-09-23,4
387690,2026-09-28,4
388050,2026-08-12,1
388050,2026-08-13,4
388050,2026-08-14,4
388050,2026-08-19,1
388050,2026-08-20,4
388050,2026-08-24,1
388050,2026-08-25,4
388050,2026-08-26,4
388050,2026-09-02,1
388050,2026-09-03,4
388050,2026-09-04,1
388050,2026-09-07,4
388050,2026-09-08,4
388050,2026-09-09,4
388050,2026-09-10,4
388050,2026-09-11,4
388050,2026-09-21,1
388050,2026-09-22,4
388790,2026-07-09,1
388790,2026-07-10,4
388790,2026-09-15,1
388790,2026-09-16,4
389260,2026-07-22,1
389260,2026-07-23,4
389260,2026-07-24,4
393210,2026-09-22,1
393210,2026-09-23,4
393210,2026-09-28,4
394800,2026-09-22,1
394800,2026-09-23,4
394800,2026-09-28,4
396300,2026-07-27,1
396300,2026-07-28,4
396300,2026-07-29,4
396300,2026-08-13,1
396300,2026-08-14,4
396300,2026-08-18,1
396300,2026-08-19,4
396300,2026-08-31,1
396300,2026-09-01,4
396300,2026-09-02,4
396300,2026-09-22,1
396300,2026-09-23,4
396300,2026-09-28,4
396470,2026-08-14,1
396470,2026-08-18,4
396470,2026-08-19,4
399720,2026-07-06,1
399720,2026-07-07,4
399720,2026-07-08,1
399720,2026-07-09,4
399720,2026-07-10,4
399720,2026-07-13,1
399720,2026-07-14,4
399720,2026-07-24,1
399720,2026-07-27,4
399720,2026-07-30,1
399720,2026-07-31,4
402340,2026-06-30,1
402340,2026-07-01,4
402340,2026-07-02,1
402340,2026-07-03,4
402340,2026-07-06,4
402340,2026-07-08,1
402340,2026-07-09,4
402340,2026-07-10,4
402340,2026-07-14,1
402340,2026-07-15,4
402340,2026-07-20,1
402340,2026-07-21,4
402340,2026-07-22,4
402340,2026-07-30,1
402340,2026-07-31,4
402340,2026-08-03,1
402340,2026-08-04,4
402340,2026-08-05,4
402340,2026-08-11,1
402340,2026-08-12,4
402340,2026-08-13,4
402340,2026-08-14,4
402340,2026-08-18,4
402340,2026-08-19,1
402340,2026-08-20,4
402340,2026-08-26,1
402340,2026-08-27,4
402340,2026-09-03,1
402340,2026-09-04,4
402340,2026-09-07,4
402340,2026-09-08,4
402340,2026-09-17,1
402340,2026-09-18,4
402340,2026-09-21,4
402340,2026-09-22,4
402340,2026-09-23,4
403870,2026-06-30,1
403870,2026-07-01,4
403870,2026-07-02,1
403870,2026-07-03,4
403870,2026-07-08,1
403870,2026-07-09,4
403870,2026-07-10,4
403870,2026-07-13,4
403870,2026-07-14,1
403870,2026-07-15,4
403870,2026-07-21,1
403870,2026-07-22,4
403870,2026-07-24,1
403870,2026-07-27,4
403870,2026-07-30,1
403870,2026-07-31,4
403870,2026-08-03,1
403870,2026-08-04,4
403870,2026-08-05,4
403870,2026-08-07,1
403870,2026-08-10,4
403870,2026-08-12,1
403870,2026-08-13,4
403870,2026-08-14,1
403870,2026-08-18,4
403870,2026-08-19,4
403870,2026-08-20,4
403870,2026-08-24,1
403870,2026-08-25,4
403870,2026-08-26,1
403870,2026-08-27,4
403870,2026-09-04,1
403870,2026-09-07,4
403870,2026-09-08,1
403870,2026-09-09,4
403870,2026-09-10,4
403870,2026-09-28,1
403870,2026-09-29,4
406820,2026-09-17,1
406820,2026-09-18,4
411080,2026-09-11,1
411080,2026-09-14,4
411080,2026-09-15,4
411080,2026-09-16,4
413630,2026-07-10,1
413630,2026-07-13,4
413630,2026-07-15,1
413630,2026-07-16,4
413630,2026-07-20,4
413630,2026-07-21,4
413630,2026-07-22,4
413630,2026-07-23,1
413630,2026-07-24,4
413630,2026-07-27,4
413630,2026-07-28,4
413630,2026-07-29,4
413630,2026-07-30,4
413630,2026-07-31,4
413630,2026-08-03,4
413630,2026-08-04,4
413630,2026-08-05,4
413630,2026-08-25,1
413630,2026-08-26,4
413630,2026-08-27,4
413630,2026-08-31,1
413630,2026-09-01,4
413630,2026-09-09,1
413630,2026-09-10,4
413630,2026-09-14,1
413630,2026-09-15,4
413630,2026-09-16,4
417010,2026-08-24,1
417010,2026-08-25,4
417010,2026-08-28,1
417010,2026-08-31,4
417030,2026-08-24,1
417030,2026-08-25,4
417030,2026-08-26,4
417030,2026-08-27,4
417030,2026-08-28,4
417030,2026-08-31,4
417030,2026-09-01,4
417030,2026-09-03,1
417030,2026-09-04,4
417030,2026-09-07,4
417030,2026-09-08,4
417030,2026-09-17,1
417030,2026-09-18,4
417030,2026-09-21,4
417200,2026-09-14,1
417200,2026-09-15,4
417200,2026-09-16,4
417200,2026-09-17,1
417200,2026-09-18,4
417840,2026-07-09,1
417840,2026-07-10,4
417840,2026-08-10,1
417840,2026-08-11,4
417840,2026-08-12,4
417840,2026-08-13,4
417840,2026-08-14,1
417840,2026-08-18,4
417840,2026-09-01,1
417840,2026-09-02,4
417840,2026-09-03,4
417840,2026-09-09,1
417840,2026-09-10,4
417840,2026-09-11,4
417840,2026-09-21,1
417840,2026-09-22,4
417840,2026-09-23,4
417860,2026-07-27,1
417860,2026-07-28,4
419050,2026-07-01,1
419050,2026-07-02,4
419050,2026-07-03,4
419050,2026-07-06,4
419050,2026-07-07,4
419050,2026-07-09,1
419050,2026-07-10,4
419050,2026-08-04,1
419050,2026-08-05,4
419050,2026-08-06,4
419050,2026-08-12,1
419050,2026-08-13,4
419050,2026-08-14,4
419050,2026-09-22,1
419050,2026-09-23,4
420770,2026-06-30,1
420770,2026-07-01,4
420770,2026-07-07,1
420770,2026-07-08,4
420770,2026-07-09,4
420770,2026-07-10,4
420770,2026-07-13,4
420770,2026-07-14,1
420770,2026-07-15,4
420770,2026-07-22,1
420770,2026-07-23,4
420770,2026-07-30,1
420770,2026-07-31,4
420770,2026-08-03,4
420770,2026-08-14,1
420770,2026-08-18,4
420770,2026-08-19,4
420770,2026-09-17,1
420770,2026-09-18,4
420770,2026-09-21,1
420770,2026-09-22,4
424870,2026-09-15,1
424870,2026-09-16,4
424870,2026-09-23,1
424870,2026-09-28,4
425040,2026-09-18,1
425040,2026-09-21,4
425420,2026-09-09,1
425420,2026-09-10,4
425420,2026-09-21,1
425420,2026-09-22,4
432470,2026-08-26,1
432470,2026-08-27,4
432470,2026-09-16,1
432470,2026-09-17,4
437730,2026-07-21,1
437730,2026-07-22,4
437730,2026-07-23,4
437730,2026-07-30,1
437730,2026-07-31,4
437730,2026-08-03,4
437730,2026-09-09,1
437730,2026-09-10,4
437730,2026-09-11,4
437730,2026-09-14,1
437730,2026-09-15,4
437730,2026-09-18,1
437730,2026-09-21,4
439090,2026-07-07,1
439090,2026-07-08,4
439090,2026-07-15,1
439090,2026-07-16,4
439090,2026-08-10,1
439090,2026-08-11,4
439090,2026-08-12,4
439580,2026-09-21,1
439580,2026-09-22,4
439960,2026-07-20,1
439960,2026-07-21,4
439960,2026-07-22,1
439960,2026-07-23,4
439960,2026-07-24,1
439960,2026-07-27,4
439960,2026-07-28,4
439960,2026-07-29,4
439960,2026-07-30,4
439960,2026-07-31,4
439960,2026-08-03,4
439960,2026-08-04,1
439960,2026-08-05,4
439960,2026-08-06,4
439960,2026-08-07,1
439960,2026-08-10,4
439960,2026-08-13,1
439960,2026-08-14,4
439960,2026-08-24,1
439960,2026-08-25,4
439960,2026-09-09,1
439960,2026-09-10,4
440110,2026-07-02,1
440110,2026-07-03,4
440110,2026-07-08,1
440110,2026-07-09,4
440110,2026-07-10,4
440110,2026-07-13,4
440110,2026-07-14,1
440110,2026-07-15,4
440110,2026-07-16,1
440110,2026-07-20,4
440110,2026-07-21,4
440110,2026-07-22,4
440110,2026-07-29,1
440110,2026-07-30,4
440110,2026-07-31,4
440110,2026-08-04,1
440110,2026-08-05,4
440110,2026-08-07,1
440110,2026-08-10,4
440110,2026-08-11,1
440110,2026-08-12,4
440110,2026-08-13,1
440110,2026-08-14,4
440110,2026-08-18,4
440110,2026-09-03,1
440110,2026-09-04,4
440110,2026-09-07,4
440110,2026-09-08,4
440110,2026-09-09,1
440110,2026-09-10,4
440110,2026-09-21,1
440110,2026-09-22,4
440110,2026-09-23,4
440110,2026-09-28,4
440110,2026-09-29,4
441270,2026-09-02,1
441270,2026-09-03,4
441270,2026-09-11,1
441270,2026-09-14,4
441270,2026-09-15,4
443060,2026-07-09,1
443060,2026-07-10,4
443060,2026-07-14,1
443060,2026-07-15,4
443060,2026-07-21,1
443060,2026-07-22,4
443060,2026-08-14,1
443060,2026-08-18,4
443060,2026-09-09,1
443060,2026-09-10,4
443060,2026-09-11,4
443670,2026-08-28,1
443670,2026-08-31,4
443670,2026-09-01,1
443670,2026-09-02,4
443670,2026-09-10,1
443670,2026-09-11,4
443670,2026-09-14,4
443670,2026-09-15,4
443670,2026-09-16,4
443670,2026-09-17,4
443670,2026-09-18,4
445090,2026-07-08,1
445090,2026-07-09,4
446540,2026-09-10,1
446540,2026-09-11,4
446540,2026-09-14,4
446540,2026-09-22,1
446540,2026-09-23,4
450080,2026-07-10,1
450080,2026-07-13,4
450080,2026-08-03,1
450080,2026-08-04,4
452190,2026-09-07,1
452190,2026-09-08,4
452190,2026-09-09,4
452190,2026-09-10,4
452190,2026-09-23,1
452190,2026-09-28,4
452190,2026-09-29,4
452280,2026-09-15,1
452280,2026-09-16,4
452280,2026-09-17,4
452280,2026-09-18,1
452280,2026-09-21,4
452450,2026-09-09,1
452450,2026-09-10,4
454910,2026-07-09,1
454910,2026-07-10,4
454910,2026-07-14,1
454910,2026-07-15,4
454910,2026-07-20,1
454910,2026-07-21,4
454910,2026-07-22,4
454910,2026-07-24,1
454910,2026-07-27,4
454910,2026-07-28,1
454910,2026-07-29,4
454910,2026-07-30,4
454910,2026-07-31,4
454910,2026-08-03,4
454910,2026-08-04,4
454910,2026-08-05,4
454910,2026-08-07,1
454910,2026-08-10,4
454910,2026-08-13,1
454910,2026-08-14,4
454910,2026-09-03,1
454910,2026-09-04,4
454910,2026-09-07,4
454910,2026-09-08,1
454910,2026-09-09,4
456010,2026-09-10,1
456010,2026-09-11,4
456010,2026-09-14,4
456010,2026-09-15,4
456010,2026-09-16,1
456010,2026-09-17,4
456010,2026-09-18,4
456010,2026-09-21,1
456010,2026-09-22,4
456010,2026-09-23,4
456010,2026-09-28,4
456040,2026-07-22,1
456040,2026-07-23,4
456160,2026-09-14,1
456160,2026-09-15,4
457190,2026-08-31,1
457190,2026-09-01,4
457190,2026-09-28,1
457190,2026-09-29,4
457370,2026-08-10,1
457370,2026-08-11,4
457370,2026-08-12,4
457370,2026-08-13,4
457370,2026-08-18,1
457370,2026-08-19,4
457370,2026-08-20,1
457370,2026-08-21,4
457370,2026-09-10,1
457370,2026-09-11,4
457370,2026-09-15,1
457370,2026-09-16,4
457370,2026-09-17,4
457370,2026-09-18,1
457370,2026-09-21,4
457370,2026-09-28,1
457370,2026-09-29,4
458870,2026-08-12,1
458870,2026-08-13,4
459550,2026-08-03,1
459550,2026-08-04,4
459550,2026-08-05,4
459550,2026-08-06,4
459550,2026-08-11,1
459550,2026-08-12,4
459550,2026-08-13,1
459550,2026-08-14,4
459550,2026-08-18,4
459550,2026-08-19,4
459550,2026-08-20,1
459550,2026-08-21,4
459550,2026-08-24,1
459550,2026-08-25,4
459550,2026-09-02,1
459550,2026-09-03,4
459550,2026-09-04,4
459550,2026-09-07,4
459550,2026-09-08,4
460930,2026-07-16,1
460930,2026-07-20,4
460930,2026-07-23,1
460930,2026-07-24,4
460930,2026-07-27,1
460930,2026-07-28,4
460930,2026-07-29,1
460930,2026-07-30,4
460930,2026-08-05,1
460930,2026-08-06,4
462860,2026-08-19,1
462860,2026-08-20,4
462860,2026-08-21,4
462860,2026-08-24,4
462860,2026-08-25,4
462860,2026-08-27,1
462860,2026-08-28,4
462860,2026-08-31,1
462860,2026-09-01,4
462860,2026-09-11,1
462860,2026-09-14,4
462860,2026-09-15,4
462860,2026-09-18,1
462860,2026-09-21,4
463020,2026-07-31,1
463020,2026-08-03,4
463020,2026-08-04,1
463020,2026-08-05,4
463020,2026-08-06,4
463020,2026-08-07,4
463020,2026-08-10,4
463020,2026-08-11,4
463020,2026-08-12,4
465770,2026-07-14,1
465770,2026-07-15,4
465770,2026-07-20,1
465770,2026-07-21,4
465770,2026-07-22,4
465770,2026-07-23,4
465770,2026-08-18,1
465770,2026-08-19,4
465770,2026-09-01,1
465770,2026-09-02,4
465770,2026-09-03,4
466100,2026-07-21,1
466100,2026-07-22,4
466100,2026-08-05,1
466100,2026-08-06,4
466100,2026-08-07,4
466100,2026-08-13,1
466100,2026-08-14,4
468530,2026-09-22,1
468530,2026-09-23,4
468530,2026-09-28,4
469610,2026-08-12,1
469610,2026-08-13,4
475040,2026-07-02,1
475040,2026-07-03,4
475040,2026-07-06,4
475040,2026-07-07,4
475040,2026-07-08,4
475040,2026-07-09,4
475040,2026-08-07,1
475040,2026-08-10,4
475040,2026-09-07,1
475040,2026-09-08,4
475040,2026-09-09,1
475040,2026-09-10,4
475150,2026-06-30,1
475150,2026-07-01,4
475150,2026-07-06,1
475150,2026-07-07,4
475150,2026-07-08,1
475150,2026-07-09,4
475150,2026-07-10,1
475150,2026-07-13,4
475150,2026-07-14,4
475150,2026-07-15,4
475150,2026-07-16,4
475150,2026-07-20,4
475150,2026-07-21,4
475150,2026-07-22,4
475150,2026-07-23,4
475150,2026-07-24,4
475150,2026-07-29,1
475150,2026-07-30,4
475150,2026-07-31,4
475150,2026-08-03,4
475150,2026-08-04,4
475150,2026-08-05,4
475150,2026-08-06,1
475150,2026-08-07,4
475150,2026-08-10,1
475150,2026-08-11,4
475150,2026-08-12,1
475150,2026-08-13,4
475150,2026-08-14,1
475150,2026-08-18,4
475150,2026-08-19,1
475150,2026-08-20,4
475150,2026-08-21,1
475150,2026-08-24,4
475150,2026-09-03,1
475150,2026-09-04,4
475150,2026-09-08,1
475150,2026-09-09,4
475150,2026-09-10,1
475150,2026-09-11,4
475150,2026-09-17,1
475150,2026-09-18,4
475430,2026-06-30,1
475430,2026-07-01,4
475830,2026-08-21,1
475830,2026-08-24,4
476060,2026-07-15,1
476060,2026-07-16,4
476060,2026-08-05,1
476060,2026-08-06,4
476060,2026-08-11,1
476060,2026-08-12,4
476060,2026-08-28,1
476060,2026-08-31,4
476830,2026-08-03,1
476830,2026-08-04,4
476830,2026-08-19,1
476830,2026-08-20,4
477850,2026-07-01,1
477850,2026-07-02,4
477850,2026-07-03,4
477850,2026-07-06,4
477850,2026-07-07,1
477850,2026-07-08,4
477850,2026-07-09,4
477850,2026-07-10,4
477850,2026-07-13,4
477850,2026-07-14,4
477850,2026-07-15,4
477850,2026-07-21,1
477850,2026-07-22,4
477850,2026-07-23,4
477850,2026-07-24,4
477850,2026-07-27,4
477850,2026-07-28,4
477850,2026-07-29,4
477850,2026-07-30,1
477850,2026-07-31,4
477850,2026-08-03,1
477850,2026-08-04,4
477850,2026-08-05,4
477850,2026-08-06,4
477850,2026-08-07,1
477850,2026-08-10,4
477850,2026-08-11,1
477850,2026-08-12,4
477850,2026-08-13,1
477850,2026-08-14,4
477850,2026-08-19,1
477850,2026-08-20,4
477850,2026-08-21,4
477850,2026-08-25,1
477850,2026-08-26,4
477850,2026-08-27,1
477850,2026-08-28,4
477850,2026-09-01,1
477850,2026-09-02,4
477850,2026-09-23,1
477850,2026-09-28,4
478340,2026-09-17,1
478340,2026-09-18,4
478340,2026-09-21,4
478340,2026-09-22,1
478340,2026-09-23,4
478340,2026-09-28,4
483350,2026-08-12,1
483350,2026-08-13,4
483350,2026-08-19,1
483350,2026-08-20,4
483650,2026-06-30,1
483650,2026-07-01,4
483650,2026-07-02,4
483650,2026-07-06,1
483650,2026-07-07,4
483650,2026-07-08,1
483650,2026-07-09,4
483650,2026-07-15,1
483650,2026-07-16,4
483650,2026-07-20,4
483650,2026-07-21,4
483650,2026-07-22,1
483650,2026-07-23,4
483650,2026-07-24,4
483650,2026-07-27,4
483650,2026-07-28,1
483650,2026-07-29,4
483650,2026-08-03,1
483650,2026-08-04,4
483650,2026-08-05,1
483650,2026-08-06,4
483650,2026-08-07,4
483650,2026-08-10,1
483650,2026-08-11,4
483650,2026-08-12,4
483650,2026-08-13,4
483650,2026-08-21,1
483650,2026-08-24,4
483650,2026-09-16,1
483650,2026-09-17,4
483650,2026-09-18,4
483650,2026-09-22,1
483650,2026-09-23,4
484810,2026-07-24,1
484810,2026-07-27,4
484810,2026-07-28,1
484810,2026-07-29,4
484810,2026-08-10,1
484810,2026-08-11,4
484810,2026-08-24,1
484810,2026-08-25,4
484810,2026-09-01,1
484810,2026-09-02,4
484870,2026-08-28,1
484870,2026-08-31,4
486990,2026-09-21,1
486990,2026-09-22,4
486990,2026-09-23,4
487400,2026-08-13,1
487400,2026-08-14,4
487400,2026-08-18,1
487400,2026-08-19,4
487400,2026-08-20,4
487400,2026-08-25,1
487400,2026-08-26,4
487400,2026-08-27,4
488280,2026-09-10,1
488280,2026-09-11,4
488280,2026-09-14,4
489790,2026-07-14,1
489790,2026-07-15,4
489790,2026-07-29,1
489790,2026-07-30,4
489790,2026-07-31,4
490470,2026-09-07,1
490470,2026-09-08,4
490470,2026-09-28,1
490470,2026-09-29,4
900300,2026-08-24,1
900300,2026-08-25,4
950160,2026-07-02,1
950160,2026-07-03,4
950160,2026-07-06,4
950160,2026-07-07,4
950160,2026-07-14,1
950160,2026-07-15,4
950160,2026-07-24,1
950160,2026-07-27,4
950160,2026-07-30,1
950160,2026-07-31,4
950160,2026-08-03,4
950160,2026-08-04,4
950160,2026-08-05,4
950160,2026-08-06,4
950160,2026-08-07,1
950160,2026-08-10,4
950160,2026-08-11,1
950160,2026-08-12,4
950160,2026-08-13,4
950160,2026-08-14,4
950160,2026-08-19,1
950160,2026-08-20,4
950160,2026-08-27,1
950160,2026-08-28,4
950160,2026-08-31,1
950160,2026-09-01,4
950200,2026-08-20,1
950200,2026-08-21,4
950220,2026-08-21,1
950220,2026-08-24,4
950220,2026-08-25,4
950250,2026-09-08,1
950250,2026-09-09,4
950250,2026-09-10,4
950250,2026-09-28,1
950250,2026-09-29,4
950260,2026-08-18,1
950260,2026-08-19,4
950260,2026-08-20,4
950260,2026-08-21,4
950260,2026-08-24,4
950260,2026-08-25,4
950260,2026-08-26,4
950260,2026-08-27,4
950260,2026-08-28,4
950260,2026-08-31,4
950260,2026-09-01,4
950260,2026-09-02,4
950260,2026-09-04,1
950260,2026-09-07,4
950260,2026-09-08,4
950260,2026-09-16,1
950260,2026-09-17,4
950260,2026-09-18,4
950260,2026-09-21,4
950260,2026-09-22,4
950260,2026-09-23,4
950260,2026-09-28,1
950260,2026-09-29,4
