연도,매수월,매수일(신호일),요일,종목코드,종목명,매수가,수량,매수금액,매도일,매도가,결과,보유일,손익(원),수익률,보유중 최고,보유중 최저,당일 상승률,당일 거래대금(억),20일 돌파폭,20일평균 거래대금(억),거래량 배수,캔들 몸통(종/시),윗꼬리(고/종),코스피 당일,코스피 5일,코스피 20일선,구간:코스피5일,구간:상승률,구간:거래대금,구간:돌파폭,구간:거래량배수,구간:캔들
2024,2024-01,2024-01-02,화,222800,심텍,42242,2,84484,2024-01-03,40210,손절,1,-4234,-0.05012,0.001368,-0.048345,0.096104,87684805800.0,0.087629,17067853480.0,4.578156,0.094682,0.004739,0.005472,0.026842,위,5일 상승,3) +5% ~ +10%,"3) 500억 ~ 1,000억",3) +5% ~ +10%,3) 3배 ~ 5배,양봉
2024,2024-01,2024-01-02,화,094360,칩스앤미디어,34384,2,68769,2024-01-03,32717,손절,1,-3472,-0.05049,0.073163,-0.047532,0.078493,73617374250.0,0.076803,51819362917.5,1.272739,0.076803,0.004367,0.005472,0.026842,위,5일 상승,3) +5% ~ +10%,"3) 500억 ~ 1,000억",3) +5% ~ +10%,1) 2배 미만,양봉
2024,2024-01,2024-01-02,화,034220,LG디스플레이,12352,8,98815,2024-01-31,11758,손절,21,-4947,-0.050066,0.095534,-0.093254,0.047881,35407724400.0,0.018307,21400589342.0,1.537814,0.047881,0.012734,0.005472,0.026842,위,5일 상승,2) +3% ~ +5%,2) 300억 ~ 500억,1) +2% 미만,1) 2배 미만,양봉
2024,2024-01,2024-01-03,수,445180,퓨릿,13994,7,97958,2024-01-04,13317,손절,1,-4938,-0.050406,-0.003143,-0.048877,0.232804,215546701620.0,0.179747,3431905414.0,50.602239,0.214596,0.054363,-0.02341,0.003001,위,5일 상승,6) +20% 이상,"5) 2,000억 이상",4) +10% 이상,5) 10배 이상,양봉
2024,2024-01,2024-01-03,수,065350,신성델타테크,43293,2,86586,2024-01-04,52000,익절,1,17198,0.198619,0.298124,-0.016013,0.040915,51222099500.0,0.040915,57784060322.5,0.768448,0.039663,0.020809,-0.02341,0.003001,위,5일 상승,2) +3% ~ +5%,"3) 500억 ~ 1,000억",2) +2% ~ +5%,1) 2배 미만,양봉
2024,2024-01,2024-01-03,수,189300,인텔리안테크,81081,1,81081,2024-01-05,77123,손절,2,-4121,-0.050823,0.016268,-0.071299,0.078562,43903458000.0,0.037132,6282555405.0,6.346276,0.084337,0.0,-0.02341,0.003001,위,5일 상승,3) +5% ~ +10%,2) 300억 ~ 500억,2) +2% ~ +5%,4) 5배 ~ 10배,양봉
2024,2024-01,2024-01-03,수,182400,엔케이젠바이오텍코리아,13750,7,96253,2024-01-04,13087,손절,1,-4838,-0.050259,0.004308,-0.051413,0.162037,40886394000.0,0.111439,5170733909.0,6.609567,0.156682,0.088977,-0.02341,0.003001,위,5일 상승,5) +15% ~ +20%,2) 300억 ~ 500억,4) +10% 이상,4) 5배 ~ 10배,양봉
2024,2024-01,2024-01-03,수,033100,제룡전기,22072,4,88288,2024-01-29,20979,손절,18,-4549,-0.051525,0.060164,-0.04857,0.080882,33862162950.0,0.040094,5038553665.5,6.110328,0.080882,0.043084,-0.02341,0.003001,위,5일 상승,3) +5% ~ +10%,2) 300억 ~ 500억,2) +2% ~ +5%,4) 5배 ~ 10배,양봉
2024,2024-01,2024-01-03,수,336260,두산퓨얼셀,24524,4,98098,2024-01-04,23327,손절,1,-4988,-0.050848,-0.005077,-0.047891,0.044776,25746413000.0,0.044776,7877831197.5,2.98904,0.056034,0.020408,-0.02341,0.003001,위,5일 상승,2) +3% ~ +5%,1) 300억 미만,2) +2% ~ +5%,2) 2배 ~ 3배,양봉
2024,2024-01,2024-01-04,목,047310,파워로직스,7638,13,99289,2024-01-05,7263,손절,1,-5073,-0.05109,-0.000999,-0.073011,0.132047,60691026690.0,0.132047,4781786113.5,10.917199,0.135417,0.076016,-0.007782,-0.005983,위,5일 하락,4) +10% ~ +15%,"3) 500억 ~ 1,000억",4) +10% 이상,5) 10배 이상,양봉
2024,2024-01,2024-01-04,목,110990,디아이티,21371,4,85485,2024-01-05,20330,손절,1,-4338,-0.050748,-0.003339,-0.064636,0.147849,47282222400.0,0.031401,5914969461.0,7.143218,0.154054,0.037471,-0.007782,-0.005983,위,5일 하락,4) +10% ~ +15%,2) 300억 ~ 500억,2) +2% ~ +5%,4) 5배 ~ 10배,양봉
2024,2024-01,2024-01-04,목,214680,디알텍,23073,4,92292,2024-01-15,21928,손절,7,-4765,-0.051628,0.103018,-0.076845,0.038288,45050233850.0,0.024444,11957694916.0,3.443843,0.022173,0.071584,-0.007782,-0.005983,위,5일 하락,2) +3% ~ +5%,2) 300억 ~ 500억,2) +2% ~ +5%,3) 3배 ~ 5배,양봉
2024,2024-01,2024-01-04,목,335890,비올,9409,10,94094,2024-01-15,8951,손절,7,-4772,-0.050718,0.062767,-0.052012,0.047938,26175249400.0,0.026201,13462459367.5,1.777718,0.05618,0.010638,-0.007782,-0.005983,위,5일 하락,2) +3% ~ +5%,1) 300억 미만,2) +2% ~ +5%,1) 2배 미만,양봉
2024,2024-01,2024-01-04,목,267260,HD현대일렉트릭,87187,1,87187,2024-01-25,104700,익절,15,17296,0.198374,0.204307,-0.007881,0.015152,25150908900.0,0.015152,20746907455.0,1.149678,0.018713,0.020666,-0.007782,-0.005983,위,5일 하락,1) +3% 미만,1) 300억 미만,1) +2% 미만,1) 2배 미만,양봉
2024,2024-01,2024-01-05,금,117730,티로보틱스,21421,4,85686,2024-01-08,20380,손절,1,-4339,-0.050639,-0.022006,-0.079425,0.218679,157553904800.0,0.026379,9075705841.5,15.571139,0.218679,0.065421,-0.003456,-0.013553,위,5일 하락,6) +20% 이상,"4) 1,000억 ~ 2,000억",2) +2% ~ +5%,5) 10배 이상,양봉
2024,2024-01,2024-01-05,금,304100,솔트룩스,31481,3,94444,2024-01-16,29970,손절,7,-4724,-0.050017,0.140354,-0.047058,0.189036,147008936500.0,0.152015,6333108430.0,19.246431,0.180113,0.038156,-0.003456,-0.013553,위,5일 하락,5) +15% ~ +20%,"4) 1,000억 ~ 2,000억",4) +10% 이상,5) 10배 이상,양봉
2024,2024-01,2024-01-05,금,108860,셀바스AI,22222,4,88889,2024-01-11,21129,손절,4,-4552,-0.051205,0.041751,-0.050499,0.072464,81366774000.0,0.052133,12552382887.0,5.905872,0.067308,0.015766,-0.003456,-0.013553,위,5일 하락,3) +5% ~ +10%,"3) 500억 ~ 1,000억",3) +5% ~ +10%,4) 5배 ~ 10배,양봉
2024,2024-01,2024-01-05,금,377480,마음AI,29379,3,88138,2024-01-17,27922,손절,8,-4548,-0.051606,0.084095,-0.080987,0.087037,74650433600.0,0.087037,3525058050.0,18.790391,0.079044,0.054514,-0.003456,-0.013553,위,5일 하락,3) +5% ~ +10%,"3) 500억 ~ 1,000억",3) +5% ~ +10%,5) 10배 이상,양봉
2024,2024-01,2024-01-08,월,250060,모비스,4830,20,96596,2024-01-10,4595,손절,2,-4882,-0.050542,0.076644,-0.069324,0.100342,70686341675.0,0.009414,14968834057.0,4.321121,0.072222,0.071503,-0.00398,-0.032938,아래,5일 하락,4) +10% ~ +15%,"3) 500억 ~ 1,000억",1) +2% 미만,3) 3배 ~ 5배,양봉
2024,2024-01,2024-01-09,화,355390,크라우드웍스,15741,6,94445,2024-01-15,18890,익절,4,18660,0.197572,0.267474,-0.03915,0.064759,25347081200.0,0.021676,8793410410.0,2.600803,0.071212,0.018388,-0.002562,-0.040666,아래,5일 하락,3) +5% ~ +10%,1) 300억 미만,2) +2% ~ +5%,2) 2배 ~ 3배,양봉
2024,2024-01,2024-01-10,수,235980,메드팩토,7668,12,92012,2024-01-16,9210,익절,4,18279,0.198656,0.255924,-0.021866,0.143284,34369960400.0,0.013228,6555536764.0,4.811846,0.119883,0.033943,-0.00752,-0.025056,아래,5일 하락,4) +10% ~ +15%,2) 300억 ~ 500억,1) +2% 미만,3) 3배 ~ 5배,양봉
2024,2024-01,2024-01-11,목,060250,NHN KCP,12613,7,88288,2024-01-12,11998,손절,1,-4479,-0.050735,0.02358,-0.060463,0.051753,186383862000.0,0.051753,16095863796.5,10.076263,0.020243,0.09127,-0.000673,-0.018071,아래,5일 하락,3) +5% ~ +10%,"4) 1,000억 ~ 2,000억",3) +5% ~ +10%,5) 10배 이상,양봉
2024,2024-01,2024-01-12,금,058970,엠로,76476,1,76476,2024-01-17,72727,손절,3,-3902,-0.051029,0.077457,-0.057225,0.03523,20247375200.0,0.005263,10762063985.0,1.773847,0.02965,0.010471,-0.005991,-0.02057,아래,5일 하락,2) +3% ~ +5%,1) 300억 미만,1) +2% 미만,1) 2배 미만,양봉
2024,2024-01,2024-01-17,수,403490,우듬지팜,14239,6,85435,2024-01-19,13546,손절,2,-4328,-0.050658,0.099077,-0.060693,0.067542,20293706485.0,0.027076,3178130663.5,5.991504,0.049815,0.01406,-0.0247,-0.041731,아래,5일 하락,3) +5% ~ +10%,1) 300억 미만,2) +2% ~ +5%,4) 5배 ~ 10배,양봉
2024,2024-01,2024-01-18,목,103590,일진전기,12462,7,87237,2024-01-23,11858,손절,3,-4405,-0.050497,0.016654,-0.053156,0.129764,87071203950.0,0.053299,3801789582.0,20.324353,0.115591,0.077912,0.0017,-0.039456,아래,5일 하락,4) +10% ~ +15%,"3) 500억 ~ 1,000억",3) +5% ~ +10%,5) 10배 이상,양봉
2024,2024-01,2024-01-18,목,161390,한국타이어앤테크놀로지,47147,2,94294,2024-02-20,56600,익절,21,18671,0.198007,0.200498,-0.02327,0.058427,32589196500.0,0.021692,10757255740.0,2.880924,0.044346,0.010616,0.0017,-0.039456,아래,5일 하락,3) +5% ~ +10%,2) 300억 ~ 500억,2) +2% ~ +5%,2) 2배 ~ 3배,양봉
2024,2024-01,2024-01-19,금,317330,덕산테코피아,21622,4,86486,2024-01-22,20579,손절,1,-4342,-0.050208,0.003626,-0.068062,0.082164,65822932800.0,0.069307,3199821086.0,18.513246,0.081622,0.12037,0.013401,-0.020716,아래,5일 하락,3) +5% ~ +10%,"3) 500억 ~ 1,000억",3) +5% ~ +10%,5) 10배 이상,양봉
2024,2024-01,2024-01-22,월,007660,이수페타시스,33099,3,99296,2024-01-23,31468,손절,1,-5090,-0.051259,-0.000999,-0.105306,0.218638,522989836000.0,0.077655,38111042265.0,11.734861,0.166381,0.0,-0.003393,-0.024402,아래,5일 하락,6) +20% 이상,"5) 2,000억 이상",3) +5% ~ +10%,5) 10배 이상,양봉
2024,2024-01,2024-01-22,월,095340,ISC,89289,1,89289,2024-01-23,84915,손절,1,-4553,-0.050994,0.002361,-0.076036,0.060642,53414654800.0,0.018265,17379920985.0,2.809789,0.031214,0.015695,-0.003393,-0.024402,아래,5일 하락,3) +5% ~ +10%,"3) 500억 ~ 1,000억",1) +2% 미만,2) 2배 ~ 3배,양봉
2024,2024-01,2024-01-22,월,124500,아이티센글로벌,10330,9,92973,2024-01-23,9830,손절,1,-4688,-0.050422,0.006745,-0.053272,0.191686,46783862400.0,0.184845,14400643726.0,2.342659,0.212691,0.010659,-0.003393,-0.024402,아래,5일 하락,5) +15% ~ +20%,2) 300억 ~ 500억,4) +10% 이상,2) 2배 ~ 3배,양봉
2024,2024-01,2024-01-22,월,420770,기가비스,78979,1,78979,2024-01-26,75125,손절,4,-4012,-0.050804,0.061043,-0.066839,0.088276,43060542900.0,0.022021,8005552325.0,4.991718,0.060484,0.020279,-0.003393,-0.024402,아래,5일 하락,3) +5% ~ +10%,2) 300억 ~ 500억,2) +2% ~ +5%,3) 3배 ~ 5배,양봉
2024,2024-01,2024-01-23,화,396470,워트,11151,8,89209,2024-01-26,10090,손절,3,-8661,-0.097083,0.120962,-0.105024,0.132114,104367440540.0,0.095379,5717637837.5,16.160345,0.031481,0.122083,0.005787,-0.007599,아래,5일 하락,4) +10% ~ +15%,"4) 1,000억 ~ 2,000억",3) +5% ~ +10%,5) 10배 이상,양봉
2024,2024-01,2024-01-23,화,064350,현대로템,27828,3,83483,2024-02-22,33400,익절,20,16509,0.197748,0.239767,-0.035138,0.01275,27416165400.0,0.010909,22390022637.5,1.175665,0.009074,0.007194,0.005787,-0.007599,아래,5일 하락,1) +3% 미만,1) 300억 미만,1) +2% 미만,1) 2배 미만,양봉
2024,2024-01,2024-01-24,수,001440,대한전선,9812,10,98116,2024-01-30,9341,손절,4,-4906,-0.050002,0.035109,-0.06233,0.099898,120033074460.0,0.051657,4969600223.5,22.107267,0.070437,0.048193,-0.003599,0.013872,아래,5일 상승,3) +5% ~ +10%,"4) 1,000억 ~ 2,000억",3) +5% ~ +10%,5) 10배 이상,양봉
2024,2024-01,2024-01-24,수,018290,브이티,17748,5,88739,2024-01-26,16893,손절,2,-4451,-0.050161,0.001255,-0.059035,0.071947,26819603640.0,0.023081,21712333813.0,1.097679,0.061677,0.006768,-0.003599,0.013872,아래,5일 상승,3) +5% ~ +10%,1) 300억 미만,2) +2% ~ +5%,1) 2배 미만,양봉
2024,2024-01,2024-01-24,수,299900,위지윅스튜디오,4124,24,98979,2024-01-25,3926,손절,1,-4952,-0.050029,0.023249,-0.070105,0.032581,21695116600.0,0.014778,18307930601.75,1.131018,0.037783,0.01699,-0.003599,0.013872,아래,5일 상승,2) +3% ~ +5%,1) 300억 미만,1) +2% 미만,1) 2배 미만,양봉
2024,2024-01,2024-01-25,목,451220,아이엠티,24124,4,96496,2024-01-26,22677,손절,1,-5979,-0.061956,-0.030016,-0.110848,0.252599,160460210000.0,0.248705,5144369481.5,23.883843,0.123543,0.037344,0.000263,0.012418,아래,5일 상승,6) +20% 이상,"4) 1,000억 ~ 2,000억",4) +10% 이상,5) 10배 이상,양봉
2024,2024-01,2024-01-25,목,036930,주성엔지니어링,35135,2,70270,2024-01-26,33417,손절,1,-3578,-0.050917,-0.019499,-0.074999,0.024818,156227186700.0,0.007174,24488687722.5,5.953702,-0.009873,0.07265,0.000263,0.012418,아래,5일 상승,1) +3% 미만,"4) 1,000억 ~ 2,000억",1) +2% 미만,4) 5배 ~ 10배,음봉·보합
2024,2024-01,2024-01-26,금,067630,HLB생명과학,11481,8,91848,2024-01-29,13780,익절,1,18164,0.197758,0.298616,0.028708,0.089815,46620263800.0,0.021701,6120475950.0,6.880786,0.077839,0.015293,0.003327,0.002354,아래,5일 상승,3) +5% ~ +10%,2) 300억 ~ 500억,2) +2% ~ +5%,4) 5배 ~ 10배,양봉
2024,2024-01,2024-01-26,금,030200,KT,34835,2,69670,2024-02-19,41850,익절,14,13857,0.198892,0.217174,-0.002434,0.017544,24962666400.0,0.011628,16656669037.5,1.451047,0.014577,0.008621,0.003327,0.002354,아래,5일 상승,1) +3% 미만,1) 300억 미만,1) +2% 미만,1) 2배 미만,양봉
2024,2024-01,2024-01-26,금,006800,미래에셋증권,7688,12,92252,2024-04-17,7313,손절,54,-4685,-0.050784,0.19672,-0.056933,0.07563,21942535680.0,0.006553,3150176436.0,6.333626,0.065187,0.007812,0.003327,0.002354,아래,5일 상승,3) +5% ~ +10%,1) 300억 미만,1) +2% 미만,4) 5배 ~ 10배,양봉
2024,2024-01,2024-01-29,월,047920,HLB제약,15284,6,91707,2024-02-05,18568,익절,5,19471,0.212319,0.356519,0.018897,0.096625,153673576850.0,0.078776,5771670685.0,22.924426,0.056087,0.17924,0.008912,0.01473,아래,5일 상승,3) +5% ~ +10%,"4) 1,000억 ~ 2,000억",3) +5% ~ +10%,5) 10배 이상,양봉
2024,2024-01,2024-01-29,월,139480,이마트,80981,1,80981,2024-01-30,77023,손절,1,-4120,-0.05088,0.028638,-0.050393,0.152422,151121847200.0,0.056136,8949667015.0,14.776025,0.144272,0.009889,0.008912,0.01473,아래,5일 상승,5) +15% ~ +20%,"4) 1,000억 ~ 2,000억",3) +5% ~ +10%,5) 10배 이상,양봉
2024,2024-01,2024-01-29,월,015760,한국전력,19940,4,79760,2024-02-20,23950,익절,14,15842,0.198616,0.201108,-0.02808,0.0375,63417451440.0,0.034805,23074651187.0,2.594332,0.035881,0.00251,0.008912,0.01473,아래,5일 상승,2) +3% ~ +5%,"3) 500억 ~ 1,000억",2) +2% ~ +5%,2) 2배 ~ 3배,양봉
2024,2024-01,2024-01-29,월,036460,한국가스공사,26326,3,78979,2024-02-26,31600,익절,18,15624,0.19783,0.207918,-0.035185,0.114407,43409780600.0,0.064777,3109275617.5,12.570692,0.114407,0.005703,0.008912,0.01473,아래,5일 상승,4) +10% ~ +15%,2) 300억 ~ 500억,3) +5% ~ +10%,5) 10배 이상,양봉
2024,2024-01,2024-01-30,화,088350,한화생명,3013,33,99429,2024-02-05,3620,익절,4,19783,0.198964,0.241284,-0.025891,0.084685,47080996270.0,0.084685,3573266540.25,11.420117,0.073084,0.0299,-0.000736,0.00815,아래,5일 상승,3) +5% ~ +10%,2) 300억 ~ 500억,3) +5% ~ +10%,5) 10배 이상,양봉
2024,2024-01,2024-01-30,화,000880,한화,32085,3,96254,2024-02-02,38550,익절,3,19156,0.199011,0.204788,-0.032802,0.04501,41619185700.0,0.04501,4286661767.5,8.85484,0.034884,0.018727,-0.000736,0.00815,아래,5일 상승,2) +3% ~ +5%,2) 300억 ~ 500억,2) +2% ~ +5%,4) 5배 ~ 10배,양봉
2024,2024-01,2024-01-31,수,003550,LG,82082,1,82082,2024-02-19,98500,익절,11,16214,0.197529,0.262152,-0.010745,0.055341,107429840000.0,0.003672,23561393660.0,4.187695,0.058065,0.008537,-0.000688,0.011095,아래,5일 상승,3) +5% ~ +10%,"4) 1,000억 ~ 2,000억",1) +2% 미만,3) 3배 ~ 5배,양봉
2024,2024-02,2024-02-02,금,200880,서연이화,22472,4,89890,2024-02-15,21379,손절,7,-4556,-0.05068,0.112473,-0.074422,0.247222,404079929700.0,0.247222,6328530512.0,48.862973,0.192246,0.03118,0.028653,0.055173,위,5일 상승,6) +20% 이상,"5) 2,000억 이상",4) +10% 이상,5) 10배 이상,양봉
2024,2024-02,2024-02-05,월,267850,아시아나IDT,23273,4,93093,2024-02-06,22128,손절,1,-4768,-0.051219,0.059156,-0.059006,0.142506,72967962750.0,0.142506,10698155364.5,5.831768,0.120482,0.021505,-0.009177,0.036255,위,5일 상승,4) +10% ~ +15%,"3) 500억 ~ 1,000억",4) +10% 이상,4) 5배 ~ 10배,양봉
2024,2024-02,2024-02-05,월,010950,S-Oil,69870,1,69870,2024-04-05,83900,익절,41,13856,0.198313,0.202236,-0.012449,0.014535,30358463000.0,0.011594,13549363830.0,2.155071,0.008671,0.004298,-0.009177,0.036255,위,5일 상승,1) +3% 미만,2) 300억 ~ 500억,1) +2% 미만,2) 2배 ~ 3배,양봉
2024,2024-02,2024-02-06,화,042700,한미반도체,61061,1,61061,2024-02-08,73300,익절,2,12087,0.197948,0.2856,-0.023927,0.037415,67094205000.0,0.020067,57384673555.0,1.101037,0.02521,0.008197,-0.005831,0.030971,위,5일 상승,2) +3% ~ +5%,"3) 500억 ~ 1,000억",2) +2% ~ +5%,1) 2배 미만,양봉
2024,2024-02,2024-02-08,목,039440,에스티아이,30530,3,91591,2024-02-23,36650,익절,9,18130,0.197948,0.208627,0.025204,0.06087,28479924000.0,0.016667,9870959177.5,2.634966,0.042735,0.02459,0.004116,0.030624,위,5일 상승,3) +5% ~ +10%,1) 300억 미만,1) +2% 미만,2) 2배 ~ 3배,양봉
2024,2024-02,2024-02-15,목,041190,우리기술투자,8539,11,93924,2024-02-23,8122,손절,6,-4772,-0.050802,0.061073,-0.060728,0.261834,417840761970.0,0.24163,18912150242.5,16.628067,0.162125,0.029308,-0.002526,0.014595,위,5일 상승,6) +20% 이상,"5) 2,000억 이상",4) +10% 이상,5) 10배 이상,양봉
2024,2024-02,2024-02-19,월,084690,대상홀딩스,11211,8,89690,2024-02-20,10669,손절,1,-4515,-0.05034,0.010597,-0.050057,0.048689,29433644800.0,0.034164,6707009845.0,4.086485,-0.010601,0.111607,0.011892,0.022875,위,5일 상승,2) +3% ~ +5%,1) 300억 미만,2) +2% ~ +5%,3) 3배 ~ 5배,음봉·보합
2024,2024-02,2024-02-19,월,141080,리가켐바이오,53453,1,53453,2024-03-06,64200,익절,11,10613,0.198554,0.451732,-0.030932,0.017143,26995195200.0,0.011364,34474314272.5,0.744572,0.013283,0.014981,0.011892,0.022875,위,5일 상승,1) +3% 미만,1) 300억 미만,1) +2% 미만,1) 2배 미만,양봉
2024,2024-02,2024-02-20,화,452260,한화갤러리아,1668,59,98392,2024-02-22,1587,손절,2,-4932,-0.05013,0.106337,-0.062162,0.216947,334411660142.0,0.187455,14184192326.1,18.882683,0.207246,0.040816,-0.008384,0.003076,위,5일 상승,6) +20% 이상,"5) 2,000억 이상",4) +10% 이상,5) 10배 이상,양봉
2024,2024-02,2024-02-20,화,273060,와이즈버즈,7237,13,94084,2024-02-29,6883,손절,7,-4792,-0.050935,0.135794,-0.065941,0.079104,36899215980.0,0.038793,3981914786.8,8.697639,0.032857,0.078838,-0.008384,0.003076,위,5일 상승,3) +5% ~ +10%,2) 300억 ~ 500억,2) +2% ~ +5%,4) 5배 ~ 10배,양봉
2024,2024-02,2024-02-20,화,372170,윤성에프앤씨,94895,1,94895,2024-03-05,90310,손절,9,-4776,-0.050325,0.196061,-0.05685,0.121893,25287141600.0,0.092166,4305733595.0,5.036336,0.121893,0.023207,-0.008384,0.003076,위,5일 상승,4) +10% ~ +15%,1) 300억 미만,3) +5% ~ +10%,4) 5배 ~ 10배,양봉
2024,2024-02,2024-02-22,목,445090,에이직랜드,60060,1,60060,2024-02-23,72100,익절,1,11890,0.197975,0.255411,0.015651,0.156069,480395460000.0,0.003344,48245852042.5,8.455883,0.016949,0.041667,0.004131,0.019309,위,5일 상승,5) +15% ~ +20%,"5) 2,000억 이상",1) +2% 미만,4) 5배 ~ 10배,양봉
2024,2024-02,2024-02-22,목,402490,그린리소스,16126,6,96754,2024-02-23,15345,손절,1,-4880,-0.050441,0.03468,-0.086317,0.175182,304663262400.0,0.104631,19103758752.5,13.483498,0.14795,0.10559,0.004131,0.019309,위,5일 상승,5) +15% ~ +20%,"5) 2,000억 이상",4) +10% 이상,5) 10배 이상,양봉
2024,2024-02,2024-02-23,금,000250,삼천당제약,73573,1,73573,2024-02-27,70030,손절,2,-3691,-0.05017,0.019389,-0.062162,0.060606,57906387000.0,0.038136,11978538555.0,4.404202,0.047009,0.034014,0.001287,0.007151,위,5일 상승,3) +5% ~ +10%,"3) 500억 ~ 1,000억",2) +2% ~ +5%,3) 3배 ~ 5배,양봉
2024,2024-02,2024-02-26,월,005950,이수화학,14224,6,85345,2024-03-26,13536,손절,20,-4298,-0.050357,0.075631,-0.050211,0.098995,115174977260.0,0.067618,9496963260.0,11.127877,0.072453,0.109078,-0.00773,-0.012379,위,5일 하락,3) +5% ~ +10%,"4) 1,000억 ~ 2,000억",3) +5% ~ +10%,5) 10배 이상,양봉
2024,2024-02,2024-02-26,월,079370,제우스,20571,4,82282,2024-03-12,19580,손절,10,-4126,-0.05014,0.108381,-0.056418,0.014815,40618472400.0,0.002439,32527585654.0,1.148885,-0.002427,0.046229,-0.00773,-0.012379,위,5일 하락,1) +3% 미만,2) 300억 ~ 500억,1) +2% 미만,1) 2배 미만,음봉·보합
2024,2024-02,2024-02-26,월,298380,에이비엘바이오,23473,4,93894,2024-03-06,28200,익절,6,18672,0.198865,0.209878,-0.0436,0.042222,40028141650.0,0.010776,11127786492.5,3.290729,0.019565,0.021322,-0.00773,-0.012379,위,5일 하락,2) +3% ~ +5%,2) 300억 ~ 500억,1) +2% 미만,3) 3배 ~ 5배,양봉
2024,2024-02,2024-02-26,월,087010,펩트론,28666,3,85999,2024-02-27,27273,손절,1,-4353,-0.050618,-0.009451,-0.286669,0.006814,38894389650.0,0.006814,18236925925.0,1.90134,-0.015,0.033841,-0.00773,-0.012379,위,5일 하락,1) +3% 미만,2) 300억 ~ 500억,1) +2% 미만,1) 2배 미만,음봉·보합
2024,2024-02,2024-02-27,화,090360,로보스타,35936,2,71872,2024-02-29,34166,손절,2,-3684,-0.051261,-0.005173,-0.084481,0.158065,279066531900.0,0.078078,5888940295.0,42.007258,0.163695,0.100279,-0.008322,-0.012319,위,5일 하락,5) +15% ~ +20%,"5) 2,000억 이상",3) +5% ~ +10%,5) 10배 이상,양봉
2024,2024-02,2024-02-27,화,272210,한화시스템,17177,5,85886,2024-04-16,16344,손절,33,-4340,-0.05053,0.116599,-0.058052,0.034982,178336775760.0,0.019002,20900148799.0,7.943454,0.034982,0.078089,-0.008322,-0.012319,위,5일 하락,2) +3% ~ +5%,"4) 1,000억 ~ 2,000억",1) +2% 미만,4) 5배 ~ 10배,양봉
2024,2024-02,2024-02-29,목,041020,폴라리스오피스,7948,12,95375,2024-03-08,7562,손절,5,-4817,-0.05051,0.127336,-0.061392,0.217791,310559808440.0,0.089163,37259492467.0,7.123116,0.142446,0.036524,-0.003744,-0.008224,위,5일 하락,6) +20% 이상,"5) 2,000억 이상",3) +5% ~ +10%,4) 5배 ~ 10배,양봉
2024,2024-02,2024-02-29,목,013990,아가방컴퍼니,6456,15,96847,2024-03-05,6144,손절,2,-4883,-0.050422,0.012941,-0.070697,0.059113,153939453900.0,0.015748,23800496233.0,5.876866,0.059113,0.075969,-0.003744,-0.008224,위,5일 하락,3) +5% ~ +10%,"4) 1,000억 ~ 2,000억",1) +2% 미만,4) 5배 ~ 10배,양봉
2024,2024-03,2024-03-05,화,010120,LS ELECTRIC,15576,6,93453,2024-03-21,18700,익절,12,18514,0.198108,0.200599,-0.018976,0.13246,252150967000.0,0.116212,12103934955.0,17.999429,0.086592,0.034704,-0.0093,0.000876,위,5일 상승,4) +10% ~ +15%,"5) 2,000억 이상",4) +10% 이상,5) 10배 이상,양봉
2024,2024-03,2024-03-05,화,117730,티로보틱스,21872,4,87487,2024-03-06,20779,손절,1,-4546,-0.051959,-0.014715,-0.062722,0.096337,48729301900.0,0.025822,8130797145.0,5.593025,0.071078,0.018307,-0.0093,0.000876,위,5일 상승,3) +5% ~ +10%,2) 300억 ~ 500억,2) +2% ~ +5%,4) 5배 ~ 10배,양봉
2024,2024-03,2024-03-06,수,356860,티엘비,13459,7,94212,2024-03-11,12717,손절,3,-5377,-0.057076,0.076937,-0.054137,0.121272,166885372200.0,0.074286,5242360365.0,28.066606,0.064151,0.120567,-0.002986,0.006263,위,5일 상승,4) +10% ~ +15%,"4) 1,000억 ~ 2,000억",3) +5% ~ +10%,5) 10배 이상,양봉
2024,2024-03,2024-03-06,수,005290,동진쎄미켐,41541,2,83083,2024-03-11,39011,손절,3,-5226,-0.062897,0.009834,-0.069605,0.093544,102649171000.0,0.029777,24091540835.0,3.915622,0.108144,0.003614,-0.002986,0.006263,위,5일 상승,3) +5% ~ +10%,"4) 1,000억 ~ 2,000억",2) +2% ~ +5%,3) 3배 ~ 5배,양봉
2024,2024-03,2024-03-06,수,388870,파로스아이바이오,15465,6,92793,2024-03-22,18560,익절,12,18336,0.197604,0.260875,-0.042382,0.141907,70762498650.0,0.087262,3433454992.0,18.120103,0.127737,0.100324,-0.002986,0.006263,위,5일 상승,4) +10% ~ +15%,"3) 500억 ~ 1,000억",3) +5% ~ +10%,5) 10배 이상,양봉
2024,2024-03,2024-03-08,금,042670,HD현대인프라코어,8308,11,91391,2024-03-11,7902,손절,1,-4652,-0.050897,0.006223,-0.04794,0.034913,32776484200.0,0.01467,16436018149.0,1.878099,0.025958,0.003614,0.012362,0.014377,위,5일 상승,2) +3% ~ +5%,2) 300억 ~ 500억,1) +2% 미만,1) 2배 미만,양봉
2024,2024-03,2024-03-11,월,454910,두산로보틱스,89089,1,89089,2024-04-01,84815,손절,15,-4453,-0.04998,0.076452,-0.04702,0.080097,273772722000.0,0.063321,94974640075.0,2.581851,0.076179,0.008989,-0.007652,-0.005396,위,5일 하락,3) +5% ~ +10%,"5) 2,000억 이상",3) +5% ~ +10%,2) 2배 ~ 3배,양봉
2024,2024-03,2024-03-11,월,058470,리노공업,48605,2,97210,2024-03-13,46254,손절,2,-4897,-0.050378,0.042257,-0.058673,0.12529,272028740000.00003,0.107306,39809746565.0,5.88527,0.168675,0.03299,-0.007652,-0.005396,위,5일 하락,4) +10% ~ +15%,"5) 2,000억 이상",4) +10% 이상,4) 5배 ~ 10배,양봉
2024,2024-03,2024-03-11,월,112040,위메이드,55055,1,55055,2024-03-13,66100,익절,2,10908,0.198126,0.282354,-0.020979,0.101101,94740800000.0,0.020408,23172988517.5,3.657443,0.05973,0.003636,-0.007652,-0.005396,위,5일 하락,4) +10% ~ +15%,"3) 500억 ~ 1,000억",2) +2% ~ +5%,3) 3배 ~ 5배,양봉
2024,2024-03,2024-03-12,화,004560,현대비앤지스틸,20921,4,83684,2024-03-13,19910,손절,1,-4211,-0.050323,0.008561,-0.054534,0.16305,67915051600.0,0.07621,3780389021.0,16.142099,0.154696,0.050239,0.00826,0.012233,위,5일 상승,5) +15% ~ +20%,"3) 500억 ~ 1,000억",3) +5% ~ +10%,5) 10배 이상,양봉
2024,2024-03,2024-03-13,수,067630,HLB생명과학,18377,5,91887,2024-03-25,22100,익절,8,18384,0.200073,0.304428,-0.019028,0.1644,535588286520.0,0.147381,33076706586.0,12.990081,0.16801,0.090764,0.004385,0.019716,위,5일 상승,5) +15% ~ +20%,"5) 2,000억 이상",4) +10% 이상,5) 10배 이상,양봉
2024,2024-03,2024-03-13,수,335890,비올,8488,11,93373,2024-03-15,10350,익절,2,20241,0.216772,0.2193,0.036699,0.123179,102346018880.0,0.034146,8583336018.5,10.797344,0.112861,0.037736,0.004385,0.019716,위,5일 상승,4) +10% ~ +15%,"4) 1,000억 ~ 2,000억",2) +2% ~ +5%,5) 10배 이상,양봉
2024,2024-03,2024-03-13,수,078150,HB테크놀러지,2447,40,97898,2024-03-15,2328,손절,2,-4987,-0.050943,0.01943,-0.056159,0.13986,49606321380.0,0.036017,3198416347.5,14.443173,0.072368,0.03272,0.004385,0.019716,위,5일 상승,4) +10% ~ +15%,2) 300억 ~ 500억,2) +2% ~ +5%,5) 10배 이상,양봉
2024,2024-03,2024-03-15,금,304100,솔트룩스,29830,3,89489,2024-03-18,28372,손절,1,-4554,-0.050889,-0.017761,-0.054637,0.226337,233612153200.0,0.122411,3997384785.0,49.8006,0.196787,0.036913,-0.019097,-0.00504,위,5일 하락,6) +20% 이상,"5) 2,000억 이상",4) +10% 이상,5) 10배 이상,양봉
2024,2024-03,2024-03-15,금,109610,에스와이,4850,20,96997,2024-03-19,4560,손절,2,-5981,-0.061658,0.014465,-0.081414,0.086323,154017651705.0,0.044181,8701356791.5,16.589481,-0.048134,0.081527,-0.019097,-0.00504,위,5일 하락,3) +5% ~ +10%,"4) 1,000억 ~ 2,000억",2) +2% ~ +5%,5) 10배 이상,음봉·보합
2024,2024-03,2024-03-19,화,264850,이랜시스,8709,11,95796,2024-03-20,8282,손절,1,-4889,-0.051035,-0.011333,-0.064154,0.119691,260415603600.0,0.064871,37990368927.5,5.908549,0.113956,0.051724,-0.011047,-0.009561,아래,5일 하락,4) +10% ~ +15%,"5) 2,000억 이상",3) +5% ~ +10%,4) 5배 ~ 10배,양봉
2024,2024-03,2024-03-19,화,140670,알에스오토메이션,18076,5,90382,2024-03-21,21700,익절,2,17893,0.197972,0.262276,0.02167,0.23033,245078916110.0,0.17231,4174683444.0,48.621325,0.234246,0.017019,-0.011047,-0.009561,아래,5일 하락,6) +20% 이상,"5) 2,000억 이상",4) +10% 이상,5) 10배 이상,양봉
2024,2024-03,2024-03-20,수,005930,삼성전자,76977,1,76977,2024-08-05,73227,손절,93,-3905,-0.050724,0.153593,-0.088038,0.056319,3853174239300.0,0.026702,1196022592295.0,3.068995,0.043419,0.003901,0.012789,-0.001273,위,5일 하락,3) +5% ~ +10%,"5) 2,000억 이상",2) +2% ~ +5%,3) 3배 ~ 5배,양봉
2024,2024-03,2024-03-21,목,004830,덕성,10500,9,94504,2024-03-26,9990,손절,3,-4784,-0.050621,0.085664,-0.079091,0.103049,272657663990.0,0.025415,32211910800.0,7.894207,0.099581,0.097235,0.024058,0.013278,위,5일 상승,4) +10% ~ +15%,"5) 2,000억 이상",2) +2% ~ +5%,4) 5배 ~ 10배,양봉
2024,2024-03,2024-03-21,목,084370,유진테크,41491,2,82983,2024-03-22,39460,손절,1,-4228,-0.050953,-0.011845,-0.056432,0.140303,71363387300.0,0.075227,8813878747.5,7.175427,0.098013,0.010856,0.024058,0.013278,위,5일 상승,4) +10% ~ +15%,"3) 500억 ~ 1,000억",3) +5% ~ +10%,4) 5배 ~ 10배,양봉
2024,2024-03,2024-03-22,금,019170,신풍제약,16276,6,97658,2024-03-25,19540,익절,1,19339,0.19803,0.219568,-0.026189,0.283346,166353393360.0,0.273297,4775875401.5,26.395819,0.223476,0.005535,-0.002287,0.030643,위,5일 상승,6) +20% 이상,"4) 1,000억 ~ 2,000억",4) +10% 이상,5) 10배 이상,양봉
2024,2024-03,2024-03-22,금,090710,휴림로봇,3468,28,97117,2024-03-25,3302,손절,1,-4864,-0.050088,0.019183,-0.04857,0.233096,99580978035.0,0.032018,4128160598.25,20.351881,0.05,0.053391,-0.002287,0.030643,위,5일 상승,6) +20% 이상,"3) 500억 ~ 1,000억",2) +2% ~ +5%,5) 10배 이상,양봉
2024,2024-03,2024-03-25,월,336570,원텍,9900,10,98999,2024-03-27,9421,손절,2,-4992,-0.050422,0.002031,-0.062616,0.185851,152363727930.0,0.096452,6766360996.5,19.147596,0.177381,0.010111,-0.003998,0.01926,위,5일 상승,5) +15% ~ +20%,"4) 1,000억 ~ 2,000억",3) +5% ~ +10%,5) 10배 이상,양봉
2024,2024-03,2024-03-25,월,003580,HLB글로벌,8118,12,97417,2024-04-02,7722,손절,6,-4945,-0.050765,0.182541,-0.104471,0.205052,57735860450.0,0.151989,6963720207.0,6.905023,0.182216,0.022195,-0.003998,0.01926,위,5일 상승,6) +20% 이상,"3) 500억 ~ 1,000억",4) +10% 이상,4) 5배 ~ 10배,양봉
2024,2024-03,2024-03-25,월,214450,파마리서치,98799,1,98799,2024-04-05,118600,익절,9,19555,0.19793,0.204469,-0.028327,0.084615,22513173900.0,0.033508,6768283925.0,3.103755,0.081051,0.007092,-0.003998,0.01926,위,5일 상승,3) +5% ~ +10%,1) 300억 미만,2) +2% ~ +5%,3) 3배 ~ 5배,양봉
2024,2024-03,2024-03-26,화,356680,엑스게이트,6787,14,95015,2024-03-27,6454,손절,1,-4856,-0.051106,-0.011313,-0.062884,0.13,108148722420.0,0.062696,4100175529.5,23.559429,0.131886,0.016224,0.00713,0.037995,위,5일 상승,4) +10% ~ +15%,"4) 1,000억 ~ 2,000억",3) +5% ~ +10%,5) 10배 이상,양봉
2024,2024-03,2024-03-26,화,089890,코세스,18569,5,92843,2024-03-27,17672,손절,1,-4667,-0.050272,-0.017694,-0.062932,0.110778,63128914800.0,0.052184,22262148117.0,2.571705,0.10089,0.021563,0.00713,0.037995,위,5일 상승,4) +10% ~ +15%,"3) 500억 ~ 1,000억",3) +5% ~ +10%,2) 2배 ~ 3배,양봉
2024,2024-03,2024-03-27,수,003280,흥아해운,2918,34,99209,2024-03-28,2777,손절,1,-4983,-0.050224,-0.000999,-0.047265,0.1409,128082106295.0,0.041071,4855051793.0,24.624132,0.108365,0.084048,-0.000718,0.024151,위,5일 상승,4) +10% ~ +15%,"4) 1,000억 ~ 2,000억",2) +2% ~ +5%,5) 10배 이상,양봉
2024,2024-03,2024-03-27,수,064350,현대로템,34334,2,68669,2024-04-09,41250,익절,9,13660,0.19893,0.218898,-0.024299,0.033133,85814312500.0,0.004392,64220499045.0,1.250463,0.025411,0.002915,-0.000718,0.024151,위,5일 상승,2) +3% ~ +5%,"3) 500억 ~ 1,000억",1) +2% 미만,1) 2배 미만,양봉
2024,2024-03,2024-03-28,목,008930,한미사이언스,44394,2,88789,2024-03-29,41908,손절,1,-5149,-0.057996,-0.041545,-0.137278,0.091021,131714488450.0,0.011403,13692920997.5,8.8334,0.072551,0.059752,-0.003372,-0.003281,위,5일 하락,3) +5% ~ +10%,"4) 1,000억 ~ 2,000억",1) +2% 미만,4) 5배 ~ 10배,양봉
2024,2024-03,2024-03-28,목,451760,컨텍,18759,5,93794,2024-04-11,17852,손절,9,-4721,-0.050336,0.143467,-0.075098,0.111507,74511514320.0,0.105605,3006165681.5,21.616643,0.102353,0.07524,-0.003372,-0.003281,위,5일 하락,4) +10% ~ +15%,"3) 500억 ~ 1,000억",4) +10% 이상,5) 10배 이상,양봉
2024,2024-03,2024-03-29,금,080220,제주반도체,29529,3,88588,2024-04-02,28072,손절,2,-4550,-0.051365,0.026093,-0.087353,0.031469,539181825000.0,0.008547,106137679275.0,4.690607,0.031469,0.035593,0.000295,-0.000702,위,5일 하락,2) +3% ~ +5%,"5) 2,000억 이상",1) +2% 미만,3) 3배 ~ 5배,양봉
2024,2024-04,2024-04-01,월,112610,씨에스윈드,57157,1,57157,2024-04-03,54346,손절,2,-2926,-0.051193,0.011248,-0.072731,0.126233,91969828000.0,0.098077,11453122042.5,7.17903,0.095969,0.007005,0.000448,0.003759,위,5일 상승,4) +10% ~ +15%,"3) 500억 ~ 1,000억",3) +5% ~ +10%,4) 5배 ~ 10배,양봉
2024,2024-04,2024-04-02,화,102120,어보브반도체,18338,5,91692,2024-04-03,17453,손절,1,-4613,-0.050308,-0.010269,-0.05662,0.066356,209533314560.0,0.041501,21466366988.0,8.763288,0.039728,0.084061,0.001929,-0.001425,위,5일 하락,3) +5% ~ +10%,"5) 2,000억 이상",2) +2% ~ +5%,4) 5배 ~ 10배,양봉
2024,2024-04,2024-04-03,수,006360,GS건설,15646,6,93874,2024-04-08,14895,손절,3,-4692,-0.049978,0.012423,-0.049575,0.043391,63545187330.0,0.01165,5290604316.5,11.642999,0.008387,0.058861,-0.016777,-0.017473,아래,5일 하락,2) +3% ~ +5%,"3) 500억 ~ 1,000억",1) +2% 미만,5) 10배 이상,양봉
2024,2024-04,2024-04-04,목,012510,더존비즈온,53353,1,53353,2024-04-05,50749,손절,1,-2711,-0.050813,0.027115,-0.069411,0.209989,148083763100.0,0.151188,14070664667.5,8.688733,0.20316,0.011257,0.012941,-0.001391,위,5일 하락,6) +20% 이상,"4) 1,000억 ~ 2,000억",4) +10% 이상,4) 5배 ~ 10배,양봉
2024,2024-04,2024-04-04,목,036930,주성엔지니어링,37437,2,74875,2024-04-09,35614,손절,3,-3796,-0.050701,0.107182,-0.059764,0.05949,65615495000.0,0.001339,35945247785.0,1.756686,0.053521,0.02139,0.012941,-0.001391,위,5일 하락,3) +5% ~ +10%,"3) 500억 ~ 1,000억",1) +2% 미만,1) 2배 미만,양봉
2024,2024-04,2024-04-08,월,083500,에프엔에스테크,15235,6,91411,2024-04-09,14486,손절,1,-4682,-0.051214,-0.043007,-0.162467,0.146084,155540820440.0,0.129918,5576706828.0,23.734981,0.010624,0.134034,0.001267,-0.010994,아래,5일 하락,4) +10% ~ +15%,"4) 1,000억 ~ 2,000억",4) +10% 이상,5) 10배 이상,양봉
2024,2024-04,2024-04-08,월,000880,한화,35389,2,70779,2024-04-09,33666,손절,1,-3588,-0.050695,0.004089,-0.055274,0.051786,30968707049.999996,0.005119,16180220297.5,1.850925,0.036972,0.006791,0.001267,-0.010994,아래,5일 하락,3) +5% ~ +10%,2) 300억 ~ 500억,1) +2% 미만,1) 2배 미만,양봉
2024,2024-04,2024-04-11,목,049950,미래컴퍼니,32833,3,98498,2024-04-12,31219,손절,1,-5040,-0.051164,-0.013182,-0.058868,0.111864,92536147200.0,0.042925,3653673302.5,22.873423,0.100671,0.060976,0.000665,-4e-06,아래,5일 하락,4) +10% ~ +15%,"3) 500억 ~ 1,000억",2) +2% ~ +5%,5) 10배 이상,양봉
2024,2024-04,2024-04-11,목,396470,워트,11381,8,91051,2024-04-15,10829,손절,2,-4600,-0.050524,0.067534,-0.059867,0.019731,36248412750.0,0.019731,12942340386.5,2.65038,0.073654,0.033421,0.000665,-4e-06,아래,5일 하락,1) +3% 미만,2) 300억 ~ 500억,1) +2% 미만,2) 2배 ~ 3배,양봉
2024,2024-04,2024-04-12,금,053800,안랩,69269,1,69269,2024-04-16,65534,손절,2,-3873,-0.055912,-0.003886,-0.076068,0.067901,98760025600.0,0.002899,6400257025.0,14.697791,0.067901,0.092486,-0.009287,-0.021947,아래,5일 하락,3) +5% ~ +10%,"3) 500억 ~ 1,000억",1) +2% 미만,5) 10배 이상,양봉
2024,2024-04,2024-04-12,금,229640,LS에코에너지,19059,5,95295,2024-04-16,18142,손절,2,-4777,-0.05013,0.012118,-0.077603,0.057778,46778880960.0,0.000525,8643352967.0,5.274138,0.040437,0.06355,-0.009287,-0.021947,아래,5일 하락,3) +5% ~ +10%,2) 300억 ~ 500억,1) +2% 미만,4) 5배 ~ 10배,양봉
2024,2024-04,2024-04-15,월,206650,유바이오로직스,13914,7,97397,2024-04-16,13237,손절,1,-4935,-0.050672,0.009782,-0.087244,0.151616,68387027000.0,0.080871,3840825507.0,15.625383,0.09708,0.035971,-0.004247,-0.01613,아래,5일 하락,5) +15% ~ +20%,"3) 500억 ~ 1,000억",3) +5% ~ +10%,5) 10배 이상,양봉
2024,2024-04,2024-04-15,월,200710,에이디테크놀로지,43694,2,87387,2024-04-16,41558,손절,1,-4446,-0.050873,0.040197,-0.094834,0.010417,32671457550.0,0.008083,22533730190.0,1.342695,0.024648,0.003436,-0.004247,-0.01613,아래,5일 하락,1) +3% 미만,2) 300억 ~ 500억,1) +2% 미만,1) 2배 미만,양봉
2024,2024-04,2024-04-15,월,110990,디아이티,22923,4,91692,2024-04-16,21778,손절,1,-4762,-0.05194,-0.000999,-0.070798,0.070093,27073822700.0,0.065116,10622715816.5,2.165551,0.082742,0.015284,-0.004247,-0.01613,아래,5일 하락,3) +5% ~ +10%,1) 300억 미만,3) +5% ~ +10%,2) 2배 ~ 3배,양봉
2024,2024-04,2024-04-16,화,006220,제주은행,14785,6,88709,2024-05-02,14066,손절,11,-4491,-0.050626,0.143068,-0.067283,0.173153,595049417620.0,0.145849,36292565048.0,13.983278,0.127481,0.049425,-0.022768,-0.039748,아래,5일 하락,5) +15% ~ +20%,"5) 2,000억 이상",4) +10% 이상,5) 10배 이상,양봉
2024,2024-04,2024-04-16,화,065450,빅텍,5255,18,94594,2024-04-17,4995,손절,1,-4874,-0.051525,-0.010513,-0.054279,0.05,85921521000.0,0.025391,7762123075.0,10.541612,0.039604,0.064762,-0.022768,-0.039748,아래,5일 하락,3) +5% ~ +10%,"3) 500억 ~ 1,000억",2) +2% ~ +5%,5) 10배 이상,양봉
2024,2024-04,2024-04-16,화,028050,삼성E&A,26176,3,78528,2024-04-17,24875,손절,1,-4060,-0.051707,0.008552,-0.052573,0.013566,39941379250.0,0.001916,32690114802.5,1.179412,0.013566,0.013384,-0.022768,-0.039748,아래,5일 하락,1) +3% 미만,2) 300억 ~ 500억,1) +2% 미만,1) 2배 미만,양봉
2024,2024-04,2024-04-17,수,440110,파두,20771,4,83083,2024-04-19,19770,손절,2,-4169,-0.050177,0.035109,-0.10451,0.136364,83297451250.0,0.032338,27232199101.5,2.652675,0.114393,0.036145,-0.009752,-0.044722,아래,5일 하락,4) +10% ~ +15%,"3) 500억 ~ 1,000억",2) +2% ~ +5%,2) 2배 ~ 3배,양봉
2024,2024-04,2024-04-18,목,039440,에스티아이,42042,2,84084,2024-04-19,40010,손절,1,-4233,-0.05034,-0.020028,-0.147281,0.158621,168005628000.0,0.142857,19116556640.0,7.398873,0.163435,0.014286,0.01955,-0.026694,아래,5일 하락,5) +15% ~ +20%,"4) 1,000억 ~ 2,000억",4) +10% 이상,4) 5배 ~ 10배,양봉
2024,2024-04,2024-04-18,목,171090,선익시스템,42993,2,85986,2024-04-19,40909,손절,1,-4340,-0.050476,-0.005651,-0.099852,0.095663,34208214700.0,0.010588,17749332470.0,1.789918,0.099872,0.041909,0.01955,-0.026694,아래,5일 하락,3) +5% ~ +10%,2) 300억 ~ 500억,1) +2% 미만,1) 2배 미만,양봉
2024,2024-04,2024-04-22,월,011200,HMM,16136,6,96817,2024-04-23,15355,손절,1,-4883,-0.050437,-0.000999,-0.075986,0.04,64247549600.0,0.010658,29513391386.0,2.09027,0.030032,0.003722,0.014499,-0.01535,아래,5일 하락,2) +3% ~ +5%,"3) 500억 ~ 1,000억",1) +2% 미만,2) 2배 ~ 3배,양봉
2024,2024-04,2024-04-22,월,067080,대화제약,11562,8,92492,2024-04-25,10979,손절,3,-4845,-0.052388,0.015435,-0.056355,0.120272,58428781950.0,0.088596,3308161836.0,15.650292,0.101049,0.07013,0.014499,-0.01535,아래,5일 하락,4) +10% ~ +15%,"3) 500억 ~ 1,000억",3) +5% ~ +10%,5) 10배 이상,양봉
2024,2024-04,2024-04-22,월,402490,그린리소스,15525,6,93148,2024-04-24,14775,손절,2,-4684,-0.050285,0.057008,-0.060617,0.023102,42201323000.0,0.013072,18063305560.0,2.188693,0.02649,0.014516,0.014499,-0.01535,아래,5일 하락,1) +3% 미만,2) 300억 ~ 500억,1) +2% 미만,2) 2배 ~ 3배,양봉
2024,2024-04,2024-04-23,화,030520,한컴,24825,4,99299,2024-04-29,23626,손절,4,-4993,-0.050282,0.041297,-0.049338,0.119639,238310788800.0,0.112108,13840145392.5,14.844303,0.066667,0.014113,-0.002442,0.005131,아래,5일 상승,4) +10% ~ +15%,"5) 2,000억 이상",4) +10% 이상,5) 10배 이상,양봉
2024,2024-04,2024-04-23,화,138930,BNK금융지주,8278,12,99339,2024-08-20,9940,익절,80,19693,0.198243,0.200734,-0.040862,0.028607,24174392610.0,0.007308,6284528194.5,3.640319,0.026055,0.01451,-0.002442,0.005131,아래,5일 상승,1) +3% 미만,1) 300억 미만,1) +2% 미만,3) 3배 ~ 5배,양봉
2024,2024-04,2024-04-23,화,195940,HK이노엔,40240,2,80480,2024-04-25,38262,손절,2,-4118,-0.051171,0.006456,-0.055671,0.063492,20396676000.0,0.055118,4403484162.5,4.247534,0.063492,0.002488,-0.002442,0.005131,아래,5일 상승,3) +5% ~ +10%,1) 300억 미만,3) +5% ~ +10%,3) 3배 ~ 5배,양봉
2024,2024-04,2024-04-24,수,237820,플레이디,7357,13,95646,2024-05-13,7003,손절,11,-4799,-0.05017,0.13356,-0.08255,0.141304,44667934500.0,0.012397,4549086564.5,8.913182,0.132512,0.036735,0.020103,0.035435,아래,5일 상승,4) +10% ~ +15%,2) 300억 ~ 500억,1) +2% 미만,4) 5배 ~ 10배,양봉
2024,2024-04,2024-04-24,수,047810,한국항공우주,52653,1,52653,2024-07-02,50050,손절,45,-2708,-0.051435,0.130049,-0.076019,0.025341,40770365200.0,0.005736,26318387302.5,1.480244,0.025341,0.005703,0.020103,0.035435,아래,5일 상승,1) +3% 미만,2) 300억 ~ 500억,1) +2% 미만,1) 2배 미만,양봉
2024,2024-04,2024-04-26,금,105560,KB금융,76076,1,76076,2024-05-02,72428,손절,3,-3801,-0.049965,0.02529,-0.054892,0.096681,184032784000.0,0.081081,88410668215.0,1.857672,0.041096,0.011842,0.010542,0.024874,아래,5일 상승,3) +5% ~ +10%,"4) 1,000억 ~ 2,000억",3) +5% ~ +10%,1) 2배 미만,양봉
2024,2024-04,2024-04-26,금,140670,알에스오토메이션,20603,4,82411,2024-04-29,19610,손절,1,-4135,-0.050174,-0.01682,-0.077845,0.006834,146115144500.0,0.006834,29424666507.0,4.541658,0.023148,0.027149,0.010542,0.024874,아래,5일 상승,1) +3% 미만,"4) 1,000억 ~ 2,000억",1) +2% 미만,3) 3배 ~ 5배,양봉
2024,2024-04,2024-04-26,금,086790,하나금융지주,60060,1,60060,2024-05-02,57143,손절,3,-3038,-0.050577,0.018981,-0.054279,0.060071,102373920000.0,0.013514,67476503420.0,1.42307,0.04712,0.02,0.010542,0.024874,아래,5일 상승,3) +5% ~ +10%,"4) 1,000억 ~ 2,000억",1) +2% 미만,1) 2배 미만,양봉
2024,2024-04,2024-04-29,월,278470,에이피알,54054,1,54054,2024-05-09,64900,익절,6,10711,0.19816,0.221001,0.004551,0.082164,310953870000.0,0.052632,38083720025.0,7.339264,0.071429,0.033333,0.011712,0.022058,위,5일 상승,3) +5% ~ +10%,"5) 2,000억 이상",3) +5% ~ +10%,4) 5배 ~ 10배,양봉
2024,2024-04,2024-04-29,월,204320,HL만도,38388,2,76777,2024-05-17,36513,손절,11,-3904,-0.050845,0.055008,-0.055703,0.17638,128099699650.0,0.127941,5305689990.0,20.721488,0.14307,0.0,0.011712,0.022058,위,5일 상승,5) +15% ~ +20%,"4) 1,000억 ~ 2,000억",4) +10% 이상,5) 10배 이상,양봉
2024,2024-04,2024-04-29,월,055550,신한지주,46897,2,93794,2024-06-05,44605,손절,24,-4771,-0.050867,0.070434,-0.054307,0.002139,87761059750.0,0.002139,82309613095.0,0.994111,0.0,0.010672,0.011712,0.022058,위,5일 상승,1) +3% 미만,"3) 500억 ~ 1,000억",1) +2% 미만,1) 2배 미만,음봉·보합
2024,2024-05,2024-05-02,목,039980,폴라리스AI,11444,8,91553,2024-05-03,13740,익절,1,18139,0.198123,0.224159,-0.009743,0.062791,82003143150.0,0.022371,22174007806.95,3.349257,0.075294,0.065646,-0.003124,0.002952,위,5일 상승,3) +5% ~ +10%,"3) 500억 ~ 1,000억",2) +2% ~ +5%,3) 3배 ~ 5배,양봉
2024,2024-05,2024-05-02,목,317330,덕산테코피아,44544,2,89089,2024-05-03,42408,손절,1,-4453,-0.04998,-0.021204,-0.071715,0.089351,59051055000.0,0.082725,23354863285.0,2.232194,0.074879,0.01573,-0.003124,0.002952,위,5일 상승,3) +5% ~ +10%,"3) 500억 ~ 1,000억",3) +5% ~ +10%,2) 2배 ~ 3배,양봉
2024,2024-05,2024-05-02,목,085670,뉴프렉스,8078,12,96937,2024-05-16,7682,손절,8,-4943,-0.050996,0.039852,-0.07775,0.037275,21452658540.0,0.030651,9492424820.0,2.094266,0.046693,0.033457,-0.003124,0.002952,위,5일 상승,2) +3% ~ +5%,1) 300억 미만,2) +2% ~ +5%,2) 2배 ~ 3배,양봉
2024,2024-05,2024-05-03,금,090460,비에이치,20721,4,82883,2024-05-29,24900,익절,16,16511,0.199204,0.235479,0.001414,0.173469,309145971600.0,0.173469,3228849971.0,77.961451,0.077564,0.024155,-0.002616,0.018264,위,5일 상승,5) +15% ~ +20%,"5) 2,000억 이상",4) +10% 이상,5) 10배 이상,양봉
2024,2024-05,2024-05-03,금,024910,경창산업,2833,35,99149,2024-05-13,2677,손절,5,-5640,-0.056889,0.051952,-0.09278,0.025362,68424105070.0,0.025362,4862562889.0,13.078377,0.008913,0.106007,-0.002616,0.018264,위,5일 상승,1) +3% 미만,"3) 500억 ~ 1,000억",2) +2% ~ +5%,5) 10배 이상,양봉
2024,2024-05,2024-05-09,목,335890,비올,11011,9,99099,2024-05-13,10480,손절,2,-4982,-0.050275,0.038053,-0.074562,0.097804,178596869000.0,0.062802,17905959716.0,9.010553,0.092354,0.044545,-0.011989,0.007459,위,5일 상승,3) +5% ~ +10%,"4) 1,000억 ~ 2,000억",3) +5% ~ +10%,4) 5배 ~ 10배,양봉
2024,2024-05,2024-05-14,화,210980,SK디앤디,8997,11,98966,2024-05-17,8496,손절,2,-5703,-0.057629,0.033788,-0.073599,0.111953,103006982920.0,0.064464,3706814588.5,25.170117,0.131962,0.120363,0.001148,-0.00147,위,5일 하락,4) +10% ~ +15%,"4) 1,000억 ~ 2,000억",3) +5% ~ +10%,5) 10배 이상,양봉
2024,2024-05,2024-05-14,화,051370,인터플렉스,15636,6,93814,2024-06-11,14885,손절,18,-4691,-0.050007,0.084703,-0.065595,0.093072,33294436120.0,0.041333,3863113512.0,7.9262,0.092308,0.019206,0.001148,-0.00147,위,5일 하락,3) +5% ~ +10%,2) 300억 ~ 500억,2) +2% ~ +5%,4) 5배 ~ 10배,양봉
2024,2024-05,2024-05-14,화,030200,KT,36587,2,73173,2024-10-18,43950,익절,104,14545,0.198769,0.210827,-0.025598,0.02095,30643446900.0,0.02095,21177480540.0,1.370728,0.015278,0.015048,0.001148,-0.00147,위,5일 하락,1) +3% 미만,2) 300억 ~ 500억,2) +2% ~ +5%,1) 2배 미만,양봉
2024,2024-05,2024-05-16,목,000100,유한양행,74074,1,74074,2024-05-22,70430,손절,4,-3793,-0.051205,0.058401,-0.057699,0.058655,44897502000.0,0.010929,18946997785.0,2.280943,0.042254,0.004054,0.008299,0.002896,위,5일 상승,3) +5% ~ +10%,2) 300억 ~ 500억,1) +2% 미만,2) 2배 ~ 3배,양봉
2024,2024-05,2024-05-17,금,351330,이삭엔지니어링,13013,7,91091,2024-05-24,15620,익절,5,18022,0.197847,0.373242,-0.02559,0.097973,97931262000.0,0.07084,5361100687.0,16.459867,0.114923,0.135385,-0.010309,0.004602,위,5일 상승,3) +5% ~ +10%,"3) 500억 ~ 1,000억",3) +5% ~ +10%,5) 10배 이상,양봉
2024,2024-05,2024-05-17,금,079370,제우스,18669,5,93343,2024-05-27,17772,손절,6,-4669,-0.050025,0.068636,-0.07492,0.029249,37491889850.0,0.019683,10921078727.5,3.178921,-0.027126,0.027882,-0.010309,0.004602,위,5일 상승,1) +3% 미만,2) 300억 ~ 500억,1) +2% 미만,3) 3배 ~ 5배,음봉·보합
2024,2024-05,2024-05-22,수,051980,중앙첨단소재,6016,16,96256,2024-05-23,7220,익절,1,19024,0.197641,0.245011,-0.042555,0.259958,144065175110.0,0.16699,9648654676.0,11.977597,0.02735,0.023295,-0.000264,-0.00252,위,5일 하락,6) +20% 이상,"4) 1,000억 ~ 2,000억",4) +10% 이상,5) 10배 이상,양봉
2024,2024-05,2024-05-23,목,041510,에스엠,90891,1,90891,2024-05-29,86513,손절,4,-4560,-0.050167,0.107923,-0.048309,0.112745,45222667600.0,0.050926,13068967860.0,3.159961,0.116851,0.003304,-0.000606,-0.011329,위,5일 하락,4) +10% ~ +15%,2) 300억 ~ 500억,3) +5% ~ +10%,3) 3배 ~ 5배,양봉
2024,2024-05,2024-05-27,월,006110,삼아알미늄,81982,1,81982,2024-06-24,78022,손절,19,-4124,-0.050309,0.181968,-0.081505,0.126547,30327078600.0,0.022472,4749808240.0,5.869628,0.126547,0.007326,0.013168,-0.006984,위,5일 하락,4) +10% ~ +15%,2) 300억 ~ 500억,2) +2% ~ +5%,4) 5배 ~ 10배,양봉
2024,2024-05,2024-05-28,화,403870,HPSP,45245,2,90490,2024-05-30,43007,손절,2,-4658,-0.051473,0.007842,-0.069515,0.068558,219040058800.0,0.066038,76085958137.5,2.54477,0.069822,0.004425,-5.1e-05,-0.000488,위,5일 하락,3) +5% ~ +10%,"5) 2,000억 이상",3) +5% ~ +10%,2) 2배 ~ 3배,양봉
2024,2024-05,2024-05-29,수,036200,유니셈,11952,8,95616,2024-05-30,11379,손절,1,-4778,-0.049976,-0.013549,-0.084667,0.158099,306757130880.0,0.075676,10571666957.0,25.60478,0.137143,0.036851,-0.016729,-0.016949,아래,5일 하락,5) +15% ~ +20%,"5) 2,000억 이상",3) +5% ~ +10%,5) 10배 이상,양봉
2024,2024-05,2024-05-31,금,003160,디아이,21021,4,84084,2024-06-03,19980,손절,1,-4332,-0.051525,0.025165,-0.089006,0.158301,198817143000.0,0.039604,34796045094.5,5.173811,0.158301,0.045238,0.00041,-0.019006,아래,5일 하락,5) +15% ~ +20%,"4) 1,000억 ~ 2,000억",2) +2% ~ +5%,4) 5배 ~ 10배,양봉
2024,2024-05,2024-05-31,금,032350,롯데관광개발,10851,9,97658,2024-06-03,10330,손절,1,-4887,-0.050038,0.004531,-0.059059,0.087262,42490664520.0,0.062745,6265636243.5,6.180496,0.073267,0.00369,0.00041,-0.019006,아래,5일 하락,3) +5% ~ +10%,2) 300억 ~ 500억,3) +5% ~ +10%,4) 5배 ~ 10배,양봉
2024,2024-06,2024-06-03,월,432430,와이랩,16527,6,99159,2024-06-05,15724,손절,2,-5012,-0.050549,0.019574,-0.069374,0.241353,301176988450.0,0.22387,6384621056.0,35.593835,0.065161,0.047244,0.017447,-0.014862,아래,5일 하락,6) +20% 이상,"5) 2,000억 이상",4) +10% 이상,5) 10배 이상,양봉
2024,2024-06,2024-06-03,월,065450,빅텍,4905,20,98098,2024-06-10,5890,익절,4,19458,0.198348,0.202879,-0.011193,0.039236,26895056300.0,0.013444,3314389742.25,7.83139,0.031579,0.057143,0.017447,-0.014862,아래,5일 하락,2) +3% ~ +5%,1) 300억 미만,1) +2% 미만,4) 5배 ~ 10배,양봉
2024,2024-06,2024-06-05,수,253590,네오셈,11291,8,90330,2024-06-11,10749,손절,3,-4518,-0.050012,0.033541,-0.058566,0.222102,167816677200.0,0.005348,6118647843.0,24.831152,0.187368,0.019504,0.010293,0.004557,아래,5일 상승,6) +20% 이상,"4) 1,000억 ~ 2,000억",1) +2% 미만,5) 10배 이상,양봉
2024,2024-06,2024-06-05,수,101360,에코앤드림,35778,2,71555,2024-06-07,42950,익절,1,14167,0.197983,0.219833,-0.003336,0.098972,74053773000.0,0.031283,14803778655.0,4.332662,0.076826,0.099415,0.010293,0.004557,아래,5일 상승,3) +5% ~ +10%,"3) 500억 ~ 1,000억",2) +2% ~ +5%,3) 3배 ~ 5배,양봉
2024,2024-06,2024-06-05,수,002710,TCC스틸,54554,1,54554,2024-06-25,51848,손절,13,-2816,-0.051612,0.130979,-0.05599,0.104357,49614565500.0,0.052124,9397877087.5,4.725349,0.072835,0.018349,0.010293,0.004557,아래,5일 상승,4) +10% ~ +15%,2) 300억 ~ 500억,3) +5% ~ +10%,3) 3배 ~ 5배,양봉
2024,2024-06,2024-06-07,금,036930,주성엔지니어링,35535,2,71071,2024-06-10,33816,손절,1,-3581,-0.05039,-0.024919,-0.051653,0.061286,72721288500.0,0.018651,28377117635.0,2.401886,0.050296,0.004225,0.012333,0.033099,위,5일 상승,3) +5% ~ +10%,"3) 500억 ~ 1,000억",1) +2% 미만,2) 2배 ~ 3배,양봉
2024,2024-06,2024-06-10,월,204270,제이앤티씨,20170,4,80681,2024-06-12,19201,손절,2,-4039,-0.050066,0.026269,-0.062476,0.050574,69287528050.0,0.037056,31782558658.5,1.980227,0.050574,0.042184,-0.007897,0.024521,아래,5일 상승,3) +5% ~ +10%,"3) 500억 ~ 1,000억",2) +2% ~ +5%,1) 2배 미만,양봉
2024,2024-06,2024-06-10,월,457190,이수스페셜티케미컬,57658,1,57658,2024-06-14,54845,손절,4,-2928,-0.050784,0.035423,-0.058233,0.056881,46373644800.0,0.039711,24879077650.0,1.613703,0.056881,0.006944,-0.007897,0.024521,아래,5일 상승,3) +5% ~ +10%,2) 300억 ~ 500억,2) +2% ~ +5%,1) 2배 미만,양봉
2024,2024-06,2024-06-11,화,101670,하이드로리튬,6597,15,98949,2024-06-12,6274,손절,1,-5041,-0.05095,0.008097,-0.277657,0.260038,209722169950.0,0.196007,4578583413.5,36.535329,0.215867,0.030349,0.001536,0.008499,위,5일 상승,6) +20% 이상,"5) 2,000억 이상",4) +10% 이상,5) 10배 이상,양봉
2024,2024-06,2024-06-11,화,009520,포스코엠텍,22573,4,90290,2024-06-17,21478,손절,4,-4557,-0.050474,0.067668,-0.063021,0.108108,196757048400.0,0.089372,3649059546.0,48.099425,0.108108,0.095344,0.001536,0.008499,위,5일 상승,4) +10% ~ +15%,"4) 1,000억 ~ 2,000억",3) +5% ~ +10%,5) 10배 이상,양봉
2024,2024-06,2024-06-12,수,022100,포스코DX,41091,2,82182,2024-06-21,39111,손절,7,-4125,-0.050197,0.078094,-0.052105,0.01358,57786988100.0,0.00122,35441535570.0,1.52583,0.01233,0.023143,0.008446,0.024819,위,5일 상승,1) +3% 미만,"3) 500억 ~ 1,000억",1) +2% 미만,1) 2배 미만,양봉
2024,2024-06,2024-06-12,수,228760,지노믹트리,21822,4,87287,2024-06-18,20729,손절,4,-4545,-0.052069,0.191469,-0.05599,0.073892,30187964200.0,0.045564,6033291323.5,4.600242,0.002299,0.048165,0.008446,0.024819,위,5일 상승,3) +5% ~ +10%,2) 300억 ~ 500억,2) +2% ~ +5%,3) 3배 ~ 5배,양봉
2024,2024-06,2024-06-14,금,166090,하나머티리얼즈,58859,1,58859,2024-06-25,55944,손절,7,-3033,-0.051525,0.068659,-0.080851,0.128599,51697430400.0,0.080882,6036957045.0,7.606737,0.113636,0.011905,0.001281,0.01313,위,5일 상승,4) +10% ~ +15%,"3) 500억 ~ 1,000억",3) +5% ~ +10%,4) 5배 ~ 10배,양봉
2024,2024-06,2024-06-17,월,064350,현대로템,42643,2,85285,2024-06-18,40559,손절,1,-4337,-0.050857,-0.004517,-0.061971,0.100775,547744623000.0,0.073048,45503166745.0,10.688119,0.055762,0.00939,-0.005191,0.015893,위,5일 상승,4) +10% ~ +15%,"5) 2,000억 이상",3) +5% ~ +10%,5) 10배 이상,양봉
2024,2024-06,2024-06-18,화,087260,모바일어플라이언스,3008,33,99264,2024-06-21,2847,손절,3,-5506,-0.055471,-0.00931,-0.057515,0.045217,82870970470.0,0.018644,5847083919.75,13.569522,-0.046032,0.108153,0.007223,0.021661,위,5일 상승,2) +3% ~ +5%,"3) 500억 ~ 1,000억",1) +2% 미만,5) 10배 이상,음봉·보합
2024,2024-06,2024-06-18,화,039440,에스티아이,37187,2,74374,2024-07-10,35365,손절,16,-3794,-0.051015,0.132111,-0.058815,0.069065,38772526250.0,0.036262,12683757110.0,2.806482,0.062947,0.013459,0.007223,0.021661,위,5일 상승,3) +5% ~ +10%,2) 300억 ~ 500억,2) +2% ~ +5%,2) 2배 ~ 3배,양봉
2024,2024-06,2024-06-21,금,017510,세명전기,5776,17,98188,2024-06-25,5435,손절,2,-5995,-0.061061,0.248318,-0.066791,0.1139,93478500600.0,0.005226,23239748488.25,3.830645,0.1139,0.071057,-0.008324,0.009368,위,5일 상승,4) +10% ~ +15%,"3) 500억 ~ 1,000억",1) +2% 미만,3) 3배 ~ 5배,양봉
2024,2024-06,2024-06-21,금,017670,SK텔레콤,52252,1,52252,,,보유중,128,34648,0.666915,1.669744,-0.035447,0.019531,37809243000.0,0.003846,25437121490.0,1.461837,0.017544,0.0,-0.008324,0.009368,위,5일 상승,1) +3% 미만,2) 300억 ~ 500억,1) +2% 미만,1) 2배 미만,양봉
2024,2024-06,2024-06-24,월,017860,DS단석,40990,2,81980,2024-07-02,39011,손절,6,-4123,-0.050291,0.15601,-0.066894,0.17512,132037752800.0,0.107304,10681584115.0,9.899024,0.17512,0.095277,-0.007014,0.007518,위,5일 상승,5) +15% ~ +20%,"4) 1,000억 ~ 2,000억",4) +10% 이상,4) 5배 ~ 10배,양봉
2024,2024-06,2024-06-25,화,028300,HLB,72873,1,72873,2024-06-26,69331,손절,1,-3688,-0.050613,-0.002371,-0.165669,0.10303,447991616800.0,0.101362,240300965155.0,1.583077,0.101362,0.013736,0.003494,0.003788,위,5일 상승,4) +10% ~ +15%,"5) 2,000억 이상",4) +10% 이상,1) 2배 미만,양봉
2024,2024-06,2024-06-25,화,016360,삼성증권,38338,2,76677,2024-07-17,46050,익절,16,15232,0.198656,0.203757,-0.019258,0.018617,20152885500.0,0.003932,34495628692.5,0.556204,0.011889,0.005222,0.003494,0.003788,위,5일 상승,1) +3% 미만,1) 300억 미만,1) +2% 미만,1) 2배 미만,양봉
2024,2024-06,2024-06-26,수,095610,테스,26526,3,79579,2024-07-02,25225,손절,4,-4065,-0.051078,0.048009,-0.059431,0.188341,92721777500.0,0.111111,6746299760.0,12.05032,0.188341,0.016981,0.006365,-0.001888,위,5일 하락,5) +15% ~ +20%,"3) 500억 ~ 1,000억",4) +10% 이상,5) 10배 이상,양봉
2024,2024-06,2024-06-26,수,078150,HB테크놀러지,3609,27,97432,2024-07-09,4335,익절,9,19370,0.198803,0.291358,-0.041181,0.032951,25921222565.0,0.019802,19121241895.75,1.228325,0.028531,0.008322,0.006365,-0.001888,위,5일 하락,2) +3% ~ +5%,1) 300억 미만,1) +2% 미만,1) 2배 미만,양봉
2024,2024-07,2024-07-02,화,105560,KB금융,83283,1,83283,2024-08-05,77323,손절,24,-6124,-0.073531,0.109467,-0.111465,0.045226,263257529600.0,0.02716,85336391780.0,2.935059,0.041302,0.021635,-0.008362,0.002332,위,5일 상승,2) +3% ~ +5%,"5) 2,000억 이상",2) +2% ~ +5%,2) 2배 ~ 3배,양봉
2024,2024-07,2024-07-02,화,439580,블루엠텍,5171,19,98258,2024-07-04,4920,손절,2,-4974,-0.05062,0.064139,-0.055818,0.167295,249826515050.0,0.133138,4309630746.5,48.403755,0.175266,0.05552,-0.008362,0.002332,위,5일 상승,5) +15% ~ +20%,"5) 2,000억 이상",4) +10% 이상,5) 10배 이상,양봉
2024,2024-07,2024-07-02,화,086790,하나금융지주,62963,1,62963,2024-08-05,59440,손절,24,-3648,-0.057935,0.076825,-0.112176,0.04485,86931448200.0,0.00319,38896343160.0,2.13142,0.04485,0.00159,-0.008362,0.002332,위,5일 상승,2) +3% ~ +5%,"3) 500억 ~ 1,000억",1) +2% 미만,2) 2배 ~ 3배,양봉
2024,2024-07,2024-07-04,목,335890,비올,11341,8,90731,2024-07-10,10689,손절,4,-5397,-0.059479,0.048378,-0.063602,0.072917,113479274590.0,0.06385,18662522646.0,5.515177,0.083174,0.012357,0.01107,0.014684,위,5일 상승,3) +5% ~ +10%,"4) 1,000억 ~ 2,000억",3) +5% ~ +10%,4) 5배 ~ 10배,양봉
2024,2024-07,2024-07-09,화,034020,두산에너빌리티,22272,4,89089,2024-07-12,20779,손절,3,-6148,-0.069006,0.003491,-0.103369,0.059524,615706561250.0,0.052009,147157803347.0,3.809895,0.042155,0.002247,0.003366,0.031113,위,5일 상승,3) +5% ~ +10%,"5) 2,000억 이상",3) +5% ~ +10%,3) 3배 ~ 5배,양봉
2024,2024-07,2024-07-10,수,251270,넷마블,58258,1,58258,2024-08-09,72000,익절,22,13593,0.233318,0.237594,-0.028463,0.024648,259364400600.0,0.003448,9052667040.0,27.262048,0.024648,0.015464,0.000213,0.026478,위,5일 상승,1) +3% 미만,"5) 2,000억 이상",1) +2% 미만,5) 10배 이상,양봉
2024,2024-07,2024-07-10,수,010120,LS ELECTRIC,44945,2,89890,2024-07-18,42757,손절,6,-4556,-0.05068,0.050175,-0.072197,0.053991,241589164500.0,0.018141,140138056975.0,1.563449,0.041763,0.020045,0.000213,0.026478,위,5일 상승,3) +5% ~ +10%,"5) 2,000억 이상",1) +2% 미만,1) 2배 미만,양봉
2024,2024-07,2024-07-12,금,241560,두산밥캣,54655,1,54655,2024-07-15,51948,손절,1,-2816,-0.051525,-0.032103,-0.103461,0.05,370685296800.0,0.011111,10198672337.5,34.476504,0.060194,0.089744,-0.01188,-0.001827,위,5일 하락,3) +5% ~ +10%,"5) 2,000억 이상",1) +2% 미만,5) 10배 이상,양봉
2024,2024-07,2024-07-15,월,041190,우리기술투자,8508,11,93593,2024-08-02,8092,손절,14,-4770,-0.050967,0.100076,-0.078568,0.151762,83216938000.0,0.030303,6276480495.0,12.185296,0.070529,0.022353,0.001372,0.001106,위,5일 상승,5) +15% ~ +20%,"3) 500억 ~ 1,000억",2) +2% ~ +5%,5) 10배 이상,양봉
2024,2024-07,2024-07-17,수,383220,F&F,74074,1,74074,2024-07-18,69930,손절,1,-4291,-0.057935,-0.042849,-0.083349,0.258503,251945062000.0,0.136713,5320135430.0,39.06195,0.25,0.032432,-0.007955,-0.008612,위,5일 하락,6) +20% 이상,"5) 2,000억 이상",4) +10% 이상,5) 10배 이상,양봉
2024,2024-07,2024-07-18,목,035900,JYP Ent.,57958,1,57958,2024-07-24,55145,손절,4,-2929,-0.050542,0.021431,-0.054486,0.037634,30090166800.0,0.006957,18156270535.0,1.609646,0.047016,0.001727,-0.006661,-0.023173,아래,5일 하락,2) +3% ~ +5%,2) 300억 ~ 500억,1) +2% 미만,1) 2배 미만,양봉
2024,2024-07,2024-07-19,금,039610,화성밸브,9289,10,92893,2024-07-23,11150,익절,2,18376,0.197818,0.299347,-0.006382,0.010893,173706334400.0,0.010893,12857737750.5,12.700733,-0.037344,0.139009,-0.010229,-0.02154,아래,5일 하락,1) +3% 미만,"4) 1,000억 ~ 2,000억",1) +2% 미만,5) 10배 이상,음봉·보합
2024,2024-07,2024-07-23,화,082740,한화엔진,16917,5,84584,2024-07-24,16104,손절,1,-4235,-0.050066,0.01437,-0.061294,0.129679,61101865500.0,0.068268,16418937254.5,3.314683,0.140351,0.002959,0.003901,-0.03203,아래,5일 하락,4) +10% ~ +15%,"3) 500억 ~ 1,000억",3) +5% ~ +10%,3) 3배 ~ 5배,양봉
2024,2024-07,2024-07-25,목,002720,국제약품,6627,15,99399,2024-07-26,6304,손절,1,-5043,-0.050737,-0.013072,-0.071925,0.107023,48538051840.0,0.078176,12999907745.0,3.308629,0.122034,0.015106,-0.017421,-0.040257,아래,5일 하락,4) +10% ~ +15%,2) 300억 ~ 500억,3) +5% ~ +10%,3) 3배 ~ 5배,양봉
2024,2024-07,2024-07-26,금,445680,큐리옥스바이오시스템즈,25783,3,77349,2024-07-29,24525,손절,1,-3927,-0.050776,0.00482,-0.060163,0.162528,59360496500.0,0.011788,6941563100.0,7.256186,0.161218,0.04466,0.007839,-0.022737,아래,5일 하락,5) +15% ~ +20%,"3) 500억 ~ 1,000억",1) +2% 미만,4) 5배 ~ 10배,양봉
2024,2024-07,2024-07-29,월,232140,와이씨,18278,5,91391,2024-07-30,17393,손절,1,-4612,-0.05046,-0.028354,-0.132303,0.200526,575389107040.0,0.039271,81448814497.0,6.276794,0.163057,0.053669,0.01231,0.000731,아래,5일 상승,6) +20% 이상,"5) 2,000억 이상",2) +2% ~ +5%,4) 5배 ~ 10배,양봉
2024,2024-07,2024-07-29,월,047810,한국항공우주,54655,1,54655,2024-08-05,51948,손절,5,-2816,-0.051525,0.05938,-0.121757,0.068493,181781581800.0,0.068493,29579104252.5,5.589568,0.054054,0.007326,0.01231,0.000731,아래,5일 상승,3) +5% ~ +10%,"4) 1,000억 ~ 2,000억",3) +5% ~ +10%,4) 5배 ~ 10배,양봉
2024,2024-07,2024-07-31,수,004090,한국석유,20370,4,81481,2024-08-05,24450,익절,3,16116,0.197783,0.224819,-0.042726,0.24541,231233977150.0,0.128674,15338779876.0,12.862877,0.20059,0.034398,0.011869,0.004343,아래,5일 상승,6) +20% 이상,"5) 2,000억 이상",4) +10% 이상,5) 10배 이상,양봉
2024,2024-08,2024-08-07,수,019170,신풍제약,12512,7,87587,2024-08-12,15020,익절,3,17334,0.197909,0.430569,-0.040959,0.094571,39901462500.0,0.01461,3118878348.5,12.16569,0.093613,0.076,0.018341,-0.073007,아래,5일 하락,3) +5% ~ +10%,2) 300억 ~ 500억,1) +2% 미만,5) 10배 이상,양봉
2024,2024-08,2024-08-09,금,439580,블루엠텍,6233,15,93497,2024-08-19,5934,손절,5,-4674,-0.049991,0.069097,-0.057718,0.204516,455083882470.0,0.175693,21379300299.5,16.837576,0.140501,0.057311,0.012399,-0.032793,아래,5일 하락,6) +20% 이상,"5) 2,000억 이상",4) +10% 이상,5) 10배 이상,양봉
2024,2024-08,2024-08-09,금,014710,사조씨푸드,7758,12,93093,2024-08-13,7383,손절,2,-4688,-0.050363,0.015758,-0.09252,0.156716,57649599500.0,0.047297,7942949258.5,6.546961,0.139706,0.091613,0.012399,-0.032793,아래,5일 하락,5) +15% ~ +20%,"3) 500억 ~ 1,000억",2) +2% ~ +5%,4) 5배 ~ 10배,양봉
2024,2024-08,2024-08-12,월,036460,한국가스공사,46246,2,92492,2024-09-11,44006,손절,21,-4666,-0.050447,0.163339,-0.05722,0.115942,394023491400.0,0.038202,112997722177.5,3.171812,0.079439,0.030303,0.01154,0.072393,아래,5일 상승,4) +10% ~ +15%,"5) 2,000억 이상",2) +2% ~ +5%,3) 3배 ~ 5배,양봉
2024,2024-08,2024-08-13,화,453450,그리드위즈,33734,2,67467,2024-08-16,31618,손절,2,-4364,-0.064685,0.019752,-0.064733,0.174216,284522932900.0,0.085346,15848863707.5,14.981296,0.069841,0.069733,0.001222,0.039391,아래,5일 상승,5) +15% ~ +20%,"5) 2,000억 이상",3) +5% ~ +10%,5) 10배 이상,양봉
2024,2024-08,2024-08-13,화,222080,SFA넥셀,10581,9,95225,2024-09-04,9990,손절,15,-5505,-0.057808,0.155892,-0.062432,0.158991,214843970250.0,0.070922,4267139860.0,43.218487,0.152672,0.07947,0.001222,0.039391,아래,5일 상승,5) +15% ~ +20%,"5) 2,000억 이상",3) +5% ~ +10%,5) 10배 이상,양봉
2024,2024-08,2024-08-13,화,137400,피엔티,57858,1,57858,2024-08-19,55045,손절,3,-2929,-0.050623,0.023198,-0.056307,0.068392,134435459400.0,0.012259,27986667430.0,4.458945,0.058608,0.048443,0.001222,0.039391,아래,5일 상승,3) +5% ~ +10%,"4) 1,000억 ~ 2,000억",1) +2% 미만,3) 3배 ~ 5배,양봉
2024,2024-08,2024-08-13,화,452190,한빛레이저,4915,20,98298,2024-08-14,4650,손절,1,-5487,-0.055824,0.037659,-0.064072,0.077936,133675206630.0,0.062771,4006951812.75,29.667283,0.086283,0.120163,0.001222,0.039391,아래,5일 상승,3) +5% ~ +10%,"4) 1,000억 ~ 2,000억",3) +5% ~ +10%,5) 10배 이상,양봉
2024,2024-08,2024-08-13,화,028300,HLB,84785,1,84785,2024-10-10,80619,손절,35,-4335,-0.051133,0.151151,-0.077664,0.025424,86867388300.0,0.004745,96441337365.0,0.865046,0.027913,0.007084,0.001222,0.039391,아래,5일 상승,1) +3% 미만,"3) 500억 ~ 1,000억",1) +2% 미만,1) 2배 미만,양봉
2024,2024-08,2024-08-14,수,024840,KBI메탈,3068,32,98178,2024-08-23,2872,손절,6,-6464,-0.06584,0.150562,-0.064557,0.137291,138041724395.0,0.042517,16433462355.25,7.537712,0.130996,0.071778,0.008774,0.029625,아래,5일 상승,4) +10% ~ +15%,"4) 1,000억 ~ 2,000억",2) +2% ~ +5%,4) 5배 ~ 10배,양봉
2024,2024-08,2024-08-16,금,462510,라메디텍,14114,7,98799,2024-08-19,13437,손절,1,-4941,-0.050012,0.064893,-0.047761,0.206159,67865118900.0,0.081288,8964385620.5,6.573859,0.16145,0.032624,0.019939,0.054953,위,5일 상승,6) +20% 이상,"3) 500억 ~ 1,000억",3) +5% ~ +10%,4) 5배 ~ 10배,양봉
2024,2024-08,2024-08-19,월,003220,대원제약,17848,5,89239,2024-08-20,16983,손절,1,-4503,-0.050461,-0.015006,-0.07944,0.093865,139287995660.0,0.074096,21427488255.0,5.834136,0.05628,0.003365,-0.008479,0.033198,위,5일 상승,3) +5% ~ +10%,"4) 1,000억 ~ 2,000억",3) +5% ~ +10%,4) 5배 ~ 10배,양봉
2024,2024-08,2024-08-19,월,294090,이오플로우,12714,7,88996,2024-08-20,12098,손절,1,-4489,-0.050445,0.039581,-0.112409,0.242202,127594609740.00002,0.100813,12824512355.0,8.758831,0.210009,0.046529,-0.008479,0.033198,위,5일 상승,6) +20% 이상,"4) 1,000억 ~ 2,000억",4) +10% 이상,4) 5배 ~ 10배,양봉
2024,2024-08,2024-08-19,월,457190,이수스페셜티케미컬,40290,2,80580,2024-08-20,48350,익절,1,15919,0.197552,0.298081,0.016375,0.055046,105336544250.0,0.036036,19934657492.5,4.646436,-0.05848,0.12795,-0.008479,0.033198,위,5일 상승,3) +5% ~ +10%,"4) 1,000억 ~ 2,000억",2) +2% ~ +5%,3) 3배 ~ 5배,음봉·보합
2024,2024-08,2024-08-20,화,039980,폴라리스AI,14349,6,86094,2024-08-21,13656,손절,1,-4329,-0.050279,0.005975,-0.05679,0.284753,78783463215.0,0.032432,4782825425.25,13.94694,0.262115,0.00349,0.008327,0.029916,위,5일 상승,6) +20% 이상,"3) 500억 ~ 1,000억",2) +2% ~ +5%,5) 10배 이상,양봉
2024,2024-08,2024-08-20,화,024900,디와이덕양,4249,23,97733,2024-08-23,4041,손절,3,-4987,-0.051023,0.050775,-0.063363,0.073325,38406820035.0,0.062578,3359307773.0,10.563032,0.039168,0.11543,0.008327,0.029916,위,5일 상승,3) +5% ~ +10%,2) 300억 ~ 500억,3) +5% ~ +10%,5) 10배 이상,양봉
2024,2024-08,2024-08-20,화,271560,오리온,93694,1,93694,2024-09-04,87912,손절,11,-5967,-0.063687,0.01928,-0.071441,0.017391,34943500800.0,0.017391,17106439705.0,1.945864,0.012987,0.008547,0.008327,0.029916,위,5일 상승,1) +3% 미만,2) 300억 ~ 500억,1) +2% 미만,1) 2배 미만,양봉
2024,2024-08,2024-08-20,화,016360,삼성증권,47848,2,95696,2024-09-09,45504,손절,14,-4879,-0.05098,0.021991,-0.057428,0.048246,34703421400.0,0.047097,14560068952.5,2.181677,0.04253,0.0,0.008327,0.029916,위,5일 상승,2) +3% ~ +5%,2) 300억 ~ 500억,2) +2% ~ +5%,2) 2배 ~ 3배,양봉
2024,2024-08,2024-08-21,수,086790,하나금융지주,65566,1,65566,2024-08-29,62338,손절,6,-3359,-0.051236,0.056958,-0.052856,0.015504,56077759500.0,0.012365,67015778990.0,0.787359,0.009245,0.019847,0.001669,0.030376,위,5일 상승,1) +3% 미만,"3) 500억 ~ 1,000억",1) +2% 미만,1) 2배 미만,양봉
2024,2024-08,2024-08-23,금,199820,제일일렉트릭,7998,12,95976,2024-08-28,7612,손절,3,-4820,-0.050219,0.160292,-0.049761,0.19076,110736853690.0,0.029639,3177264403.0,30.080151,0.217988,0.075094,-0.002209,0.001654,위,5일 상승,5) +15% ~ +20%,"4) 1,000억 ~ 2,000억",2) +2% ~ +5%,5) 10배 이상,양봉
2024,2024-08,2024-08-26,월,053080,케이엔솔,17988,5,89940,2024-08-29,17123,손절,3,-4506,-0.0501,0.061265,-0.056036,0.226621,173269327680.0,0.118929,4217097414.5,34.250128,0.127353,0.057318,-0.001362,0.008843,위,5일 상승,6) +20% 이상,"4) 1,000억 ~ 2,000억",4) +10% 이상,5) 10배 이상,양봉
2024,2024-08,2024-08-28,수,378340,필에너지,16967,5,84835,2024-09-03,20400,익절,4,16954,0.199843,0.258329,-0.039309,0.154632,69266564850.0,0.026651,5335510353.0,10.708383,0.149932,0.056637,0.000216,-0.004183,위,5일 하락,5) +15% ~ +20%,"3) 500억 ~ 1,000억",2) +2% ~ +5%,5) 10배 이상,양봉
2024,2024-08,2024-08-29,목,450080,에코프로머티,89790,1,89790,2024-09-20,107800,익절,13,17787,0.198092,0.205038,-0.029956,0.074251,153518410500.0,0.038194,46906079865.0,2.983228,0.091241,0.046823,-0.010242,-0.016763,위,5일 하락,3) +5% ~ +10%,"4) 1,000억 ~ 2,000억",2) +2% ~ +5%,2) 2배 ~ 3배,양봉
2024,2024-08,2024-08-29,목,464080,에스오에스랩,6587,15,98799,2024-09-04,7910,익절,4,19605,0.198435,0.205481,-0.011627,0.031348,92327520040.0,0.009202,5578933285.5,15.123613,-0.074543,0.164134,-0.010242,-0.016763,위,5일 하락,2) +3% ~ +5%,"3) 500억 ~ 1,000억",1) +2% 미만,5) 10배 이상,음봉·보합
2024,2024-09,2024-09-03,화,094480,갤럭시아머니트리,9610,10,96096,2024-09-04,9141,손절,1,-4880,-0.050784,0.040626,-0.105062,0.269841,214972156800.0,0.235521,15097057744.5,10.643821,0.133412,0.019792,-0.006106,-0.009155,위,5일 하락,6) +20% 이상,"5) 2,000억 이상",4) +10% 이상,5) 10배 이상,양봉
2024,2024-09,2024-09-04,수,130660,한전산업,15746,6,94474,2024-09-05,14955,손절,1,-4933,-0.052219,-0.005445,-0.108965,0.180931,367094439140.0,0.097697,11022078676.0,28.749893,0.222222,0.04768,-0.03146,-0.040534,아래,5일 하락,5) +15% ~ +20%,"5) 2,000억 이상",3) +5% ~ +10%,5) 10배 이상,양봉
2024,2024-09,2024-09-04,수,048870,시너지이노베이션,3173,31,98368,2024-09-11,3017,손절,5,-5039,-0.051226,0.142391,-0.076633,0.167587,103975724210.0,0.112281,3679788219.25,24.625143,0.138241,0.007886,-0.03146,-0.040534,아래,5일 하락,5) +15% ~ +20%,"4) 1,000억 ~ 2,000억",4) +10% 이상,5) 10배 이상,양봉
2024,2024-09,2024-09-06,금,451250,삐아,14454,6,86727,2024-09-10,13756,손절,2,-4363,-0.05031,0.064725,-0.047352,0.055556,40975680440.0,0.014758,10097269964.0,3.87494,0.075205,0.018006,-0.012122,-0.048622,아래,5일 하락,3) +5% ~ +10%,2) 300억 ~ 500억,1) +2% 미만,3) 3배 ~ 5배,양봉
2024,2024-09,2024-09-11,수,161580,필옵틱스,18919,5,94594,2024-09-20,18002,손절,4,-4774,-0.050471,0.083573,-0.052799,0.187932,190593251100.0,0.061798,6298980699.5,26.403257,0.165228,0.082011,-0.003987,-0.026128,아래,5일 하락,5) +15% ~ +20%,"4) 1,000억 ~ 2,000억",3) +5% ~ +10%,5) 10배 이상,양봉
2024,2024-09,2024-09-11,수,112290,와이씨켐,8888,11,97764,2024-09-13,8452,손절,2,-4993,-0.051075,0.045152,-0.051653,0.211604,105805957250.0,0.062874,4104459086.5,21.77242,0.137821,0.072676,-0.003987,-0.026128,아래,5일 하락,6) +20% 이상,"4) 1,000억 ~ 2,000억",3) +5% ~ +10%,5) 10배 이상,양봉
2024,2024-09,2024-09-12,목,018290,브이티,35235,2,70470,2024-09-25,33516,손절,6,-3579,-0.050784,0.112524,-0.047827,0.047619,34252240000.0,0.036819,28479142440.0,1.067056,0.050746,0.008523,0.023363,-0.001324,아래,5일 하락,2) +3% ~ +5%,2) 300억 ~ 500억,2) +2% ~ +5%,1) 2배 미만,양봉
2024,2024-09,2024-09-13,금,214260,라파스,22172,4,88689,2024-09-19,21079,손절,1,-4551,-0.051311,0.008021,-0.048356,0.044811,37995423350.0,0.025463,13977334933.0,2.462831,0.030233,0.056433,0.001291,0.012235,아래,5일 상승,2) +3% ~ +5%,2) 300억 ~ 500억,2) +2% ~ +5%,2) 2배 ~ 3배,양봉
2024,2024-09,2024-09-13,금,336570,원텍,6947,14,97257,2024-10-08,6613,손절,12,-4865,-0.050022,0.047943,-0.067215,0.091195,27108618540.0,0.04048,5549984713.0,4.373162,0.086072,0.027378,0.001291,0.012235,아래,5일 상승,3) +5% ~ +10%,1) 300억 미만,2) +2% ~ +5%,3) 3배 ~ 5배,양봉
2024,2024-09,2024-09-19,목,034020,두산에너빌리티,18729,5,93644,2024-09-24,17822,손절,3,-4721,-0.05041,0.003273,-0.051723,0.030286,88316887840.0,0.012446,57477587708.0,1.455325,0.011351,0.002138,0.002093,0.017694,아래,5일 상승,2) +3% ~ +5%,"3) 500억 ~ 1,000억",1) +2% 미만,1) 2배 미만,양봉
2024,2024-09,2024-09-19,목,257720,실리콘투,45495,2,90991,2024-09-30,43307,손절,7,-4560,-0.050116,0.048456,-0.05595,0.028281,79241484150.0,0.001101,82453167432.5,0.881608,0.017917,0.009901,0.002093,0.017694,아래,5일 상승,1) +3% 미만,"3) 500억 ~ 1,000억",1) +2% 미만,1) 2배 미만,양봉
2024,2024-09,2024-09-19,목,112610,씨에스윈드,69069,1,69069,2024-10-02,65734,손절,8,-3473,-0.050288,0.064153,-0.048777,0.051829,58896606000.0,0.051829,35524874580.0,1.509127,0.029851,0.007246,0.002093,0.017694,아래,5일 상승,3) +5% ~ +10%,"3) 500억 ~ 1,000억",3) +5% ~ +10%,1) 2배 미만,양봉
2024,2024-09,2024-09-20,금,064350,현대로템,56156,1,56156,2024-09-27,53446,손절,5,-2822,-0.050257,0.013247,-0.047299,0.040816,187118857200.0,0.027473,84863891585.0,2.054037,0.03125,0.017825,0.004871,0.027716,아래,5일 상승,2) +3% ~ +5%,"4) 1,000억 ~ 2,000억",2) +2% ~ +5%,2) 2배 ~ 3배,양봉
2024,2024-09,2024-09-20,금,024060,흥구석유,16567,6,99399,2024-10-02,19880,익절,7,19633,0.197518,0.202423,0.004434,0.091689,91369504800.0,0.020975,28163383953.5,2.986819,0.064309,0.021148,0.004871,0.027716,아래,5일 상승,3) +5% ~ +10%,"3) 500억 ~ 1,000억",2) +2% ~ +5%,2) 2배 ~ 3배,양봉
2024,2024-09,2024-09-24,화,086520,에코프로,90290,1,90290,2024-10-14,85015,손절,11,-5455,-0.060412,0.04441,-0.069666,0.089372,279195699200.0,0.00111,74131000130.0,3.421291,0.067456,0.026608,0.011403,0.023168,위,5일 상승,3) +5% ~ +10%,"5) 2,000억 이상",1) +2% 미만,3) 3배 ~ 5배,양봉
2024,2024-09,2024-09-25,수,412540,제일엠앤에스,13844,7,96907,2024-09-30,13177,손절,3,-4864,-0.050188,0.01417,-0.063843,0.238138,91216304370.0,0.172034,3808369919.5,19.632499,0.21529,0.049892,-0.013436,0.008119,아래,5일 상승,6) +20% 이상,"3) 500억 ~ 1,000억",4) +10% 이상,5) 10배 이상,양봉
2024,2024-09,2024-09-27,금,058850,KTcs,2948,33,97282,2024-09-30,3540,익절,1,19295,0.198345,0.22119,0.058364,0.084715,52703964435.0,0.049911,3708579148.0,13.361887,0.065099,0.096774,-0.008156,0.021752,위,5일 상승,3) +5% ~ +10%,"3) 500억 ~ 1,000억",2) +2% ~ +5%,5) 10배 이상,양봉
2024,2024-09,2024-09-30,월,084650,랩지노믹스,16642,5,83208,2024-10-11,15834,손절,6,-4204,-0.050527,0.05158,-0.076112,0.160558,182187516350.0,0.055556,17767864222.5,9.195327,0.158537,0.051128,-0.021326,-0.003359,아래,5일 하락,5) +15% ~ +20%,"4) 1,000억 ~ 2,000억",3) +5% ~ +10%,4) 5배 ~ 10배,양봉
2024,2024-09,2024-09-30,월,337930,젝시믹스,12452,7,87167,2024-10-07,11848,손절,3,-4405,-0.050534,0.074488,-0.060425,0.161531,105158143880.0,0.09894,8516517879.0,10.378916,0.161531,0.026527,-0.021326,-0.003359,아래,5일 하락,5) +15% ~ +20%,"4) 1,000억 ~ 2,000억",3) +5% ~ +10%,5) 10배 이상,양봉
2024,2024-09,2024-09-30,월,040300,YTN,3574,27,96486,2024-10-04,3402,손절,2,-4837,-0.05013,0.092745,-0.04857,0.070465,34344499560.0,0.015647,4265474033.5,7.403016,0.065672,0.086835,-0.021326,-0.003359,아래,5일 하락,3) +5% ~ +10%,2) 300억 ~ 500억,1) +2% 미만,4) 5배 ~ 10배,양봉
2024,2024-10,2024-10-04,금,001440,대한전선,13293,7,93053,2024-10-08,12647,손절,2,-4708,-0.050597,0.007276,-0.060428,0.112228,179553435200.0,0.071832,14434776729.5,10.871536,0.075304,0.037651,0.003131,-0.010249,아래,5일 하락,4) +10% ~ +15%,"4) 1,000억 ~ 2,000억",3) +5% ~ +10%,5) 10배 이상,양봉
2024,2024-10,2024-10-04,금,225190,LK삼양,1984,50,99216,2024-10-08,2385,익절,2,19786,0.199428,0.248751,-0.046408,0.1,76676956400.0,0.028037,18167721621.65,3.879258,0.062802,0.072727,0.003131,-0.010249,아래,5일 하락,4) +10% ~ +15%,"3) 500억 ~ 1,000억",2) +2% ~ +5%,3) 3배 ~ 5배,양봉
2024,2024-10,2024-10-07,월,051980,중앙첨단소재,12202,8,97618,2024-10-10,14650,익절,2,19339,0.198113,0.239122,-0.023946,0.206931,102535953390.0,0.050862,14146043366.5,6.321207,0.123502,0.016407,0.015827,-0.022904,위,5일 하락,6) +20% 이상,"4) 1,000억 ~ 2,000억",3) +5% ~ +10%,4) 5배 ~ 10배,양봉
2024,2024-10,2024-10-07,월,462870,시프트업,64564,1,64564,2024-10-08,61438,손절,1,-3255,-0.050422,-0.004097,-0.064501,0.147687,55460905500.0,0.030351,10358376105.0,4.892923,0.129597,0.010853,0.015827,-0.022904,위,5일 하락,4) +10% ~ +15%,"3) 500억 ~ 1,000억",2) +2% ~ +5%,3) 3배 ~ 5배,양봉
2024,2024-10,2024-10-08,화,087010,펩트론,61061,1,61061,2024-10-10,73300,익절,1,12087,0.197948,0.216816,-0.00755,0.253854,360107827000.0,0.15918,34343697687.5,8.439333,0.04811,0.036066,-0.006137,-0.020915,위,5일 하락,6) +20% 이상,"5) 2,000억 이상",4) +10% 이상,4) 5배 ~ 10배,양봉
2024,2024-10,2024-10-08,화,105560,KB금융,89489,1,89489,2024-12-06,84815,손절,42,-4853,-0.054231,0.161031,-0.051284,0.024055,160501161000.0,0.024055,136039866880.0,1.08147,0.033526,0.0,-0.006137,-0.020915,위,5일 하락,1) +3% 미만,"4) 1,000억 ~ 2,000억",2) +2% ~ +5%,1) 2배 미만,양봉
2024,2024-10,2024-10-08,화,402490,그린리소스,9886,10,98857,2024-10-11,9411,손절,2,-4950,-0.050072,0.085541,-0.049077,0.217767,82746408360.0,0.067027,3907216277.5,18.000472,0.205128,0.066363,-0.006137,-0.020915,위,5일 하락,6) +20% 이상,"3) 500억 ~ 1,000억",3) +5% ~ +10%,5) 10배 이상,양봉
2024,2024-10,2024-10-08,화,298380,에이비엘바이오,33934,2,67868,2024-10-11,40750,익절,2,13463,0.198372,0.202337,-0.006893,0.052795,59545994100.0,0.027273,42662620460.0,1.245618,0.062696,0.00295,-0.006137,-0.020915,위,5일 하락,3) +5% ~ +10%,"3) 500억 ~ 1,000억",2) +2% ~ +5%,1) 2배 미만,양봉
2024,2024-10,2024-10-10,목,009420,한올바이오파마,42743,2,85485,2024-10-22,51300,익절,8,16902,0.197715,0.216582,-0.016206,0.100515,181043089500.0,0.094872,22522360165.0,7.028081,0.082383,0.010539,0.00185,0.002271,위,5일 상승,4) +10% ~ +15%,"4) 1,000억 ~ 2,000억",3) +5% ~ +10%,4) 5배 ~ 10배,양봉
2024,2024-10,2024-10-10,목,039200,오스코텍,38989,2,77978,2024-10-23,37113,손절,9,-3909,-0.050125,0.118266,-0.16643,0.040053,33803341750.0,0.019634,22483086005.0,1.390934,0.030423,0.003851,0.00185,0.002271,위,5일 상승,2) +3% ~ +5%,2) 300억 ~ 500억,1) +2% 미만,1) 2배 미만,양봉
2024,2024-10,2024-10-11,금,255220,SG,2679,37,99134,2024-10-14,2547,손절,1,-5077,-0.051211,0.00948,-0.049901,0.146293,69339006880.0,0.012389,8935054558.25,6.857767,0.128205,0.017483,-0.000866,0.013749,위,5일 상승,4) +10% ~ +15%,"3) 500억 ~ 1,000억",1) +2% 미만,4) 5배 ~ 10배,양봉
2024,2024-10,2024-10-11,금,055550,신한지주,57557,1,57557,2024-10-30,54745,손절,13,-2928,-0.050865,0.040698,-0.061808,0.012324,46998890000.0,0.007005,80222894100.0,0.565919,-0.001736,0.008696,-0.000866,0.013749,위,5일 상승,1) +3% 미만,2) 300억 ~ 500억,1) +2% 미만,1) 2배 미만,음봉·보합
2024,2024-10,2024-10-11,금,397030,에이프릴바이오,24324,4,97297,2024-10-23,23127,손절,8,-4985,-0.051233,0.064779,-0.089388,0.021008,38047919400.0,0.006211,13818483329.5,2.514666,0.006211,0.057613,-0.000866,0.013749,위,5일 상승,1) +3% 미만,2) 300억 ~ 500억,1) +2% 미만,2) 2배 ~ 3배,양봉
2024,2024-10,2024-10-14,월,316140,우리금융지주,16557,6,99339,2024-10-30,15754,손절,12,-5013,-0.050464,0.032824,-0.04811,0.039598,109344186760.0,0.027329,35252751374.5,2.929931,0.03375,0.019952,0.010158,0.020851,위,5일 상승,2) +3% ~ +5%,"4) 1,000억 ~ 2,000억",2) +2% ~ +5%,2) 2배 ~ 3배,양봉
2024,2024-10,2024-10-14,월,086790,하나금융지주,63864,1,63864,2024-10-31,60739,손절,13,-3253,-0.050931,0.083556,-0.062066,0.045902,108297373800.0,0.014308,64751443300.0,1.574691,0.022436,0.018809,0.010158,0.020851,위,5일 상승,2) +3% ~ +5%,"4) 1,000억 ~ 2,000억",1) +2% 미만,1) 2배 미만,양봉
2024,2024-10,2024-10-14,월,010120,LS ELECTRIC,33834,2,67668,2024-10-16,32168,손절,2,-3468,-0.051245,0.014961,-0.087894,0.06962,106955875000.0,0.009558,60898223420.0,1.58389,0.068268,0.011834,0.010158,0.020851,위,5일 상승,3) +5% ~ +10%,"4) 1,000억 ~ 2,000억",1) +2% 미만,1) 2배 미만,양봉
2024,2024-10,2024-10-16,수,335890,비올,9680,10,96797,2024-10-18,9211,손절,2,-4883,-0.050446,0.012431,-0.050587,0.082867,94436088610.0,0.062637,6317370267.0,13.393748,0.09513,0.039297,-0.008768,0.006167,위,5일 상승,3) +5% ~ +10%,"3) 500억 ~ 1,000억",3) +5% ~ +10%,5) 10배 이상,양봉
2024,2024-10,2024-10-18,금,241560,두산밥캣,43043,2,86086,2024-10-22,40959,손절,2,-4341,-0.050422,0.02688,-0.069535,0.069652,100530689000.0,0.010576,19002913595.0,5.0507,0.063041,0.031395,-0.005933,-0.00119,아래,5일 하락,3) +5% ~ +10%,"4) 1,000억 ~ 2,000억",1) +2% 미만,4) 5배 ~ 10배,양봉
2024,2024-10,2024-10-18,금,214610,롤링스톤,19849,5,99245,2024-10-23,18891,손절,3,-4988,-0.050264,0.077662,-0.055538,0.205696,47609550450.0,0.042123,4122433515.7,9.92332,0.183965,0.070866,-0.005933,-0.00119,아래,5일 하락,6) +20% 이상,2) 300억 ~ 500억,2) +2% ~ +5%,4) 5배 ~ 10배,양봉
2024,2024-10,2024-10-22,화,272210,한화시스템,19319,5,96596,2024-10-31,18392,손절,7,-4832,-0.050026,0.031093,-0.054831,0.037634,64189677000.0,0.013655,24643949486.5,2.490566,0.034298,0.0,-0.013137,-0.023828,아래,5일 하락,2) +3% ~ +5%,"3) 500억 ~ 1,000억",1) +2% 미만,2) 2배 ~ 3배,양봉
2024,2024-10,2024-10-23,수,388050,지투파워,7007,14,98098,2024-10-24,6643,손절,1,-5287,-0.053897,0.073213,-0.058085,0.020408,21052906000.0,0.020408,8151840350.0,2.426962,0.018923,0.014286,0.01125,-0.004114,아래,5일 하락,1) +3% 미만,1) 300억 미만,2) +2% ~ +5%,2) 2배 ~ 3배,양봉
2024,2024-10,2024-10-24,목,015760,한국전력,23073,4,92292,2024-11-08,21928,손절,11,-4765,-0.051628,0.012003,-0.053008,0.050114,126708108900.0,0.050114,43233157794.0,2.641082,0.035955,0.008677,-0.007151,-0.010834,아래,5일 하락,3) +5% ~ +10%,"4) 1,000억 ~ 2,000억",3) +5% ~ +10%,2) 2배 ~ 3배,양봉
2024,2024-10,2024-10-24,목,000080,하이트진로,21221,4,84885,2024-11-05,20180,손절,8,-4336,-0.051078,0.027275,-0.048122,0.06,23055254400.0,0.026634,3246168766.5,6.76756,0.046914,0.0,-0.007151,-0.010834,아래,5일 하락,3) +5% ~ +10%,1) 300억 미만,2) +2% ~ +5%,4) 5배 ~ 10배,양봉
2024,2024-10,2024-10-25,금,138930,BNK금융지주,9920,10,99199,2024-10-30,9441,손절,3,-4993,-0.050329,0.008074,-0.087693,0.038784,27641368400.0,0.015369,9985402381.5,2.611023,0.038784,0.014127,0.000868,-0.004067,아래,5일 하락,2) +3% ~ +5%,1) 300억 미만,1) +2% 미만,2) 2배 ~ 3배,양봉
2024,2024-10,2024-10-29,화,163730,핑거,12643,7,88498,2024-10-31,12028,손절,2,-4480,-0.050624,0.102619,-0.075351,0.197156,117348550650.0,0.03102,28838906375.0,3.61496,0.197156,0.009501,0.002056,0.018322,위,5일 상승,5) +15% ~ +20%,"4) 1,000억 ~ 2,000억",2) +2% ~ +5%,3) 3배 ~ 5배,양봉
2024,2024-10,2024-10-30,수,012510,더존비즈온,58959,1,58959,2024-11-04,56044,손절,3,-3033,-0.051445,0.017658,-0.04849,0.098881,31648089100.0,0.082721,11131740250.0,2.387407,0.102996,0.010187,-0.009172,-0.002243,아래,5일 하락,3) +5% ~ +10%,2) 300억 ~ 500억,3) +5% ~ +10%,2) 2배 ~ 3배,양봉
2024,2024-10,2024-10-31,목,140430,카티스,6758,14,94616,2024-11-01,6434,손절,1,-4736,-0.05005,0.047894,-0.063106,0.078459,52139906279.99999,0.047091,5800105323.5,7.9118,0.066291,0.117725,-0.014512,-0.00964,아래,5일 하락,3) +5% ~ +10%,"3) 500억 ~ 1,000억",2) +2% ~ +5%,4) 5배 ~ 10배,양봉
2024,2024-11,2024-11-01,금,200710,에이디테크놀로지,19039,5,95195,2024-11-06,18122,손절,3,-4777,-0.050179,0.03104,-0.072956,0.058431,76011489960.0,0.008484,6513779839.0,10.614284,0.086236,0.133018,-0.005395,-0.015837,아래,5일 하락,3) +5% ~ +10%,"3) 500억 ~ 1,000억",1) +2% 미만,5) 10배 이상,양봉
2024,2024-11,2024-11-04,월,011200,HMM,17878,5,89389,2024-11-06,17013,손절,2,-4504,-0.050383,-0.002118,-0.048544,0.04628,25390633280.0,0.023496,16617248020.0,1.465795,0.043834,0.0,0.018333,-0.00898,아래,5일 하락,2) +3% ~ +5%,1) 300억 미만,2) +2% ~ +5%,1) 2배 미만,양봉
2024,2024-11,2024-11-05,화,222080,SFA넥셀,11271,8,90170,2024-11-06,10729,손절,1,-4517,-0.050093,0.009648,-0.108352,0.263749,285343736120.0,0.121514,5769527588.0,38.054504,0.263749,0.011545,-0.00467,-0.015631,아래,5일 하락,6) +20% 이상,"5) 2,000억 이상",4) +10% 이상,5) 10배 이상,양봉
2024,2024-11,2024-11-05,화,161390,한국타이어앤테크놀로지,39439,2,78879,2024-11-08,37512,손절,3,-4012,-0.050863,0.010411,-0.055513,0.075034,59306140800.0,0.015464,13326582475.0,4.140228,0.060565,0.016497,-0.00467,-0.015631,아래,5일 하락,3) +5% ~ +10%,"3) 500억 ~ 1,000억",1) +2% 미만,3) 3배 ~ 5배,양봉
2024,2024-11,2024-11-06,수,062040,산일전기,54354,1,54354,2024-11-11,65300,익절,3,10810,0.198884,0.205056,-0.023076,0.167742,206755286400.0,0.162741,21693274247.5,7.632731,0.126556,0.053407,-0.005188,-0.011674,아래,5일 하락,5) +15% ~ +20%,"5) 2,000억 이상",4) +10% 이상,4) 5배 ~ 10배,양봉
2024,2024-11,2024-11-06,수,094480,갤럭시아머니트리,9810,10,98098,2024-11-07,9331,손절,1,-4988,-0.050848,0.028563,-0.08255,0.232704,123706037000.0,0.111111,10406336054.5,10.217255,0.240506,0.0,-0.005188,-0.011674,아래,5일 하락,6) +20% 이상,"4) 1,000억 ~ 2,000억",4) +10% 이상,5) 10배 이상,양봉
2024,2024-11,2024-11-06,수,000670,영풍,42022,2,84044,2024-11-12,50500,익절,4,16746,0.199254,0.208668,-0.022302,0.058195,27424534500.0,0.036047,13452820575.0,1.781391,0.051948,0.108866,-0.005188,-0.011674,아래,5일 하락,3) +5% ~ +10%,1) 300억 미만,2) +2% ~ +5%,1) 2배 미만,양봉
2024,2024-11,2024-11-07,목,042660,한화오션,33884,2,67768,2024-11-15,40700,익절,6,13463,0.19867,0.211492,-0.006902,0.217626,468423611600.0,0.067823,24366907985.0,16.647936,0.202487,0.002954,0.000437,0.003317,아래,5일 상승,6) +20% 이상,"5) 2,000억 이상",3) +5% ~ +10%,5) 10배 이상,양봉
2024,2024-11,2024-11-07,목,010140,삼성중공업,10841,9,97567,2024-12-09,10290,손절,22,-5155,-0.052839,0.133677,-0.082174,0.091734,264339603870.0,0.056585,32964679063.0,7.340767,0.086259,0.01385,0.000437,0.003317,아래,5일 상승,3) +5% ~ +10%,"5) 2,000억 이상",3) +5% ~ +10%,4) 5배 ~ 10배,양봉
2024,2024-11,2024-11-07,목,439090,마녀공장,21221,4,84885,2024-11-08,20180,손절,1,-4336,-0.051078,-0.003355,-0.050478,0.12766,106396864000.0,0.036675,3896680367.5,24.667851,0.109948,0.061321,0.000437,0.003317,아래,5일 상승,4) +10% ~ +15%,"4) 1,000억 ~ 2,000억",2) +2% ~ +5%,5) 10배 이상,양봉
2024,2024-11,2024-11-08,금,018290,브이티,34885,2,69770,2024-11-11,33167,손절,1,-3576,-0.051253,-0.006732,-0.065497,0.056061,30480890350.0,0.019006,22039034997.5,1.295214,0.043413,0.007174,-0.001357,0.007391,아래,5일 상승,3) +5% ~ +10%,2) 300억 ~ 500억,1) +2% 미만,1) 2배 미만,양봉
2024,2024-11,2024-11-08,금,073570,리튬포어스,10860,9,97741,2024-11-12,10190,손절,2,-6229,-0.063725,0.052163,-0.129031,0.15641,23563462395.0,0.004454,6154164586.9,3.597062,0.121891,0.064302,-0.001357,0.007391,아래,5일 상승,5) +15% ~ +20%,1) 300억 미만,1) +2% 미만,3) 3배 ~ 5배,양봉
2024,2024-11,2024-11-12,화,378340,필에너지,20721,4,82883,2024-11-13,19720,손절,1,-4168,-0.050288,-0.01789,-0.087869,0.131148,75308752800.0,0.131148,5575792453.0,11.152834,0.129296,0.024155,-0.01939,-0.036599,아래,5일 하락,4) +10% ~ +15%,"3) 500억 ~ 1,000억",4) +10% 이상,5) 10배 이상,양봉
2024,2024-11,2024-11-12,화,178320,서진시스템,30080,3,90240,2024-11-13,28621,손절,1,-4557,-0.050499,0.027259,-0.057515,0.008389,45537169000.0,0.008389,15162840527.5,2.823981,0.005017,0.056572,-0.01939,-0.036599,아래,5일 하락,1) +3% 미만,2) 300억 ~ 500억,1) +2% 미만,2) 2배 ~ 3배,양봉
2024,2024-11,2024-11-12,화,160190,하이젠알앤엠,8959,11,98548,2024-11-13,8521,손절,1,-5010,-0.050836,0.206615,-0.054577,0.014739,34852212900.0,0.014739,4044269598.0,8.042728,-0.098691,0.17095,-0.01939,-0.036599,아래,5일 하락,1) +3% 미만,2) 300억 ~ 500억,1) +2% 미만,4) 5배 ~ 10배,음봉·보합
2024,2024-11,2024-11-12,화,042000,카페24,28879,3,86637,2024-11-13,27472,손절,1,-4393,-0.050703,0.021509,-0.054671,0.02305,33213216300.0,0.02305,13337186945.0,2.285554,0.010508,0.045061,-0.01939,-0.036599,아래,5일 하락,1) +3% 미만,2) 300억 ~ 500억,2) +2% ~ +5%,2) 2배 ~ 3배,양봉
2024,2024-11,2024-11-12,화,328130,루닛,19613,5,98066,2024-11-18,25500,익절,4,29170,0.29745,0.496112,-0.035653,0.041096,29602467400.0,0.02451,10138117360.0,2.781632,0.037221,0.028708,-0.01939,-0.036599,아래,5일 하락,2) +3% ~ +5%,1) 300억 미만,2) +2% ~ +5%,2) 2배 ~ 3배,양봉
2024,2024-11,2024-11-13,수,199820,제일일렉트릭,10260,9,92342,2024-11-28,9760,손절,11,-4685,-0.050739,0.163714,-0.05168,0.015857,25853124000.0,0.013848,12692227046.0,1.909868,0.030151,0.018537,-0.02638,-0.057121,아래,5일 하락,1) +3% 미만,1) 300억 미만,1) +2% 미만,1) 2배 미만,양봉
2024,2024-11,2024-11-15,금,041020,폴라리스오피스,5405,18,97297,2024-11-27,6490,익절,8,19280,0.19816,0.322751,-0.028749,0.08325,44097490800.0,0.005587,8914596467.25,4.710194,0.095335,0.061111,-0.000827,-0.056338,아래,5일 하락,3) +5% ~ +10%,2) 300억 ~ 500억,1) +2% 미만,3) 3배 ~ 5배,양봉
2024,2024-11,2024-11-18,월,028300,HLB,78178,1,78178,2024-11-19,74426,손절,1,-3909,-0.050007,-0.021465,-0.105888,0.253612,621005980100.0,0.101551,53614637135.0,9.5901,0.245614,0.035851,0.021602,-0.024723,아래,5일 하락,6) +20% 이상,"5) 2,000억 이상",4) +10% 이상,4) 5배 ~ 10배,양봉
2024,2024-11,2024-11-18,월,065350,신성델타테크,49249,2,98498,2024-11-22,59100,익절,4,19456,0.197529,0.218294,-0.011151,0.175627,69967024800.0,0.010267,8048596015.0,7.653479,0.125858,0.067073,0.021602,-0.024723,아래,5일 하락,5) +15% ~ +20%,"3) 500억 ~ 1,000억",1) +2% 미만,4) 5배 ~ 10배,양봉
2024,2024-11,2024-11-18,월,036460,한국가스공사,42142,2,84284,2024-12-02,40110,손절,10,-4234,-0.05023,0.142563,-0.055576,0.040791,43982459400.0,0.002381,36282705767.5,1.165934,0.048568,0.008314,0.021602,-0.024723,아래,5일 하락,2) +3% ~ +5%,2) 300억 ~ 500억,1) +2% 미만,1) 2배 미만,양봉
2024,2024-11,2024-11-18,월,108860,셀바스AI,11381,8,91051,2024-11-26,14100,익절,6,21515,0.236301,0.333759,0.002516,0.116896,24836093610.0,0.024324,3181229783.5,7.325148,0.114706,0.03606,0.021602,-0.024723,아래,5일 하락,4) +10% ~ +15%,1) 300억 미만,2) +2% ~ +5%,4) 5배 ~ 10배,양봉
2024,2024-11,2024-11-18,월,299660,셀리드,5014,19,95274,2024-11-19,4770,손절,1,-4830,-0.050701,0.03974,-0.054137,0.038674,22018300560.0,0.038674,10127842848.5,1.940295,0.042514,0.097518,0.021602,-0.024723,아래,5일 하락,2) +3% ~ +5%,1) 300억 미만,2) +2% ~ +5%,1) 2배 미만,양봉
2024,2024-11,2024-11-19,화,064350,현대로템,66466,1,66466,2024-11-21,63237,손절,2,-3363,-0.050597,0.045641,-0.07472,0.039124,127400219200.0,0.004539,113970573225.0,1.066267,0.0375,0.001506,0.001166,-0.004278,아래,5일 하락,2) +3% ~ +5%,"4) 1,000억 ~ 2,000억",1) +2% 미만,1) 2배 미만,양봉
2024,2024-11,2024-11-19,화,032820,우리기술,2392,41,98088,2024-11-21,2273,손절,2,-5103,-0.052021,0.013631,-0.057428,0.027957,47251177130.0,0.006316,16659860455.5,2.726213,0.012712,0.018828,0.001166,-0.004278,아래,5일 하락,1) +3% 미만,2) 300억 ~ 500억,1) +2% 미만,2) 2배 ~ 3배,양봉
2024,2024-11,2024-11-22,금,039610,화성밸브,11672,8,93373,2024-11-28,11109,손절,4,-4690,-0.050224,0.138656,-0.068684,0.06484,46854007640.0,0.053297,11200445805.5,3.816883,0.062899,0.046312,0.008308,0.034913,아래,5일 상승,3) +5% ~ +10%,2) 300억 ~ 500억,3) +5% ~ +10%,3) 3배 ~ 5배,양봉
2024,2024-11,2024-11-22,금,066570,LG전자,93393,1,93393,2024-12-02,88911,손절,6,-4670,-0.05,0.032194,-0.06096,0.007559,25516243800.0,0.003226,35312238680.0,0.703673,-0.001071,0.006431,0.008308,0.034913,아래,5일 상승,1) +3% 미만,1) 300억 미만,1) +2% 미만,1) 2배 미만,음봉·보합
2024,2024-11,2024-11-25,월,443670,에스피소프트,8609,11,94695,2024-12-04,8192,손절,7,-4775,-0.050422,0.077992,-0.096253,0.170068,161882650400.0,0.115435,10416351413.5,13.230479,0.125654,0.062791,0.013233,0.026435,위,5일 상승,5) +15% ~ +20%,"4) 1,000억 ~ 2,000억",4) +10% 이상,5) 10배 이상,양봉
2024,2024-11,2024-11-26,화,042670,HD현대인프라코어,7798,12,93573,2024-12-02,7423,손절,4,-4690,-0.050125,0.013108,-0.051013,0.042838,35733937450.0,0.042838,12377530047.0,2.654914,0.038667,0.021823,-0.005516,0.019584,위,5일 상승,2) +3% ~ +5%,2) 300억 ~ 500억,2) +2% ~ +5%,2) 2배 ~ 3배,양봉
2024,2024-11,2024-11-27,수,035720,카카오,38388,2,76777,2024-12-04,46100,익절,5,15232,0.198393,0.226935,-0.016629,0.036486,86991107450.0,0.015894,42550320587.5,1.883416,0.033693,0.001304,-0.006864,0.008367,아래,5일 상승,2) +3% ~ +5%,"3) 500억 ~ 1,000억",1) +2% 미만,1) 2배 미만,양봉
2024,2024-12,2024-12-02,월,356680,엑스게이트,6066,16,97057,2024-12-03,5774,손절,1,-4864,-0.050116,-0.000999,-0.060346,0.147727,99883428840.0,0.124304,13616210879.0,6.100525,0.086022,0.023102,-0.000582,-0.031511,아래,5일 하락,4) +10% ~ +15%,"3) 500억 ~ 1,000억",4) +10% 이상,4) 5배 ~ 10배,양봉
2024,2024-12,2024-12-02,월,377300,카카오페이,26827,3,80480,2024-12-04,32200,익절,2,15919,0.197802,0.237568,-0.04573,0.082828,58451577200.0,0.053045,5969054670.0,8.577201,0.072,0.057836,-0.000582,-0.031511,아래,5일 하락,3) +5% ~ +10%,"3) 500억 ~ 1,000억",3) +5% ~ +10%,4) 5배 ~ 10배,양봉
2024,2024-12,2024-12-02,월,376930,노을,14343,6,86058,2024-12-04,17220,익절,2,17047,0.198092,0.266908,0.002229,0.07279,39440965370.0,0.00487,6535612738.5,5.309143,0.031667,0.080775,-0.000582,-0.031511,아래,5일 하락,3) +5% ~ +10%,2) 300억 ~ 500억,1) +2% 미만,4) 5배 ~ 10배,양봉
2024,2024-12,2024-12-02,월,323410,카카오뱅크,23373,4,93493,2024-12-06,22228,손절,4,-4770,-0.051018,0.067455,-0.056618,0.044743,38472557450.0,0.035477,12408151342.5,2.869132,0.035477,0.006424,-0.000582,-0.031511,아래,5일 하락,2) +3% ~ +5%,2) 300억 ~ 500억,2) +2% ~ +5%,2) 2배 ~ 3배,양봉
2024,2024-12,2024-12-03,화,241560,두산밥캣,43393,2,86787,2024-12-05,41309,손절,2,-4344,-0.050048,0.043939,-0.047089,0.081047,36598064100.0,0.074349,13445759215.0,2.433816,0.067734,0.00346,0.018586,-0.008039,위,5일 하락,3) +5% ~ +10%,2) 300억 ~ 500억,3) +5% ~ +10%,2) 2배 ~ 3배,양봉
2024,2024-12,2024-12-03,화,139480,이마트,66867,1,66867,2024-12-06,63636,손절,3,-3365,-0.050318,-0.011468,-0.066801,0.067093,22694498400.0,0.034056,6424107915.0,3.269324,0.062003,0.0,0.018586,-0.008039,위,5일 하락,3) +5% ~ +10%,1) 300억 미만,2) +2% ~ +5%,3) 3배 ~ 5배,양봉
2024,2024-12,2024-12-04,수,228760,지노믹트리,18338,5,91692,2024-12-12,22050,익절,6,18330,0.199906,0.28147,-0.036444,0.163914,59266500720.0,0.110976,3735939609.5,12.907409,0.027482,0.063319,-0.014439,-0.015605,아래,5일 하락,5) +15% ~ +20%,"3) 500억 ~ 1,000억",4) +10% 이상,5) 10배 이상,양봉
2024,2024-12,2024-12-05,목,278470,에이피알,53654,1,53654,2024-12-06,51049,손절,1,-2712,-0.050552,0.025094,-0.055049,0.048924,48438320000.0,0.009416,23355435785.0,1.886552,0.022901,0.024254,-0.008989,-0.025081,아래,5일 하락,2) +3% ~ +5%,2) 300억 ~ 500억,1) +2% 미만,1) 2배 미만,양봉
2024,2024-12,2024-12-10,화,004020,현대제철,22723,4,90891,2024-12-12,21628,손절,2,-4560,-0.050167,-0.009801,-0.047208,0.140704,29296234100.0,0.031818,22771876782.5,1.20235,0.120988,0.0,0.024257,-0.032903,아래,5일 하락,4) +10% ~ +15%,1) 300억 미만,2) +2% ~ +5%,1) 2배 미만,양봉
2024,2024-12,2024-12-11,수,302440,SK바이오사이언스,57557,1,57557,2024-12-12,54745,손절,1,-2928,-0.050865,-0.002736,-0.053121,0.163968,50961330000.0,0.151151,5105455577.5,8.294804,0.156942,0.017391,0.010203,-0.008722,아래,5일 하락,5) +15% ~ +20%,"3) 500억 ~ 1,000억",4) +10% 이상,4) 5배 ~ 10배,양봉
2024,2024-12,2024-12-11,수,214610,롤링스톤,18859,5,94296,2024-12-12,17952,손절,1,-4725,-0.050105,0.102213,-0.099243,0.186107,26026060590.0,0.072275,3157433816.3,6.939622,0.096305,0.076796,0.010203,-0.008722,아래,5일 하락,5) +15% ~ +20%,1) 300억 미만,3) +5% ~ +10%,4) 5배 ~ 10배,양봉
2024,2024-12,2024-12-12,목,317330,덕산테코피아,35435,2,70871,2024-12-13,33716,손절,1,-3580,-0.05052,-0.005232,-0.072961,0.156863,46142377800.0,0.053571,6701123050.0,6.043514,0.099379,0.056497,0.016217,0.016492,위,5일 상승,5) +15% ~ +20%,2) 300억 ~ 500억,3) +5% ~ +10%,4) 5배 ~ 10배,양봉
2024,2024-12,2024-12-12,목,178320,서진시스템,30030,3,90090,2024-12-17,28571,손절,3,-4556,-0.050577,0.022311,-0.047619,0.050788,40022580000.0,0.030928,23449322720.0,1.581355,0.030928,0.01,0.016217,0.016492,위,5일 상승,3) +5% ~ +10%,2) 300억 ~ 500억,2) +2% ~ +5%,1) 2배 미만,양봉
2024,2024-12,2024-12-12,목,148150,세경하이테크,7728,12,92733,2024-12-19,9280,익절,5,18396,0.19838,0.208636,-0.022998,0.14881,25308815680.0,0.113997,3214884589.0,6.566786,0.143704,0.036269,0.016217,0.016492,위,5일 상승,4) +10% ~ +15%,1) 300억 미만,4) +10% 이상,4) 5배 ~ 10배,양봉
2024,2024-12,2024-12-13,금,257720,실리콘투,30130,3,90390,2024-12-19,28571,손절,4,-4857,-0.053731,0.080315,-0.057421,0.059859,51495350900.0,0.057996,48083064275.0,0.954315,0.052448,0.004983,0.004972,0.027305,위,5일 상승,3) +5% ~ +10%,"3) 500억 ~ 1,000억",3) +5% ~ +10%,1) 2배 미만,양봉
2024,2024-12,2024-12-13,금,010120,LS ELECTRIC,31491,3,94474,2024-12-20,29970,손절,5,-4754,-0.050319,0.032026,-0.053077,0.014839,37786763300.0,0.007687,42061504110.0,0.834763,0.014184,0.0,0.004972,0.027305,위,5일 상승,1) +3% 미만,2) 300억 ~ 500억,1) +2% 미만,1) 2배 미만,양봉
2024,2024-12,2024-12-13,금,103590,일진전기,25776,3,77327,,,보유중,10,167222,2.169646,4.737951,-0.231836,0.021825,29738700750.0,0.017787,19569781650.0,1.345822,0.021825,0.034951,0.004972,0.027305,위,5일 상승,1) +3% 미만,1) 300억 미만,1) +2% 미만,1) 2배 미만,양봉
2024,2024-12,2024-12-13,금,462870,시프트업,63163,1,63163,2024-12-16,60040,손절,1,-3250,-0.05145,-0.005749,-0.051661,0.120782,27264121800.0,0.034426,7318043517.5,3.260507,0.108963,0.0,0.004972,0.027305,위,5일 상승,4) +10% ~ +15%,1) 300억 미만,2) +2% ~ +5%,3) 3배 ~ 5배,양봉
2024,2024-12,2024-12-13,금,166480,코아스템켐온,12291,8,98325,2024-12-18,8824,손절,3,-27888,-0.283628,0.083179,-0.281359,0.197665,21631774760.0,0.128931,3001973875.5,5.878658,0.186777,0.044568,0.004972,0.027305,위,5일 상승,5) +15% ~ +20%,1) 300억 미만,4) +10% 이상,4) 5배 ~ 10배,양봉
2024,2024-12,2024-12-16,월,006340,대원전선,3213,30,96396,2024-12-20,3002,손절,4,-6527,-0.067705,0.182618,-0.116149,0.266272,143797214400.0,0.152603,3328212385.25,34.582234,0.191095,0.02648,-0.002201,0.054389,위,5일 상승,6) +20% 이상,"4) 1,000억 ~ 2,000억",4) +10% 이상,5) 10배 이상,양봉
2024,2024-12,2024-12-16,월,001440,대한전선,12052,8,96416,2024-12-19,11419,손절,3,-5260,-0.054559,0.014766,-0.058251,0.044232,59395800240.0,0.008375,16606316109.5,3.360714,0.02906,0.024917,-0.002201,0.054389,위,5일 상승,2) +3% ~ +5%,"3) 500억 ~ 1,000억",1) +2% 미만,3) 3배 ~ 5배,양봉
2024,2024-12,2024-12-17,화,445090,에이직랜드,34885,2,69770,2024-12-26,33167,손절,6,-3576,-0.051253,0.160962,-0.054031,0.290741,161003410450.0,0.224956,6448659195.0,18.907278,0.216405,0.007174,-0.012921,0.016118,아래,5일 상승,6) +20% 이상,"4) 1,000억 ~ 2,000억",4) +10% 이상,5) 10배 이상,양봉
2024,2024-12,2024-12-17,화,042700,한미반도체,86787,1,86787,2024-12-19,82118,손절,2,-4842,-0.055793,0.017437,-0.055155,0.034606,112413572700.0,0.029691,53695733970.0,1.907034,0.026036,0.026528,-0.012921,0.016118,아래,5일 상승,2) +3% ~ +5%,"4) 1,000억 ~ 2,000억",2) +2% ~ +5%,1) 2배 미만,양봉
2024,2024-12,2024-12-18,수,321820,아티스트컴퍼니,20020,4,80080,2024-12-19,18931,손절,1,-4515,-0.056387,0.006494,-0.075425,0.120448,98357560000.0,0.082251,14838612177.5,5.175731,0.112347,0.0675,0.011242,0.017163,위,5일 상승,4) +10% ~ +15%,"3) 500억 ~ 1,000억",3) +5% ~ +10%,4) 5배 ~ 10배,양봉
2024,2024-12,2024-12-20,금,333430,일승,4595,21,96486,2024-12-24,4371,손절,2,-4897,-0.05075,0.04906,-0.060852,0.085106,152704558530.0,0.026846,16701943293.75,8.374879,0.06993,0.141612,-0.013046,-0.036204,아래,5일 하락,3) +5% ~ +10%,"4) 1,000억 ~ 2,000억",2) +2% ~ +5%,4) 5배 ~ 10배,양봉
2024,2024-12,2024-12-20,금,389470,인벤티지랩,17437,5,87187,2024-12-30,20950,익절,5,17346,0.198946,0.32187,-0.03254,0.144547,43283892080.0,0.004035,7027242691.5,5.293036,0.123871,0.040758,-0.013046,-0.036204,아래,5일 하락,4) +10% ~ +15%,2) 300억 ~ 500억,1) +2% 미만,4) 5배 ~ 10배,양봉
2024,2024-12,2024-12-23,월,232140,와이씨,10741,9,96667,2024-12-30,10200,손절,4,-5062,-0.052365,0.019484,-0.062447,0.148822,50227505550.0,0.021905,10696970661.0,4.212729,0.137858,0.024231,0.015748,-0.018867,아래,5일 하락,4) +10% ~ +15%,"3) 500억 ~ 1,000억",2) +2% ~ +5%,3) 3배 ~ 5배,양봉
2024,2024-12,2024-12-24,화,007660,이수페타시스,26966,3,80897,,,보유중,3,275006,3.409294,5.096619,-0.096571,0.051233,227491568400.0,0.035514,141549006750.0,1.443423,-0.02807,0.061372,-0.00061,-0.006631,아래,5일 하락,3) +5% ~ +10%,"5) 2,000억 이상",2) +2% ~ +5%,1) 2배 미만,음봉·보합
2024,2024-12,2024-12-24,화,033100,제룡전기,47447,2,94895,2024-12-27,45155,손절,2,-4776,-0.050325,0.0127,-0.055797,0.016077,62258478000.0,0.016077,13779954760.0,4.067519,0.010661,0.092827,-0.00061,-0.006631,아래,5일 하락,1) +3% 미만,"3) 500억 ~ 1,000억",1) +2% 미만,3) 3배 ~ 5배,양봉
2024,2024-12,2024-12-26,목,042660,한화오션,37788,2,75575,,,보유중,2,83263,1.106503,3.096566,-0.039371,0.048611,295903790250.0,0.037088,132920881732.5,1.988721,0.037088,0.013245,-0.004446,-0.022041,아래,5일 하락,2) +3% ~ +5%,"5) 2,000억 이상",2) +2% ~ +5%,1) 2배 미만,양봉
2024,2024-12,2024-12-26,목,160190,하이젠알앤엠,12773,7,89409,2024-12-27,12158,손절,1,-4484,-0.05015,0.015442,-0.063632,0.180389,135018230160.0,0.11441,10136220671.5,10.96678,0.143369,0.050157,-0.004446,-0.022041,아래,5일 하락,5) +15% ~ +20%,"4) 1,000억 ~ 2,000억",4) +10% 이상,5) 10배 이상,양봉
2024,2024-12,2024-12-26,목,115450,HLB테라퓨틱스,10485,9,94364,,,보유중,2,-76535,-0.810489,0.23793,-0.872006,0.073488,29443271399.999996,0.02669,7620944746.5,3.524206,0.079514,0.025997,-0.004446,-0.022041,아래,5일 하락,3) +5% ~ +10%,1) 300억 미만,2) +2% ~ +5%,3) 3배 ~ 5배,양봉
2024,2024-12,2024-12-27,금,437730,삼현,9019,11,99209,,,보유중,1,470420,4.754512,7.526435,-0.100788,0.185526,222806460970.0,0.105521,10302195551.5,18.293347,0.214286,0.069922,-0.010248,-0.012792,아래,5일 하락,5) +15% ~ +20%,"5) 2,000억 이상",4) +10% 이상,5) 10배 이상,양봉
2024,2024-12,2024-12-27,금,466100,클로봇,7888,12,94662,,,보유중,1,181315,1.921977,8.881945,-0.03582,0.02716,90765018240.0,0.02716,26290819143.0,3.163653,0.02716,0.013221,-0.010248,-0.012792,아래,5일 하락,1) +3% 미만,"3) 500억 ~ 1,000억",2) +2% ~ +5%,3) 3배 ~ 5배,양봉
2024,2024-12,2024-12-27,금,003160,디아이,13834,7,96837,,,보유중,1,159833,1.656533,2.014352,-0.214245,0.140264,34322453700.0,0.128163,3840771691.0,7.341708,0.154553,0.041245,-0.010248,-0.012792,아래,5일 하락,4) +10% ~ +15%,2) 300억 ~ 500억,4) +10% 이상,4) 5배 ~ 10배,양봉
2024,2024-12,2024-12-30,월,009420,한올바이오파마,38689,2,77377,,,보유중,0,15606,0.204488,0.886858,-0.379663,0.152012,83423976550.0,0.036193,15176120042.5,4.89641,0.146884,0.007762,-0.002196,-0.001938,아래,5일 하락,5) +15% ~ +20%,"3) 500억 ~ 1,000억",2) +2% ~ +5%,3) 3배 ~ 5배,양봉
2025,2025-01,2025-01-02,목,454910,두산로보틱스,67067,1,67067,2025-01-03,63836,손절,1,-3346,-0.049895,-0.014418,-0.088971,0.281071,279491237000.0,0.027607,25982407480.0,8.676824,0.183746,0.01194,-0.000229,-0.017637,아래,5일 하락,6) +20% 이상,"5) 2,000억 이상",2) +2% ~ +5%,4) 5배 ~ 10배,양봉
2025,2025-01,2025-01-02,목,272210,한화시스템,23924,4,95696,2025-02-12,28750,익절,25,19100,0.199594,0.373104,-0.030258,0.057522,88898224900.0,0.030172,64156386139.0,1.264416,0.059867,0.002092,-0.000229,-0.017637,아래,5일 하락,3) +5% ~ +10%,"3) 500억 ~ 1,000억",2) +2% ~ +5%,1) 2배 미만,양봉
2025,2025-01,2025-01-02,목,090710,휴림로봇,1748,56,97874,2025-01-08,1663,손절,4,-4895,-0.050017,0.008156,-0.049633,0.171812,80483942502.0,0.125725,3662575789.1,18.151286,0.102273,0.042383,-0.000229,-0.017637,아래,5일 하락,5) +15% ~ +20%,"3) 500억 ~ 1,000억",4) +10% 이상,5) 10배 이상,양봉
2025,2025-01,2025-01-02,목,474170,루미르,11081,8,88649,2025-01-09,10549,손절,5,-4406,-0.049697,0.074806,-0.089438,0.067502,63085129290.0,0.010036,15605466220.5,3.563793,0.089567,0.02439,-0.000229,-0.017637,아래,5일 하락,3) +5% ~ +10%,"3) 500억 ~ 1,000억",1) +2% 미만,3) 3배 ~ 5배,양봉
2025,2025-01,2025-01-02,목,295310,에이치브이엠,27427,3,82282,2025-01-08,26074,손절,4,-4202,-0.051067,0.073744,-0.08668,0.118367,56024451200.0,0.053846,22939202236.5,2.054998,0.113821,0.016423,-0.000229,-0.017637,아래,5일 하락,4) +10% ~ +15%,"3) 500억 ~ 1,000억",3) +5% ~ +10%,2) 2배 ~ 3배,양봉
2025,2025-01,2025-01-02,목,455900,엔젤로보틱스,26877,3,80631,2025-01-03,25574,손절,1,-4046,-0.05018,-0.00844,-0.069831,0.164859,52712698650.0,0.116424,3826250580.0,11.611425,0.074,0.003724,-0.000229,-0.017637,아래,5일 하락,5) +15% ~ +20%,"3) 500억 ~ 1,000억",4) +10% 이상,5) 10배 이상,양봉
2025,2025-01,2025-01-02,목,030530,원익홀딩스,2813,35,98448,2025-01-03,2677,손절,1,-4912,-0.049889,-0.01522,-0.070325,0.101961,31801228030.0,0.097656,3369065575.0,8.360682,0.042672,0.044484,-0.000229,-0.017637,아래,5일 하락,4) +10% ~ +15%,2) 300억 ~ 500억,3) +5% ~ +10%,4) 5배 ~ 10배,양봉
2025,2025-01,2025-01-02,목,378800,샤페론,3408,29,98833,2025-01-14,4090,익절,8,19567,0.197978,0.391373,-0.013906,0.105714,25640042580.000004,0.079498,6597153993.25,3.392877,0.094767,0.098191,-0.000229,-0.017637,아래,5일 하락,4) +10% ~ +15%,1) 300억 미만,3) +5% ~ +10%,3) 3배 ~ 5배,양봉
2025,2025-01,2025-01-03,금,009830,한화솔루션,16882,5,84410,2025-02-06,20300,익절,20,16910,0.200326,0.287862,-0.040669,0.107121,123645724920.0,0.021131,20159905504.5,5.598858,0.08561,0.026286,0.017916,0.000574,위,5일 상승,4) +10% ~ +15%,"4) 1,000억 ~ 2,000억",2) +2% ~ +5%,4) 5배 ~ 10배,양봉
2025,2025-01,2025-01-03,금,028300,HLB,75776,1,75776,2025-02-27,91000,익절,35,15063,0.198781,0.288012,-0.035311,0.031335,74350193300.0,0.021592,58839237310.0,1.188222,0.031335,0.014531,0.017916,0.000574,위,5일 상승,2) +3% ~ +5%,"3) 500억 ~ 1,000억",2) +2% ~ +5%,1) 2배 미만,양봉
2025,2025-01,2025-01-03,금,089030,테크윙,42242,2,84484,2025-01-10,50700,익절,5,16736,0.198091,0.209691,0.02149,0.107612,62039359400.0,0.067004,42367193492.5,1.230886,0.117881,0.016588,0.017916,0.000574,위,5일 상승,4) +10% ~ +15%,"3) 500억 ~ 1,000억",3) +5% ~ +10%,1) 2배 미만,양봉
2025,2025-01,2025-01-03,금,084650,랩지노믹스,13539,7,94770,2025-01-06,16250,익절,1,18778,0.198148,0.298147,0.017467,0.028517,45644107785.0,0.013109,4054030136.5,10.489964,-0.028725,0.12939,0.017916,0.000574,위,5일 상승,1) +3% 미만,2) 300억 ~ 500억,1) +2% 미만,5) 10배 이상,음봉·보합
2025,2025-01,2025-01-03,금,403870,HPSP,28078,3,84234,2025-01-24,33700,익절,15,16686,0.198095,0.218033,-0.015245,0.060491,33844148250.0,0.005376,16103725857.5,1.990104,0.060491,0.0,0.017916,0.000574,위,5일 상승,3) +5% ~ +10%,2) 300억 ~ 500억,1) +2% 미만,1) 2배 미만,양봉
2025,2025-01,2025-01-06,월,096530,씨젠,27878,3,83634,2025-01-07,26523,손절,1,-4207,-0.050303,-0.01176,-0.063773,0.160417,228801424350.0,0.150826,8865841672.5,21.803569,0.136735,0.05386,0.019132,0.024271,위,5일 상승,5) +15% ~ +20%,"5) 2,000억 이상",4) +10% 이상,5) 10배 이상,양봉
2025,2025-01,2025-01-07,화,010140,삼성중공업,11842,8,94735,2025-02-19,14220,익절,27,18823,0.198697,0.285274,-0.016199,0.035902,103034804600.0,0.019828,55144109192.5,1.751333,0.02513,0.0,0.00139,0.036315,위,5일 상승,2) +3% ~ +5%,"4) 1,000억 ~ 2,000억",1) +2% 미만,1) 2배 미만,양봉
2025,2025-01,2025-01-08,수,005930,삼성전자,57357,1,57357,2025-01-13,54545,손절,3,-2911,-0.050743,0.005975,-0.05679,0.034296,1523810586900.0,0.02139,981608563575.0,1.471767,0.04562,0.00349,0.011617,0.050661,위,5일 상승,2) +3% ~ +5%,"5) 2,000억 이상",2) +2% ~ +5%,1) 2배 미만,양봉
2025,2025-01,2025-01-09,목,204270,제이앤티씨,23273,4,93093,2025-01-10,22128,손절,1,-4742,-0.050934,0.029078,-0.061154,0.061644,76355115750.0,0.059226,16909085376.5,3.949359,0.017505,0.034409,0.000337,0.051256,위,5일 상승,3) +5% ~ +10%,"3) 500억 ~ 1,000억",3) +5% ~ +10%,3) 3배 ~ 5배,양봉
2025,2025-01,2025-01-09,목,323280,태성,28679,3,86036,2025-01-13,27273,손절,2,-4366,-0.050743,0.044331,-0.049816,0.106178,48616843950.0,0.045562,9127908647.5,4.541717,0.091429,0.059337,0.000337,0.051256,위,5일 상승,4) +10% ~ +15%,2) 300억 ~ 500억,2) +2% ~ +5%,3) 3배 ~ 5배,양봉
2025,2025-01,2025-01-10,금,105560,KB금융,87888,1,87888,2025-02-06,83616,손절,15,-4423,-0.050322,0.061581,-0.054476,0.012687,109355778000.0,0.006881,108611682300.0,0.978899,0.019744,0.006834,-0.002427,0.030247,위,5일 상승,1) +3% 미만,"4) 1,000억 ~ 2,000억",1) +2% 미만,1) 2배 미만,양봉
2025,2025-01,2025-01-10,금,032820,우리기술,1838,54,99243,2025-01-22,2210,익절,8,19885,0.200367,0.237869,-0.000455,0.047347,26168581440.0,0.017175,5615796140.05,4.394411,-0.047718,0.097495,-0.002427,0.030247,위,5일 상승,2) +3% ~ +5%,1) 300억 미만,1) +2% 미만,3) 3배 ~ 5배,음봉·보합
2025,2025-01,2025-01-14,화,078600,대주전자재료,95095,1,95095,2025-02-19,114200,익절,22,18902,0.198773,0.207214,-0.022031,0.197982,110989735000.0,0.137725,11289466045.0,8.143824,0.183064,0.030526,0.003149,0.002127,위,5일 상승,5) +15% ~ +20%,"4) 1,000억 ~ 2,000억",4) +10% 이상,4) 5배 ~ 10배,양봉
2025,2025-01,2025-01-14,화,351870,차이커뮤니케이션,12723,7,89059,2025-01-20,12108,손절,4,-4457,-0.050046,0.089391,-0.054447,0.100433,106748455670.0,0.023349,12265629202.5,7.972623,0.083546,0.126672,0.003149,0.002127,위,5일 상승,4) +10% ~ +15%,"4) 1,000억 ~ 2,000억",2) +2% ~ +5%,4) 5배 ~ 10배,양봉
2025,2025-01,2025-01-14,화,035900,JYP Ent.,75876,1,75876,2025-03-11,71528,손절,35,-4477,-0.059002,0.151882,-0.076122,0.070621,87830521200.0,0.020188,38362251185.0,2.139609,0.072136,0.0,0.003149,0.002127,위,5일 상승,3) +5% ~ +10%,"3) 500억 ~ 1,000억",2) +2% ~ +5%,2) 2배 ~ 3배,양봉
2025,2025-01,2025-01-20,월,443670,에스피소프트,9930,10,99299,2025-01-23,9451,손절,3,-4965,-0.049997,0.080573,-0.0725,0.068966,56342346240.0,0.043113,10814966466.5,4.76849,0.07709,0.030242,-0.001387,0.012247,위,5일 상승,3) +5% ~ +10%,"3) 500억 ~ 1,000억",2) +2% ~ +5%,3) 3배 ~ 5배,양봉
2025,2025-01,2025-01-22,수,042000,카페24,40490,2,80981,2025-01-24,38511,손절,2,-4097,-0.050595,0.021228,-0.061507,0.050649,43069299300.0,0.021465,20356255062.5,1.921176,0.047927,0.025958,0.011529,0.020126,위,5일 상승,3) +5% ~ +10%,2) 300억 ~ 500억,2) +2% ~ +5%,1) 2배 미만,양봉
2025,2025-01,2025-01-23,목,328130,루닛,33033,3,99098,2025-01-31,31419,손절,2,-5013,-0.050586,0.068534,-0.104589,0.065053,237259193599.99997,0.017341,63367059170.0,3.446605,0.050746,0.02983,-0.012395,-0.004748,위,5일 하락,3) +5% ~ +10%,"5) 2,000억 이상",1) +2% 미만,3) 3배 ~ 5배,양봉
2025,2025-01,2025-01-31,금,003780,진양산업,11291,8,90330,2025-02-04,10749,손절,2,-4492,-0.049726,0.071623,-0.050595,0.215517,87070884000.0,0.114625,5834092397.0,12.37655,0.1417,0.052305,-0.007659,-0.001063,위,5일 하락,6) +20% 이상,"3) 500억 ~ 1,000억",4) +10% 이상,5) 10배 이상,양봉
2025,2025-01,2025-01-31,금,304100,솔트룩스,27678,3,83033,2025-02-05,33250,익절,3,16540,0.199198,0.215782,-0.004612,0.181624,81093772550.0,0.106,5215837835.0,13.067604,0.13786,0.016275,-0.007659,-0.001063,위,5일 하락,5) +15% ~ +20%,"3) 500억 ~ 1,000억",4) +10% 이상,5) 10배 이상,양봉
2025,2025-01,2025-01-31,금,394800,쓰리빌리언,5566,17,94615,2025-02-06,6680,익절,4,18744,0.198108,0.248751,-0.035138,0.049057,45073919200.0,0.027726,15315373065.75,2.75068,0.039252,0.041367,-0.007659,-0.001063,위,5일 하락,2) +3% ~ +5%,2) 300억 ~ 500억,2) +2% ~ +5%,2) 2배 ~ 3배,양봉
2025,2025-02,2025-02-05,수,047560,이스트소프트,26226,3,78679,2025-02-07,24925,손절,2,-4039,-0.051331,-0.002905,-0.079165,0.075975,74094045400.0,0.017476,22190940307.5,3.082257,0.037624,0.040076,0.011113,-0.002473,위,5일 하락,3) +5% ~ +10%,"3) 500억 ~ 1,000억",1) +2% 미만,3) 3배 ~ 5배,양봉
2025,2025-02,2025-02-05,수,323410,카카오뱅크,22873,4,91491,2025-04-02,21728,손절,39,-4736,-0.051759,0.112673,-0.053463,0.07277,68208758100.0,0.050575,12783228485.0,4.940906,0.043379,0.013129,0.011113,-0.002473,위,5일 하락,3) +5% ~ +10%,"3) 500억 ~ 1,000억",3) +5% ~ +10%,3) 3배 ~ 5배,양봉
2025,2025-02,2025-02-06,목,267250,HD현대,86787,1,86787,2025-02-07,82617,손절,1,-4319,-0.049763,-0.002151,-0.100093,0.063804,53499362100.0,0.02,12276413305.0,4.187839,0.067734,0.017301,0.010951,-2e-05,위,5일 하락,3) +5% ~ +10%,"3) 500억 ~ 1,000억",2) +2% ~ +5%,3) 3배 ~ 5배,양봉
2025,2025-02,2025-02-06,목,034220,LG디스플레이,9690,10,96897,2025-02-10,9221,손절,2,-4856,-0.050113,-0.009255,-0.051568,0.059081,26203479280.0,0.027601,9730167285.0,2.532186,0.053319,0.0,0.010951,-2e-05,위,5일 하락,3) +5% ~ +10%,1) 300억 미만,2) +2% ~ +5%,2) 2배 ~ 3배,양봉
2025,2025-02,2025-02-06,목,375500,DL이앤씨,35185,2,70370,2025-02-26,42250,익절,14,13980,0.198659,0.205054,-0.006683,0.13754,22078980400.0,0.079877,4308985990.0,4.587476,0.132045,0.018492,0.010951,-2e-05,위,5일 하락,4) +10% ~ +15%,1) 300억 미만,3) +5% ~ +10%,3) 3배 ~ 5배,양봉
2025,2025-02,2025-02-07,금,464080,에스오에스랩,15425,6,92552,2025-02-12,14685,손절,3,-4600,-0.049701,0.076146,-0.098889,0.20579,291427401570.0,0.052596,44933746796.0,5.697102,0.170973,0.065542,-0.005846,0.001807,위,5일 상승,6) +20% 이상,"5) 2,000억 이상",3) +5% ~ +10%,4) 5배 ~ 10배,양봉
2025,2025-02,2025-02-07,금,000990,DB하이텍,38939,2,77878,2025-02-20,46750,익절,9,15456,0.198468,0.207019,0.000285,0.168168,82449755900.0,0.119424,5674125237.5,12.459408,0.157738,0.012853,-0.005846,0.001807,위,5일 상승,5) +15% ~ +20%,"3) 500억 ~ 1,000억",4) +10% 이상,5) 10배 이상,양봉
2025,2025-02,2025-02-10,월,424960,스마트레이더시스템,14114,7,98799,2025-03-05,13437,손절,16,-4913,-0.049726,0.19951,-0.063348,0.087963,29504080800.0,0.019523,8043344309.0,3.364007,-0.020833,0.026241,-0.000258,0.027433,위,5일 상승,3) +5% ~ +10%,1) 300억 미만,1) +2% 미만,3) 3배 ~ 5배,음봉·보합
2025,2025-02,2025-02-12,수,288330,파라택시스코리아,5455,18,98198,2025-02-14,5185,손절,2,-5040,-0.051327,0.035662,-0.209048,0.211111,49831437350.0,0.174569,4664186831.75,8.348845,0.169528,0.040367,0.003679,0.01559,위,5일 상승,6) +20% 이상,2) 300억 ~ 500억,4) +10% 이상,4) 5배 ~ 10배,양봉
2025,2025-02,2025-02-13,목,047810,한국항공우주,55055,1,55055,2025-02-20,66100,익절,5,10928,0.198487,0.220598,-0.024612,0.018519,104186390000.0,0.01476,44083386935.0,2.257842,0.024209,0.007273,0.013648,0.018299,위,5일 상승,1) +3% 미만,"4) 1,000억 ~ 2,000억",1) +2% 미만,2) 2배 ~ 3배,양봉
2025,2025-02,2025-02-14,금,005930,삼성전자,56056,1,56056,2025-03-07,53347,손절,14,-2806,-0.050054,0.054303,-0.047381,0.003584,1342867624000.0,0.003584,1106898861480.0,1.166154,0.0,0.023214,0.003051,0.027412,위,5일 상승,1) +3% 미만,"5) 2,000억 이상",1) +2% 미만,1) 2배 미만,음봉·보합
2025,2025-02,2025-02-19,수,047050,포스코인터내셔널,43844,2,87688,2025-02-26,52700,익절,5,17525,0.199861,0.21796,-0.008982,0.056695,148744143000.0,0.011547,19400765062.5,7.268178,0.049102,0.089041,0.017021,0.048317,위,5일 상승,3) +5% ~ +10%,"4) 1,000억 ~ 2,000억",1) +2% 미만,4) 5배 ~ 10배,양봉
2025,2025-02,2025-02-19,수,082740,한화엔진,26627,3,79880,2025-02-20,25325,손절,1,-4043,-0.050616,-0.012266,-0.109913,0.025048,133383439000.0,0.025048,99509764580.0,1.218196,0.017208,0.031955,0.017021,0.048317,위,5일 상승,1) +3% 미만,"4) 1,000억 ~ 2,000억",2) +2% ~ +5%,1) 2배 미만,양봉
2025,2025-02,2025-02-20,목,094480,갤럭시아머니트리,8398,11,92382,2025-02-21,7742,손절,1,-7372,-0.079798,-0.068869,-0.109353,0.04875,26080205930.0,0.01697,4452581508.5,5.505936,0.040943,0.045292,-0.006536,0.027443,위,5일 상승,2) +3% ~ +5%,1) 300억 미만,1) +2% 미만,4) 5배 ~ 10배,양봉
2025,2025-02,2025-02-21,금,086520,에코프로,67267,1,67267,2025-02-28,64036,손절,5,-3347,-0.049758,0.019814,-0.091682,0.061611,178624723200.0,0.03864,50497716895.0,3.229201,0.045101,0.02381,0.000196,0.024519,위,5일 상승,3) +5% ~ +10%,"4) 1,000억 ~ 2,000억",2) +2% ~ +5%,3) 3배 ~ 5배,양봉
2025,2025-02,2025-02-21,금,456070,이엔셀,20721,4,82883,2025-02-25,19650,손절,2,-4424,-0.053372,0.015892,-0.076769,0.143646,159948196200.0,0.080376,6394344556.5,21.923108,0.126224,0.101449,0.000196,0.024519,위,5일 상승,4) +10% ~ +15%,"4) 1,000억 ~ 2,000억",3) +5% ~ +10%,5) 10배 이상,양봉
2025,2025-02,2025-02-21,금,439090,마녀공장,18889,5,94444,2025-04-07,17982,손절,30,-4697,-0.049732,0.175295,-0.087823,0.081375,126370427520.0,0.051839,4430896352.0,26.12413,0.057143,0.067833,0.000196,0.024519,위,5일 상승,3) +5% ~ +10%,"4) 1,000억 ~ 2,000억",3) +5% ~ +10%,5) 10배 이상,양봉
2025,2025-02,2025-02-25,화,018290,브이티,37437,2,74875,2025-02-26,35614,손절,1,-3775,-0.050416,-0.013019,-0.086475,0.008086,50593897200.0,0.006729,41993042820.0,1.135208,0.012179,0.029412,-0.005663,0.001325,위,5일 상승,1) +3% 미만,"3) 500억 ~ 1,000억",1) +2% 미만,1) 2배 미만,양봉
2025,2025-02,2025-02-26,수,068760,셀트리온제약,56356,1,56356,2025-03-04,53646,손절,3,-2807,-0.049808,0.007873,-0.048908,0.088975,74385699400.0,0.052336,8247060895.0,8.398691,0.076482,0.017762,0.004106,-0.011391,위,5일 하락,3) +5% ~ +10%,"3) 500억 ~ 1,000억",3) +5% ~ +10%,4) 5배 ~ 10배,양봉
2025,2025-02,2025-02-27,목,459100,위츠,9329,10,93293,2025-02-28,8881,손절,1,-4643,-0.049764,0.011864,-0.067456,0.131068,95751620280.0,0.109524,3994404683.0,21.079188,0.128329,0.062232,-0.007323,-0.012174,위,5일 하락,4) +10% ~ +15%,"3) 500억 ~ 1,000억",4) +10% 이상,5) 10배 이상,양봉
2025,2025-02,2025-02-27,목,086960,MDS테크,3304,30,99113,2025-02-28,3142,손절,1,-5027,-0.050725,-0.022963,-0.072194,0.014615,41231222464.0,0.007639,4600215683.75,8.691161,-0.00976,0.128127,-0.007323,-0.012174,위,5일 하락,1) +3% 미만,2) 300억 ~ 500억,1) +2% 미만,4) 5배 ~ 10배,음봉·보합
2025,2025-02,2025-02-28,금,005010,휴스틸,4900,20,97998,2025-03-04,5880,익절,1,19393,0.197896,0.23472,-0.016305,0.092634,62494039135.0,0.078194,3508475114.75,15.966176,0.102477,0.052094,-0.033935,-0.045883,아래,5일 하락,3) +5% ~ +10%,"3) 500억 ~ 1,000억",3) +5% ~ +10%,5) 10배 이상,양봉
2025,2025-02,2025-02-28,금,253840,수젠텍,6887,14,96416,2025-03-04,6553,손절,1,-4834,-0.050137,-0.035848,-0.095381,0.044006,34307587840.0,0.042424,6001796723.0,5.316934,0.045593,0.090116,-0.033935,-0.045883,아래,5일 하락,2) +3% ~ +5%,2) 300억 ~ 500억,2) +2% ~ +5%,4) 5배 ~ 10배,양봉
2025,2025-02,2025-02-28,금,161890,한국콜마,61461,1,61461,2025-04-16,73800,익절,32,12208,0.198622,0.220278,-0.043302,0.013201,30379000800.0,0.006557,14205736610.0,2.043824,0.028476,0.016287,-0.033935,-0.045883,아래,5일 하락,1) +3% 미만,2) 300억 ~ 500억,1) +2% 미만,2) 2배 ~ 3배,양봉
2025,2025-03,2025-03-05,수,333430,일승,5105,19,96997,2025-03-07,4860,손절,2,-4821,-0.049705,0.069519,-0.047031,0.119649,47872532100.0,0.022044,8809360888.25,5.07865,0.119649,0.035294,0.01155,-0.027434,아래,5일 하락,4) +10% ~ +15%,2) 300억 ~ 500억,2) +2% ~ +5%,4) 5배 ~ 10배,양봉
2025,2025-03,2025-03-05,수,452280,한선엔지니어링,8529,11,93814,2025-03-06,8112,손절,1,-4744,-0.050572,-0.000999,-0.080731,0.194951,39783509520.0,0.081218,4251416624.5,8.29298,0.183333,0.019953,0.01155,-0.027434,아래,5일 하락,5) +15% ~ +20%,2) 300억 ~ 500억,3) +5% ~ +10%,4) 5배 ~ 10배,양봉
2025,2025-03,2025-03-10,월,035720,카카오,45445,2,90891,2025-03-13,43257,손절,3,-4534,-0.049882,-0.015302,-0.068113,0.037714,182080876800.0,0.006652,189827205125.0,0.886425,0.043678,0.012115,0.002696,0.014849,아래,5일 상승,2) +3% ~ +5%,"4) 1,000억 ~ 2,000억",1) +2% 미만,1) 2배 미만,양봉
2025,2025-03,2025-03-10,월,010950,S-Oil,62262,1,62262,2025-03-14,59241,손절,4,-3129,-0.050249,-0.015454,-0.054001,0.087413,46457926400.0,0.011382,8382762295.0,5.220105,0.070568,0.003215,0.002696,0.014849,아래,5일 상승,3) +5% ~ +10%,2) 300억 ~ 500억,1) +2% 미만,4) 5배 ~ 10배,양봉
2025,2025-03,2025-03-10,월,035250,강원랜드,16987,5,84935,2025-04-03,15405,손절,18,-8052,-0.094799,0.004299,-0.098132,0.050774,23507828260.0,0.030984,6519421898.0,3.426868,0.026618,0.001768,0.002696,0.014849,아래,5일 상승,3) +5% ~ +10%,1) 300억 미만,2) +2% ~ +5%,3) 3배 ~ 5배,양봉
2025,2025-03,2025-03-11,화,000270,기아,98498,1,98498,2025-03-18,93207,손절,5,-5460,-0.055435,0.028443,-0.052776,0.004082,111895166400.0,0.004082,119460201075.0,0.901428,0.023933,0.001016,-0.012757,0.003432,아래,5일 상승,1) +3% 미만,"4) 1,000억 ~ 2,000억",1) +2% 미만,1) 2배 미만,양봉
2025,2025-03,2025-03-12,수,352480,씨앤씨인터내셔널,41491,2,82983,2025-03-28,39460,손절,12,-4205,-0.050668,0.15084,-0.049202,0.261796,64253800400.0,0.076623,3530675427.5,16.068322,0.261796,0.018094,0.014667,0.006524,아래,5일 상승,6) +20% 이상,"3) 500억 ~ 1,000억",3) +5% ~ +10%,5) 10배 이상,양봉
2025,2025-03,2025-03-12,수,001450,현대해상,24775,4,99099,2025-03-13,23576,손절,1,-4964,-0.05009,0.005056,-0.059526,0.109865,30364834500.0,0.002024,8138229617.5,3.563535,0.109865,0.026263,0.014667,0.006524,아래,5일 상승,4) +10% ~ +15%,2) 300억 ~ 500억,1) +2% 미만,3) 3배 ~ 5배,양봉
2025,2025-03,2025-03-12,수,241560,두산밥캣,51351,1,51351,2025-03-27,48851,손절,11,-2589,-0.050408,0.008738,-0.056499,0.019881,24136137000.0,0.017857,20518054742.5,1.111608,0.005882,0.02729,0.014667,0.006524,아래,5일 상승,1) +3% 미만,1) 300억 미만,1) +2% 미만,1) 2배 미만,양봉
2025,2025-03,2025-03-13,목,115500,케이씨에스,12462,7,87237,2025-03-21,11488,손절,6,-6963,-0.079822,0.167507,-0.080438,0.171214,127940495250.0,0.012195,5111459538.0,23.451572,0.076059,0.084337,-0.000458,-0.000978,아래,5일 하락,5) +15% ~ +20%,"4) 1,000억 ~ 2,000억",1) +2% 미만,5) 10배 이상,양봉
2025,2025-03,2025-03-13,목,452190,한빛레이저,6837,14,95716,2025-03-20,6503,손절,5,-4831,-0.050476,0.196461,-0.049267,0.085851,46850986040.0,0.025526,30783150075.5,1.391962,0.08758,0.010249,-0.000458,-0.000978,아래,5일 하락,3) +5% ~ +10%,2) 300억 ~ 500억,2) +2% ~ +5%,1) 2배 미만,양봉
2025,2025-03,2025-03-14,금,356680,엑스게이트,9439,10,94394,2025-03-19,8981,손절,3,-4747,-0.050284,0.080574,-0.064562,0.057175,28445670440.0,0.020563,14899011198.5,1.774155,0.030601,0.007423,-0.002829,0.001123,아래,5일 상승,3) +5% ~ +10%,1) 300억 미만,2) +2% ~ +5%,1) 2배 미만,양봉
2025,2025-03,2025-03-18,화,290690,아리바이오홀딩스,4915,20,98298,2025-03-19,4675,손절,1,-4961,-0.050467,0.021382,-0.078315,0.169048,80234177430.0,0.155294,30165802753.0,1.758397,0.166271,0.04888,0.000632,0.029453,위,5일 상승,5) +15% ~ +20%,"3) 500억 ~ 1,000억",4) +10% 이상,1) 2배 미만,양봉
2025,2025-03,2025-03-19,수,450140,코오롱모빌리티그룹,3093,32,98979,2025-03-25,3715,익절,4,19690,0.198933,0.296438,-0.02848,0.136029,34943175390.0,0.089947,5417943659.0,5.660394,0.136029,0.032362,0.006232,0.020895,위,5일 상승,4) +10% ~ +15%,2) 300억 ~ 500억,3) +5% ~ +10%,4) 5배 ~ 10배,양봉
2025,2025-03,2025-03-21,금,067310,하나마이크론,13493,7,94454,2025-03-25,12837,손절,2,-4757,-0.05036,0.016046,-0.063251,0.098615,156503905360.0,0.098615,10909914296.0,12.222437,0.093268,0.049703,0.002287,0.029914,위,5일 상승,3) +5% ~ +10%,"4) 1,000억 ~ 2,000억",3) +5% ~ +10%,5) 10배 이상,양봉
2025,2025-03,2025-03-21,금,356860,티엘비,10977,9,98793,2025-03-27,10450,손절,4,-4918,-0.049776,0.12279,-0.061808,0.193565,156037934000.0,0.052632,10160067728.0,13.444174,0.19171,0.078261,0.002287,0.029914,위,5일 상승,5) +15% ~ +20%,"4) 1,000억 ~ 2,000억",3) +5% ~ +10%,5) 10배 이상,양봉
2025,2025-03,2025-03-21,금,055550,신한지주,47848,2,95696,2025-04-07,44955,손절,11,-5948,-0.062159,0.025126,-0.077283,0.005258,83785369600.0,0.003148,75948727130.0,1.070387,0.020277,0.006276,0.002287,0.029914,위,5일 상승,1) +3% 미만,"3) 500억 ~ 1,000억",1) +2% 미만,1) 2배 미만,양봉
2025,2025-03,2025-03-25,화,086790,하나금융지주,62663,1,62663,2025-03-31,59640,손절,4,-3130,-0.049952,0.008576,-0.053662,0.0016,29261243200.0,0.0016,59385381935.0,0.477896,0.009677,0.0,-0.006178,0.001328,위,5일 상승,1) +3% 미만,1) 300억 미만,1) +2% 미만,1) 2배 미만,양봉
2025,2025-03,2025-03-26,수,066570,LG전자,84885,1,84885,2025-03-28,80719,손절,2,-4312,-0.050793,-0.011602,-0.062258,0.024155,61988800000.0,0.016787,45306255670.0,1.307331,0.013142,0.007075,0.010754,0.005828,위,5일 상승,1) +3% 미만,"3) 500억 ~ 1,000억",1) +2% 미만,1) 2배 미만,양봉
2025,2025-03,2025-03-27,목,084690,대상홀딩스,12983,7,90881,2025-03-28,12358,손절,1,-4534,-0.049887,-0.014093,-0.074942,0.162186,108604774890.0,0.05705,5890467620.5,16.582869,0.158036,0.033153,-0.013915,-0.011357,위,5일 하락,5) +15% ~ +20%,"4) 1,000억 ~ 2,000억",3) +5% ~ +10%,5) 10배 이상,양봉
2025,2025-03,2025-03-27,목,088340,유라클,12002,8,96016,2025-04-01,14410,익절,3,19059,0.198503,0.257291,0.001501,0.033621,31069890830.0,0.029185,5420060929.5,5.527515,0.002508,0.099249,-0.013915,-0.011357,위,5일 하락,2) +3% ~ +5%,2) 300억 ~ 500억,2) +2% ~ +5%,4) 5배 ~ 10배,양봉
2025,2025-03,2025-03-31,월,000720,현대건설,35986,2,71972,2025-04-07,34216,손절,5,-3664,-0.05091,0.014285,-0.056576,0.036023,56216417050.0,0.001393,26342344560.0,2.023091,0.040521,0.006954,-0.030047,-0.05735,아래,5일 하락,2) +3% ~ +5%,"3) 500억 ~ 1,000억",1) +2% 미만,2) 2배 ~ 3배,양봉
2025,2025-04,2025-04-02,수,388720,유일로보틱스,72372,1,72372,2025-04-03,86900,익절,1,14373,0.198604,0.285022,0.063943,0.171799,92677176600.0,0.071111,14601074530.0,5.601435,-0.075448,0.094053,-0.006159,-0.052225,아래,5일 하락,5) +15% ~ +20%,"3) 500억 ~ 1,000억",3) +5% ~ +10%,4) 5배 ~ 10배,음봉·보합
2025,2025-04,2025-04-03,목,017960,한국카본,16567,6,99399,2025-04-24,19880,익절,15,19669,0.197878,0.225361,-0.046875,0.085246,30436476100.0,0.021605,9783411614.0,2.846665,0.101864,0.0,-0.007646,-0.0462,아래,5일 하락,3) +5% ~ +10%,2) 300억 ~ 500억,2) +2% ~ +5%,2) 2배 ~ 3배,양봉
2025,2025-04,2025-04-04,금,014160,대영포장,1777,56,99499,2025-04-08,2135,익절,2,19848,0.199483,0.395787,-0.010567,0.24912,74264297775.0,0.210778,3701836272.9,15.938955,0.241259,0.015211,-0.008558,-0.036185,아래,5일 하락,6) +20% 이상,"3) 500억 ~ 1,000억",4) +10% 이상,5) 10배 이상,양봉
2025,2025-04,2025-04-04,금,007110,일신석재,2217,44,97557,2025-05-02,2108,손절,19,-4978,-0.051026,0.111755,-0.059631,0.075243,48599948490.0,0.075243,6389884221.85,6.890296,0.075243,0.045147,-0.008558,-0.036185,아래,5일 하락,3) +5% ~ +10%,2) 300억 ~ 500억,3) +5% ~ +10%,4) 5배 ~ 10배,양봉
2025,2025-04,2025-04-07,월,304100,솔트룩스,28478,3,85435,2025-04-11,34200,익절,4,16983,0.198777,0.220221,-0.013289,0.173196,82538400300.0,0.122288,4686404462.5,14.411328,0.182952,0.059754,-0.055658,-0.061633,아래,5일 하락,5) +15% ~ +20%,"3) 500억 ~ 1,000억",4) +10% 이상,5) 10배 이상,양봉
2025,2025-04,2025-04-07,월,000910,유니온,6006,16,96096,2025-04-09,7210,익절,2,19059,0.198335,0.223776,-0.039294,0.111111,60339198000.0,0.065719,3732199322.25,14.117908,-0.049128,0.073333,-0.055658,-0.061633,아래,5일 하락,4) +10% ~ +15%,"3) 500억 ~ 1,000억",3) +5% ~ +10%,5) 10배 이상,음봉·보합
2025,2025-04,2025-04-07,월,094480,갤럭시아머니트리,8348,11,91832,2025-04-09,7942,손절,2,-4627,-0.050387,0.039728,-0.0561,0.023313,21610182660.0,0.018315,3478482201.5,5.825547,-0.033604,0.044365,-0.055658,-0.061633,아래,5일 하락,1) +3% 미만,1) 300억 미만,1) +2% 미만,4) 5배 ~ 10배,음봉·보합
2025,2025-04,2025-04-08,화,241520,DSC인베스트먼트,5896,16,94334,2025-04-14,8410,익절,4,39990,0.423914,0.426417,-0.014568,0.084715,106266631970.0,0.057451,22930917924.25,4.040525,0.107143,0.057725,0.00259,-0.074229,아래,5일 하락,3) +5% ~ +10%,"4) 1,000억 ~ 2,000억",3) +5% ~ +10%,3) 3배 ~ 5배,양봉
2025,2025-04,2025-04-09,수,047560,이스트소프트,19740,5,98699,2025-04-14,24400,익절,3,23085,0.233897,0.317141,0.007106,0.042283,26590645200.0,0.041733,6707686146.0,3.697839,-0.013013,0.04716,-0.017363,-0.084666,아래,5일 하락,2) +3% ~ +5%,1) 300억 미만,2) +2% ~ +5%,3) 3배 ~ 5배,음봉·보합
2025,2025-04,2025-04-10,목,257720,실리콘투,29529,3,88588,2025-04-28,35550,익절,12,17872,0.201744,0.230972,-0.016238,0.090573,56767322000.0,0.029668,36148997335.0,1.467475,0.018998,0.040678,0.065989,-0.016745,아래,5일 하락,3) +5% ~ +10%,"3) 500억 ~ 1,000억",2) +2% ~ +5%,1) 2배 미만,양봉
2025,2025-04,2025-04-10,목,015760,한국전력,22973,4,91892,2025-05-16,27600,익절,23,18312,0.199281,0.223178,-0.005352,0.02,56463081750.0,0.015487,31812680892.5,1.713372,0.02,0.0,0.065989,-0.016745,아래,5일 하락,1) +3% 미만,"3) 500억 ~ 1,000억",1) +2% 미만,1) 2배 미만,양봉
2025,2025-04,2025-04-11,금,097230,HJ중공업,8258,12,99099,2025-04-15,7862,손절,2,-4924,-0.049687,0.040172,-0.054279,0.199128,98363793000.0,0.039043,10287058429.0,8.000052,0.128591,0.033939,-0.005047,-0.013263,아래,5일 하락,5) +15% ~ +20%,"3) 500억 ~ 1,000억",2) +2% ~ +5%,4) 5배 ~ 10배,양봉
2025,2025-04,2025-04-11,금,071970,HD현대마린엔진,31231,3,93694,2025-04-28,37650,익절,11,19056,0.203386,0.237545,0.03102,0.108348,81422546400.0,0.057627,17762221957.5,4.075294,0.089005,0.027244,-0.005047,-0.013263,아래,5일 하락,4) +10% ~ +15%,"3) 500억 ~ 1,000억",3) +5% ~ +10%,3) 3배 ~ 5배,양봉
2025,2025-04,2025-04-14,월,382150,온코크로스,12643,7,88498,2025-04-18,15180,익절,4,17573,0.198568,0.297198,-0.000999,0.105954,186584114070.0,0.02934,28959115343.0,5.694702,0.11474,0.07601,0.009524,0.054845,아래,5일 상승,4) +10% ~ +15%,"4) 1,000억 ~ 2,000억",2) +2% ~ +5%,4) 5배 ~ 10배,양봉
2025,2025-04,2025-04-14,월,408900,스튜디오미르,3789,26,98508,2025-04-18,3606,손절,4,-4912,-0.049861,0.095338,-0.052467,0.057263,68390593465.0,0.032742,7992472926.25,7.760994,0.089209,0.103038,0.009524,0.054845,아래,5일 상승,3) +5% ~ +10%,"3) 500억 ~ 1,000억",2) +2% ~ +5%,4) 5배 ~ 10배,양봉
2025,2025-04,2025-04-14,월,030520,한컴,22072,4,88288,2025-04-16,20979,손절,2,-4524,-0.05124,0.026185,-0.050836,0.123853,46197682650.0,0.086207,3896199670.0,10.25356,0.088889,0.052154,0.009524,0.054845,아래,5일 상승,4) +10% ~ +15%,2) 300억 ~ 500억,3) +5% ~ +10%,5) 10배 이상,양봉
2025,2025-04,2025-04-15,화,090710,휴림로봇,2147,46,98769,2025-04-16,2043,손절,1,-4963,-0.050245,0.00133,-0.05223,0.112552,89663531100.0,0.002336,8598421539.15,9.429921,0.1,0.095571,0.008763,0.061339,아래,5일 상승,4) +10% ~ +15%,"3) 500억 ~ 1,000억",1) +2% 미만,4) 5배 ~ 10배,양봉
2025,2025-04,2025-04-16,수,411080,샌즈랩,8789,11,96677,2025-04-18,8362,손절,2,-4865,-0.050322,0.00469,-0.063579,0.070732,90678268380.0,0.02093,3382558890.5,23.760096,0.050239,0.101367,-0.012101,0.067023,아래,5일 상승,3) +5% ~ +10%,"3) 500억 ~ 1,000억",2) +2% ~ +5%,5) 10배 이상,양봉
2025,2025-04,2025-04-16,수,017670,SK텔레콤,57858,1,57858,2025-04-28,55045,손절,8,-2912,-0.050337,0.016285,-0.085689,0.02847,51718862000.0,0.0194,25730631430.0,1.939342,0.024823,0.0,-0.012101,0.067023,아래,5일 상승,1) +3% 미만,"3) 500억 ~ 1,000억",1) +2% 미만,1) 2배 미만,양봉
2025,2025-04,2025-04-17,목,009830,한화솔루션,20867,4,83466,2025-04-24,25050,익절,5,16556,0.198357,0.243101,-0.01908,0.105,146937463400.0,0.047393,22604446483.0,5.874062,0.070218,0.020362,0.009389,0.010368,아래,5일 상승,4) +10% ~ +15%,"4) 1,000억 ~ 2,000억",2) +2% ~ +5%,4) 5배 ~ 10배,양봉
2025,2025-04,2025-04-18,금,347850,디앤디파마텍,14880,6,89279,2025-05-02,17860,익절,9,17691,0.198155,0.268092,-0.036317,0.164706,116307160199.99998,0.146718,6545558705.0,14.278871,0.068345,0.043771,0.005266,0.020841,아래,5일 상승,5) +15% ~ +20%,"4) 1,000억 ~ 2,000억",4) +10% 이상,5) 10배 이상,양봉
2025,2025-04,2025-04-18,금,105560,KB금융,82482,1,82482,2025-05-23,99000,익절,22,16342,0.198126,0.20753,-0.013123,0.026152,98854373600.0,0.006105,98911047995.0,0.939962,0.031289,0.002427,0.005266,0.020841,아래,5일 상승,1) +3% 미만,"3) 500억 ~ 1,000억",1) +2% 미만,1) 2배 미만,양봉
2025,2025-04,2025-04-18,금,052690,한전기술,62562,1,62562,2025-05-07,59540,손절,10,-3130,-0.050026,0.136464,-0.048951,0.09075,20587812500.0,0.019576,4958602005.0,3.739539,0.064736,0.024,0.005266,0.020841,아래,5일 상승,3) +5% ~ +10%,1) 300억 미만,1) +2% 미만,3) 3배 ~ 5배,양봉
2025,2025-04,2025-04-24,목,042660,한화오션,80981,1,80981,2025-04-30,77023,손절,4,-4097,-0.050595,0.176821,-0.057803,0.012516,211683263600.0,0.009988,176656904995.0,1.078104,0.004969,0.018541,-0.001279,0.021017,위,5일 상승,1) +3% 미만,"5) 2,000억 이상",1) +2% 미만,1) 2배 미만,양봉
2025,2025-04,2025-04-24,목,034020,두산에너빌리티,26927,3,80781,2025-05-07,25125,손절,6,-5543,-0.068613,0.110414,-0.06599,0.04466,192384227000.0,0.03263,112791631932.5,1.496712,0.04466,0.001859,-0.001279,0.021017,위,5일 상승,2) +3% ~ +5%,"4) 1,000억 ~ 2,000억",2) +2% ~ +5%,1) 2배 미만,양봉
2025,2025-04,2025-04-28,월,489790,한화비전,60060,1,60060,2025-04-29,57143,손절,1,-3020,-0.050291,0.003996,-0.059274,0.067616,186164280000.0,0.052632,67280010270.0,2.459259,0.060071,0.036667,0.001005,0.024289,위,5일 상승,3) +5% ~ +10%,"4) 1,000억 ~ 2,000억",3) +5% ~ +10%,2) 2배 ~ 3배,양봉
2025,2025-04,2025-04-28,월,008770,호텔신라,44144,2,88288,2025-06-11,53000,익절,27,17524,0.198482,0.200613,-0.036111,0.127877,54898414200.0,0.088889,5193464320.0,9.234292,0.110831,0.003401,0.001005,0.024289,위,5일 상승,4) +10% ~ +15%,"3) 500억 ~ 1,000억",3) +5% ~ +10%,4) 5배 ~ 10배,양봉
2025,2025-04,2025-04-28,월,086790,하나금융지주,62062,1,62062,2025-06-04,74500,익절,23,12306,0.198282,0.200412,-0.004222,0.013072,38680560000.0,0.009772,51195314915.0,0.694696,0.006494,0.003226,0.001005,0.024289,위,5일 상승,1) +3% 미만,2) 300억 ~ 500억,1) +2% 미만,1) 2배 미만,양봉
2025,2025-04,2025-04-29,화,098460,고영,13904,7,97327,2025-05-08,16690,익절,4,19295,0.198253,0.285971,-0.01826,0.079254,112938367680.0,0.002165,11737820864.0,9.14774,0.03118,0.044636,0.006497,0.031681,위,5일 상승,3) +5% ~ +10%,"4) 1,000억 ~ 2,000억",1) +2% 미만,4) 5배 ~ 10배,양봉
2025,2025-05,2025-05-02,금,007660,이수페타시스,36737,2,73473,2025-06-11,44100,익절,24,14570,0.198304,0.242627,-0.009165,0.152276,142225198200.0,0.033803,28566771387.5,4.390821,0.112121,0.016349,0.001244,0.014851,위,5일 상승,5) +15% ~ +20%,"4) 1,000억 ~ 2,000억",2) +2% ~ +5%,3) 3배 ~ 5배,양봉
2025,2025-05,2025-05-07,수,003490,대한항공,22673,4,90691,2025-06-13,21578,손절,25,-4533,-0.049983,0.036491,-0.062747,0.078571,116146391400.0,0.051044,18784391112.5,5.662016,0.027211,0.013245,0.005473,0.0108,위,5일 상승,3) +5% ~ +10%,"4) 1,000억 ~ 2,000억",3) +5% ~ +10%,4) 5배 ~ 10배,양봉
2025,2025-05,2025-05-07,수,028300,HLB,58859,1,58859,2025-05-16,55944,손절,7,-3016,-0.05124,0.012593,-0.058764,0.02439,33011907600.0,0.020833,29895451810.0,1.02662,0.013793,0.006803,0.005473,0.0108,위,5일 상승,1) +3% 미만,2) 300억 ~ 500억,2) +2% ~ +5%,1) 2배 미만,양봉
2025,2025-05,2025-05-07,수,402340,SK스퀘어,92392,1,92392,2025-05-28,110900,익절,15,18311,0.198186,0.22034,-0.003164,0.010953,25430680600.0,0.010953,24707052675.0,0.935068,-0.025343,0.026002,0.005473,0.0108,위,5일 상승,1) +3% 미만,1) 300억 미만,1) +2% 미만,1) 2배 미만,음봉·보합
2025,2025-05,2025-05-08,목,451250,삐아,12452,7,87167,2025-05-12,11848,손절,2,-4380,-0.050249,-0.008227,-0.055607,0.139194,86795235960.0,0.094107,3762393438.0,19.91452,0.139194,0.065916,0.002207,0.012013,위,5일 상승,4) +10% ~ +15%,"3) 500억 ~ 1,000억",3) +5% ~ +10%,5) 10배 이상,양봉
2025,2025-05,2025-05-08,목,028050,삼성E&A,20020,4,80080,2025-07-04,24050,익절,39,15949,0.199167,0.243756,-0.015984,0.026694,21290980000.0,0.015744,14042728958.5,1.440904,0.02459,0.01,0.002207,0.012013,위,5일 상승,1) +3% 미만,1) 300억 미만,1) +2% 미만,1) 2배 미만,양봉
2025,2025-05,2025-05-12,월,005930,삼성전자,57658,1,57658,2025-05-22,54845,손절,8,-2912,-0.050499,0.016345,-0.054765,0.051095,887886835200.0,0.017668,706601922475.0,1.203224,0.043478,0.0,0.011664,0.019839,위,5일 상승,3) +5% ~ +10%,"5) 2,000억 이상",1) +2% 미만,1) 2배 미만,양봉
2025,2025-05,2025-05-22,목,241710,코스메카코리아,49600,2,99199,2025-06-18,59600,익절,17,19789,0.199491,0.215737,-0.033257,0.112233,27299126550.0,0.034447,5776612747.5,4.241326,0.117249,0.019173,-0.012154,-0.010563,위,5일 하락,4) +10% ~ +15%,1) 300억 미만,2) +2% ~ +5%,3) 3배 ~ 5배,양봉
2025,2025-05,2025-05-26,월,092790,넥스틸,15465,6,92793,2025-05-30,14715,손절,4,-4661,-0.050227,0.018399,-0.048201,0.065517,21661069950.0,0.012451,8117041251.0,2.387883,0.064783,0.004531,0.020181,0.015741,위,5일 상승,3) +5% ~ +10%,1) 300억 미만,1) +2% 미만,2) 2배 ~ 3배,양봉
2025,2025-05,2025-05-26,월,010950,S-Oil,53654,1,53654,2025-06-13,64400,익절,12,10632,0.198162,0.246887,0.00832,0.057199,21659063200.0,0.015152,7380243365.0,2.838415,0.057199,0.0,0.020181,0.015741,위,5일 상승,3) +5% ~ +10%,1) 300억 미만,1) +2% 미만,2) 2배 ~ 3배,양봉
2025,2025-05,2025-05-27,화,298380,에이비엘바이오,82683,1,82683,2025-05-29,78621,손절,2,-4203,-0.050838,0.005048,-0.082032,0.225519,341363250200.0,0.197101,52810040870.0,5.027445,0.211144,0.016949,-0.002715,0.013614,위,5일 상승,6) +20% 이상,"5) 2,000억 이상",4) +10% 이상,4) 5배 ~ 10배,양봉
2025,2025-05,2025-05-30,금,226950,올릭스,54354,1,54354,2025-06-02,51648,손절,1,-2799,-0.051502,0.048675,-0.061712,0.083832,78894587700.0,0.044231,22969641947.5,3.019974,0.071006,0.009208,-0.008443,0.040732,위,5일 상승,3) +5% ~ +10%,"3) 500억 ~ 1,000억",2) +2% ~ +5%,3) 3배 ~ 5배,양봉
2025,2025-05,2025-05-30,금,234920,자이글,4865,20,97297,2025-06-02,4630,손절,1,-4857,-0.049922,0.107946,-0.057527,0.003096,33101508600.0,0.003096,3952232432.0,7.70897,-0.022133,0.18107,-0.008443,0.040732,위,5일 상승,1) +3% 미만,2) 300억 ~ 500억,1) +2% 미만,4) 5배 ~ 10배,음봉·보합
2025,2025-06,2025-06-02,월,304100,솔트룩스,34885,2,69770,2025-06-04,41900,익절,1,13882,0.198963,0.236927,0.040566,0.11878,35837649000.0,0.013081,10079577015.0,3.315914,0.099369,0.015782,0.000482,0.020636,위,5일 상승,4) +10% ~ +15%,2) 300억 ~ 500억,1) +2% 미만,3) 3배 ~ 5배,양봉
2025,2025-06,2025-06-02,월,000990,DB하이텍,42342,2,84685,2025-09-10,50900,익절,69,16935,0.199974,0.202108,-0.004542,0.084615,34794203400.0,0.062814,3951014897.5,8.095203,0.061481,0.047281,0.000482,0.020636,위,5일 상승,3) +5% ~ +10%,2) 300억 ~ 500억,3) +5% ~ +10%,4) 5배 ~ 10배,양봉
2025,2025-06,2025-06-04,수,088340,유라클,27227,3,81682,2025-06-05,32700,익절,1,16244,0.198873,0.237733,-0.030381,0.119342,184544628800.0,0.09899,23053094562.5,6.758455,-0.042254,0.090074,0.026629,0.050667,위,5일 상승,4) +10% ~ +15%,"4) 1,000억 ~ 2,000억",3) +5% ~ +10%,4) 5배 ~ 10배,음봉·보합
2025,2025-06,2025-06-04,수,294570,쿠콘,27527,3,82582,2025-06-05,33050,익절,1,16392,0.198487,0.298701,-0.042775,0.244344,74033190000.0,0.195652,3357565206.5,17.756135,0.122449,0.041818,0.026629,0.050667,위,5일 상승,6) +20% 이상,"3) 500억 ~ 1,000억",4) +10% 이상,5) 10배 이상,양봉
2025,2025-06,2025-06-04,수,108860,셀바스AI,14765,6,88588,2025-07-14,14056,손절,27,-4405,-0.049728,0.133104,-0.052473,0.082966,22791434500.0,0.033637,3524615196.5,6.038576,0.022176,0.013559,0.026629,0.050667,위,5일 상승,3) +5% ~ +10%,1) 300억 미만,2) +2% ~ +5%,4) 5배 ~ 10배,양봉
2025,2025-06,2025-06-05,목,007110,일신석재,2658,37,98333,2025-06-23,2502,손절,11,-5908,-0.060086,0.132577,-0.070609,0.187919,227686882005.0,0.154348,6241885918.75,30.424489,0.187919,0.082863,0.014873,0.053143,위,5일 상승,5) +15% ~ +20%,"5) 2,000억 이상",4) +10% 이상,5) 10배 이상,양봉
2025,2025-06,2025-06-05,목,052690,한전기술,73273,1,73273,2025-06-10,69730,손절,2,-3669,-0.050074,0.075427,-0.054224,0.198036,211649821200.0,0.122699,17494526695.0,10.424812,0.087667,0.034153,0.014873,0.053143,위,5일 상승,5) +15% ~ +20%,"5) 2,000억 이상",4) +10% 이상,5) 10배 이상,양봉
2025,2025-06,2025-06-10,화,417180,핑거스토리,14749,6,88494,2025-06-13,14036,손절,3,-4431,-0.05007,0.024442,-0.073931,0.059353,66143265785.00001,0.015517,4981476229.75,12.336234,-0.008418,0.219015,0.005631,0.064567,위,5일 상승,3) +5% ~ +10%,"3) 500억 ~ 1,000억",1) +2% 미만,5) 10배 이상,음봉·보합
2025,2025-06,2025-06-11,수,017670,SK텔레콤,53754,1,53754,,,보유중,137,33147,0.620354,1.59517,-0.043787,0.017045,64455841500.0,0.011299,52349202710.0,1.18559,0.015123,0.001862,0.012253,0.077092,위,5일 상승,1) +3% 미만,"3) 500억 ~ 1,000억",1) +2% 미만,1) 2배 미만,양봉
2025,2025-06,2025-06-11,수,403870,HPSP,27728,3,83183,2025-07-08,26374,손절,19,-4205,-0.050555,0.118016,-0.047884,0.146998,55415650500.0,0.135246,8597861902.5,5.322398,0.135246,0.0,0.012253,0.077092,위,5일 상승,4) +10% ~ +15%,"3) 500억 ~ 1,000억",4) +10% 이상,4) 5배 ~ 10배,양봉
2025,2025-06,2025-06-13,금,047810,한국항공우주,97798,1,97798,2025-06-24,92707,손절,7,-5258,-0.053765,0.040924,-0.083823,0.079558,283278121300.0,0.078366,75145041545.0,3.382382,0.085556,0.011259,-0.008702,0.029363,위,5일 상승,3) +5% ~ +10%,"5) 2,000억 이상",3) +5% ~ +10%,3) 3배 ~ 5배,양봉
2025,2025-06,2025-06-13,금,082740,한화엔진,29379,3,88138,2025-06-25,27922,손절,8,-4523,-0.051321,0.101114,-0.063968,0.010327,45918573950.0,0.001706,22601170107.5,1.955548,0.008591,0.015332,-0.008702,0.029363,위,5일 상승,1) +3% 미만,2) 300억 ~ 500억,1) +2% 미만,1) 2배 미만,양봉
2025,2025-06,2025-06-13,금,462860,더즌,3654,27,98649,2025-06-17,4385,익절,2,19536,0.198039,0.24533,0.012686,0.004127,42894248850.0,0.004127,23516504188.5,1.677332,-0.050715,0.084932,-0.008702,0.029363,위,5일 상승,1) +3% 미만,2) 300억 ~ 500억,1) +2% 미만,1) 2배 미만,음봉·보합
2025,2025-06,2025-06-17,화,011790,SKC,98228,1,98228,2025-07-17,93506,손절,22,-4890,-0.049784,0.136794,-0.076594,0.154867,201280694400.0,0.057751,22687506260.0,7.854952,0.147253,0.029693,0.001235,0.027317,위,5일 상승,5) +15% ~ +20%,"5) 2,000억 이상",3) +5% ~ +10%,4) 5배 ~ 10배,양봉
2025,2025-06,2025-06-18,수,041020,폴라리스오피스,6136,16,98178,2025-07-29,5834,손절,29,-5000,-0.050931,0.145673,-0.04826,0.058722,21317534750.0,0.028523,3088281545.0,6.410213,0.064236,0.035889,0.00742,0.022411,위,5일 상승,3) +5% ~ +10%,1) 300억 미만,2) +2% ~ +5%,4) 5배 ~ 10배,양봉
2025,2025-06,2025-06-23,월,466100,클로봇,18413,5,92064,2025-06-24,22100,익절,1,18240,0.198121,0.2166,0.072563,0.095319,111200823160.0,0.044648,8051340872.5,12.677499,0.107184,0.07621,-0.002439,0.023012,위,5일 상승,3) +5% ~ +10%,"4) 1,000억 ~ 2,000억",2) +2% ~ +5%,5) 10배 이상,양봉
2025,2025-06,2025-06-24,화,086520,에코프로,48949,2,97898,2025-06-27,46553,손절,3,-4959,-0.050658,0.003087,-0.087824,0.14119,172115579400.0,0.07828,38844280677.5,3.866571,0.103837,0.03272,0.029581,0.051974,위,5일 상승,4) +10% ~ +15%,"4) 1,000억 ~ 2,000억",3) +5% ~ +10%,3) 3배 ~ 5배,양봉
2025,2025-06,2025-06-24,화,450080,에코프로머티,49499,2,98999,2025-06-26,47103,손절,2,-4963,-0.050137,0.006072,-0.053525,0.160798,121158087850.0,0.065733,33448743667.5,3.236365,0.126424,0.001011,0.029581,0.051974,위,5일 상승,5) +15% ~ +20%,"4) 1,000억 ~ 2,000억",3) +5% ~ +10%,3) 3배 ~ 5배,양봉
2025,2025-06,2025-06-25,수,095340,ISC,62062,1,62062,2025-06-27,59041,손절,2,-3128,-0.050398,0.018337,-0.054172,0.161049,50119312000.0,0.093474,7502178590.0,5.753502,0.099291,0.0,0.001485,0.045778,위,5일 상승,5) +15% ~ +20%,"3) 500억 ~ 1,000억",3) +5% ~ +10%,4) 5배 ~ 10배,양봉
2025,2025-06,2025-06-26,목,446540,메가터치,4264,23,98078,2025-06-27,4056,손절,1,-4960,-0.050572,0.010726,-0.059626,0.032727,96030943500.0,0.015495,5111637328.75,18.34269,0.017921,0.146714,-0.00923,0.034194,위,5일 상승,2) +3% ~ +5%,"3) 500억 ~ 1,000억",1) +2% 미만,5) 10배 이상,양봉
2025,2025-07,2025-07-01,화,139480,이마트,95195,1,95195,2025-07-02,90609,손절,1,-4750,-0.049893,-0.007302,-0.04827,0.113583,60427681200.0,0.041621,20560187405.0,2.618633,0.108392,0.006309,0.005844,-0.004508,위,5일 하락,4) +10% ~ +15%,"3) 500억 ~ 1,000억",2) +2% ~ +5%,2) 2배 ~ 3배,양봉
2025,2025-07,2025-07-02,수,161000,애경케미칼,12292,8,98338,2025-07-03,11698,손절,1,-4921,-0.050042,-0.001813,-0.059572,0.166192,127539269520.0,0.068755,16293344554.0,7.110647,-0.033071,0.088762,-0.004722,-0.010678,위,5일 하락,5) +15% ~ +20%,"4) 1,000억 ~ 2,000억",3) +5% ~ +10%,4) 5배 ~ 10배,음봉·보합
2025,2025-07,2025-07-03,목,005070,코스모신소재,38639,2,77277,2025-07-07,36763,손절,2,-3884,-0.050257,0.011941,-0.057937,0.106017,35354936600.0,0.061898,11909773952.5,2.646406,0.095035,0.0,0.013401,0.011921,위,5일 상승,4) +10% ~ +15%,2) 300억 ~ 500억,3) +5% ~ +10%,2) 2배 ~ 3배,양봉
2025,2025-07,2025-07-03,목,100090,SK오션플랜트,21271,4,85085,2025-07-07,20180,손절,2,-4512,-0.053026,0.010754,-0.116178,0.05198,28960520000.0,0.03912,10598236877.0,2.507195,0.049383,0.016471,0.013401,0.011921,위,5일 상승,3) +5% ~ +10%,1) 300억 미만,2) +2% ~ +5%,2) 2배 ~ 3배,양봉
2025,2025-07,2025-07-03,목,204320,HL만도,34935,2,69870,2025-07-08,33217,손절,3,-3556,-0.0509,-0.00243,-0.058248,0.029499,21339919100.0,0.002874,12495481295.0,1.643214,0.024963,0.0,0.013401,0.011921,위,5일 상승,1) +3% 미만,1) 300억 미만,1) +2% 미만,1) 2배 미만,양봉
2025,2025-07,2025-07-07,월,005180,빙그레,92592,1,92592,2025-07-16,88112,손절,7,-4640,-0.050112,0.018441,-0.051759,0.058352,22969785000.0,0.027778,4896177005.0,4.365207,0.020971,0.036757,0.001699,-0.003982,위,5일 하락,3) +5% ~ +10%,1) 300억 미만,2) +2% ~ +5%,3) 3배 ~ 5배,양봉
2025,2025-07,2025-07-08,화,014970,삼륭물산,8198,12,98378,2025-07-10,7802,손절,2,-4921,-0.050024,0.067309,-0.064428,0.161702,88234293420.0,0.086207,5650292415.0,13.465187,0.171674,0.106227,0.018134,0.008189,위,5일 상승,5) +15% ~ +20%,"3) 500억 ~ 1,000억",3) +5% ~ +10%,5) 10배 이상,양봉
2025,2025-07,2025-07-08,화,071090,하이스틸,4504,22,99099,2025-07-10,4286,손절,2,-4984,-0.050291,-0.002109,-0.063159,0.146497,83819223000.0,0.040462,3040530527.25,25.348351,0.149425,0.074444,0.018134,0.008189,위,5일 상승,4) +10% ~ +15%,"3) 500억 ~ 1,000억",2) +2% ~ +5%,5) 10배 이상,양봉
2025,2025-07,2025-07-09,수,004990,롯데지주,35235,2,70470,2025-07-10,33516,손절,1,-3559,-0.050499,0.024544,-0.05776,0.209622,136959398400.0,0.163636,18987073807.5,5.804908,0.14845,0.004261,0.006032,0.019083,위,5일 상승,6) +20% 이상,"4) 1,000억 ~ 2,000억",4) +10% 이상,4) 5배 ~ 10배,양봉
2025,2025-07,2025-07-09,수,294570,쿠콘,36787,2,73573,2025-07-14,44150,익절,3,14570,0.19803,0.205597,-0.040415,0.038136,20490513750.0,0.026536,16696589577.5,1.08522,0.001362,0.009524,0.006032,0.019083,위,5일 상승,2) +3% ~ +5%,1) 300억 미만,2) +2% ~ +5%,1) 2배 미만,양봉
2025,2025-07,2025-07-10,목,041190,우리기술투자,10380,9,93423,2025-07-14,12460,익절,2,18518,0.198212,0.204196,0.020195,0.039078,173671699440.0,0.019666,27125862944.5,5.716484,-0.054695,0.115718,0.015793,0.021487,위,5일 상승,2) +3% ~ +5%,"4) 1,000억 ~ 2,000억",1) +2% 미만,4) 5배 ~ 10배,음봉·보합
2025,2025-07,2025-07-11,금,066970,엘앤에프,58058,1,58058,2025-07-14,55245,손절,1,-2913,-0.050177,-0.011333,-0.049227,0.113244,72684150000.0,0.056466,18409486827.5,3.49193,0.086142,0.032759,-0.002344,0.039777,위,5일 상승,4) +10% ~ +15%,"3) 500억 ~ 1,000억",3) +5% ~ +10%,3) 3배 ~ 5배,양봉
2025,2025-07,2025-07-11,금,489790,한화비전,55555,1,55555,2025-07-14,52847,손절,1,-2804,-0.050471,-0.015399,-0.047799,0.012774,65602221000.0,0.001805,49581444375.0,1.248993,0.018349,0.0,-0.002344,0.039777,위,5일 상승,1) +3% 미만,"3) 500억 ~ 1,000억",1) +2% 미만,1) 2배 미만,양봉
2025,2025-07,2025-07-14,월,008770,호텔신라,52352,1,52352,2025-07-28,49800,손절,10,-2642,-0.050469,0.035294,-0.106056,0.048096,29275761800.0,0.001916,11814574072.5,2.405515,0.048096,0.003824,0.008269,0.046596,위,5일 상승,2) +3% ~ +5%,1) 300억 미만,1) +2% 미만,2) 2배 ~ 3배,양봉
2025,2025-07,2025-07-15,화,010140,삼성중공업,18058,5,90290,2025-08-27,21700,익절,30,18017,0.199548,0.218294,-0.019827,0.034404,142292718920.0,0.008949,127148205392.5,1.05554,0.036782,0.002772,0.004138,0.032209,위,5일 상승,2) +3% ~ +5%,"4) 1,000억 ~ 2,000억",1) +2% 미만,1) 2배 미만,양봉
2025,2025-07,2025-07-16,수,213420,덕산네오룩스,41341,2,82683,2025-07-17,39311,손절,1,-4203,-0.050838,-0.005837,-0.054215,0.110215,44701096300.0,0.101333,8240965475.0,4.580631,0.058974,0.016949,-0.008988,0.016798,위,5일 상승,4) +10% ~ +15%,2) 300억 ~ 500억,4) +10% 이상,3) 3배 ~ 5배,양봉
2025,2025-07,2025-07-17,목,068330,일신바이오,2172,45,97748,2025-07-18,2068,손절,1,-4859,-0.04971,-0.005603,-0.10182,0.158569,143663456860.0,0.1561,6947327870.75,17.121668,0.130208,0.073733,0.001855,0.002846,위,5일 상승,5) +15% ~ +20%,"4) 1,000억 ~ 2,000억",4) +10% 이상,5) 10배 이상,양봉
2025,2025-07,2025-07-17,목,298380,에이비엘바이오,73073,1,73073,2025-07-24,87700,익절,5,14471,0.198039,0.285016,-0.043422,0.041369,81096211000.0,0.012483,56348699630.0,1.329514,0.025281,0.005479,0.001855,0.002846,위,5일 상승,2) +3% ~ +5%,"3) 500억 ~ 1,000억",1) +2% 미만,1) 2배 미만,양봉
2025,2025-07,2025-07-17,목,009420,한올바이오파마,29930,3,89790,2025-07-21,28472,손절,2,-4530,-0.050447,0.002342,-0.051116,0.134725,49915239400.0,0.107407,5052676297.5,8.505242,0.128302,0.003344,0.001855,0.002846,위,5일 상승,4) +10% ~ +15%,2) 300억 ~ 500억,4) +10% 이상,4) 5배 ~ 10배,양봉
2025,2025-07,2025-07-17,목,028300,HLB,54054,1,54054,2025-07-21,51448,손절,2,-2698,-0.049922,0.002701,-0.092574,0.036468,32431536000.0,0.009346,30158077997.5,1.009756,0.034483,0.003704,0.001855,0.002846,위,5일 상승,2) +3% ~ +5%,2) 300억 ~ 500억,1) +2% 미만,1) 2배 미만,양봉
2025,2025-07,2025-07-17,목,053030,바이넥스,17698,5,88488,2025-07-22,16843,손절,3,-4425,-0.050006,0.024428,-0.047898,0.080685,22014923840.0,0.021965,6619027360.0,3.107875,0.078049,0.006222,0.001855,0.002846,위,5일 상승,3) +5% ~ +10%,1) 300억 미만,2) +2% ~ +5%,3) 3배 ~ 5배,양봉
2025,2025-07,2025-07-18,금,476040,오가노이드사이언스,40240,2,80480,2025-07-21,38262,손절,1,-4095,-0.050886,-0.03579,-0.065611,0.122905,160918389000.0,0.073431,34163959545.0,4.131508,0.059289,0.031095,-0.001322,0.003873,위,5일 상승,4) +10% ~ +15%,"4) 1,000억 ~ 2,000억",3) +5% ~ +10%,3) 3배 ~ 5배,양봉
2025,2025-07,2025-07-21,월,009830,한화솔루션,35785,2,71569,2025-07-30,34066,손절,7,-3561,-0.049752,0.034585,-0.157834,0.073654,502546647400.0,0.039781,126918085485.0,3.61414,0.057183,0.05277,0.007133,0.002742,위,5일 상승,3) +5% ~ +10%,"5) 2,000억 이상",2) +2% ~ +5%,3) 3배 ~ 5배,양봉
2025,2025-07,2025-07-21,월,051980,중앙첨단소재,2813,35,98448,2025-07-24,3380,익절,3,19642,0.199513,0.313633,-0.024108,0.227074,123041520580.0,0.133065,9362913859.5,10.849802,0.227074,0.040925,0.007133,0.002742,위,5일 상승,6) +20% 이상,"4) 1,000억 ~ 2,000억",4) +10% 이상,5) 10배 이상,양봉
2025,2025-07,2025-07-21,월,112610,씨에스윈드,51652,1,51652,2025-07-23,49151,손절,2,-2590,-0.050137,-0.006807,-0.050368,0.100213,110560069200.0,0.045593,14519381542.5,7.044357,0.081761,0.025194,0.007133,0.002742,위,5일 상승,4) +10% ~ +15%,"4) 1,000억 ~ 2,000억",2) +2% ~ +5%,4) 5배 ~ 10배,양봉
2025,2025-07,2025-07-22,화,200670,휴메딕스,73073,1,73073,2025-07-23,69530,손절,1,-3668,-0.0502,0.056478,-0.055739,0.260794,164365267000.0,0.260794,5408782035.0,23.176327,0.183144,0.030137,-0.012729,-0.014101,위,5일 하락,6) +20% 이상,"4) 1,000억 ~ 2,000억",4) +10% 이상,5) 10배 이상,양봉
2025,2025-07,2025-07-24,목,042660,한화오션,88889,1,88889,2025-07-31,106700,익절,5,17622,0.198246,0.292626,-0.030249,0.063473,564665080800.0,0.031359,140275347845.0,3.594617,0.055886,0.013514,0.002098,-0.000576,위,5일 하락,3) +5% ~ +10%,"5) 2,000억 이상",2) +2% ~ +5%,3) 3배 ~ 5배,양봉
2025,2025-07,2025-07-24,목,098070,한텍,39790,2,79579,2025-07-25,37862,손절,1,-3992,-0.050166,-0.007282,-0.050007,0.113445,65129063250.0,0.108787,5309666767.5,10.522136,0.147186,0.025157,0.002098,-0.000576,위,5일 하락,4) +10% ~ +15%,"3) 500억 ~ 1,000억",4) +10% 이상,5) 10배 이상,양봉
2025,2025-07,2025-07-24,목,323280,태성,29980,3,89940,2025-07-28,36000,익절,2,17868,0.198671,0.274185,0.014011,0.047203,41270201500.0,0.034542,5829410322.5,6.446016,0.050877,0.116861,0.002098,-0.000576,위,5일 하락,2) +3% ~ +5%,2) 300억 ~ 500억,2) +2% ~ +5%,4) 5배 ~ 10배,양봉
2025,2025-07,2025-07-24,목,348370,엔켐,64665,1,64665,2025-07-25,61538,손절,1,-3237,-0.050065,-0.000999,-0.048939,0.07309,37379239600.0,0.043619,12532142315.0,2.71252,0.080268,0.03096,0.002098,-0.000576,위,5일 하락,3) +5% ~ +10%,2) 300억 ~ 500억,2) +2% ~ +5%,2) 2배 ~ 3배,양봉
2025,2025-07,2025-07-25,금,234340,헥토파이낸셜,20270,4,81081,2025-07-29,19291,손절,2,-4058,-0.050045,0.031068,-0.062666,0.111416,42078629250.0,0.057488,14815506366.0,2.482217,0.102941,0.079012,0.001755,0.002503,위,5일 상승,4) +10% ~ +15%,2) 300억 ~ 500억,3) +5% ~ +10%,2) 2배 ~ 3배,양봉
2025,2025-07,2025-07-25,금,475150,SK이터닉스,24975,3,74925,2025-07-30,23776,손절,3,-3725,-0.049719,0.025027,-0.053051,0.014228,28108171000.0,0.004024,17733141595.0,1.511955,-0.019646,0.024048,0.001755,0.002503,위,5일 상승,1) +3% 미만,1) 300억 미만,1) +2% 미만,1) 2배 미만,음봉·보합
2025,2025-07,2025-07-28,월,015760,한국전력,39840,2,79680,2025-08-01,37812,손절,4,-4192,-0.052611,0.009041,-0.093871,0.035111,305331471000.0,0.012723,179314540877.5,1.594907,0.010152,0.030151,0.004215,-0.000402,위,5일 하락,2) +3% ~ +5%,"5) 2,000억 이상",1) +2% 미만,1) 2배 미만,양봉
2025,2025-07,2025-07-28,월,083650,비에이치아이,42943,2,85886,2025-07-30,40859,손절,2,-4315,-0.050245,0.008316,-0.067366,0.059259,52677553500.0,0.010601,24694602487.5,1.945142,0.052761,0.013986,0.004215,-0.000402,위,5일 하락,3) +5% ~ +10%,"3) 500억 ~ 1,000억",1) +2% 미만,1) 2배 미만,양봉
2025,2025-07,2025-07-29,화,290690,아리바이오홀딩스,5776,17,98188,2025-07-30,5494,손절,1,-4950,-0.050418,0.016315,-0.085836,0.165657,107270116160.0,0.088679,16594446322.5,5.380473,-0.033501,0.114385,0.006559,0.019127,위,5일 상승,5) +15% ~ +20%,"4) 1,000억 ~ 2,000억",3) +5% ~ +10%,4) 5배 ~ 10배,음봉·보합
2025,2025-07,2025-07-29,화,033500,동성화인텍,27978,3,83934,2025-08-01,26623,손절,3,-4208,-0.050137,0.088357,-0.058187,0.136179,89664438500.0,0.081238,9766576500.0,7.622202,0.129293,0.021467,0.006559,0.019127,위,5일 상승,4) +10% ~ +15%,"3) 500억 ~ 1,000억",3) +5% ~ +10%,4) 5배 ~ 10배,양봉
2025,2025-07,2025-07-30,수,067310,하나마이크론,12683,7,88779,2025-08-04,12038,손절,3,-4665,-0.052551,0.044733,-0.060135,0.132261,131698023590.0,0.003167,6894212774.0,17.184392,0.051452,0.040253,0.007398,0.022206,위,5일 상승,4) +10% ~ +15%,"4) 1,000억 ~ 2,000억",1) +2% 미만,5) 10배 이상,양봉
2025,2025-07,2025-07-31,목,272210,한화시스템,59459,1,59459,2025-08-04,56543,손절,2,-3018,-0.050761,0.034319,-0.071635,0.072202,404326771200.0,0.027682,72631010475.0,5.191703,0.055062,0.043771,-0.002775,0.017236,위,5일 상승,3) +5% ~ +10%,"5) 2,000억 이상",2) +2% ~ +5%,4) 5배 ~ 10배,양봉
2025,2025-07,2025-07-31,목,025980,아난티,9960,10,99599,2025-08-29,9481,손절,20,-4966,-0.049857,0.099403,-0.072284,0.111732,139057588150.0,0.015306,12413854172.0,10.555283,0.060768,0.034171,-0.002775,0.017236,위,5일 상승,4) +10% ~ +15%,"4) 1,000억 ~ 2,000억",1) +2% 미만,5) 10배 이상,양봉
2025,2025-07,2025-07-31,목,033340,좋은사람들,1847,53,97883,2025-08-08,2220,익절,6,19568,0.199917,0.288684,-0.036736,0.272414,132253753095.0,0.110108,7961715886.55,13.685295,0.198052,0.01897,-0.002775,0.017236,위,5일 상승,6) +20% 이상,"4) 1,000억 ~ 2,000억",4) +10% 이상,5) 10배 이상,양봉
2025,2025-08,2025-08-01,금,253840,수젠텍,7257,13,94344,2025-08-05,6903,손절,2,-4766,-0.05052,0.067898,-0.061628,0.066176,90057288750.0,0.06305,5166025183.0,16.054384,0.066176,0.092414,-0.038833,-0.02398,아래,5일 하락,3) +5% ~ +10%,"3) 500억 ~ 1,000억",3) +5% ~ +10%,5) 10배 이상,양봉
2025,2025-08,2025-08-01,금,033230,인성정보,2237,44,98438,2025-08-22,2128,손절,14,-4981,-0.050603,0.128625,-0.047932,0.027586,66251539545.0,0.022883,5112720270.9,12.489248,0.041958,0.089485,-0.038833,-0.02398,아래,5일 하락,1) +3% 미만,"3) 500억 ~ 1,000억",2) +2% ~ +5%,5) 10배 이상,양봉
2025,2025-08,2025-08-04,월,100090,SK오션플랜트,22172,4,88689,2025-08-06,21079,손절,2,-4525,-0.051026,0.014787,-0.059631,0.144703,62878467550.0,0.06235,8257931758.5,6.942607,0.152445,0.013544,0.009085,-0.019246,아래,5일 하락,4) +10% ~ +15%,"3) 500억 ~ 1,000억",3) +5% ~ +10%,4) 5배 ~ 10배,양봉
2025,2025-08,2025-08-05,화,001440,대한전선,16466,6,98799,2025-08-20,15554,손절,10,-5641,-0.057095,0.08463,-0.078126,0.035894,35073883950.0,0.01418,16365286450.5,2.064741,0.016059,0.006079,0.015964,-0.010082,위,5일 하락,2) +3% ~ +5%,2) 300억 ~ 500억,1) +2% 미만,2) 2배 ~ 3배,양봉
2025,2025-08,2025-08-06,수,052690,한전기술,96396,1,96396,2025-08-19,91708,손절,8,-4854,-0.050353,0.053982,-0.076728,0.068812,92884431600.0,0.012618,31315185990.0,2.777677,0.053611,0.015576,4.4e-05,-0.017309,위,5일 하락,3) +5% ~ +10%,"3) 500억 ~ 1,000억",1) +2% 미만,2) 2배 ~ 3배,양봉
2025,2025-08,2025-08-07,목,035720,카카오,63664,1,63664,2025-09-01,60539,손절,16,-3234,-0.050793,0.064973,-0.0654,0.119718,757476000000.0,0.046053,151177739190.0,4.463543,0.098446,0.0,0.009237,-0.005472,위,5일 하락,4) +10% ~ +15%,"5) 2,000억 이상",2) +2% ~ +5%,3) 3배 ~ 5배,양봉
2025,2025-08,2025-08-08,금,009270,신원,1901,52,98847,2025-08-20,1809,손절,7,-4939,-0.049966,0.141565,-0.05308,0.09642,76017152304.0,0.036007,3903773406.65,17.807806,0.066854,0.079516,-0.005475,0.029044,위,5일 상승,3) +5% ~ +10%,"3) 500억 ~ 1,000억",2) +2% ~ +5%,5) 10배 이상,양봉
2025,2025-08,2025-08-08,금,122870,와이지엔터테인먼트,93293,1,93293,2025-11-04,88811,손절,56,-4643,-0.049764,0.176935,-0.070672,0.044843,51892828000.0,0.02193,18837102050.0,2.533327,0.033259,0.026824,-0.005475,0.029044,위,5일 상승,2) +3% ~ +5%,"3) 500억 ~ 1,000억",2) +2% ~ +5%,2) 2배 ~ 3배,양봉
2025,2025-08,2025-08-19,화,377300,카카오페이,67567,1,67567,2025-08-20,64236,손절,1,-3448,-0.051029,-0.027639,-0.103119,0.03211,122489077500.0,0.02118,74129186855.0,1.535454,0.015038,0.028148,-0.008095,-0.017217,아래,5일 하락,2) +3% ~ +5%,"4) 1,000억 ~ 2,000억",2) +2% ~ +5%,1) 2배 미만,양봉
2025,2025-08,2025-08-20,수,201490,미투온,6366,15,95495,2025-08-21,6054,손절,1,-4850,-0.050793,0.046124,-0.059117,0.109948,96518921160.0,0.003155,52627359752.0,1.679815,0.143885,0.0,-0.006812,-0.018753,아래,5일 하락,4) +10% ~ +15%,"3) 500억 ~ 1,000억",1) +2% 미만,1) 2배 미만,양봉
2025,2025-08,2025-08-20,수,249420,일동제약,22823,4,91291,2025-09-02,21728,손절,9,-4535,-0.049679,0.119495,-0.101775,0.070423,65961904800.0,0.029345,14124348474.5,4.243844,0.085714,0.02193,-0.006812,-0.018753,아래,5일 하락,3) +5% ~ +10%,"3) 500억 ~ 1,000억",2) +2% ~ +5%,3) 3배 ~ 5배,양봉
2025,2025-08,2025-08-21,목,047040,대우건설,4159,23,95661,2025-08-26,3956,손절,3,-4836,-0.050555,0.067525,-0.074331,0.130612,53947738860.0,0.049242,4077333095.0,12.072617,0.122973,0.024067,0.003722,-0.025627,아래,5일 하락,4) +10% ~ +15%,"3) 500억 ~ 1,000억",2) +2% ~ +5%,5) 10배 이상,양봉
2025,2025-08,2025-08-21,목,018290,브이티,39189,2,78378,2025-08-26,37263,손절,3,-3988,-0.050877,0.002829,-0.053309,0.053836,30499181100.0,0.031621,16756718177.5,1.696383,0.058108,0.005109,0.003722,-0.025627,아래,5일 하락,3) +5% ~ +10%,2) 300억 ~ 500억,2) +2% ~ +5%,1) 2배 미만,양봉
2025,2025-08,2025-08-25,월,032820,우리기술,3919,25,97973,2025-09-01,3726,손절,5,-4985,-0.050877,0.032173,-0.060965,0.052419,90354927060.0,0.026212,26157197524.25,3.206554,0.012937,0.01788,0.01298,0.010254,위,5일 상승,3) +5% ~ +10%,"3) 500억 ~ 1,000억",2) +2% ~ +5%,3) 3배 ~ 5배,양봉
2025,2025-08,2025-08-26,화,441270,파인엠텍,11511,8,92092,2025-09-02,10959,손절,5,-4578,-0.049714,0.098901,-0.058333,0.048314,51607446000.0,0.008772,22414398957.0,2.106342,0.055046,0.033043,-0.009502,0.008821,아래,5일 상승,2) +3% ~ +5%,"3) 500억 ~ 1,000억",1) +2% 미만,2) 2배 ~ 3배,양봉
2025,2025-08,2025-08-26,화,376300,디어유,57257,1,57257,2025-08-27,54446,손절,1,-2910,-0.050825,-0.007985,-0.055141,0.065177,46115212000.0,0.065177,12024287670.0,3.410919,0.057301,0.02972,-0.009502,0.008821,아래,5일 상승,3) +5% ~ +10%,2) 300억 ~ 500억,3) +5% ~ +10%,3) 3배 ~ 5배,양봉
2025,2025-08,2025-08-27,수,012510,더존비즈온,77277,1,77277,2025-09-19,93900,익절,17,16456,0.212951,0.2164,-0.010057,0.048913,37184846800.0,0.022517,12819631395.0,2.599889,0.043243,0.028497,0.002453,0.018233,아래,5일 상승,2) +3% ~ +5%,2) 300억 ~ 500억,2) +2% ~ +5%,2) 2배 ~ 3배,양봉
2025,2025-08,2025-08-28,목,024720,콜마홀딩스,14464,6,86787,2025-09-01,13766,손절,2,-4339,-0.049992,0.005915,-0.092257,0.11583,78973541650.0,0.00208,9543518320.0,7.987254,0.114969,0.053979,0.002874,0.017373,위,5일 상승,4) +10% ~ +15%,"3) 500억 ~ 1,000억",1) +2% 미만,4) 5배 ~ 10배,양봉
2025,2025-08,2025-08-29,금,347850,디앤디파마텍,39429,2,78858,2025-09-01,37512,손절,1,-3969,-0.050326,-0.006711,-0.118417,0.110797,134917770999.99998,0.085517,25642218830.0,4.505733,0.067843,0.011436,-0.003226,0.005453,위,5일 상승,4) +10% ~ +15%,"4) 1,000억 ~ 2,000억",3) +5% ~ +10%,3) 3배 ~ 5배,양봉
2025,2025-09,2025-09-01,월,064260,다날,8649,11,95135,2025-09-19,10380,익절,14,18842,0.198058,0.323908,-0.046093,0.096447,299202534720.0,0.052375,31515692184.0,8.571607,0.057528,0.072917,-0.013522,-0.020851,아래,5일 하락,3) +5% ~ +10%,"5) 2,000억 이상",3) +5% ~ +10%,4) 5배 ~ 10배,양봉
2025,2025-09,2025-09-01,월,459510,나우로보틱스,18318,5,91592,2025-09-05,17433,손절,4,-4586,-0.050074,0.059596,-0.05286,0.089286,50942149200.0,0.045714,8943720333.0,4.864268,-0.034301,0.090164,-0.013522,-0.020851,아래,5일 하락,3) +5% ~ +10%,"3) 500억 ~ 1,000억",2) +2% ~ +5%,3) 3배 ~ 5배,음봉·보합
2025,2025-09,2025-09-02,화,082850,우리바이오,12337,8,98699,2025-09-24,11738,손절,16,-4962,-0.050278,0.017238,-0.049632,0.071739,47930867515.0,0.00818,3455977414.25,13.418371,0.074074,0.085193,0.009361,-0.002205,아래,5일 하락,3) +5% ~ +10%,2) 300억 ~ 500억,1) +2% 미만,5) 10배 이상,양봉
2025,2025-09,2025-09-02,화,090710,휴림로봇,2718,36,97838,2025-09-04,2582,손절,2,-5039,-0.051502,0.01004,-0.050673,0.079523,30189648840.0,0.01306,11118093659.0,2.533881,0.073123,0.003683,0.009361,-0.002205,아래,5일 하락,3) +5% ~ +10%,2) 300억 ~ 500억,1) +2% 미만,2) 2배 ~ 3배,양봉
2025,2025-09,2025-09-04,목,100090,SK오션플랜트,22773,4,91091,2025-09-08,27350,익절,2,18115,0.198865,0.216366,-0.027346,0.131841,129547440750.0,0.04119,22303452009.5,5.118659,0.129032,0.021978,0.005153,0.001411,위,5일 상승,4) +10% ~ +15%,"4) 1,000억 ~ 2,000억",2) +2% ~ +5%,4) 5배 ~ 10배,양봉
2025,2025-09,2025-09-04,목,006730,서부T&D,10661,9,95946,2025-09-08,10140,손절,2,-4852,-0.050572,0.009319,-0.052591,0.115183,26841631650.0,0.048228,5849689713.0,4.129196,0.112853,0.0,0.005153,0.001411,위,5일 상승,4) +10% ~ +15%,1) 300억 미만,2) +2% ~ +5%,3) 3배 ~ 5배,양봉
2025,2025-09,2025-09-05,금,475580,에이럭스,11592,8,92733,2025-10-21,11029,손절,27,-4660,-0.050257,0.11719,-0.050173,0.031167,39973546260.0,0.002597,5874001163.0,6.549924,0.033929,0.029361,0.00134,0.005998,위,5일 상승,2) +3% ~ +5%,2) 300억 ~ 500억,1) +2% 미만,4) 5배 ~ 10배,양봉
2025,2025-09,2025-09-05,금,004020,현대제철,34835,2,69670,2025-10-01,33117,손절,18,-3556,-0.051036,0.086557,-0.056978,0.043478,35379768000.0,0.025037,15858650650.0,2.095995,0.037258,0.005747,0.00134,0.005998,위,5일 상승,2) +3% ~ +5%,2) 300억 ~ 500억,2) +2% ~ +5%,2) 2배 ~ 3배,양봉
2025,2025-09,2025-09-08,월,058470,리노공업,48999,2,97998,2025-10-14,58800,익절,21,19393,0.197896,0.218393,-0.016305,0.059524,38290745900.0,0.026205,19722144992.5,1.846991,0.04594,0.005107,0.004515,0.024391,위,5일 상승,3) +5% ~ +10%,2) 300억 ~ 500억,2) +2% ~ +5%,1) 2배 미만,양봉
2025,2025-09,2025-09-08,월,322000,HD현대에너지솔루션,52452,1,52452,2025-09-10,49900,손절,2,-2643,-0.05038,-0.002905,-0.048661,0.103158,30793488800.0,0.092805,5816774065.0,4.532102,0.110169,0.001908,0.004515,0.024391,위,5일 상승,4) +10% ~ +15%,2) 300억 ~ 500억,3) +5% ~ +10%,3) 3배 ~ 5배,양봉
2025,2025-09,2025-09-10,수,005930,삼성전자,72673,1,72673,2025-10-02,89300,익절,16,16469,0.226621,0.242559,-0.007879,0.015385,1592013819000.0,0.009736,877435436270.0,1.758363,0.011142,0.002755,0.016711,0.040858,위,5일 상승,1) +3% 미만,"5) 2,000억 이상",1) +2% 미만,1) 2배 미만,양봉
2025,2025-09,2025-09-10,수,086790,하나금융지주,87187,1,87187,,,보유중,73,45607,0.526602,0.634416,-0.036555,0.045618,109694611000.0,0.00927,57583814390.0,1.812463,0.038141,0.01837,0.016711,0.040858,위,5일 상승,2) +3% ~ +5%,"4) 1,000억 ~ 2,000억",1) +2% 미만,1) 2배 미만,양봉
2025,2025-09,2025-09-19,금,060250,NHN KCP,16206,6,97237,2025-09-22,15425,손절,1,-4857,-0.049951,-0.024447,-0.073811,0.148227,107747380390.0,0.148227,7302147090.5,12.35951,0.12901,0.0,-0.00464,0.014637,위,5일 상승,4) +10% ~ +15%,"4) 1,000억 ~ 2,000억",4) +10% 이상,5) 10배 이상,양봉
2025,2025-09,2025-09-19,금,439580,블루엠텍,6326,15,94895,2025-09-24,6014,손절,3,-4848,-0.05109,0.052745,-0.067388,0.08778,80026096240.0,0.036066,13362593566.0,5.595688,0.085911,0.022152,-0.00464,0.014637,위,5일 상승,3) +5% ~ +10%,"3) 500억 ~ 1,000억",2) +2% ~ +5%,4) 5배 ~ 10배,양봉
2025,2025-09,2025-09-23,화,457190,이수스페셜티케미컬,51251,1,51251,2025-09-24,48751,손절,1,-2588,-0.050499,0.008757,-0.047827,0.122807,73967257600.0,0.065557,10024497885.0,6.53335,0.121577,0.015625,0.005057,0.010601,위,5일 상승,4) +10% ~ +15%,"3) 500억 ~ 1,000억",3) +5% ~ +10%,4) 5배 ~ 10배,양봉
2025,2025-09,2025-09-24,수,034020,두산에너빌리티,65966,1,65966,2025-09-26,62737,손절,2,-3342,-0.050664,0.015676,-0.058605,0.044374,798319255900.0,0.041074,317391116865.0,2.356309,0.039432,0.007587,-0.00403,0.017209,위,5일 상승,2) +3% ~ +5%,"5) 2,000억 이상",2) +2% ~ +5%,2) 2배 ~ 3배,양봉
2025,2025-09,2025-09-25,목,010950,S-Oil,61261,1,61261,2025-10-23,74200,익절,15,12807,0.209059,0.221001,-0.014058,0.023411,22288917600.0,0.004926,12008483750.0,1.802115,0.014925,0.001634,-0.000297,0.002834,위,5일 상승,1) +3% 미만,1) 300억 미만,1) +2% 미만,1) 2배 미만,양봉
2025,2025-09,2025-09-26,금,006220,제주은행,15475,6,92853,2025-09-30,14725,손절,2,-4661,-0.050197,0.020971,-0.074018,0.090268,181215905080.0,0.051701,3802558809.0,43.407249,0.091037,0.110608,-0.024505,-0.01718,위,5일 하락,3) +5% ~ +10%,"4) 1,000억 ~ 2,000억",3) +5% ~ +10%,5) 10배 이상,양봉
2025,2025-09,2025-09-30,화,419530,SAMG엔터,61762,1,61762,2025-10-01,58741,손절,1,-3127,-0.050625,0.023288,-0.049573,0.084359,22348048500.0,0.084359,9308999995.0,2.127267,0.084359,0.004862,-0.001926,-0.017667,위,5일 하락,3) +5% ~ +10%,1) 300억 미만,3) +5% ~ +10%,2) 2배 ~ 3배,양봉
2025,2025-10,2025-10-01,수,082740,한화엔진,49600,2,99199,2025-10-10,47203,손절,2,-4964,-0.050043,-0.002007,-0.052411,0.103563,426366056200.0,0.074837,74283431405.0,5.131384,0.081878,0.027245,0.009119,-0.004697,위,5일 하락,4) +10% ~ +15%,"5) 2,000억 이상",3) +5% ~ +10%,4) 5배 ~ 10배,양봉
2025,2025-10,2025-10-01,수,257720,실리콘투,47447,2,94895,2025-10-10,45155,손절,2,-4748,-0.050039,0.005324,-0.047366,0.034934,52452081600.0,0.024865,25966724117.5,1.875074,0.007439,0.010549,0.009119,-0.004697,위,5일 하락,2) +3% ~ +5%,"3) 500억 ~ 1,000억",2) +2% ~ +5%,1) 2배 미만,양봉
2025,2025-10,2025-10-10,금,083650,비에이치아이,54054,1,54054,2025-10-17,50949,손절,5,-3197,-0.059148,0.145151,-0.062049,0.122661,116352180000.0,0.005587,52808195815.0,1.986494,0.106557,0.007407,0.017297,0.066316,위,5일 상승,4) +10% ~ +15%,"4) 1,000억 ~ 2,000억",1) +2% 미만,1) 2배 미만,양봉
2025,2025-10,2025-10-10,금,103590,일진전기,39139,2,78278,2025-10-24,47000,익절,10,15555,0.198714,0.33115,-0.035491,0.061058,69213686100.0,0.002564,28534694910.0,2.27588,0.039894,0.014066,0.017297,0.066316,위,5일 상승,3) +5% ~ +10%,"3) 500억 ~ 1,000억",1) +2% 미만,2) 2배 ~ 3배,양봉
2025,2025-10,2025-10-10,금,187660,페니트리움바이오,2757,36,99238,2025-10-13,3310,익절,1,19711,0.198624,0.205144,-0.025666,0.120553,31956468705.0,0.007105,6241617855.75,4.623428,0.065789,0.093474,0.017297,0.066316,위,5일 상승,4) +10% ~ +15%,2) 300억 ~ 500억,1) +2% 미만,3) 3배 ~ 5배,양봉
2025,2025-10,2025-10-10,금,241560,두산밥캣,57157,1,57157,2025-11-19,54346,손절,28,-2910,-0.050908,0.158211,-0.051736,0.019643,25180129300.0,0.016014,12551781355.0,1.923849,0.025135,0.007005,0.017297,0.066316,위,5일 상승,1) +3% 미만,1) 300억 미만,1) +2% 미만,1) 2배 미만,양봉
2025,2025-10,2025-10-13,월,001440,대한전선,18158,5,90791,2025-10-14,17283,손절,1,-4533,-0.049932,0.027638,-0.063781,0.100728,247089003360.0,0.084928,17591347280.5,12.356052,0.13588,0.007718,-0.007215,0.04469,위,5일 상승,4) +10% ~ +15%,"5) 2,000억 이상",3) +5% ~ +10%,5) 10배 이상,양봉
2025,2025-10,2025-10-14,화,005070,코스모신소재,46496,2,92993,2025-10-21,55800,익절,5,18409,0.197961,0.342038,-0.046164,0.113909,138163341850.0,0.028793,18825156000.0,6.618206,0.108592,0.031216,-0.006344,0.040066,위,5일 상승,4) +10% ~ +15%,"4) 1,000억 ~ 2,000억",2) +2% ~ +5%,4) 5배 ~ 10배,양봉
2025,2025-10,2025-10-14,화,066970,엘앤에프,82582,1,82582,2025-10-17,102100,익절,3,19337,0.234149,0.380438,-0.037326,0.11336,106063567500.0,0.057692,33727094570.0,2.776198,0.120924,0.002424,-0.006344,0.040066,위,5일 상승,4) +10% ~ +15%,"4) 1,000억 ~ 2,000억",3) +5% ~ +10%,2) 2배 ~ 3배,양봉
2025,2025-10,2025-10-17,금,054540,삼영엠텍,15275,6,91652,2025-10-20,14535,손절,1,-4597,-0.050152,0.040244,-0.053371,0.040218,119516564160.0,0.009927,27452183715.0,3.791302,-0.01928,0.106815,0.000139,0.038301,위,5일 상승,2) +3% ~ +5%,"4) 1,000억 ~ 2,000억",1) +2% 미만,3) 3배 ~ 5배,음봉·보합
2025,2025-10,2025-10-17,금,018880,한온시스템,3489,28,97700,2025-10-30,4601,익절,9,30908,0.316355,0.320013,-0.014319,0.099707,20783580000.0,0.07604,3480926371.25,5.158006,0.126126,0.02,0.000139,0.038301,위,5일 상승,3) +5% ~ +10%,1) 300억 미만,3) +5% ~ +10%,4) 5배 ~ 10배,양봉
2025,2025-10,2025-10-20,월,010120,LS ELECTRIC,63964,1,63964,2025-10-27,76800,익절,5,12700,0.198546,0.235072,-0.040084,0.057947,138161385000.0,0.0224,50317609700.0,2.539447,0.040717,0.027387,0.017552,0.064203,위,5일 상승,3) +5% ~ +10%,"4) 1,000억 ~ 2,000억",2) +2% ~ +5%,2) 2배 ~ 3배,양봉
2025,2025-10,2025-10-21,화,014940,오리엔탈정공,11511,8,92092,2025-10-22,10959,손절,1,-4578,-0.049714,0.012031,-0.057464,0.136364,186738288000.0,0.061865,25169695169.5,6.439335,0.129666,0.018261,0.002399,0.073567,위,5일 상승,4) +10% ~ +15%,"4) 1,000억 ~ 2,000억",3) +5% ~ +10%,4) 5배 ~ 10배,양봉
2025,2025-10,2025-10-21,화,005690,파미셀,13483,7,94384,2025-10-27,16190,익절,4,18745,0.198598,0.248195,-0.035856,0.033768,184364859840.0,0.025895,24232494304.0,7.163376,0.024335,0.123979,0.002399,0.073567,위,5일 상승,2) +3% ~ +5%,"4) 1,000억 ~ 2,000억",2) +2% ~ +5%,4) 5배 ~ 10배,양봉
2025,2025-10,2025-10-22,수,003550,LG,80180,1,80180,,,보유중,48,31462,0.395608,1.31853,-0.030932,0.042969,28580721300.0,0.04026,20893811305.0,1.259341,0.033548,0.004994,0.015649,0.061904,위,5일 상승,2) +3% ~ +5%,1) 300억 미만,2) +2% ~ +5%,1) 2배 미만,양봉
2025,2025-10,2025-10-23,목,017510,세명전기,11271,8,90170,2025-11-10,10729,손절,12,-4491,-0.049808,0.174669,-0.058668,0.139676,172077594520.0,0.110454,6341843495.0,23.405872,0.147808,0.061279,-0.009815,0.025929,위,5일 상승,4) +10% ~ +15%,"4) 1,000억 ~ 2,000억",4) +10% 이상,5) 10배 이상,양봉
2025,2025-10,2025-10-24,금,000720,현대건설,66667,1,66667,2025-11-05,63436,손절,8,-3345,-0.050172,0.146001,-0.053499,0.166375,258343131600.0,0.082927,55649634880.0,4.003028,0.158261,0.021021,0.024972,0.051402,위,5일 상승,5) +15% ~ +20%,"5) 2,000억 이상",3) +5% ~ +10%,3) 3배 ~ 5배,양봉
2025,2025-10,2025-10-27,월,097230,HJ중공업,31582,3,94745,2025-10-28,30020,손절,1,-4848,-0.051165,0.0085,-0.092825,0.114841,601628906100.0,0.084192,184910033982.5,2.792678,0.086059,0.047544,0.025685,0.059806,위,5일 상승,4) +10% ~ +15%,"5) 2,000억 이상",3) +5% ~ +10%,2) 2배 ~ 3배,양봉
2025,2025-10,2025-10-27,월,0008Z0,에스엔시스,45495,2,90991,2025-10-29,43307,손절,2,-4534,-0.049831,0.014387,-0.059247,0.068155,93212405100.0,0.041237,8629052565.0,9.952957,0.056977,0.082508,0.025685,0.059806,위,5일 상승,3) +5% ~ +10%,"3) 500억 ~ 1,000억",2) +2% ~ +5%,4) 5배 ~ 10배,양봉
2025,2025-10,2025-10-28,화,035720,카카오,63764,1,63764,2025-11-05,60639,손절,6,-3234,-0.050719,0.093098,-0.051184,0.045977,332804089800.0,0.006319,167040322900.0,1.899453,0.029079,0.009419,-0.008019,0.048791,위,5일 상승,2) +3% ~ +5%,"5) 2,000억 이상",1) +2% 미만,1) 2배 미만,양봉
2025,2025-10,2025-10-29,수,218410,RFHIC,34184,2,68368,2025-11-06,32517,손절,6,-3451,-0.050476,0.079448,-0.058043,0.221825,88852392050.0,0.073899,4961059437.5,15.260461,0.084127,0.038067,0.017639,0.050846,위,5일 상승,6) +20% 이상,"3) 500억 ~ 1,000억",3) +5% ~ +10%,5) 10배 이상,양봉
2025,2025-10,2025-10-30,목,347850,디앤디파마텍,55611,1,55611,2025-10-31,66800,익절,1,11070,0.199062,0.280251,0.050751,0.117825,343469298000.0,0.082927,90722188970.0,3.200811,0.09901,0.031532,0.001406,0.062755,위,5일 상승,4) +10% ~ +15%,"5) 2,000억 이상",3) +5% ~ +10%,3) 3배 ~ 5배,양봉
2025,2025-10,2025-10-31,금,317830,에스피시스템스,10991,9,98919,2025-11-05,10460,손절,3,-4953,-0.050074,0.089985,-0.103811,0.137824,146373150240.0,0.088206,4483091136.0,28.393604,0.087129,0.107468,0.005043,0.042092,위,5일 상승,4) +10% ~ +15%,"4) 1,000억 ~ 2,000억",3) +5% ~ +10%,5) 10배 이상,양봉
2025,2025-11,2025-11-04,화,316140,우리금융지주,26276,3,78829,,,보유중,39,26976,0.345321,0.579373,-0.033348,0.029412,113279118750.0,0.001908,45708168365.0,2.420631,0.033465,0.007619,-0.023717,0.02776,위,5일 상승,1) +3% 미만,"4) 1,000억 ~ 2,000억",1) +2% 미만,2) 2배 ~ 3배,양봉
2025,2025-11,2025-11-06,목,249420,일동제약,30631,3,91892,2025-11-07,29121,손절,1,-4687,-0.051008,0.038178,-0.097308,0.077465,332320222800.0,0.077465,81070073222.5,3.467169,0.042589,0.047386,0.005501,-0.014789,위,5일 하락,3) +5% ~ +10%,"5) 2,000억 이상",3) +5% ~ +10%,3) 3배 ~ 5배,양봉
2025,2025-11,2025-11-06,목,452450,피아이이,9219,10,92192,2025-11-11,8771,손절,3,-4638,-0.050313,0.068421,-0.082351,0.137037,177373971660.0,0.035996,11472464429.5,14.507897,0.099045,0.046688,0.005501,-0.014789,위,5일 하락,4) +10% ~ +15%,"4) 1,000억 ~ 2,000억",2) +2% ~ +5%,5) 10배 이상,양봉
2025,2025-11,2025-11-06,목,024110,기업은행,20120,4,80480,,,보유중,37,928,0.013911,0.468681,-0.04076,0.040373,48633517800.0,0.024987,18877202064.5,2.468243,0.033951,0.002488,0.005501,-0.014789,위,5일 하락,2) +3% ~ +5%,2) 300억 ~ 500억,2) +2% ~ +5%,2) 2배 ~ 3배,양봉
2025,2025-11,2025-11-06,목,001450,현대해상,29229,3,87688,2025-11-07,27822,손절,1,-4372,-0.049859,0.002422,-0.048896,0.065693,29289001600.0,0.0373,12972915930.0,2.130694,0.054152,0.010274,0.005501,-0.014789,위,5일 하락,3) +5% ~ +10%,1) 300억 미만,2) +2% ~ +5%,2) 2배 ~ 3배,양봉
2025,2025-11,2025-11-07,금,241710,코스메카코리아,76977,1,76977,2025-11-10,73227,손절,1,-3883,-0.050438,0.002898,-0.051664,0.134218,47797348800.0,0.09078,5762293530.0,7.20399,0.09078,0.058518,-0.018053,-0.037429,위,5일 하락,4) +10% ~ +15%,2) 300억 ~ 500억,3) +5% ~ +10%,4) 5배 ~ 10배,양봉
2025,2025-11,2025-11-07,금,082270,젬백스,54554,1,54554,2025-11-10,42158,손절,1,-12474,-0.22866,-0.207215,-0.299783,0.162047,35748294000.0,0.129534,12461153355.0,2.423018,0.135417,0.007339,-0.018053,-0.037429,위,5일 하락,5) +15% ~ +20%,2) 300억 ~ 500억,4) +10% 이상,2) 2배 ~ 3배,양봉
2025,2025-11,2025-11-10,월,456160,지투지바이오,74775,1,74775,2025-11-11,71129,손절,1,-3774,-0.050478,0.25711,-0.051818,0.147465,256722759900.0,0.147465,104036482380.0,1.950495,0.109955,0.131191,0.030219,-0.035205,위,5일 하락,4) +10% ~ +15%,"5) 2,000억 이상",4) +10% 이상,1) 2배 미만,양봉
2025,2025-11,2025-11-10,월,005940,NH투자증권,21972,4,87888,2025-11-18,20879,손절,6,-4522,-0.051456,0.037687,-0.071543,0.101355,46200733150.0,0.025701,19550605587.5,2.188188,0.07335,0.009112,0.030219,-0.035205,위,5일 하락,4) +10% ~ +15%,2) 300억 ~ 500억,2) +2% ~ +5%,2) 2배 ~ 3배,양봉
2025,2025-11,2025-11-10,월,000120,CJ대한통운,91191,1,91191,,,보유중,35,-21558,-0.234574,0.688761,-0.238961,0.092326,35498572600.0,0.084524,5757780395.0,5.56324,0.078107,0.006586,0.030219,-0.035205,위,5일 하락,3) +5% ~ +10%,2) 300억 ~ 500억,3) +5% ~ +10%,4) 5배 ~ 10배,양봉
2025,2025-11,2025-11-11,화,214150,클래시스,54254,1,54254,2025-11-26,51648,손절,11,-2699,-0.049752,0.076414,-0.054451,0.086172,55400530000.0,0.034351,14965066922.5,3.338305,0.054475,0.04059,0.008138,-0.003724,위,5일 하락,3) +5% ~ +10%,"3) 500억 ~ 1,000억",2) +2% ~ +5%,3) 3배 ~ 5배,양봉
2025,2025-11,2025-11-11,화,281820,케이씨텍,43543,2,87087,2025-11-12,41409,손절,1,-4420,-0.050749,-0.002147,-0.050375,0.092965,36580890000.0,0.091593,4468094035.0,7.272422,0.048193,0.044828,0.008138,-0.003724,위,5일 하락,3) +5% ~ +10%,2) 300억 ~ 500억,3) +5% ~ +10%,4) 5배 ~ 10배,양봉
2025,2025-11,2025-11-12,수,950160,코오롱티슈진,51251,1,51251,2025-11-21,61600,익절,7,10239,0.19979,0.281921,-0.01856,0.07563,65631129600.0,0.072251,15267254752.5,3.837208,0.031219,0.048828,0.010715,0.036452,위,5일 상승,3) +5% ~ +10%,"3) 500억 ~ 1,000억",3) +5% ~ +10%,3) 3배 ~ 5배,양봉
2025,2025-11,2025-11-18,화,204620,글로벌텍스프리,5956,16,95295,2025-11-21,7150,익절,3,18902,0.198349,0.213912,-0.01611,0.018836,36591298100.0,0.015358,5465126078.0,6.344282,0.006768,0.072269,-0.033167,-0.037203,아래,5일 하락,1) +3% 미만,2) 300억 ~ 500억,1) +2% 미만,4) 5배 ~ 10배,양봉
2025,2025-11,2025-11-19,수,257720,실리콘투,46546,2,93093,2025-11-26,44306,손절,5,-4642,-0.049863,0.036598,-0.048264,0.035635,74276589000.0,0.01862,47211657072.5,1.482351,0.0299,0.016129,-0.006098,-0.053219,아래,5일 하락,2) +3% ~ +5%,"3) 500억 ~ 1,000억",1) +2% 미만,1) 2배 미만,양봉
2025,2025-11,2025-11-21,금,389500,에스비비테크,31031,3,93093,2025-11-25,29520,손절,2,-4692,-0.050398,0.076343,-0.096065,0.255061,88978370000.0,0.095406,3824612395.0,19.363343,0.310782,0.035484,-0.037852,-0.039463,아래,5일 하락,6) +20% 이상,"3) 500억 ~ 1,000억",3) +5% ~ +10%,5) 10배 이상,양봉
2025,2025-11,2025-11-24,월,014280,금강공업,6176,16,98819,2025-11-25,5874,손절,1,-5003,-0.050625,0.021669,-0.052811,0.051107,80049067890.0,0.003252,9781744598.0,7.577995,0.013136,0.132901,-0.001869,-0.059471,아래,5일 하락,3) +5% ~ +10%,"3) 500억 ~ 1,000억",1) +2% 미만,4) 5배 ~ 10배,양봉
2025,2025-11,2025-11-25,화,488280,에스투더블유,27878,3,83634,2025-11-26,26523,손절,1,-4207,-0.050303,0.000795,-0.117579,0.155602,119802345000.0,0.10297,13706431320.5,7.144504,0.155602,0.032316,0.003047,-0.024241,아래,5일 하락,5) +15% ~ +20%,"4) 1,000억 ~ 2,000억",4) +10% 이상,4) 5배 ~ 10배,양봉
2025,2025-11,2025-11-26,수,017800,현대엘리베이터,82082,1,82082,,,보유중,23,-8556,-0.102117,0.381545,-0.247094,0.006135,22874310000.0,0.001221,35435073870.0,0.617553,-0.004854,0.014634,0.026723,0.007981,아래,5일 상승,1) +3% 미만,1) 300억 미만,1) +2% 미만,1) 2배 미만,음봉·보합
2025,2025-11,2025-11-27,목,125490,한라캐스트,12533,7,87728,2025-12-01,15040,익절,2,17365,0.197948,0.306202,0.003789,0.148624,338165500480.0,0.028759,50196453002.0,5.737948,0.130985,0.049521,0.006574,-0.00448,아래,5일 하락,4) +10% ~ +15%,"5) 2,000억 이상",2) +2% ~ +5%,4) 5배 ~ 10배,양봉
2025,2025-11,2025-11-27,목,476060,온코닉테라퓨틱스,17768,5,88839,2025-11-28,21350,익절,1,17722,0.199483,0.207243,-0.010004,0.13491,190365572750.0,0.006807,55343804363.5,2.96276,0.118463,0.024789,0.006574,-0.00448,아래,5일 하락,4) +10% ~ +15%,"4) 1,000억 ~ 2,000억",1) +2% 미만,2) 2배 ~ 3배,양봉
2025,2025-11,2025-11-27,목,105840,우진,16316,6,97898,2025-12-01,15524,손절,2,-4919,-0.050251,0.005743,-0.065352,0.050258,20259514500.0,0.050258,16778770646.0,1.103702,0.044872,0.011043,0.006574,-0.00448,아래,5일 하락,3) +5% ~ +10%,1) 300억 미만,3) +5% ~ +10%,1) 2배 미만,양봉
2025,2025-11,2025-11-28,금,475960,토모큐브,47798,2,95595,2025-12-01,45504,손절,1,-4751,-0.0497,0.013646,-0.048072,0.126179,44865470250.0,0.08894,14537840507.5,2.66097,0.124853,0.015707,-0.01513,0.019031,아래,5일 상승,4) +10% ~ +15%,2) 300억 ~ 500억,3) +5% ~ +10%,2) 2배 ~ 3배,양봉
2025,2025-12,2025-12-01,월,356890,싸이버원,4575,21,96066,2025-12-02,4351,손절,1,-4868,-0.050669,0.014303,-0.053463,0.133995,57046062390.0,0.051784,4141698051.5,12.425141,0.031603,0.076586,-0.001584,0.019321,아래,5일 상승,4) +10% ~ +15%,"3) 500억 ~ 1,000억",3) +5% ~ +10%,5) 10배 이상,양봉
2025,2025-12,2025-12-02,화,439260,대한조선,72172,1,72172,2025-12-26,68631,손절,17,-3665,-0.05078,0.084907,-0.055037,0.057185,55082020700.0,0.052555,42941075990.0,1.15434,0.052555,0.005548,0.019019,0.035552,위,5일 상승,3) +5% ~ +10%,"3) 500억 ~ 1,000억",3) +5% ~ +10%,1) 2배 미만,양봉
2025,2025-12,2025-12-02,화,474650,링크솔루션,37638,2,75275,2025-12-03,45200,익절,1,14964,0.198795,0.297904,0.026899,0.102639,38032588000.0,0.102639,8428023140.0,3.857292,0.050279,0.046543,0.019019,0.035552,위,5일 상승,4) +10% ~ +15%,2) 300억 ~ 500억,4) +10% 이상,3) 3배 ~ 5배,양봉
2025,2025-12,2025-12-02,화,047050,포스코인터내셔널,55656,1,55656,2025-12-15,52947,손절,9,-2804,-0.050387,0.006188,-0.056699,0.043152,31000558400.0,0.018315,15662181825.0,1.890686,0.035382,0.003597,0.019019,0.035552,위,5일 상승,2) +3% ~ +5%,2) 300억 ~ 500억,1) +2% 미만,1) 2배 미만,양봉
2025,2025-12,2025-12-03,수,000720,현대건설,70570,1,70570,2025-12-04,67133,손절,1,-3559,-0.050433,0.001835,-0.049178,0.069803,259803357000.0,0.052239,79464132850.0,2.949356,0.033724,0.005674,0.010356,0.019044,위,5일 상승,3) +5% ~ +10%,"5) 2,000억 이상",3) +5% ~ +10%,2) 2배 ~ 3배,양봉
2025,2025-12,2025-12-04,목,466100,클로봇,42382,2,84763,2025-12-05,40310,손절,1,-4290,-0.050609,0.01688,-0.069163,0.034722,264227242800.0,0.033526,84432595990.0,2.788442,-0.004454,0.042506,-0.00193,0.010434,위,5일 상승,2) +3% ~ +5%,"5) 2,000억 이상",2) +2% ~ +5%,2) 2배 ~ 3배,음봉·보합
2025,2025-12,2025-12-05,금,086520,에코프로,96997,1,96997,2025-12-08,116400,익절,1,19196,0.197908,0.226843,0.020651,0.059016,825908835900.0,0.023231,314980302120.0,2.396979,0.070718,0.021672,0.017758,0.044176,위,5일 상승,3) +5% ~ +10%,"5) 2,000억 이상",2) +2% ~ +5%,2) 2배 ~ 3배,양봉
2025,2025-12,2025-12-08,월,022100,포스코DX,28478,3,85435,2025-12-11,27073,손절,3,-4363,-0.051073,0.030604,-0.055426,0.077652,71327734700.0,0.032668,12400250650.0,5.220465,0.065543,0.01406,0.013366,0.059811,위,5일 상승,3) +5% ~ +10%,"3) 500억 ~ 1,000억",2) +2% ~ +5%,4) 5배 ~ 10배,양봉
2025,2025-12,2025-12-12,금,006340,대원전선,4164,23,95776,2025-12-15,3961,손절,1,-4837,-0.050499,0.001402,-0.061035,0.176803,110983600000.0,0.037406,23908716513.75,4.243619,0.168539,0.0,0.013755,0.016368,위,5일 상승,5) +15% ~ +20%,"4) 1,000억 ~ 2,000억",2) +2% ~ +5%,3) 3배 ~ 5배,양봉
2025,2025-12,2025-12-15,월,030530,원익홀딩스,37537,2,75075,2025-12-16,35714,손절,1,-3776,-0.050291,0.009657,-0.092907,0.227496,830950012500.0,0.219512,163382086242.5,3.591866,0.264755,0.028,-0.018375,-0.015466,위,5일 하락,6) +20% 이상,"5) 2,000억 이상",4) +10% 이상,3) 3배 ~ 5배,양봉
2025,2025-12,2025-12-15,월,161580,필옵틱스,47598,2,95195,2025-12-16,45305,손절,1,-4750,-0.049893,0.015809,-0.06928,0.045055,39754653000.0,0.028108,15410014547.5,2.303743,0.080682,0.001052,-0.018375,-0.015466,위,5일 하락,2) +3% ~ +5%,2) 300억 ~ 500억,2) +2% ~ +5%,2) 2배 ~ 3배,양봉
2025,2025-12,2025-12-16,화,021240,코웨이,90090,1,90090,2025-12-29,85714,손절,8,-4531,-0.050291,0.010101,-0.060939,0.008969,33708420000.0,0.001112,20181633425.0,1.616184,0.021566,0.028889,-0.022359,-0.034854,아래,5일 하락,1) +3% 미만,2) 300억 ~ 500억,1) +2% 미만,1) 2배 미만,양봉
2025,2025-12,2025-12-17,수,195870,해성디에스,58558,1,58558,2025-12-18,55744,손절,1,-2915,-0.04978,-0.004414,-0.077845,0.192661,74585101500.0,0.046512,12412150717.5,5.330921,0.153846,0.005128,0.014323,-0.019006,위,5일 하락,5) +15% ~ +20%,"3) 500억 ~ 1,000억",2) +2% ~ +5%,4) 5배 ~ 10배,양봉
2025,2025-12,2025-12-19,금,006800,미래에셋증권,22723,4,90891,,,보유중,6,37812,0.419286,2.863977,-0.0076,0.027149,440848005900.0,0.008889,75488545530.0,5.577186,0.013393,0.068282,0.006519,-0.035182,아래,5일 하락,1) +3% 미만,"5) 2,000억 이상",1) +2% 미만,4) 5배 ~ 10배,양봉
2025,2025-12,2025-12-26,금,080220,제주반도체,21121,4,84484,2025-12-30,25350,익절,2,16736,0.198091,0.302016,0.017939,0.098958,55810111900.0,0.068354,7087259119.5,7.12153,0.094966,0.00237,0.005126,0.033839,위,5일 상승,3) +5% ~ +10%,"3) 500억 ~ 1,000억",3) +5% ~ +10%,4) 5배 ~ 10배,양봉
2025,2025-12,2025-12-29,월,347850,디앤디파마텍,97798,1,97798,2025-12-30,93107,손절,1,-4859,-0.049686,-0.005089,-0.067463,0.029505,144402456300.0,0.011387,193971083295.0,0.697685,0.012435,0.012282,0.022007,0.049747,위,5일 상승,1) +3% 미만,"4) 1,000억 ~ 2,000억",1) +2% 미만,1) 2배 미만,양봉
2025,2025-12,2025-12-30,화,486990,노타,46346,2,92693,,,보유중,0,-52096,-0.560914,0.292444,-0.673545,0.07052,584021856900.0,0.024336,135373902177.5,3.966991,0.049887,0.069114,-0.001514,0.026362,위,5일 상승,3) +5% ~ +10%,"5) 2,000억 이상",2) +2% ~ +5%,3) 3배 ~ 5배,양봉
2025,2025-12,2025-12-30,화,067310,하나마이크론,25776,3,77327,,,보유중,0,60956,0.792382,1.269575,-0.055314,0.021825,96845209250.0,0.011788,32044202005.0,2.902676,0.03,0.058252,-0.001514,0.026362,위,5일 상승,1) +3% 미만,"3) 500억 ~ 1,000억",1) +2% 미만,2) 2배 ~ 3배,양봉
2026,2026-01,2026-01-02,금,035720,카카오,62162,1,62162,2026-01-07,59141,손절,3,-3158,-0.050799,0.032784,-0.055695,0.033278,180289092600.0,0.001613,109509843080.0,1.579936,0.033278,0.006441,0.022652,0.046708,위,5일 상승,2) +3% ~ +5%,"4) 1,000억 ~ 2,000억",1) +2% 미만,1) 2배 미만,양봉
2026,2026-01,2026-01-02,금,010170,대한광통신,2686,37,99375,2026-01-05,3225,익절,1,19678,0.198022,0.223776,0.027544,0.258427,88801322399.99998,0.078998,18601628990.5,3.957461,0.220044,0.030357,0.022652,0.046708,위,5일 상승,6) +20% 이상,"3) 500억 ~ 1,000억",3) +5% ~ +10%,3) 3배 ~ 5배,양봉
2026,2026-01,2026-01-02,금,089030,테크윙,50951,1,50951,2026-01-09,48501,손절,5,-2561,-0.050271,0.097135,-0.068711,0.111354,68286167500.0,0.072708,19828232967.5,3.019682,0.101732,0.007859,0.022652,0.046708,위,5일 상승,4) +10% ~ +15%,"3) 500억 ~ 1,000억",3) +5% ~ +10%,3) 3배 ~ 5배,양봉
2026,2026-01,2026-01-02,금,084370,유진테크,85686,1,85686,2026-01-09,81518,손절,5,-4355,-0.050829,0.129711,-0.058185,0.141333,53405155200.0,0.060719,18201588040.0,2.588049,0.139814,0.011682,0.022652,0.046708,위,5일 상승,4) +10% ~ +15%,"3) 500억 ~ 1,000억",3) +5% ~ +10%,2) 2배 ~ 3배,양봉
2026,2026-01,2026-01-02,금,005290,동진쎄미켐,39690,2,79379,2026-01-28,47650,익절,18,15704,0.197834,0.220721,-0.045091,0.081855,39389459850.0,0.014066,22514370077.5,1.670233,0.077446,0.001261,0.022652,0.046708,위,5일 상승,3) +5% ~ +10%,2) 300억 ~ 500억,1) +2% 미만,1) 2배 미만,양봉
2026,2026-01,2026-01-02,금,003160,디아이,24124,4,96496,2026-01-06,28950,익절,2,19040,0.197315,0.224916,0.007291,0.128806,22840991900.0,0.052402,8913420349.0,2.270855,0.128806,0.006224,0.022652,0.046708,위,5일 상승,4) +10% ~ +15%,1) 300억 미만,3) +5% ~ +10%,2) 2배 ~ 3배,양봉
2026,2026-01,2026-01-05,월,034020,두산에너빌리티,83283,1,83283,2026-02-19,100500,익절,30,16988,0.203982,0.207927,-0.016608,0.106383,1258458822400.0,0.034826,305947619050.0,3.809654,0.086162,0.001202,0.034316,0.084919,위,5일 상승,4) +10% ~ +15%,"5) 2,000억 이상",2) +2% ~ +5%,3) 3배 ~ 5배,양봉
2026,2026-01,2026-01-05,월,001440,대한전선,25726,3,77177,2026-02-03,30900,익절,21,15312,0.198401,0.224456,-0.030153,0.079832,152654787500.0,0.053279,64357920537.5,2.148616,0.064182,0.005837,0.034316,0.084919,위,5일 상승,3) +5% ~ +10%,"4) 1,000억 ~ 2,000억",3) +5% ~ +10%,2) 2배 ~ 3배,양봉
2026,2026-01,2026-01-05,월,036930,주성엔지니어링,31231,3,93694,2026-01-28,37500,익절,17,18550,0.197991,0.231141,-0.028215,0.024631,30165158400.0,0.019608,7205128817.5,3.846,-0.020408,0.032051,0.034316,0.084919,위,5일 상승,1) +3% 미만,2) 300억 ~ 500억,1) +2% 미만,3) 3배 ~ 5배,음봉·보합
2026,2026-01,2026-01-05,월,101490,에스앤에스텍,54054,1,54054,2026-01-09,51448,손절,4,-2724,-0.050398,0.034151,-0.074999,0.052632,23311908000.0,0.022727,7299156487.5,2.868408,0.005587,0.035185,0.034316,0.084919,위,5일 상승,3) +5% ~ +10%,1) 300억 미만,2) +2% ~ +5%,2) 2배 ~ 3배,양봉
2026,2026-01,2026-01-05,월,166090,하나머티리얼즈,48298,2,96596,2026-01-09,45954,손절,4,-4901,-0.050733,0.14911,-0.061043,0.063947,20023894750.0,0.044372,6593210940.0,2.733991,0.024416,0.001036,0.034316,0.084919,위,5일 상승,3) +5% ~ +10%,1) 300억 미만,2) +2% ~ +5%,2) 2배 ~ 3배,양봉
2026,2026-01,2026-01-06,화,024060,흥구석유,12833,7,89830,2026-01-08,12208,손절,2,-4572,-0.050902,0.024716,-0.064898,0.036378,112604418720.0,0.036378,3750857352.0,28.551179,0.031376,0.099844,0.015246,0.095843,위,5일 상승,2) +3% ~ +5%,"4) 1,000억 ~ 2,000억",2) +2% ~ +5%,5) 10배 이상,양봉
2026,2026-01,2026-01-07,수,195940,HK이노엔,54855,1,54855,2026-01-08,52148,손절,1,-2827,-0.051542,0.006293,-0.052043,0.068226,41932631200.0,0.037879,8381685955.0,4.683057,0.070312,0.009124,0.005652,0.078307,위,5일 상승,3) +5% ~ +10%,2) 300억 ~ 500억,2) +2% ~ +5%,3) 3배 ~ 5배,양봉
2026,2026-01,2026-01-08,목,456160,지투지바이오,80881,1,80881,2026-01-09,76923,손절,1,-4135,-0.051129,0.01631,-0.057873,0.252713,292051115200.0,0.046632,50634305420.0,5.109037,0.22239,0.02104,0.000288,0.080253,위,5일 상승,6) +20% 이상,"5) 2,000억 이상",2) +2% ~ +5%,4) 5배 ~ 10배,양봉
2026,2026-01,2026-01-08,목,009420,한올바이오파마,52653,1,52653,2026-01-09,50050,손절,1,-2718,-0.051625,-0.000999,-0.052279,0.037475,46344755400.0,0.021359,37275694527.5,1.064411,0.025341,0.01711,0.000288,0.080253,위,5일 상승,2) +3% ~ +5%,2) 300억 ~ 500억,2) +2% ~ +5%,1) 2배 미만,양봉
2026,2026-01,2026-01-09,금,234030,싸이닉솔루션,11491,8,91932,2026-01-13,10939,손절,2,-4621,-0.05027,0.061656,-0.050601,0.1643,203843506440.0,0.143426,18510584934.5,9.145077,0.124388,0.033101,0.007458,0.064203,위,5일 상승,5) +15% ~ +20%,"5) 2,000억 이상",4) +10% 이상,4) 5배 ~ 10배,양봉
2026,2026-01,2026-01-09,금,448900,한국피아이엠,63964,1,63964,2026-01-12,76800,익절,1,12661,0.197946,0.227255,0.044339,0.092308,35552937600.0,0.042414,23332432945.0,1.280249,0.052718,0.043818,0.007458,0.064203,위,5일 상승,3) +5% ~ +10%,2) 300억 ~ 500억,2) +2% ~ +5%,1) 2배 미만,양봉
2026,2026-01,2026-01-09,금,257720,실리콘투,43694,2,87387,2026-01-12,41558,손절,1,-4462,-0.051064,-0.006721,-0.05135,0.028269,32807776500.0,0.024648,20200724932.5,1.512772,0.028269,0.010309,0.007458,0.064203,위,5일 상승,1) +3% 미만,2) 300억 ~ 500억,2) +2% ~ +5%,1) 2배 미만,양봉
2026,2026-01,2026-01-12,월,010950,S-Oil,87187,1,87187,2026-01-30,104700,익절,14,17275,0.198134,0.231834,-0.020497,0.036905,28287205700.0,0.008102,21802663005.0,1.237344,0.031991,0.001148,0.008388,0.037525,위,5일 상승,2) +3% ~ +5%,1) 300억 미만,1) +2% 미만,1) 2배 미만,양봉
2026,2026-01,2026-01-13,화,098460,고영,29780,3,89339,2026-01-14,28322,손절,1,-4570,-0.051158,-0.019468,-0.071517,0.133333,654787206500.0,0.091743,102917731620.0,5.429891,0.099815,0.036975,0.014671,0.036938,위,5일 상승,4) +10% ~ +15%,"5) 2,000억 이상",3) +5% ~ +10%,4) 5배 ~ 10배,양봉
2026,2026-01,2026-01-13,화,015760,한국전력,55756,1,55756,2026-01-14,53047,손절,1,-2831,-0.050779,-0.013554,-0.047631,0.092157,395072134900.0,0.087891,149528365107.5,2.329827,0.07529,0.001795,0.014671,0.036938,위,5일 상승,3) +5% ~ +10%,"5) 2,000억 이상",3) +5% ~ +10%,2) 2배 ~ 3배,양봉
2026,2026-01,2026-01-13,화,017670,SK텔레콤,54354,1,54354,2026-01-27,65300,익절,10,10797,0.198644,0.317283,-0.004679,0.024528,96965682000.0,0.005556,29618636865.0,3.208658,0.014953,0.001842,0.014671,0.036938,위,5일 상승,1) +3% 미만,"3) 500억 ~ 1,000억",1) +2% 미만,3) 3배 ~ 5배,양봉
2026,2026-01,2026-01-13,화,009830,한화솔루션,26862,3,80586,2026-01-21,25524,손절,6,-4190,-0.05199,0.049917,-0.055426,0.055659,78273574600.0,0.010657,21159309427.5,3.528232,0.044037,0.01406,0.014671,0.036938,위,5일 상승,3) +5% ~ +10%,"3) 500억 ~ 1,000억",1) +2% 미만,3) 3배 ~ 5배,양봉
2026,2026-01,2026-01-13,화,336260,두산퓨얼셀,34034,2,68068,2026-02-02,32368,손절,14,-3482,-0.051158,0.173826,-0.064171,0.07425,38269210000.0,0.05919,13726256102.5,2.48701,0.0625,0.010294,0.014671,0.036938,위,5일 상승,3) +5% ~ +10%,2) 300억 ~ 500억,3) +5% ~ +10%,2) 2배 ~ 3배,양봉
2026,2026-01,2026-01-14,수,086790,하나금융지주,96196,1,96196,2026-02-05,115500,익절,16,19041,0.197941,0.201712,-0.009315,0.019088,69880652600.0,0.012645,51940632540.0,1.306133,0.026709,0.001041,0.006491,0.037802,위,5일 상승,1) +3% 미만,"3) 500억 ~ 1,000억",1) +2% 미만,1) 2배 미만,양봉
2026,2026-01,2026-01-14,수,016360,삼성증권,81081,1,81081,2026-02-10,97300,익절,19,15998,0.197304,0.217301,-0.010866,0.031847,61622370000.0,0.011236,34749431805.0,1.703994,0.033163,0.0,0.006491,0.037802,위,5일 상승,2) +3% ~ +5%,"3) 500억 ~ 1,000억",1) +2% 미만,1) 2배 미만,양봉
2026,2026-01,2026-01-21,수,099440,스맥,7207,13,93694,2026-01-22,6853,손절,1,-4808,-0.05132,0.032301,-0.077312,0.105991,147755728800.0,0.052632,22120306020.5,5.934401,0.133858,0.102778,0.004949,0.039557,위,5일 상승,4) +10% ~ +15%,"4) 1,000억 ~ 2,000억",3) +5% ~ +10%,4) 5배 ~ 10배,양봉
2026,2026-01,2026-01-22,목,114190,강원에너지,17658,5,88288,2026-01-23,16803,손절,1,-4466,-0.050586,0.087348,-0.062162,0.281977,129060608040.0,0.226704,4573668551.0,22.016197,0.264516,0.005669,0.008676,0.032304,위,5일 상승,6) +20% 이상,"4) 1,000억 ~ 2,000억",4) +10% 이상,5) 10배 이상,양봉
2026,2026-01,2026-01-23,금,950160,코오롱티슈진,83183,1,83183,2026-01-27,99900,익절,2,16490,0.198233,0.240637,0.008618,0.068123,67187097900.0,0.04397,30409353900.0,1.95317,0.041353,0.004813,0.00758,0.030849,위,5일 상승,3) +5% ~ +10%,"3) 500억 ~ 1,000억",2) +2% ~ +5%,1) 2배 미만,양봉
2026,2026-01,2026-01-27,화,439260,대한조선,73573,1,73573,2026-01-30,70030,손절,3,-3705,-0.050361,0.00036,-0.054007,0.05,66392550000.0,0.035211,12767598455.0,4.852167,0.038136,0.058503,0.027328,0.040751,위,5일 상승,3) +5% ~ +10%,"3) 500억 ~ 1,000억",2) +2% ~ +5%,3) 3배 ~ 5배,양봉
2026,2026-01,2026-01-27,화,100790,미래에셋벤처투자,15415,6,92492,2026-01-29,14675,손절,2,-4644,-0.050207,0.255238,-0.059382,0.076171,44679327000.0,0.039136,33936383834.5,1.163703,0.007194,0.014935,0.027328,0.040751,위,5일 상승,3) +5% ~ +10%,2) 300억 ~ 500억,2) +2% ~ +5%,1) 2배 미만,양봉
2026,2026-01,2026-01-28,수,003620,KG모빌리티,3984,25,99599,2026-01-29,3791,손절,1,-5038,-0.050584,0.029122,-0.04869,0.107093,159448176880.0,0.105556,3259789303.0,43.538649,0.088919,0.173367,0.016905,0.053133,위,5일 상승,4) +10% ~ +15%,"4) 1,000억 ~ 2,000억",4) +10% 이상,5) 10배 이상,양봉
2026,2026-01,2026-01-29,목,081180,쎄크,16817,5,84084,2026-02-06,15185,손절,6,-8336,-0.099137,0.161339,-0.131821,0.125251,32631564000.0,0.021277,14578746890.0,2.103262,0.119254,0.025595,0.009755,0.054259,위,5일 상승,4) +10% ~ +15%,2) 300억 ~ 500억,2) +2% ~ +5%,2) 2배 ~ 3배,양봉
2026,2026-01,2026-01-29,목,499790,GS피앤엘,48949,2,97898,2026-02-05,58800,익절,5,19435,0.19852,0.291142,-0.025514,0.103837,22345588500.0,0.092737,6880031700.0,2.838816,0.102593,0.063395,0.009755,0.054259,위,5일 상승,4) +10% ~ +15%,1) 300억 미만,3) +5% ~ +10%,2) 2배 ~ 3배,양봉
2026,2026-01,2026-01-30,금,125490,한라캐스트,24024,4,96096,2026-02-02,22827,손절,1,-4998,-0.052012,0.055195,-0.109224,0.24805,409154040000.0,0.151079,50831769643.0,6.465793,0.156627,0.029167,0.000596,0.046951,위,5일 상승,6) +20% 이상,"5) 2,000억 이상",4) +10% 이상,4) 5배 ~ 10배,양봉
2026,2026-01,2026-01-30,금,009070,KCTC,6747,14,94454,2026-02-02,6414,손절,1,-4871,-0.051575,0.073111,-0.072144,0.056426,60153131780.0,0.019667,5469174672.0,10.427284,0.053125,0.097923,0.000596,0.046951,위,5일 상승,3) +5% ~ +10%,"3) 500억 ~ 1,000억",1) +2% 미만,5) 10배 이상,양봉
2026,2026-01,2026-01-30,금,128820,대성산업,7357,13,95646,2026-02-02,8830,익절,1,18883,0.19743,0.223267,0.028903,0.098655,59810514750.0,0.009615,13330951240.5,4.106862,0.092125,0.077551,0.000596,0.046951,위,5일 상승,3) +5% ~ +10%,"3) 500억 ~ 1,000억",1) +2% 미만,3) 3배 ~ 5배,양봉
2026,2026-02,2026-02-03,화,008830,대동기어,13477,7,94337,2026-02-04,12777,손절,1,-5102,-0.054087,-0.000999,-0.062956,0.173815,91267113600.0,0.155556,5365190318.0,14.282312,0.149171,0.079327,0.06837,0.039968,위,5일 상승,5) +15% ~ +20%,"3) 500억 ~ 1,000억",4) +10% 이상,5) 10배 이상,양봉
2026,2026-02,2026-02-03,화,021240,코웨이,84785,1,84785,2026-02-06,80619,손절,3,-4351,-0.051324,0.034385,-0.097715,0.013158,46627011200.0,0.013158,29766375730.0,1.459876,0.003555,0.016529,0.06837,0.039968,위,5일 상승,1) +3% 미만,2) 300억 ~ 500억,1) +2% 미만,1) 2배 미만,양봉
2026,2026-02,2026-02-03,화,006360,GS건설,19219,5,96096,2026-02-20,23100,익절,10,19141,0.199189,0.214931,-0.029616,0.04918,23215929600.0,0.000521,13817441920.5,1.646817,0.036158,0.007812,0.06837,0.039968,위,5일 상승,2) +3% ~ +5%,1) 300억 미만,1) +2% 미만,1) 2배 미만,양봉
2026,2026-02,2026-02-04,수,0015N0,아로마티카,11612,8,92893,2026-02-05,13940,익절,1,18373,0.197792,0.236694,-0.006166,0.153082,97255049600.0,0.116458,6744941609.5,12.192127,0.15653,0.058621,0.015699,0.038735,위,5일 상승,5) +15% ~ +20%,"3) 500억 ~ 1,000억",4) +10% 이상,5) 10배 이상,양봉
2026,2026-02,2026-02-04,수,475150,SK이터닉스,21071,4,84284,2026-02-05,20030,손절,1,-4349,-0.051603,0.027476,-0.05083,0.080041,30331239700.0,0.004773,5521464237.5,5.223645,0.085611,0.004751,0.015699,0.038735,위,5일 상승,3) +5% ~ +10%,2) 300억 ~ 500억,1) +2% 미만,4) 5배 ~ 10배,양봉
2026,2026-02,2026-02-05,목,376300,디어유,43393,2,86787,2026-02-06,41309,손절,1,-4360,-0.050239,0.00361,-0.075895,0.140789,79673615250.0,0.125974,6625993615.0,9.936932,0.151394,0.05767,-0.038638,-0.011047,위,5일 하락,4) +10% ~ +15%,"3) 500억 ~ 1,000억",4) +10% 이상,4) 5배 ~ 10배,양봉
2026,2026-02,2026-02-09,월,209640,와이제이링크,4855,20,97097,2026-02-11,5830,익절,2,19238,0.198129,0.221459,-0.042195,0.171498,69328179500.0,0.048649,10125056218.0,6.251795,0.12922,0.070103,0.041048,0.070382,위,5일 상승,5) +15% ~ +20%,"3) 500억 ~ 1,000억",2) +2% ~ +5%,4) 5배 ~ 10배,양봉
2026,2026-02,2026-02-09,월,073240,금호타이어,6917,14,96837,2026-03-04,6364,손절,13,-7952,-0.082117,0.105985,-0.19039,0.107372,32480848870.0,0.103834,3970518859.5,7.147811,0.07465,0.041968,0.041048,0.070382,위,5일 상승,4) +10% ~ +15%,2) 300억 ~ 500억,4) +10% 이상,4) 5배 ~ 10배,양봉
2026,2026-02,2026-02-09,월,089970,브이엠,31181,3,93543,2026-02-24,37450,익절,8,18551,0.198314,0.329329,-0.029863,0.143119,29335917450.0,0.033167,21778803357.5,1.202791,0.077855,0.012841,0.041048,0.070382,위,5일 상승,4) +10% ~ +15%,1) 300억 미만,2) +2% ~ +5%,1) 2배 미만,양봉
2026,2026-02,2026-02-09,월,005690,파미셀,14725,6,88348,2026-02-12,17670,익절,3,17431,0.197294,0.208852,-0.017298,0.098581,23024018450.0,0.015884,10702789836.0,1.994713,0.061328,0.010197,0.041048,0.070382,위,5일 상승,3) +5% ~ +10%,1) 300억 미만,1) +2% 미만,1) 2배 미만,양봉
2026,2026-02,2026-02-10,화,441270,파인엠텍,10951,9,98558,2026-02-20,10420,손절,5,-4999,-0.050718,0.094883,-0.074965,0.058027,25934156140.0,0.049904,5096224914.0,4.485537,0.04689,0.038391,0.000689,0.002574,위,5일 상승,3) +5% ~ +10%,1) 300억 미만,2) +2% ~ +5%,3) 3배 ~ 5배,양봉
2026,2026-02,2026-02-11,수,052710,아모텍,10240,9,92156,2026-02-12,9740,손절,1,-4696,-0.050957,0.037185,-0.053391,0.228166,29357009999.999996,0.064333,4178719046.5,6.106645,0.185458,0.015111,0.009959,-0.003092,위,5일 하락,6) +20% 이상,1) 300억 미만,3) +5% ~ +10%,4) 5배 ~ 10배,양봉
2026,2026-02,2026-02-11,수,331740,아우토크립트,18869,5,94344,2026-02-19,17962,손절,3,-4741,-0.050256,0.065248,-0.084735,0.143117,24293408750.0,0.06257,3791528685.0,5.515905,0.108824,0.015385,0.009959,-0.003092,위,5일 하락,4) +10% ~ +15%,1) 300억 미만,3) +5% ~ +10%,4) 5배 ~ 10배,양봉
2026,2026-02,2026-02-12,목,088980,맥쿼리인프라,11471,8,91772,2026-06-01,10919,손절,70,-4621,-0.05035,0.036485,-0.058533,0.009692,30268530180.0,0.003503,18447379473.0,1.615373,0.010582,0.000873,0.031334,0.069467,위,5일 상승,1) +3% 미만,2) 300억 ~ 500억,1) +2% 미만,1) 2배 미만,양봉
2026,2026-02,2026-02-19,목,017960,한국카본,36787,2,73573,2026-02-25,44150,익절,4,14526,0.19743,0.208315,0.015311,0.053009,25526439750.0,0.004098,18200677970.0,1.325629,0.029412,0.017687,0.030913,0.071576,위,5일 상승,3) +5% ~ +10%,1) 300억 미만,1) +2% 미만,1) 2배 미만,양봉
2026,2026-02,2026-02-20,금,460930,현대힘스,19980,4,79920,2026-02-24,19021,손절,2,-4012,-0.050195,-0.006004,-0.065564,0.131519,45011197200.0,0.033126,4485078068.5,8.902974,-0.058491,0.079659,0.023124,0.0956,위,5일 상승,4) +10% ~ +15%,2) 300억 ~ 500억,2) +2% ~ +5%,4) 5배 ~ 10배,음봉·보합
2026,2026-02,2026-02-23,월,457550,우진엔텍,31732,3,95195,2026-02-26,30170,손절,3,-4895,-0.051416,0.099847,-0.057725,0.083761,102008571200.0,0.083761,19100667365.0,4.66873,0.060201,0.053628,0.006466,0.091811,위,5일 상승,3) +5% ~ +10%,"4) 1,000억 ~ 2,000억",3) +5% ~ +10%,3) 3배 ~ 5배,양봉
2026,2026-02,2026-02-23,월,000500,가온전선,54178,1,54178,2026-02-25,66627,익절,2,12297,0.226982,0.30465,-0.039974,0.083426,25101343600.0,0.081021,4940134250.0,4.569426,0.072687,0.025667,0.006466,0.091811,위,5일 상승,3) +5% ~ +10%,1) 300억 미만,3) +5% ~ +10%,3) 3배 ~ 5배,양봉
2026,2026-02,2026-02-23,월,053700,삼보모터스,8358,11,91942,2026-02-24,7952,손절,1,-4671,-0.050807,0.014554,-0.053641,0.020782,21497776400.0,0.006024,9479715271.5,2.104828,0.006024,0.118563,0.006466,0.091811,위,5일 상승,1) +3% 미만,1) 300억 미만,1) +2% 미만,2) 2배 ~ 3배,양봉
2026,2026-02,2026-02-24,화,147830,제룡산업,8639,11,95025,2026-02-26,8222,손절,2,-4794,-0.050452,0.056881,-0.088976,0.07606,53778164310.0,0.07606,8608643872.0,5.503889,0.07205,0.052144,0.021134,0.081012,위,5일 상승,3) +5% ~ +10%,"3) 500억 ~ 1,000억",3) +5% ~ +10%,4) 5배 ~ 10배,양봉
2026,2026-02,2026-02-24,화,448900,한국피아이엠,93093,1,93093,2026-02-26,111800,익절,2,18453,0.198218,0.457682,-0.028928,0.159601,37019022000.0,0.159601,12175111995.0,2.362607,0.187739,0.016129,0.021134,0.081012,위,5일 상승,5) +15% ~ +20%,2) 300억 ~ 500억,4) +10% 이상,2) 2배 ~ 3배,양봉
2026,2026-02,2026-02-25,수,015760,한국전력,64364,1,64364,2026-02-27,61239,손절,2,-3267,-0.050757,0.012984,-0.095772,0.023885,202760469300.0,0.020635,197682696480.0,0.971565,0.00312,0.015552,0.019133,0.104748,위,5일 상승,1) +3% 미만,"5) 2,000억 이상",2) +2% ~ +5%,1) 2배 미만,양봉
2026,2026-02,2026-02-25,수,319400,현대무벡스,35586,2,71171,2026-02-26,33866,손절,1,-3595,-0.050515,0.055204,-0.058607,0.06278,152827743600.0,0.024496,180882434297.5,0.761619,-0.046917,0.060478,0.019133,0.104748,위,5일 상승,3) +5% ~ +10%,"4) 1,000억 ~ 2,000억",2) +2% ~ +5%,1) 2배 미만,음봉·보합
2026,2026-02,2026-02-25,수,005850,에스엘,72272,1,72272,2026-02-26,68731,손절,1,-3700,-0.05119,0.008687,-0.050811,0.179739,74943311200.0,0.166397,17467971735.0,3.37409,0.146032,0.006925,0.019133,0.104748,위,5일 상승,5) +15% ~ +20%,"3) 500억 ~ 1,000억",4) +10% 이상,3) 3배 ~ 5배,양봉
2026,2026-02,2026-02-25,수,011210,현대위아,92292,1,92292,2026-03-03,111000,익절,3,18455,0.199966,0.220038,-0.042173,0.068366,61807560800.0,0.026726,19174333220.0,2.989322,0.06099,0.021692,0.019133,0.104748,위,5일 상승,3) +5% ~ +10%,"3) 500억 ~ 1,000억",2) +2% ~ +5%,2) 2배 ~ 3배,양봉
2026,2026-02,2026-02-25,수,083450,GST,30631,3,91892,2026-03-04,27972,손절,4,-8170,-0.088909,0.064295,-0.141381,0.01157,20873759400.0,0.009901,11818814612.5,1.667455,-0.069909,0.076797,0.019133,0.104748,위,5일 상승,1) +3% 미만,1) 300억 미만,1) +2% 미만,1) 2배 미만,음봉·보합
2026,2026-02,2026-02-26,목,064400,LG씨엔에스,74374,1,74374,2026-03-03,70729,손절,2,-3808,-0.051205,0.052783,-0.092428,0.039161,162127355200.0,0.022008,131136610670.0,1.167717,0.016416,0.014805,0.036722,0.110973,위,5일 상승,2) +3% ~ +5%,"4) 1,000억 ~ 2,000억",2) +2% ~ +5%,1) 2배 미만,양봉
2026,2026-02,2026-02-26,목,336260,두산퓨얼셀,39840,2,79680,2026-03-03,37912,손절,2,-4030,-0.050584,0.075558,-0.04869,0.044619,68171867800.0,0.044619,22584567557.5,2.722004,-0.070093,0.09799,0.036722,0.110973,위,5일 상승,2) +3% ~ +5%,"3) 500억 ~ 1,000억",2) +2% ~ +5%,2) 2배 ~ 3배,음봉·보합
2026,2026-02,2026-02-26,목,389470,인벤티지랩,82883,1,82883,2026-03-03,99500,익절,2,16391,0.197759,0.222208,-0.02151,0.012225,34453245600.0,0.010989,14525291325.0,2.201591,0.020962,0.070048,0.036722,0.110973,위,5일 상승,1) +3% 미만,2) 300억 ~ 500억,1) +2% 미만,2) 2배 ~ 3배,양봉
2026,2026-02,2026-02-26,목,322310,오로스테크놀로지,29179,3,87537,2026-02-27,27772,손절,1,-4413,-0.050414,0.019564,-0.0644,0.184959,26826103700.0,0.048561,4590709992.5,5.306166,0.170683,0.018868,0.036722,0.110973,위,5일 상승,5) +15% ~ +20%,1) 300억 미만,2) +2% ~ +5%,4) 5배 ~ 10배,양봉
2026,2026-02,2026-02-26,목,380540,옵티코어,8388,11,92272,2026-03-03,7982,손절,2,-4673,-0.05064,0.184973,-0.057029,0.058081,24529491860.0,0.039702,7922622000.0,2.707317,0.0475,0.068019,0.036722,0.110973,위,5일 상승,3) +5% ~ +10%,1) 300억 미만,2) +2% ~ +5%,2) 2배 ~ 3배,양봉
2026,2026-02,2026-02-27,금,035720,카카오,62362,1,62362,2026-03-03,59341,손절,1,-3159,-0.05065,-0.015431,-0.100418,0.014658,451206379400.0,0.001608,189489184735.0,2.269623,0.016313,0.035313,-0.010011,0.074993,위,5일 상승,1) +3% 미만,"5) 2,000억 이상",1) +2% 미만,2) 2배 ~ 3배,양봉
2026,2026-02,2026-02-27,금,0009K0,에임드바이오,61561,1,61561,2026-03-04,58541,손절,2,-3155,-0.051253,0.182557,-0.176433,0.184971,233752398000.0,0.044143,17781902615.0,11.612559,0.096257,0.055285,-0.010011,0.074993,위,5일 상승,5) +15% ~ +20%,"5) 2,000억 이상",2) +2% ~ +5%,5) 10배 이상,양봉
2026,2026-03,2026-03-03,화,089030,테크윙,51351,1,51351,2026-03-04,48851,손절,1,-2613,-0.050883,0.139212,-0.082789,0.100858,473694504300.0,0.026,59243277162.5,7.206124,0.125,0.089669,-0.072423,-0.009268,위,5일 하락,4) +10% ~ +15%,"5) 2,000억 이상",2) +2% ~ +5%,4) 5배 ~ 10배,양봉
2026,2026-03,2026-03-03,화,484590,삼양컴텍,15475,6,92853,2026-03-04,14725,손절,1,-4705,-0.050673,0.161839,-0.209717,0.202177,113026823200.0,0.171212,6413314116.0,14.194469,0.030667,0.005821,-0.072423,-0.009268,위,5일 하락,6) +20% 이상,"4) 1,000억 ~ 2,000억",4) +10% 이상,5) 10배 이상,양봉
2026,2026-03,2026-03-06,금,174900,앱클론,66566,1,66566,2026-03-09,60539,손절,1,-6167,-0.092648,-0.023533,-0.094139,0.077796,20106740500.0,0.012177,18935415280.0,0.96198,0.084829,0.004511,0.000174,-0.114534,아래,5일 하락,3) +5% ~ +10%,1) 300억 미만,1) +2% 미만,1) 2배 미만,양봉
2026,2026-03,2026-03-10,화,253590,네오셈,18689,5,93443,2026-03-23,17792,손절,9,-4688,-0.050166,0.139728,-0.055578,0.095657,73370206150.0,0.010281,42898294451.0,1.576039,0.031492,0.011784,0.053451,-0.044773,아래,5일 하락,3) +5% ~ +10%,"3) 500억 ~ 1,000억",1) +2% 미만,1) 2배 미만,양봉
2026,2026-03,2026-03-10,화,017860,DS단석,20070,4,80280,2026-03-24,19101,손절,10,-4053,-0.050486,0.096161,-0.052818,0.0421,37650752150.0,0.005013,3256802477.0,10.882681,0.041558,0.082294,0.053451,-0.044773,아래,5일 하락,2) +3% ~ +5%,2) 300억 ~ 500억,1) +2% 미만,5) 10배 이상,양봉
2026,2026-03,2026-03-11,수,033160,엠케이전자,12903,7,90320,2026-03-16,15490,익절,3,17863,0.197775,0.273358,-0.026575,0.256335,81740697560.0,0.227619,3236790694.0,19.489099,0.244208,0.034135,0.013983,0.101385,아래,5일 상승,6) +20% 이상,"3) 500억 ~ 1,000억",4) +10% 이상,5) 10배 이상,양봉
2026,2026-03,2026-03-11,수,475400,씨메스로보틱스,42542,2,85085,2026-03-13,40460,손절,2,-4353,-0.051158,0.03426,-0.075043,0.133333,47765070000.0,0.05068,5885297022.5,6.956049,0.082803,0.047059,0.013983,0.101385,아래,5일 상승,4) +10% ~ +15%,2) 300억 ~ 500억,3) +5% ~ +10%,4) 5배 ~ 10배,양봉
2026,2026-03,2026-03-11,수,368770,파이버프로,16567,6,99399,2026-03-16,19880,익절,3,19609,0.197278,0.201216,-0.041442,0.093853,44406480050.0,0.039573,12850742792.5,3.019582,0.083115,0.045317,0.013983,0.101385,아래,5일 상승,3) +5% ~ +10%,2) 300억 ~ 500억,2) +2% ~ +5%,3) 3배 ~ 5배,양봉
2026,2026-03,2026-03-11,수,474610,RF시스템즈,8258,12,99099,2026-03-12,7862,손절,1,-4971,-0.050163,0.017165,-0.048225,0.089828,22214016000.0,0.06727,7157105012.5,2.678844,0.0841,0.05697,0.013983,0.101385,아래,5일 상승,3) +5% ~ +10%,1) 300억 미만,3) +5% ~ +10%,2) 2배 ~ 3배,양봉
2026,2026-03,2026-03-12,목,010140,삼성중공업,30881,3,92643,2026-03-16,29371,손절,2,-4734,-0.051101,0.018431,-0.075479,0.071181,495195808800.0,0.045763,145149396807.5,3.082967,0.067474,0.003241,-0.004759,-0.000116,아래,5일 하락,3) +5% ~ +10%,"5) 2,000억 이상",2) +2% ~ +5%,3) 3배 ~ 5배,양봉
2026,2026-03,2026-03-12,목,486990,노타,44494,2,88989,2026-03-13,42358,손절,1,-4469,-0.050222,0.04395,-0.060557,0.191689,131132300600.0,0.129606,12707326327.5,8.495131,0.133929,0.014623,-0.004759,-0.000116,아래,5일 하락,5) +15% ~ +20%,"4) 1,000억 ~ 2,000억",4) +10% 이상,4) 5배 ~ 10배,양봉
2026,2026-03,2026-03-12,목,069540,빛과전자,1366,72,98378,2026-03-13,1301,손절,1,-4944,-0.050256,0.136592,-0.06028,0.161702,59279035725.0,0.105263,4468393689.7,10.997117,0.160714,0.093773,-0.004759,-0.000116,아래,5일 하락,5) +15% ~ +20%,"3) 500억 ~ 1,000억",4) +10% 이상,5) 10배 이상,양봉
2026,2026-03,2026-03-12,목,389260,대명에너지,21922,4,87688,2026-03-13,20829,손절,1,-4563,-0.05204,-0.023807,-0.08767,0.220736,43777859100.0,0.063107,4785822060.5,7.717437,0.237288,0.002283,-0.004759,-0.000116,아래,5일 하락,6) +20% 이상,2) 300억 ~ 500억,3) +5% ~ +10%,4) 5배 ~ 10배,양봉
2026,2026-03,2026-03-13,금,097230,HJ중공업,26927,3,80781,2026-03-26,25624,손절,9,-4085,-0.05057,0.088131,-0.062276,0.03861,182628942000.0,0.001862,45690460271.5,3.652194,0.030651,0.052045,-0.017196,-0.017481,아래,5일 하락,2) +3% ~ +5%,"4) 1,000억 ~ 2,000억",1) +2% 미만,3) 3배 ~ 5배,양봉
2026,2026-03,2026-03-13,금,321370,센서뷰,3426,29,99354,2026-03-16,4115,익절,1,19710,0.198379,0.297882,0.012649,0.071742,93980967600.0,0.022346,26917265686.25,2.767672,0.07489,0.087432,-0.017196,-0.017481,아래,5일 하락,3) +5% ~ +10%,"3) 500억 ~ 1,000억",2) +2% ~ +5%,2) 2배 ~ 3배,양봉
2026,2026-03,2026-03-13,금,322510,제이엘케이,9009,11,99099,2026-03-16,8571,손절,1,-5031,-0.050767,0.010101,-0.063159,0.269394,43262973000.0,0.096224,4823216885.5,7.567226,0.30246,0.023333,-0.017196,-0.017481,아래,5일 하락,6) +20% 이상,2) 300억 ~ 500억,3) +5% ~ +10%,4) 5배 ~ 10배,양봉
2026,2026-03,2026-03-13,금,089890,코세스,28879,3,86637,2026-03-16,27472,손절,1,-4409,-0.050894,0.018046,-0.049477,0.131373,23729615450.0,0.099048,6620308175.0,3.023641,0.140316,0.038128,-0.017196,-0.017481,아래,5일 하락,4) +10% ~ +15%,1) 300억 미만,3) +5% ~ +10%,3) 3배 ~ 5배,양봉
2026,2026-03,2026-03-16,월,018470,조일알미늄,6727,14,94174,2026-03-17,6404,손절,1,-4731,-0.050234,0.007921,-0.063437,0.063291,35885217984.0,0.032258,3359263413.25,9.729912,-0.021122,0.09375,0.01141,0.056738,아래,5일 상승,3) +5% ~ +10%,2) 300억 ~ 500억,2) +2% ~ +5%,4) 5배 ~ 10배,음봉·보합
2026,2026-03,2026-03-16,월,458870,씨어스,56554,1,56554,2026-03-24,53746,손절,6,-2932,-0.051842,0.135818,-0.078757,0.054795,23642480400.0,0.017417,14098213615.0,1.417,0.029787,0.020071,0.01141,0.056738,아래,5일 상승,3) +5% ~ +10%,1) 300억 미만,1) +2% 미만,1) 2배 미만,양봉
2026,2026-03,2026-03-17,화,000390,SP삼화,11011,9,99099,2026-03-19,10480,손절,2,-5001,-0.050465,0.070747,-0.05549,0.187905,319075218000.0,0.036758,43204546983.5,6.689519,0.170213,0.093636,0.01633,0.019501,아래,5일 상승,5) +15% ~ +20%,"5) 2,000억 이상",2) +2% ~ +5%,4) 5배 ~ 10배,양봉
2026,2026-03,2026-03-17,화,425040,티이엠씨,10280,9,92522,2026-03-27,9780,손절,8,-4704,-0.050838,0.19063,-0.062281,0.057673,54486252600.0,0.012821,4931163238.0,10.238961,0.043699,0.110029,0.01633,0.019501,아래,5일 상승,3) +5% ~ +10%,"3) 500억 ~ 1,000억",1) +2% 미만,5) 10배 이상,양봉
2026,2026-03,2026-03-17,화,183300,코미코,23904,4,95615,2026-03-23,22727,손절,4,-4916,-0.051411,0.055355,-0.048814,0.049327,26876186999.999996,0.024518,13564273305.0,1.812011,0.022727,0.045299,0.01633,0.019501,아래,5일 상승,2) +3% ~ +5%,1) 300억 미만,2) +2% ~ +5%,1) 2배 미만,양봉
2026,2026-03,2026-03-18,수,100790,미래에셋벤처투자,24074,4,96296,2026-03-19,22877,손절,1,-4999,-0.051913,-0.011384,-0.057076,0.052516,118526745350.0,0.008386,61634994025.0,1.790952,0.019068,0.064449,0.050448,0.056164,위,5일 상승,3) +5% ~ +10%,"4) 1,000억 ~ 2,000억",1) +2% 미만,1) 2배 미만,양봉
2026,2026-03,2026-03-18,수,490470,세미파이브,29179,3,87537,2026-03-27,26923,손절,7,-6955,-0.079453,0.127517,-0.091817,0.147638,71541445800.0,0.012153,14644427385.0,4.397474,0.110476,0.020583,0.050448,0.056164,위,5일 상승,4) +10% ~ +15%,"3) 500억 ~ 1,000억",1) +2% 미만,3) 3배 ~ 5배,양봉
2026,2026-03,2026-03-19,목,007810,코리아써키트,62162,1,62162,2026-03-25,74600,익절,4,12268,0.197358,0.319132,-0.031564,0.031561,38219320800.0,0.028146,18581975550.0,1.85588,0.072539,0.020934,-0.02731,0.032234,위,5일 상승,2) +3% ~ +5%,2) 300억 ~ 500억,2) +2% ~ +5%,1) 2배 미만,양봉
2026,2026-03,2026-03-19,목,076610,해성옵틱스,1451,68,98699,2026-03-24,1742,익절,3,19488,0.197449,0.329705,-0.020979,0.137255,33212267400.0,0.004851,10585028045.5,2.802362,0.173139,0.096552,-0.02731,0.032234,위,5일 상승,4) +10% ~ +15%,2) 300억 ~ 500억,1) +2% 미만,2) 2배 ~ 3배,양봉
2026,2026-03,2026-03-24,화,460930,현대힘스,22422,4,89690,2026-03-25,21329,손절,1,-4572,-0.050974,-0.005459,-0.061207,0.129602,80828339200.0,0.129602,9420697252.5,7.257165,-0.00885,0.024554,0.02741,-0.015346,아래,5일 하락,4) +10% ~ +15%,"3) 500억 ~ 1,000억",4) +10% 이상,4) 5배 ~ 10배,음봉·보합
2026,2026-03,2026-03-24,화,108860,셀바스AI,13173,7,92212,2026-03-26,15810,익절,2,18206,0.197437,0.334532,-0.022254,0.228758,72205551040.0,0.057878,5778763962.0,10.276876,0.105882,0.014438,0.02741,-0.015346,아래,5일 하락,6) +20% 이상,"3) 500억 ~ 1,000억",3) +5% ~ +10%,5) 10배 이상,양봉
2026,2026-03,2026-03-24,화,361390,제노코,31081,3,93243,2026-03-31,29570,손절,5,-4737,-0.050799,0.187219,-0.083043,0.120939,22905150300.0,0.043697,8590583885.0,2.354,0.089474,0.008052,0.02741,-0.015346,아래,5일 하락,4) +10% ~ +15%,1) 300억 미만,2) +2% ~ +5%,2) 2배 ~ 3배,양봉
2026,2026-03,2026-03-25,수,215600,신라젠,3949,25,98724,2026-03-27,3756,손절,2,-5034,-0.050994,0.13448,-0.063041,0.133621,51189767700.0,0.045033,3607089164.25,12.469201,0.122333,0.102662,0.015897,-0.047733,아래,5일 하락,4) +10% ~ +15%,"3) 500억 ~ 1,000억",2) +2% ~ +5%,5) 10배 이상,양봉
2026,2026-03,2026-03-25,수,274090,켄코아에어로스페이스,24324,4,97297,2026-03-27,23127,손절,2,-5003,-0.051423,0.056557,-0.095555,0.173913,48502872900.0,0.045161,10933035819.0,3.840223,0.162679,0.037037,0.015897,-0.047733,아래,5일 하락,5) +15% ~ +20%,2) 300억 ~ 500억,2) +2% ~ +5%,3) 3배 ~ 5배,양봉
2026,2026-03,2026-03-25,수,211270,AP위성,18899,5,94494,2026-03-27,17992,손절,2,-4742,-0.050183,0.041861,-0.090422,0.120475,31393135360.0,0.055928,5965263544.5,4.60287,0.08319,0.022246,0.015897,-0.047733,아래,5일 하락,4) +10% ~ +15%,2) 300억 ~ 500억,3) +5% ~ +10%,3) 3배 ~ 5배,양봉
2026,2026-03,2026-03-25,수,077970,STX엔진,36386,2,72773,2026-03-27,34166,손절,2,-4599,-0.063196,0.045722,-0.097189,0.072271,29207697550.0,0.046043,8908050177.5,2.932155,0.061314,0.024759,0.015897,-0.047733,아래,5일 하락,3) +5% ~ +10%,1) 300억 미만,2) +2% ~ +5%,2) 2배 ~ 3배,양봉
2026,2026-03,2026-03-26,목,009420,한올바이오파마,64464,1,64464,2026-03-27,61339,손절,1,-3267,-0.050685,-0.00255,-0.056844,0.112263,88860601200.0,0.04376,20948172430.0,3.710649,0.100855,0.034161,-0.032213,-0.052533,아래,5일 하락,4) +10% ~ +15%,"3) 500억 ~ 1,000억",2) +2% ~ +5%,3) 3배 ~ 5배,양봉
2026,2026-03,2026-03-27,금,450080,에코프로머티,73473,1,73473,2026-03-31,69930,손절,2,-3705,-0.050423,0.005806,-0.088105,0.050072,145124645000.0,0.020862,97367472960.0,1.355563,0.068413,0.014986,-0.003954,-0.059214,아래,5일 하락,3) +5% ~ +10%,"4) 1,000억 ~ 2,000억",2) +2% ~ +5%,1) 2배 미만,양봉
2026,2026-03,2026-03-27,금,060280,큐렉소,17477,5,87387,2026-03-30,16633,손절,1,-4412,-0.050493,-0.021025,-0.077097,0.011587,57926046780.0,0.011587,18720193882.0,2.884464,0.025852,0.034364,-0.003954,-0.059214,아래,5일 하락,1) +3% 미만,"3) 500억 ~ 1,000억",1) +2% 미만,2) 2배 ~ 3배,양봉
2026,2026-03,2026-03-27,금,424870,이뮨온시아,9399,10,93992,2026-03-30,8938,손절,1,-4815,-0.05123,-0.039895,-0.100285,0.15503,41038701600.0,0.083241,4439705588.5,7.860158,-0.044074,0.046107,-0.003954,-0.059214,아래,5일 하락,5) +15% ~ +20%,2) 300억 ~ 500억,3) +5% ~ +10%,4) 5배 ~ 10배,음봉·보합
2026,2026-03,2026-03-27,금,086450,동국제약,22322,4,89289,2026-04-01,26800,익절,3,17667,0.197862,0.373066,-0.021158,0.085158,27168223800.0,0.085158,6859849895.5,3.38849,0.109453,0.002242,-0.003954,-0.059214,아래,5일 하락,3) +5% ~ +10%,1) 300억 미만,3) +5% ~ +10%,3) 3배 ~ 5배,양봉
2026,2026-04,2026-04-01,수,028050,삼성E&A,37938,2,75876,2026-04-02,36114,손절,1,-3815,-0.050277,0.022724,-0.084029,0.061625,134570658300.0,0.054242,73344382855.0,1.638584,0.016086,0.007916,0.084363,-0.02898,아래,5일 하락,3) +5% ~ +10%,"4) 1,000억 ~ 2,000억",3) +5% ~ +10%,1) 2배 미만,양봉
2026,2026-04,2026-04-01,수,001120,LX인터내셔널,51051,1,51051,2026-04-08,48601,손절,5,-2562,-0.050181,0.06756,-0.114611,0.127072,32382195000.0,0.058091,10804664450.0,2.589611,0.079365,0.013725,0.084363,-0.02898,아래,5일 하락,4) +10% ~ +15%,2) 300억 ~ 500억,3) +5% ~ +10%,2) 2배 ~ 3배,양봉
2026,2026-04,2026-04-01,수,372320,큐로셀,55856,1,55856,2026-04-02,53147,손절,1,-2832,-0.050696,0.054501,-0.124531,0.136456,22504977000.0,0.056818,5465531515.0,3.607572,-0.042882,0.044803,0.084363,-0.02898,아래,5일 하락,4) +10% ~ +15%,1) 300억 미만,3) +5% ~ +10%,3) 3배 ~ 5배,음봉·보합
2026,2026-04,2026-04-03,금,092790,넥스틸,14935,6,89610,2026-04-06,14216,손절,1,-4512,-0.050349,0.084706,-0.078,0.213995,91126331960.0,0.186953,4274920749.0,17.117981,0.02052,0.032172,0.027369,-0.01132,아래,5일 하락,6) +20% 이상,"3) 500억 ~ 1,000억",4) +10% 이상,5) 10배 이상,양봉
2026,2026-04,2026-04-03,금,000990,DB하이텍,90691,1,90691,2026-04-07,86314,손절,2,-4576,-0.050459,0.045312,-0.058337,0.087635,38810684400.0,0.006667,30062237545.0,1.206857,0.06089,0.006623,0.027369,-0.01132,아래,5일 하락,3) +5% ~ +10%,2) 300억 ~ 500억,1) +2% 미만,1) 2배 미만,양봉
2026,2026-04,2026-04-03,금,014620,성광벤드,39640,2,79279,2026-04-07,37712,손절,2,-4029,-0.050817,0.059547,-0.056499,0.093923,32300215200.0,0.064516,14614986475.0,1.955365,0.051793,0.035354,0.027369,-0.01132,아래,5일 하락,3) +5% ~ +10%,2) 300억 ~ 500억,3) +5% ~ +10%,1) 2배 미만,양봉
2026,2026-04,2026-04-07,화,021240,코웨이,77878,1,77878,2026-04-10,74126,손절,3,-3923,-0.050374,0.034955,-0.049793,0.074586,46544472400.0,0.037333,17449838205.0,2.504534,0.068681,0.024422,0.008155,0.087545,아래,5일 상승,3) +5% ~ +10%,2) 300억 ~ 500억,2) +2% ~ +5%,2) 2배 ~ 3배,양봉
2026,2026-04,2026-04-07,화,017670,SK텔레콤,81682,1,81682,2026-04-09,98100,익절,2,16195,0.198273,0.220593,0.034505,0.014925,45576129600.0,0.004926,59273471015.0,0.738257,0.02,0.0,0.008155,0.087545,아래,5일 상승,1) +3% 미만,2) 300억 ~ 500억,1) +2% 미만,1) 2배 미만,양봉
2026,2026-04,2026-04-07,화,011170,롯데케미칼,88088,1,88088,2026-04-29,105800,익절,16,17471,0.198339,0.356598,-0.010081,0.052632,28221424000.0,0.045131,20095750500.0,1.265827,0.047619,0.027273,0.008155,0.087545,아래,5일 상승,3) +5% ~ +10%,1) 300억 미만,2) +2% ~ +5%,1) 2배 미만,양봉
2026,2026-04,2026-04-07,화,138360,앤로보틱스,2272,43,97708,2026-04-13,2163,손절,4,-4920,-0.050358,0.14203,-0.062611,0.162314,21242451160.0,0.027149,4385991818.75,4.357569,0.144153,0.079295,0.008155,0.087545,아래,5일 상승,5) +15% ~ +20%,1) 300억 미만,2) +2% ~ +5%,3) 3배 ~ 5배,양봉
2026,2026-04,2026-04-07,화,365340,성일하이텍,66566,1,66566,2026-04-13,63337,손절,4,-3376,-0.050717,0.042566,-0.049071,0.110184,20123232500.0,0.099174,3613554500.0,4.86857,0.079545,0.052632,0.008155,0.087545,아래,5일 상승,4) +10% ~ +15%,1) 300억 미만,3) +5% ~ +10%,3) 3배 ~ 5배,양봉
2026,2026-04,2026-04-08,수,001440,대한전선,31431,3,94294,2026-04-15,37750,익절,5,18698,0.198296,0.32829,-0.039177,0.115453,150678614800.0,0.019481,69997072095.0,2.015947,0.059022,0.003185,0.068712,0.071849,위,5일 상승,4) +10% ~ +15%,"4) 1,000억 ~ 2,000억",1) +2% 미만,2) 2배 ~ 3배,양봉
2026,2026-04,2026-04-08,수,028300,HLB,54955,1,54955,2026-04-15,66000,익절,5,10895,0.198253,0.246477,-0.013737,0.051724,89086284900.0,0.026168,31613611270.0,2.613971,0.005495,0.030965,0.068712,0.071849,위,5일 상승,3) +5% ~ +10%,"3) 500억 ~ 1,000억",2) +2% ~ +5%,2) 2배 ~ 3배,양봉
2026,2026-04,2026-04-08,수,161390,한국타이어앤테크놀로지,61561,1,61561,2026-05-12,58541,손절,22,-3155,-0.051253,0.088343,-0.083843,0.153846,45658215000.0,0.042373,20454271180.0,2.030365,0.065858,0.001626,0.068712,0.071849,위,5일 상승,5) +15% ~ +20%,2) 300억 ~ 500억,2) +2% ~ +5%,2) 2배 ~ 3배,양봉
2026,2026-04,2026-04-08,수,095610,테스,69169,1,69169,2026-04-10,83100,익절,2,13742,0.19867,0.249113,-0.024131,0.107372,30154065300.0,0.010234,16563747435.0,1.670919,0.032885,0.011577,0.068712,0.071849,위,5일 상승,4) +10% ~ +15%,2) 300억 ~ 500억,1) +2% 미만,1) 2배 미만,양봉
2026,2026-04,2026-04-09,목,008970,KBI동양철관,2000,49,98000,2026-04-23,1903,손절,10,-4963,-0.050647,0.077501,-0.063999,0.081754,96669343890.0,0.071888,5785133337.65,15.142086,0.095996,0.093594,-0.016063,0.103927,위,5일 상승,3) +5% ~ +10%,"3) 500억 ~ 1,000억",3) +5% ~ +10%,5) 10배 이상,양봉
2026,2026-04,2026-04-10,금,034220,LG디스플레이,12673,7,88709,2026-04-22,15210,익절,8,17519,0.197491,0.246778,-0.035719,0.072881,118296052800.0,0.041975,46260514819.5,2.315999,0.05588,0.022117,0.013994,0.089556,위,5일 상승,3) +5% ~ +10%,"4) 1,000억 ~ 2,000억",2) +2% ~ +5%,2) 2배 ~ 3배,양봉
2026,2026-04,2026-04-10,금,139130,iM금융지주,18098,5,90490,2026-05-29,17223,손절,32,-4575,-0.050561,0.080225,-0.048518,0.069822,67295549920.0,0.023203,11461957112.0,5.500186,0.058548,0.022677,0.013994,0.089556,위,5일 상승,3) +5% ~ +10%,"3) 500억 ~ 1,000억",2) +2% ~ +5%,4) 5배 ~ 10배,양봉
2026,2026-04,2026-04-13,월,025860,남해화학,9399,10,93994,2026-04-15,8941,손절,2,-4790,-0.050958,0.080921,-0.060577,0.18262,303571206780.0,0.055056,19280925554.5,13.906168,0.138182,0.048988,-0.008577,0.065737,위,5일 상승,5) +15% ~ +20%,"5) 2,000억 이상",3) +5% ~ +10%,5) 10배 이상,양봉
2026,2026-04,2026-04-13,월,005290,동진쎄미켐,52252,1,52252,2026-04-23,62800,익절,8,10405,0.199129,0.222915,-0.022051,0.054545,113186878200.0,0.019531,45711956975.0,2.261949,0.033663,0.032567,-0.008577,0.065737,위,5일 상승,3) +5% ~ +10%,"4) 1,000억 ~ 2,000억",1) +2% 미만,2) 2배 ~ 3배,양봉
2026,2026-04,2026-04-15,수,006340,대원전선,6547,15,98198,2026-04-17,6224,손절,2,-5057,-0.051498,0.055519,-0.066683,0.186933,428093998920.0,0.003067,38792921520.5,10.200633,0.167857,0.08104,0.020718,0.037302,위,5일 상승,5) +15% ~ +20%,"5) 2,000억 이상",1) +2% 미만,5) 10배 이상,양봉
2026,2026-04,2026-04-15,수,125020,티씨머티리얼즈,6256,15,93844,2026-04-17,5954,손절,2,-4739,-0.050501,0.029371,-0.079321,0.181474,88087700000.0,0.092657,5157875524.0,13.91181,0.153137,0.056,0.020718,0.037302,위,5일 상승,5) +15% ~ +20%,"3) 500억 ~ 1,000억",3) +5% ~ +10%,5) 10배 이상,양봉
2026,2026-04,2026-04-15,수,187660,페니트리움바이오,16384,6,98304,2026-04-16,15594,손절,1,-4954,-0.050392,0.093269,-0.100603,0.107096,85539244050.0,0.040123,57647747644.0,1.185085,0.087799,0.032641,0.020718,0.037302,위,5일 상승,4) +10% ~ +15%,"3) 500억 ~ 1,000억",2) +2% ~ +5%,1) 2배 미만,양봉
2026,2026-04,2026-04-16,목,010140,삼성중공업,28729,3,86186,2026-04-23,34500,익절,5,17078,0.198158,0.230477,-0.018403,0.021352,117807559100.0,0.005254,117778152615.0,0.937626,0.010563,0.010453,0.022107,0.077542,위,5일 상승,1) +3% 미만,"4) 1,000억 ~ 2,000억",1) +2% 미만,1) 2배 미만,양봉
2026,2026-04,2026-04-17,금,098460,고영,33033,3,99099,2026-04-20,31419,손절,1,-5061,-0.051069,-0.000999,-0.05549,0.114865,443689554000.0,0.114865,33667253927.5,10.962432,0.103679,0.054545,-0.005482,0.056845,위,5일 상승,4) +10% ~ +15%,"5) 2,000억 이상",4) +10% 이상,5) 10배 이상,양봉
2026,2026-04,2026-04-17,금,082740,한화엔진,56156,1,56156,2026-04-22,67400,익절,3,11091,0.197495,0.221595,-0.043737,0.1639,288555174600.0,0.140244,20153128055.0,11.871959,0.151951,0.067736,-0.005482,0.056845,위,5일 상승,5) +15% ~ +20%,"5) 2,000억 이상",4) +10% 이상,5) 10배 이상,양봉
2026,2026-04,2026-04-20,월,067310,하나마이크론,38739,2,77477,2026-04-23,36863,손절,3,-3921,-0.050613,0.057082,-0.047464,0.073509,268842011400.0,0.069061,49993226592.5,4.477738,0.073509,0.05168,0.004388,0.070666,위,5일 상승,3) +5% ~ +10%,"5) 2,000억 이상",3) +5% ~ +10%,3) 3배 ~ 5배,양봉
2026,2026-04,2026-04-22,수,417200,LS머트리얼즈,25175,3,75525,2026-04-29,30250,익절,5,15018,0.198848,0.299893,-0.040721,0.105495,218559510850.0,0.105495,50806161314.5,3.548482,0.079399,0.011928,0.004611,0.053607,위,5일 상승,4) +10% ~ +15%,"5) 2,000억 이상",4) +10% 이상,3) 3배 ~ 5배,양봉
2026,2026-04,2026-04-22,수,440110,파두,65465,1,65465,2026-04-27,78600,익절,3,12956,0.197903,0.255625,-0.013219,0.075658,63768989400.0,0.073892,57013257537.5,0.923021,0.075658,0.021407,0.004611,0.053607,위,5일 상승,3) +5% ~ +10%,"3) 500억 ~ 1,000억",3) +5% ~ +10%,1) 2배 미만,양봉
2026,2026-04,2026-04-23,목,403870,HPSP,51051,1,51051,2026-05-15,48601,손절,14,-2562,-0.050181,0.161584,-0.048011,0.0625,502255497000.0,0.0625,97452415560.0,4.462093,0.042945,0.043137,0.009018,0.040115,위,5일 상승,3) +5% ~ +10%,"5) 2,000억 이상",3) +5% ~ +10%,3) 3배 ~ 5배,양봉
2026,2026-04,2026-04-23,목,006910,보성파워텍,11882,8,95055,2026-05-04,14260,익절,6,18766,0.197417,0.285993,-0.031297,0.18345,478687686140.0,0.112465,25943990223.5,15.59514,0.130476,0.065712,0.009018,0.040115,위,5일 상승,5) +15% ~ +20%,"5) 2,000억 이상",4) +10% 이상,5) 10배 이상,양봉
2026,2026-04,2026-04-23,목,012200,계양전기,6692,14,93692,2026-04-24,6364,손절,1,-4806,-0.051301,0.011718,-0.067411,0.10815,59522160320.0,0.035139,8256132640.5,6.668476,0.091049,0.123055,0.009018,0.040115,위,5일 상승,4) +10% ~ +15%,"3) 500억 ~ 1,000억",2) +2% ~ +5%,4) 5배 ~ 10배,양봉
2026,2026-04,2026-04-23,목,130660,한전산업,20971,4,83884,2026-05-07,19960,손절,8,-4228,-0.050403,0.034765,-0.076818,0.064533,57893984200.0,0.049074,7648115886.5,6.88756,0.03202,0.038186,0.009018,0.040115,위,5일 상승,3) +5% ~ +10%,"3) 500억 ~ 1,000억",2) +2% ~ +5%,4) 5배 ~ 10배,양봉
2026,2026-04,2026-04-24,금,090710,휴림로봇,13263,7,92843,2026-04-27,12617,손절,1,-4725,-0.050892,0.072135,-0.056792,0.170495,619559572250.0,0.025542,60932189932.5,8.538878,0.167401,0.049057,-2.8e-05,0.045819,위,5일 상승,5) +15% ~ +20%,"5) 2,000억 이상",2) +2% ~ +5%,4) 5배 ~ 10배,양봉
2026,2026-04,2026-04-27,월,489790,한화비전,88889,1,88889,2026-04-28,84615,손절,1,-4469,-0.050274,0.003501,-0.052749,0.085575,209024632800.0,0.037383,43909988820.0,4.172448,0.066026,0.041667,0.021527,0.063665,위,5일 상승,3) +5% ~ +10%,"5) 2,000억 이상",2) +2% ~ +5%,3) 3배 ~ 5배,양봉
2026,2026-04,2026-04-27,월,466100,클로봇,51579,1,51579,2026-04-29,49101,손절,2,-2591,-0.050235,0.057766,-0.063437,0.126294,65342016000.00001,0.020638,16356313077.5,3.400357,0.09567,0.012868,0.021527,0.063665,위,5일 상승,4) +10% ~ +15%,"3) 500억 ~ 1,000억",2) +2% ~ +5%,3) 3배 ~ 5배,양봉
2026,2026-04,2026-04-29,수,0001A0,덕양에너젠,19519,5,97597,2026-05-11,18581,손절,6,-4905,-0.050256,0.123236,-0.047107,0.140351,100073044500.0,0.091825,3873193828.5,22.622428,0.133062,0.097436,0.007511,0.042532,위,5일 상승,4) +10% ~ +15%,"4) 1,000억 ~ 2,000억",3) +5% ~ +10%,5) 10배 이상,양봉
2026,2026-04,2026-04-29,수,088350,한화생명,5085,19,96617,2026-05-08,4840,손절,5,-4866,-0.050362,0.065863,-0.063928,0.021106,38097866400.0,0.02008,19873985908.5,1.808944,0.022133,0.021654,0.007511,0.042532,위,5일 상승,1) +3% 미만,2) 300억 ~ 500억,2) +2% ~ +5%,1) 2배 미만,양봉
2026,2026-04,2026-04-29,수,491000,리브스메드,72572,1,72572,2026-05-06,69031,손절,3,-3701,-0.050996,0.023804,-0.075407,0.06305,33496957500.0,0.032764,27555288370.0,1.052192,0.06305,0.011034,0.007511,0.042532,위,5일 상승,3) +5% ~ +10%,2) 300억 ~ 500억,2) +2% ~ +5%,1) 2배 미만,양봉
2026,2026-04,2026-04-29,수,004990,롯데지주,31331,3,93994,2026-05-06,29820,손절,3,-4740,-0.050428,0.008576,-0.066429,0.071918,26268305900.0,0.071918,5225254792.5,4.562814,0.070085,0.00639,0.007511,0.042532,위,5일 상승,3) +5% ~ +10%,1) 300억 미만,3) +5% ~ +10%,3) 3배 ~ 5배,양봉
2026,2026-05,2026-05-04,월,230240,에치에프알,36637,2,73273,2026-05-06,34865,손절,1,-3704,-0.050549,0.018108,-0.086979,0.240678,85979146200.0,0.079646,20957151437.5,3.301504,0.169329,0.047814,0.051239,0.071246,위,5일 상승,6) +20% 이상,"3) 500억 ~ 1,000억",3) +5% ~ +10%,3) 3배 ~ 5배,양봉
2026,2026-05,2026-05-06,수,046120,오르비텍,12512,7,87587,2026-05-07,11908,손절,1,-4423,-0.050501,0.015784,-0.065734,0.01461,39009575000.0,0.001603,38247954022.5,0.950532,-0.010293,0.0344,0.064519,0.116331,위,5일 상승,1) +3% 미만,2) 300억 ~ 500억,1) +2% 미만,1) 2배 미만,음봉·보합
2026,2026-05,2026-05-12,화,065440,이루온,4850,20,96997,2026-05-13,4615,손절,1,-4902,-0.050541,0.072199,-0.092755,0.226582,94273510965.0,0.096154,20788425606.0,3.684847,0.153571,0.021672,-0.022895,0.101796,위,5일 상승,6) +20% 이상,"3) 500억 ~ 1,000억",3) +5% ~ +10%,3) 3배 ~ 5배,양봉
2026,2026-05,2026-05-12,화,092200,디아이씨,8759,11,96346,2026-05-14,8332,손절,2,-4909,-0.050957,0.110889,-0.099187,0.120359,35417427500.0,0.076261,3760362894.5,8.325956,0.107595,0.045714,-0.022895,0.101796,위,5일 상승,4) +10% ~ +15%,2) 300억 ~ 500억,3) +5% ~ +10%,4) 5배 ~ 10배,양봉
2026,2026-05,2026-05-14,목,001450,현대해상,32783,3,98348,2026-05-18,39350,익절,2,19433,0.197596,0.204902,-0.037604,0.082645,49857519250.0,0.041335,12346016552.5,3.767983,0.093489,0.016794,0.017517,0.065602,위,5일 상승,3) +5% ~ +10%,2) 300억 ~ 500억,2) +2% ~ +5%,3) 3배 ~ 5배,양봉
2026,2026-05,2026-05-18,월,347700,스피어,48198,2,96396,2026-05-19,45854,손절,1,-4900,-0.050829,0.029085,-0.143121,0.146429,194462586450.0,0.025559,46176771580.0,3.810304,0.043337,0.004154,0.003051,-0.039145,위,5일 하락,4) +10% ~ +15%,"4) 1,000억 ~ 2,000억",2) +2% ~ +5%,3) 3배 ~ 5배,양봉
2026,2026-05,2026-05-18,월,211270,AP위성,18038,5,90190,2026-05-19,17173,손절,1,-4524,-0.050163,0.045015,-0.106332,0.17013,48886133640.0,0.002782,5010344265.0,9.281067,0.133333,0.051054,0.003051,-0.039145,위,5일 하락,5) +15% ~ +20%,2) 300억 ~ 500억,1) +2% 미만,4) 5배 ~ 10배,양봉
2026,2026-05,2026-05-19,화,321370,센서뷰,3470,28,97148,2026-05-20,3302,손절,1,-4913,-0.050577,-0.01669,-0.155295,0.036635,69176200460.0,0.0141,21654004090.25,2.852911,0.020027,0.136126,-0.032514,-0.048604,위,5일 하락,2) +3% ~ +5%,"3) 500억 ~ 1,000억",1) +2% 미만,2) 2배 ~ 3배,양봉
2026,2026-05,2026-05-21,목,017900,광전자,13714,7,95996,2026-05-22,13047,손절,1,-4878,-0.050815,0.071921,-0.065898,0.100402,585134535000.0,0.037879,83231005537.0,5.969154,0.026217,0.129197,0.084151,-0.020776,위,5일 하락,4) +10% ~ +15%,"5) 2,000억 이상",2) +2% ~ +5%,4) 5배 ~ 10배,양봉
2026,2026-05,2026-05-22,금,456010,아이씨티케이,26577,3,79730,2026-05-26,31900,익절,1,15753,0.197576,0.226645,0.05356,0.108559,123789534300.0,0.043222,28965071991.0,3.704024,-0.058511,0.141243,0.00411,0.047314,위,5일 상승,4) +10% ~ +15%,"4) 1,000억 ~ 2,000억",2) +2% ~ +5%,3) 3배 ~ 5배,음봉·보합
2026,2026-05,2026-05-22,금,009420,한올바이오파마,57057,1,57057,2026-05-27,68500,익절,2,11287,0.197823,0.279422,-0.009762,0.119843,105113586000.0,0.100386,16453742902.5,5.165851,0.05948,0.061404,0.00411,0.047314,위,5일 상승,4) +10% ~ +15%,"4) 1,000억 ~ 2,000억",4) +10% 이상,4) 5배 ~ 10배,양봉
2026,2026-05,2026-05-26,화,034220,LG디스플레이,15646,6,93874,2026-05-27,14895,손절,1,-4709,-0.050168,0.016258,-0.102625,0.031683,272529087660.0,0.018905,168540673778.0,1.426022,0.018241,0.050544,0.02546,0.070711,위,5일 상승,2) +3% ~ +5%,"5) 2,000억 이상",1) +2% 미만,1) 2배 미만,양봉
2026,2026-05,2026-05-26,화,046970,우리로,10400,9,93604,2026-05-27,9900,손절,1,-4708,-0.050301,-0.01446,-0.150993,0.082292,165997985730.0,0.049495,57716534439.0,2.506284,0.027695,0.05871,0.02546,0.070711,위,5일 상승,3) +5% ~ +10%,"4) 1,000억 ~ 2,000억",2) +2% ~ +5%,2) 2배 ~ 3배,양봉
2026,2026-05,2026-05-26,화,242040,나무AX,6296,15,94444,2026-05-28,7560,익절,2,18698,0.197976,0.249942,0.00853,0.248016,76649770170.0,0.166976,8993215890.5,6.515885,0.200382,0.028617,0.02546,0.070711,위,5일 상승,6) +20% 이상,"3) 500억 ~ 1,000억",4) +10% 이상,4) 5배 ~ 10배,양봉
2026,2026-05,2026-05-26,화,215790,이노인스트루먼트,2357,42,99009,2026-05-27,2243,손절,1,-5031,-0.050809,0.213224,-0.092203,0.075342,51139060500.0,0.019481,32423520853.9,1.388646,0.053691,0.078556,0.02546,0.070711,위,5일 상승,3) +5% ~ +10%,"3) 500억 ~ 1,000억",1) +2% 미만,1) 2배 미만,양봉
2026,2026-05,2026-05-26,화,290650,엘앤씨바이오,70288,1,70288,2026-06-04,84400,익절,6,13920,0.198046,0.204313,-0.034069,0.061493,31022532500.0,0.001381,20916186330.0,1.32277,0.035714,0.031724,0.02546,0.070711,위,5일 상승,3) +5% ~ +10%,2) 300억 ~ 500억,1) +2% 미만,1) 2배 미만,양봉
2026,2026-05,2026-05-27,수,042520,한스바이오메드,34835,2,69670,2026-05-28,33117,손절,1,-3589,-0.051511,0.030579,-0.088555,0.122581,21232454400.0,0.049774,9779568605.0,1.67804,0.140984,0.043103,0.022515,0.131612,위,5일 상승,4) +10% ~ +15%,1) 300억 미만,2) +2% ~ +5%,1) 2배 미만,양봉
2026,2026-05,2026-05-29,금,486990,노타,38538,2,77077,2026-06-02,36663,손절,2,-3920,-0.050853,0.089819,-0.130739,0.112717,189497770000.0,0.073919,7547249890.0,21.118626,0.122449,0.14026,0.035534,0.084518,위,5일 상승,4) +10% ~ +15%,"4) 1,000억 ~ 2,000억",3) +5% ~ +10%,5) 10배 이상,양봉
2026,2026-05,2026-05-29,금,161390,한국타이어앤테크놀로지,66867,1,66867,2026-06-08,63636,손절,5,-3377,-0.050509,0.076768,-0.098207,0.060317,100140948800.0,0.032457,30729434030.0,3.001533,0.03888,0.0,0.035534,0.084518,위,5일 상승,3) +5% ~ +10%,"4) 1,000억 ~ 2,000억",2) +2% ~ +5%,3) 3배 ~ 5배,양봉
2026,2026-05,2026-05-29,금,181710,NHN,50951,1,50951,2026-06-01,61200,익절,1,10110,0.198424,0.273775,0.040217,0.22503,53986219700.0,0.209026,3859164552.5,10.720173,0.235437,0.041257,0.035534,0.084518,위,5일 상승,6) +20% 이상,"3) 500억 ~ 1,000억",4) +10% 이상,5) 10배 이상,양봉
2026,2026-06,2026-06-01,월,022100,포스코DX,38739,2,77477,2026-06-02,36863,손절,1,-3921,-0.050613,-0.038429,-0.135232,0.192604,319061646900.0,0.064649,21662180972.5,12.758584,0.143279,0.046512,0.036836,0.119866,위,5일 상승,5) +15% ~ +20%,"5) 2,000억 이상",3) +5% ~ +10%,5) 10배 이상,양봉
2026,2026-06,2026-06-04,목,043260,성호전자,51451,1,51451,2026-06-05,48951,손절,1,-2613,-0.050793,0.012606,-0.124416,0.082105,672827953200.0,0.068607,132541458930.0,4.201185,0.083246,0.122568,-0.018415,0.049912,위,5일 상승,3) +5% ~ +10%,"5) 2,000억 이상",3) +5% ~ +10%,3) 3배 ~ 5배,양봉
2026,2026-06,2026-06-08,월,388790,라이콤,6757,14,94594,2026-06-09,8110,익절,1,18687,0.197551,0.243201,0.013801,0.142132,101469118500.0,0.136364,10825226979.0,7.510518,0.19469,0.111111,-0.082859,-0.117004,아래,5일 하락,4) +10% ~ +15%,"4) 1,000억 ~ 2,000억",4) +10% 이상,4) 5배 ~ 10배,양봉
2026,2026-06,2026-06-09,화,089030,테크윙,59760,1,59760,2026-06-10,56843,손절,1,-3048,-0.051001,0.084343,-0.054547,0.209726,586185046500.0,0.006745,61294727335.0,8.491228,0.159223,0.073702,0.081839,-0.078678,위,5일 하락,6) +20% 이상,"5) 2,000억 이상",1) +2% 미만,4) 5배 ~ 10배,양봉
2026,2026-06,2026-06-09,화,323410,카카오뱅크,24424,4,97698,2026-06-11,23227,손절,2,-5005,-0.05123,0.023567,-0.074696,0.072527,60320606400.0,0.031712,27428231475.0,2.02607,0.08204,0.008197,0.081839,-0.078678,위,5일 하락,3) +5% ~ +10%,"3) 500억 ~ 1,000억",2) +2% ~ +5%,2) 2배 ~ 3배,양봉
2026,2026-06,2026-06-09,화,160980,싸이맥스,43493,2,86987,2026-06-10,41359,손절,1,-4461,-0.051279,0.025442,-0.08492,0.246772,47568191000.0,0.143421,6299399605.0,6.004177,0.218794,0.032221,0.081839,-0.078678,위,5일 하락,6) +20% 이상,2) 300억 ~ 500억,4) +10% 이상,4) 5배 ~ 10배,양봉
2026,2026-06,2026-06-09,화,170920,엘티씨,51051,1,51051,2026-06-10,48601,손절,1,-2562,-0.050181,0.069519,-0.11657,0.128319,32181000000.0,0.075949,14141859097.5,1.946927,0.079365,0.011765,0.081839,-0.078678,위,5일 하락,4) +10% ~ +15%,2) 300억 ~ 500억,3) +5% ~ +10%,1) 2배 미만,양봉
2026,2026-06,2026-06-10,수,093370,후성,16256,6,97537,2026-06-11,15475,손절,1,-4905,-0.050285,0.045137,-0.095732,0.201183,532040491360.0,0.192364,27882714159.0,14.554989,0.136459,0.026478,-0.045216,-0.121646,아래,5일 하락,6) +20% 이상,"5) 2,000억 이상",4) +10% 이상,5) 10배 이상,양봉
2026,2026-06,2026-06-10,수,279570,케이뱅크,6036,16,96576,2026-06-11,5744,손절,1,-4881,-0.050536,0.047046,-0.065611,0.043253,213234029820.0,0.041451,12221492728.0,16.157715,0.057895,0.102819,-0.045216,-0.121646,아래,5일 하락,2) +3% ~ +5%,"5) 2,000억 이상",2) +2% ~ +5%,5) 10배 이상,양봉
2026,2026-06,2026-06-10,수,006220,제주은행,12763,7,89339,2026-06-11,12148,손절,1,-4501,-0.050376,0.093025,-0.053496,0.145553,195435646500.0,0.066054,9668097660.0,16.914267,0.165448,0.111373,-0.045216,-0.121646,아래,5일 하락,4) +10% ~ +15%,"4) 1,000억 ~ 2,000억",3) +5% ~ +10%,5) 10배 이상,양봉
2026,2026-06,2026-06-11,목,081660,미스토홀딩스,43944,2,87888,2026-06-16,41808,손절,3,-4464,-0.050797,0.038825,-0.06813,0.08798,39529667200.0,0.07335,7247723225.0,4.817824,0.111392,0.034169,0.004285,-0.101333,아래,5일 하락,3) +5% ~ +10%,2) 300억 ~ 500억,3) +5% ~ +10%,3) 3배 ~ 5배,양봉
2026,2026-06,2026-06-12,금,074600,원익QnC,42192,2,84384,2026-06-16,40160,손절,2,-4250,-0.050365,0.014407,-0.063807,0.164365,79975410000.0,0.096229,16032480205.0,4.118965,0.106299,0.077106,0.046326,-0.00453,위,5일 하락,5) +15% ~ +20%,"3) 500억 ~ 1,000억",3) +5% ~ +10%,3) 3배 ~ 5배,양봉
2026,2026-06,2026-06-12,금,024110,기업은행,21822,4,87287,2026-06-22,20729,손절,6,-4562,-0.052259,0.08607,-0.060572,0.040573,59786260200.0,0.023474,34585895605.0,1.629482,0.030733,0.025229,0.046326,-0.00453,위,5일 하락,2) +3% ~ +5%,"3) 500억 ~ 1,000억",2) +2% ~ +5%,1) 2배 미만,양봉
2026,2026-06,2026-06-12,금,030000,제일기획,20470,4,81882,2026-06-18,19480,손절,4,-4140,-0.050556,0.050294,-0.067436,0.059037,56495865300.0,0.0439,10419012919.0,4.975398,0.065104,0.03423,0.046326,-0.00453,위,5일 하락,3) +5% ~ +10%,"3) 500억 ~ 1,000억",2) +2% ~ +5%,3) 3배 ~ 5배,양봉
2026,2026-06,2026-06-12,금,029780,삼성카드,51551,1,51551,2026-06-18,49051,손절,4,-2614,-0.050703,0.066894,-0.048524,0.092259,43919200000.0,0.009804,8521991845.0,4.76694,0.079665,0.015534,0.046326,-0.00453,위,5일 하락,3) +5% ~ +10%,2) 300억 ~ 500억,1) +2% 미만,3) 3배 ~ 5배,양봉
2026,2026-06,2026-06-15,월,018880,한온시스템,5686,17,96657,2026-06-16,5405,손절,1,-4991,-0.051632,0.006036,-0.095974,0.208511,458508406480.0,0.008881,134086200759.5,3.052123,0.15213,0.036972,0.051992,0.141837,위,5일 상승,6) +20% 이상,"5) 2,000억 이상",1) +2% 미만,3) 3배 ~ 5배,양봉
2026,2026-06,2026-06-15,월,015760,한국전력,41441,2,82883,2026-06-18,39411,손절,3,-4244,-0.0512,0.040023,-0.060119,0.099602,162750106800.0,0.023486,100077774122.5,1.500496,0.023486,0.024155,0.051992,0.141837,위,5일 상승,3) +5% ~ +10%,"4) 1,000억 ~ 2,000억",2) +2% ~ +5%,1) 2배 미만,양봉
2026,2026-06,2026-06-15,월,316140,우리금융지주,32583,3,97748,2026-06-19,31019,손절,4,-4906,-0.050186,0.034296,-0.071589,0.044944,72059190000.0,0.023585,78958446355.0,0.849986,0.030063,0.013825,0.051992,0.141837,위,5일 상승,2) +3% ~ +5%,"3) 500억 ~ 1,000억",2) +2% ~ +5%,1) 2배 미만,양봉
2026,2026-06,2026-06-15,월,011200,HMM,21321,4,85285,2026-06-19,20280,손절,4,-4354,-0.051048,0.088114,-0.089643,0.062344,66301660200.0,0.039024,33653278714.0,1.816067,0.024038,0.035211,0.051992,0.141837,위,5일 상승,3) +5% ~ +10%,"3) 500억 ~ 1,000억",2) +2% ~ +5%,1) 2배 미만,양봉
2026,2026-06,2026-06-15,월,138930,BNK금융지주,18038,5,90190,2026-06-22,17173,손절,5,-4524,-0.050163,0.054439,-0.060318,0.019808,20254083560.0,0.019808,25908919798.5,0.741681,0.01236,0.027192,0.051992,0.141837,위,5일 상승,1) +3% 미만,1) 300억 미만,1) +2% 미만,1) 2배 미만,양봉
2026,2026-06,2026-06-16,화,475150,SK이터닉스,55856,1,55856,2026-06-17,53147,손절,1,-2832,-0.050696,0.041969,-0.111104,0.142272,1245359075400.0,0.142272,66589874012.5,14.762981,0.142272,0.109319,0.021135,0.077767,위,5일 상승,4) +10% ~ +15%,"5) 2,000억 이상",4) +10% 이상,5) 10배 이상,양봉
2026,2026-06,2026-06-16,화,028050,삼성E&A,56757,1,56757,2026-06-17,53946,손절,1,-2935,-0.051715,0.043049,-0.076761,0.088292,369516621600.0,0.038462,95471509320.0,3.405677,0.08,0.037037,0.021135,0.077767,위,5일 상승,3) +5% ~ +10%,"5) 2,000억 이상",2) +2% ~ +5%,3) 3배 ~ 5배,양봉
2026,2026-06,2026-06-16,화,375500,DL이앤씨,89489,1,89489,2026-06-17,85115,손절,1,-4571,-0.051079,0.068283,-0.057989,0.131646,200988633000.0,0.087591,39486275020.0,4.314878,0.109181,0.058166,0.021135,0.077767,위,5일 상승,4) +10% ~ +15%,"5) 2,000억 이상",3) +5% ~ +10%,3) 3배 ~ 5배,양봉
2026,2026-06,2026-06-17,수,004310,현대약품,8118,12,97417,2026-06-23,7722,손절,4,-4964,-0.050955,0.192396,-0.12418,0.067105,237525242060.0,0.058747,15229538386.0,14.3423,0.075597,0.165228,0.015772,0.146611,위,5일 상승,3) +5% ~ +10%,"5) 2,000억 이상",3) +5% ~ +10%,5) 10배 이상,양봉
2026,2026-06,2026-06-17,수,097230,HJ중공업,23924,4,95696,2026-06-19,22727,손절,2,-4996,-0.052211,0.03453,-0.084597,0.041394,28812238700.0,0.025751,20612012100.0,1.278582,0.030172,0.01046,0.015772,0.146611,위,5일 상승,2) +3% ~ +5%,1) 300억 미만,2) +2% ~ +5%,1) 2배 미만,양봉
2026,2026-06,2026-06-22,월,204270,제이앤티씨,22873,4,91491,2026-06-23,21728,손절,1,-4779,-0.052234,0.103929,-0.134345,0.088095,86184647450.0,0.026966,6298943951.5,11.617488,0.015556,0.094092,0.006863,0.066531,위,5일 상승,3) +5% ~ +10%,"3) 500억 ~ 1,000억",2) +2% ~ +5%,5) 10배 이상,양봉
2026,2026-06,2026-06-24,수,290690,아리바이오홀딩스,5786,17,98358,2026-06-26,5504,손절,2,-4998,-0.050813,0.069864,-0.09606,0.156,121454088040.0,0.047101,11352599269.75,9.251967,0.111538,0.124567,0.032568,-0.04436,위,5일 하락,5) +15% ~ +20%,"4) 1,000억 ~ 2,000억",2) +2% ~ +5%,4) 5배 ~ 10배,양봉
2026,2026-06,2026-06-26,금,161890,한국콜마,90791,1,90791,2026-07-02,109000,익절,4,17961,0.197832,0.354764,0.014421,0.047344,47504578500.0,0.026018,16405392590.0,2.719387,0.038946,0.017641,-0.058127,-0.070833,아래,5일 하락,2) +3% ~ +5%,2) 300억 ~ 500억,2) +2% ~ +5%,2) 2배 ~ 3배,양봉
2026,2026-06,2026-06-29,월,009420,한올바이오파마,69069,1,69069,2026-06-30,65734,손절,1,-3486,-0.050478,-0.003895,-0.096556,0.193772,118031538000.0,0.104,31582752862.5,3.039564,0.15,0.014493,-0.001969,-0.078984,아래,5일 하락,5) +15% ~ +20%,"4) 1,000억 ~ 2,000억",4) +10% 이상,3) 3배 ~ 5배,양봉
2026,2026-07,2026-07-01,수,119850,지엔씨에너지,27878,3,83634,2026-07-02,26523,손절,1,-4247,-0.050779,0.061775,-0.056599,0.226872,22652131700.0,0.143737,3332811098.0,5.230195,0.187633,0.014363,-0.020418,-0.019786,아래,5일 하락,6) +20% 이상,1) 300억 미만,4) +10% 이상,4) 5배 ~ 10배,양봉
2026,2026-07,2026-07-01,수,037350,성도이엔지,11211,8,89690,2026-07-02,10539,손절,1,-5569,-0.062089,-0.050949,-0.17404,0.132457,20954057600.0,0.104536,3480781111.5,5.015685,0.12337,0.039286,-0.020418,-0.019786,아래,5일 하락,4) +10% ~ +15%,1) 300억 미만,4) +10% 이상,4) 5배 ~ 10배,양봉
2026,2026-07,2026-07-01,수,021240,코웨이,95095,1,95095,2026-07-08,90509,손절,5,-4794,-0.050418,0.056838,-0.051475,0.052049,20520380000.0,0.004228,25122796050.0,0.775792,0.041667,0.003158,-0.020418,-0.019786,아래,5일 하락,3) +5% ~ +10%,1) 300억 미만,1) +2% 미만,1) 2배 미만,양봉
2026,2026-07,2026-07-02,목,042940,상지건설,8239,12,98873,2026-07-03,7842,손절,1,-4984,-0.050412,-0.020862,-0.186778,0.036364,34996543650.0,0.015439,3397843859.5,9.506911,0.06875,0.238596,-0.078922,-0.14358,아래,5일 하락,2) +3% ~ +5%,2) 300억 ~ 500억,1) +2% 미만,4) 5배 ~ 10배,양봉
2026,2026-07,2026-07-03,금,257720,실리콘투,36136,2,72272,2026-07-20,34366,손절,10,-3700,-0.05119,0.119379,-0.066031,0.032904,27894072900.0,0.00838,17754755600.0,1.469141,0.018336,0.01108,0.057563,-0.038386,아래,5일 하락,2) +3% ~ +5%,1) 300억 미만,1) +2% 미만,1) 2배 미만,양봉
2026,2026-07,2026-07-06,월,005940,NH투자증권,33133,3,99399,2026-07-07,31518,손절,1,-5062,-0.050927,-0.000999,-0.070416,0.05414,36688437200.0,0.00761,26193011287.5,1.297187,0.044164,0.030211,-0.004576,-0.040897,아래,5일 하락,3) +5% ~ +10%,2) 300억 ~ 500억,1) +2% 미만,1) 2배 미만,양봉
2026,2026-07,2026-07-09,목,028300,HLB,52252,1,52252,2026-07-10,36563,손절,1,-15775,-0.301906,-0.299551,-0.299551,0.041916,63003781800.0,0.003846,42427082187.5,1.391419,0.031621,0.051724,0.006226,-0.046571,아래,5일 하락,2) +3% ~ +5%,"3) 500억 ~ 1,000억",1) +2% 미만,1) 2배 미만,양봉
2026,2026-07,2026-07-13,월,024060,흥구석유,11652,8,93213,2026-07-14,13990,익절,1,18452,0.197958,0.200689,0.056504,0.073801,163884309120.0,0.023747,23422906009.5,6.359338,0.008666,0.09622,-0.089488,-0.154558,아래,5일 하락,3) +5% ~ +10%,"4) 1,000억 ~ 2,000억",2) +2% ~ +5%,4) 5배 ~ 10배,양봉
2026,2026-07,2026-07-15,수,376900,로킷헬스케어,53253,1,53253,2026-07-16,50649,손절,1,-2721,-0.051091,0.004634,-0.100524,0.176991,36573510400.0,0.035019,10827165177.5,2.713534,0.137968,0.022556,0.062358,0.005191,아래,5일 상승,5) +15% ~ +20%,2) 300억 ~ 500억,2) +2% ~ +5%,2) 2배 ~ 3배,양봉
2026,2026-07,2026-07-15,수,252990,샘씨엔에스,15706,6,94234,2026-07-16,14945,손절,1,-4771,-0.050627,-0.039202,-0.099689,0.208783,32068900830.0,0.074658,9957106717.5,2.63613,0.194064,0.007011,0.062358,0.005191,아래,5일 상승,6) +20% 이상,2) 300억 ~ 500억,3) +5% ~ +10%,2) 2배 ~ 3배,양봉
2026,2026-07,2026-07-16,목,006660,삼성공조,13594,7,95155,2026-07-20,12937,손절,1,-4805,-0.050493,0.114497,-0.10546,0.17069,107804436180.0,0.17069,9169395253.5,9.239159,0.182927,0.100147,-0.063672,-0.064635,아래,5일 하락,5) +15% ~ +20%,"4) 1,000억 ~ 2,000억",4) +10% 이상,4) 5배 ~ 10배,양봉
2026,2026-07,2026-07-20,월,049080,기가레인,13003,7,91021,2026-07-21,12378,손절,1,-4578,-0.050292,0.05668,-0.29247,0.150576,76767119910.0,0.091597,11508945801.85,4.994288,0.154667,0.108545,-0.044619,-0.128368,아래,5일 하락,5) +15% ~ +20%,"3) 500억 ~ 1,000억",3) +5% ~ +10%,3) 3배 ~ 5배,양봉
2026,2026-07,2026-07-21,화,003280,흥아해운,1872,53,99209,2026-07-27,1778,손절,4,-5181,-0.052223,0.1379,-0.091817,0.026908,109663909740.0,0.024658,23215202243.45,4.342709,0.035437,0.139037,0.035554,-0.008665,아래,5일 하락,1) +3% 미만,"4) 1,000억 ~ 2,000억",2) +2% ~ +5%,3) 3배 ~ 5배,양봉
2026,2026-07,2026-07-22,수,017670,SK텔레콤,94194,1,94194,2026-07-28,89610,손절,4,-4791,-0.050859,0.121089,-0.14432,0.105758,161865832700.0,0.02954,81589479090.0,1.84914,0.086605,0.020191,0.007373,-0.008624,아래,5일 하락,4) +10% ~ +15%,"4) 1,000억 ~ 2,000억",2) +2% ~ +5%,1) 2배 미만,양봉
2026,2026-07,2026-07-22,수,058610,에스피지,82683,1,82683,2026-07-24,78621,손절,2,-4243,-0.051314,0.094547,-0.137666,0.251515,126752425800.0,0.014742,12641732940.0,8.922513,0.00609,0.038741,0.007373,-0.008624,아래,5일 하락,6) +20% 이상,"4) 1,000억 ~ 2,000억",1) +2% 미만,4) 5배 ~ 10배,양봉
2026,2026-07,2026-07-22,수,011200,HMM,20320,4,81281,,,보유중,44,1724,0.023607,0.151558,-0.027081,0.00995,23499686000.0,0.007444,24960302482.5,0.90068,0.00995,0.027094,0.007373,-0.008624,아래,5일 하락,1) +3% 미만,1) 300억 미만,1) +2% 미만,1) 2배 미만,양봉
2026,2026-07,2026-07-23,목,006360,GS건설,34434,2,68869,2026-07-24,32767,손절,1,-3486,-0.050613,-0.012615,-0.127326,0.182131,274994288000.0,0.080063,65905393330.0,3.545139,0.182131,0.039244,0.044013,-0.025743,아래,5일 하락,5) +15% ~ +20%,"5) 2,000억 이상",3) +5% ~ +10%,3) 3배 ~ 5배,양봉
2026,2026-07,2026-07-23,목,100090,SK오션플랜트,17277,5,86386,2026-07-24,16444,손절,1,-4358,-0.050452,0.206789,-0.054827,0.196119,215357921840.0,0.036637,18187159964.0,10.387198,0.196119,0.077057,0.044013,-0.025743,아래,5일 하락,5) +15% ~ +20%,"5) 2,000억 이상",2) +2% ~ +5%,5) 10배 이상,양봉
2026,2026-07,2026-07-23,목,035720,카카오,37187,2,74374,2026-07-28,35365,손절,3,-3808,-0.051205,0.008413,-0.052092,0.046479,83651212250.0,0.034819,63460368217.5,1.237524,0.029086,0.000673,0.044013,-0.025743,아래,5일 하락,2) +3% ~ +5%,"3) 500억 ~ 1,000억",2) +2% ~ +5%,1) 2배 미만,양봉
2026,2026-07,2026-07-23,목,047050,포스코인터내셔널,56657,1,56657,2026-07-27,53846,손절,2,-2935,-0.051799,0.020181,-0.083955,0.094778,40624423600.0,0.076046,23686518610.0,1.518589,0.080153,0.003534,0.044013,-0.025743,아래,5일 하락,3) +5% ~ +10%,2) 300억 ~ 500억,3) +5% ~ +10%,1) 2배 미만,양봉
2026,2026-07,2026-07-23,목,377300,카카오페이,43393,2,86787,2026-07-24,41309,손절,1,-4360,-0.050239,-0.005608,-0.047089,0.052184,25784580000.0,0.047101,8727433260.0,2.713844,0.058608,0.065744,0.044013,-0.025743,아래,5일 하락,3) +5% ~ +10%,1) 300억 미만,2) +2% ~ +5%,2) 2배 ~ 3배,양봉
2026,2026-07,2026-07-23,목,005950,이수화학,14865,6,89189,2026-07-24,14146,손절,1,-4510,-0.050566,0.030619,-0.054817,0.108209,21943785600.0,0.0517,8876799205.5,2.184926,0.104089,0.057239,0.044013,-0.025743,아래,5일 하락,4) +10% ~ +15%,1) 300억 미만,3) +5% ~ +10%,2) 2배 ~ 3배,양봉
2026,2026-07,2026-07-24,금,460930,현대힘스,15966,6,95796,2026-07-27,15195,손절,1,-4837,-0.050496,0.008396,-0.130024,0.225038,116395715150.0,0.159157,4575191072.0,20.519582,0.099242,0.048903,-0.057246,-0.019057,아래,5일 하락,6) +20% 이상,"4) 1,000억 ~ 2,000억",4) +10% 이상,5) 10배 이상,양봉
2026,2026-07,2026-07-24,금,000100,유한양행,74975,1,74975,2026-07-28,70929,손절,2,-4210,-0.056147,-0.000999,-0.073023,0.04902,34051712100.0,0.014905,20001741880.0,1.584613,-0.027273,0.029372,-0.057246,-0.019057,아래,5일 하락,2) +3% ~ +5%,2) 300억 ~ 500억,1) +2% 미만,1) 2배 미만,음봉·보합
2026,2026-07,2026-07-27,월,316140,우리금융지주,33133,3,99399,2026-07-28,31518,손절,1,-5062,-0.050927,0.012583,-0.053816,0.072934,151078661000.0,0.049128,65611896577.5,2.116857,0.052464,0.018127,0.009735,0.036751,아래,5일 상승,3) +5% ~ +10%,"4) 1,000억 ~ 2,000억",2) +2% ~ +5%,2) 2배 ~ 3배,양봉
2026,2026-07,2026-07-30,목,032640,LG유플러스,15375,6,92252,2026-08-03,14635,손절,2,-4643,-0.050326,0.002903,-0.047177,0.065926,29917578240.0,0.010526,14097512528.5,2.016639,0.041356,0.025391,-0.012304,-0.211829,아래,5일 하락,3) +5% ~ +10%,1) 300억 미만,1) +2% 미만,2) 2배 ~ 3배,양봉
2026,2026-07,2026-07-31,금,103140,풍산,71271,1,71271,2026-08-03,67832,손절,1,-3596,-0.05045,-0.008014,-0.059929,0.188648,20261597600.0,0.034884,7199691410.0,2.496873,0.163399,0.01264,0.179115,-0.014224,아래,5일 하락,5) +15% ~ +20%,1) 300억 미만,2) +2% ~ +5%,2) 2배 ~ 3배,양봉
2026,2026-08,2026-08-03,월,439960,코스모로보틱스,17898,5,89489,2026-08-04,16983,손절,1,-4770,-0.053307,0.019674,-0.060783,0.213026,328583263200.0,0.017644,42285112671.5,6.497607,0.128076,0.069911,-0.051247,-0.073759,아래,5일 하락,6) +20% 이상,"5) 2,000억 이상",1) +2% 미만,4) 5배 ~ 10배,양봉
2026,2026-08,2026-08-03,월,437730,삼현,40591,2,81181,2026-08-04,37612,손절,1,-6130,-0.075514,-0.042881,-0.121717,0.077025,25980263350.0,0.068511,8590325362.5,2.572393,0.031807,0.059186,-0.051247,-0.073759,아래,5일 하락,3) +5% ~ +10%,1) 300억 미만,3) +5% ~ +10%,2) 2배 ~ 3배,양봉
2026,2026-08,2026-08-04,화,319400,현대무벡스,23724,4,94895,2026-08-14,28500,익절,8,18846,0.198597,0.270881,-0.043151,0.023758,61049801700.0,0.010661,45169066835.5,1.233287,0.050998,0.035865,0.016221,0.055662,아래,5일 상승,1) +3% 미만,"3) 500억 ~ 1,000억",1) +2% 미만,1) 2배 미만,양봉
2026,2026-08,2026-08-04,화,098460,고영,29930,3,89790,2026-08-21,28472,손절,12,-4572,-0.050922,0.105917,-0.06281,0.083333,55938205700.0,0.038194,33882948042.5,1.431594,0.064057,0.010033,0.016221,0.055662,아래,5일 상승,3) +5% ~ +10%,"3) 500억 ~ 1,000억",2) +2% ~ +5%,1) 2배 미만,양봉
2026,2026-08,2026-08-05,수,028050,삼성E&A,49149,2,98298,2026-08-19,45854,손절,9,-6802,-0.069197,0.045797,-0.078315,0.028272,120375573100.0,0.028272,104105542152.5,1.037895,0.010288,0.011202,0.037634,0.165103,아래,5일 상승,1) +3% 미만,"4) 1,000억 ~ 2,000억",2) +2% ~ +5%,1) 2배 미만,양봉
2026,2026-08,2026-08-05,수,042660,한화오션,91992,1,91992,2026-08-07,87512,손절,2,-4681,-0.05089,0.007697,-0.049916,0.050286,103507889000.0,0.022247,183683020310.0,0.510446,0.030269,0.001088,0.037634,0.165103,아래,5일 상승,3) +5% ~ +10%,"4) 1,000억 ~ 2,000억",2) +2% ~ +5%,1) 2배 미만,양봉
2026,2026-08,2026-08-05,수,017900,광전자,7067,14,98939,2026-08-06,6723,손절,1,-5030,-0.050842,0.023056,-0.08024,0.213058,102020854760.0,0.053731,9720737928.5,8.882274,0.053731,0.060907,0.037634,0.165103,아래,5일 상승,6) +20% 이상,"4) 1,000억 ~ 2,000억",3) +5% ~ +10%,4) 5배 ~ 10배,양봉
2026,2026-08,2026-08-05,수,032820,우리기술,11742,8,93934,2026-08-06,11169,손절,1,-4789,-0.050988,-0.000999,-0.087017,0.082103,55244710620.0,0.046387,31273939129.5,1.499216,0.028947,0.016198,0.037634,0.165103,아래,5일 상승,3) +5% ~ +10%,"3) 500억 ~ 1,000억",2) +2% ~ +5%,1) 2배 미만,양봉
2026,2026-08,2026-08-05,수,217590,티엠씨,13764,7,96346,2026-08-06,13097,손절,1,-4880,-0.050646,0.011352,-0.072201,0.107977,48955115000.0,0.02459,8791728827.5,4.948595,-0.003623,0.088727,0.037634,0.165103,아래,5일 상승,4) +10% ~ +15%,2) 300억 ~ 500억,2) +2% ~ +5%,3) 3배 ~ 5배,음봉·보합
2026,2026-08,2026-08-05,수,204320,HL만도,50651,1,50651,2026-08-31,48202,손절,17,-2560,-0.050544,0.1451,-0.058254,0.037949,41670263800.0,0.021191,32673600477.5,1.149248,0.028455,0.025692,0.037634,0.165103,아래,5일 상승,2) +3% ~ +5%,2) 300억 ~ 500억,2) +2% ~ +5%,1) 2배 미만,양봉
2026,2026-08,2026-08-05,수,375500,DL이앤씨,70971,1,70971,2026-08-19,67333,손절,9,-3794,-0.053454,0.077907,-0.060178,0.074242,32818546500.0,0.074242,20604982215.0,1.360174,0.047267,0.00141,0.037634,0.165103,아래,5일 상승,3) +5% ~ +10%,2) 300억 ~ 500억,3) +5% ~ +10%,1) 2배 미만,양봉
2026,2026-08,2026-08-06,목,477850,마키나락스,31932,3,95796,2026-08-07,30370,손절,1,-4897,-0.051121,0.013093,-0.120002,0.07047,289777335100.0,0.058043,76646986845.5,3.057795,0.035714,0.048589,-0.045751,0.125648,아래,5일 상승,3) +5% ~ +10%,"5) 2,000억 이상",3) +5% ~ +10%,3) 3배 ~ 5배,양봉
2026,2026-08,2026-08-06,목,067290,JW신약,2332,42,97958,2026-08-07,2218,손절,1,-5026,-0.051308,0.04402,-0.1039,0.162095,74750503130.0,0.086247,27107975183.4,2.231474,0.153465,0.087983,-0.045751,0.125648,아래,5일 상승,5) +15% ~ +20%,"3) 500억 ~ 1,000억",3) +5% ~ +10%,2) 2배 ~ 3배,양봉
2026,2026-08,2026-08-06,목,476060,온코닉테라퓨틱스,15956,6,95736,2026-08-07,14885,손절,1,-6631,-0.069268,-0.063672,-0.143892,0.223331,73503978540.0,0.09931,7373968533.0,7.819343,0.154236,0.061481,-0.045751,0.125648,아래,5일 상승,6) +20% 이상,"3) 500억 ~ 1,000억",3) +5% ~ +10%,4) 5배 ~ 10배,양봉
2026,2026-08,2026-08-07,금,009830,한화솔루션,33934,2,67868,2026-08-19,32268,손절,7,-3481,-0.051296,0.127191,-0.048149,0.115132,679696491600.0,0.059375,102998410480.0,5.42543,0.027273,0.137168,-0.005973,-0.051047,아래,5일 하락,4) +10% ~ +15%,"5) 2,000억 이상",3) +5% ~ +10%,4) 5배 ~ 10배,양봉
2026,2026-08,2026-08-07,금,347700,스피어,23073,4,92292,2026-08-13,28000,익절,4,19453,0.210778,0.224372,0.035841,0.149626,71980632200.0,0.057339,19178109772.5,2.976029,0.100239,0.056399,-0.005973,-0.051047,아래,5일 하락,4) +10% ~ +15%,"3) 500억 ~ 1,000억",3) +5% ~ +10%,2) 2배 ~ 3배,양봉
2026,2026-08,2026-08-07,금,295310,에이치브이엠,50250,1,50250,2026-08-19,46953,손절,7,-3406,-0.067775,0.152234,-0.071645,0.144812,22495875000.0,0.059072,5172667797.5,3.586983,0.111849,0.035857,-0.005973,-0.051047,아래,5일 하락,4) +10% ~ +15%,1) 300억 미만,3) +5% ~ +10%,3) 3배 ~ 5배,양봉
2026,2026-08,2026-08-10,월,010170,대한광통신,14054,7,98378,2026-08-11,13007,손절,1,-7540,-0.076642,-0.007403,-0.107018,0.225131,619140609360.0,0.114286,121510910012.0,3.897214,0.194894,0.012821,0.006533,0.006746,아래,5일 상승,6) +20% 이상,"5) 2,000억 이상",4) +10% 이상,3) 3배 ~ 5배,양봉
2026,2026-08,2026-08-11,화,080220,제주반도체,90490,1,90490,2026-08-12,86114,손절,1,-4575,-0.050561,0.005632,-0.058464,0.030787,282971255200.0,0.01459,152924497885.0,1.509363,0.051163,0.048673,0.007281,-0.00211,아래,5일 하락,2) +3% ~ +5%,"5) 2,000억 이상",1) +2% 미만,1) 2배 미만,양봉
2026,2026-08,2026-08-12,수,103590,일진전기,72572,1,72572,2026-08-19,67932,손절,4,-4797,-0.066105,0.051362,-0.080919,0.173139,102588007500.0,0.088589,17566751000.0,4.605206,0.011158,0.026207,0.036799,-0.002913,위,5일 하락,5) +15% ~ +20%,"4) 1,000억 ~ 2,000억",3) +5% ~ +10%,3) 3배 ~ 5배,양봉
2026,2026-08,2026-08-13,목,043260,성호전자,21021,4,84084,2026-08-14,19980,손절,1,-4348,-0.051715,0.022787,-0.06522,0.053688,83367585000.0,0.016949,34031299124.0,2.099014,0.02439,0.057143,0.035613,0.082104,위,5일 상승,3) +5% ~ +10%,"3) 500억 ~ 1,000억",1) +2% 미만,2) 2배 ~ 3배,양봉
2026,2026-08,2026-08-14,금,093370,후성,12412,8,99299,2026-08-21,11808,손절,4,-5052,-0.050874,0.187522,-0.061422,0.036789,43142600800.0,0.036789,33461123919.0,1.015272,0.028192,0.020161,0.024158,0.114906,위,5일 상승,2) +3% ~ +5%,2) 300억 ~ 500억,2) +2% ~ +5%,1) 2배 미만,양봉
2026,2026-08,2026-08-14,금,066430,아이로보틱스,2497,39,97402,2026-08-18,2378,손절,1,-4889,-0.050195,0.039041,-0.067065,0.139269,42876460230.0,0.028866,5587343774.1,6.38109,0.111359,0.140281,0.024158,0.114906,위,5일 상승,4) +10% ~ +15%,2) 300억 ~ 500억,2) +2% ~ +5%,4) 5배 ~ 10배,양봉
2026,2026-08,2026-08-18,화,403870,HPSP,42693,2,85385,2026-08-19,40460,손절,1,-4653,-0.054495,0.09855,-0.067755,0.055693,283316443600.0,0.035194,81568170842.5,2.954768,0.045343,0.067995,-0.015493,0.090508,위,5일 상승,3) +5% ~ +10%,"5) 2,000억 이상",2) +2% ~ +5%,2) 2배 ~ 3배,양봉
2026,2026-08,2026-08-19,수,321370,센서뷰,1560,63,98252,2026-08-20,1485,손절,1,-4944,-0.050315,0.025932,-0.083074,0.1875,30160786048.0,0.010376,3364995960.65,7.863127,0.186596,0.066752,-0.058031,0.0198,위,5일 상승,5) +15% ~ +20%,2) 300억 ~ 500억,1) +2% 미만,4) 5배 ~ 10배,양봉
2026,2026-08,2026-08-20,목,089030,테크윙,51151,1,51151,2026-08-21,48651,손절,1,-2612,-0.051066,-0.006864,-0.060626,0.046059,28129170300.0,0.005906,35743755970.0,0.689116,0.024048,0.005871,0.05894,0.041577,위,5일 상승,2) +3% ~ +5%,1) 300억 미만,1) +2% 미만,1) 2배 미만,양봉
2026,2026-08,2026-08-25,화,336260,두산퓨얼셀,42392,2,84785,2026-09-02,40310,손절,6,-4351,-0.051324,0.119306,-0.104791,0.081737,35107091250.0,0.04182,39128532335.0,0.661093,0.091495,0.004723,0.006836,-0.0185,위,5일 하락,3) +5% ~ +10%,2) 300억 ~ 500억,2) +2% ~ +5%,1) 2배 미만,양봉
2026,2026-08,2026-08-25,화,005290,동진쎄미켐,43694,2,87387,2026-08-26,41558,손절,1,-4462,-0.051064,-0.006721,-0.050205,0.039286,22159970100.0,0.004603,18871163760.0,1.078456,0.060753,0.016037,0.006836,-0.0185,위,5일 하락,2) +3% ~ +5%,1) 300억 미만,1) +2% 미만,1) 2배 미만,양봉
2026,2026-08,2026-08-26,수,003490,대한항공,28178,3,84534,,,보유중,20,9745,0.117887,0.139181,-0.022292,0.070342,174935894850.0,0.023636,62038315925.0,2.603786,0.048417,0.001776,0.00971,0.052083,위,5일 상승,3) +5% ~ +10%,"4) 1,000억 ~ 2,000억",2) +2% ~ +5%,2) 2배 ~ 3배,양봉
2026,2026-08,2026-08-27,목,178320,서진시스템,41391,2,82783,2026-08-28,39361,손절,1,-4243,-0.051257,0.007457,-0.062606,0.111559,116595422000.0,0.065722,34253525932.5,2.953318,0.095364,0.002418,0.015299,0.008725,위,5일 상승,4) +10% ~ +15%,"4) 1,000억 ~ 2,000억",3) +5% ~ +10%,2) 2배 ~ 3배,양봉
2026,2026-09,2026-09-02,수,024060,흥구석유,11582,8,92653,2026-09-03,11019,손절,1,-4704,-0.050773,0.064622,-0.083889,0.133203,105992203070.0,0.014912,11114905704.0,8.726088,0.051818,0.05013,-0.039949,-0.036058,아래,5일 하락,4) +10% ~ +15%,"4) 1,000억 ~ 2,000억",1) +2% 미만,4) 5배 ~ 10배,양봉
2026,2026-09,2026-09-02,수,058730,다스코,3944,25,98598,2026-09-03,3751,손절,1,-5034,-0.051053,0.01675,-0.085939,0.105189,57447682200.0,0.039578,9862103561.0,5.221682,0.097493,0.101523,-0.039949,-0.036058,아래,5일 하락,4) +10% ~ +15%,"3) 500억 ~ 1,000억",2) +2% ~ +5%,4) 5배 ~ 10배,양봉
2026,2026-09,2026-09-03,목,004710,한솔테크닉스,8498,11,93483,2026-09-22,10200,익절,13,18461,0.197483,0.221393,-0.031593,0.120053,35228338080.0,0.040441,4921977841.5,6.289132,0.109804,0.042403,0.002554,-0.048159,아래,5일 하락,4) +10% ~ +15%,2) 300억 ~ 500억,2) +2% ~ +5%,4) 5배 ~ 10배,양봉
2026,2026-09,2026-09-04,금,064290,인텍플러스,40190,2,80380,2026-09-10,48250,익절,4,15900,0.197812,0.226669,-0.008464,0.167151,27597584300.0,0.107586,10021541077.5,2.279764,0.165457,0.014944,0.016374,-0.014976,아래,5일 하락,5) +15% ~ +20%,1) 300억 미만,4) +10% 이상,2) 2배 ~ 3배,양봉
2026,2026-09,2026-09-07,월,440110,파두,69970,1,69970,2026-09-14,65934,손절,5,-4188,-0.059857,0.154782,-0.138201,0.038633,40783224900.0,0.023426,28350215265.0,1.322296,0.0,0.04721,0.046085,0.025714,위,5일 상승,2) +3% ~ +5%,2) 300억 ~ 500억,2) +2% ~ +5%,1) 2배 미만,음봉·보합
2026,2026-09,2026-09-09,수,327260,RF머트리얼즈,42342,2,84685,2026-09-21,50900,익절,8,16884,0.199373,0.211554,-0.041148,0.226087,146050817400.0,0.068182,18605443897.5,6.599719,0.146341,0.031915,0.013965,0.0745,위,5일 상승,6) +20% 이상,"4) 1,000억 ~ 2,000억",3) +5% ~ +10%,4) 5배 ~ 10배,양봉
2026,2026-09,2026-09-09,수,001440,대한전선,31131,3,93393,2026-09-10,29620,손절,1,-4737,-0.050724,-0.01706,-0.07488,0.081739,127739642400.0,0.033223,40421183502.5,2.921373,0.065068,0.009646,0.013965,0.0745,위,5일 상승,3) +5% ~ +10%,"4) 1,000억 ~ 2,000억",2) +2% ~ +5%,2) 2배 ~ 3배,양봉
2026,2026-09,2026-09-09,수,082740,한화엔진,49199,2,98398,2026-09-10,46803,손절,1,-5008,-0.050895,0.012213,-0.050797,0.07667,73028593650.0,0.002039,25747870727.5,2.699996,0.026096,0.051882,0.013965,0.0745,위,5일 상승,3) +5% ~ +10%,"3) 500억 ~ 1,000억",1) +2% 미만,2) 2배 ~ 3배,양봉
2026,2026-09,2026-09-09,수,047050,포스코인터내셔널,58058,1,58058,2026-09-15,55245,손절,4,-2941,-0.050653,0.017948,-0.063006,0.06814,56435740000.0,0.033868,145355171950.0,0.36752,0.056466,0.005172,0.013965,0.0745,위,5일 상승,3) +5% ~ +10%,"3) 500억 ~ 1,000억",2) +2% ~ +5%,1) 2배 미만,양봉
2026,2026-09,2026-09-09,수,011170,롯데케미칼,67868,1,67868,2026-09-11,64535,손절,2,-3481,-0.051296,0.052045,-0.062884,0.181185,45708251400.0,0.111475,8322075080.0,4.67217,0.175043,0.010324,0.013965,0.0745,위,5일 상승,5) +15% ~ +20%,2) 300억 ~ 500억,4) +10% 이상,3) 3배 ~ 5배,양봉
2026,2026-09,2026-09-10,목,0039P0,매드업,9680,10,96797,2026-09-11,9211,손절,1,-4901,-0.050637,0.067185,-0.059885,0.100114,102052132260.0,0.035332,22377070337.5,4.072768,0.111494,0.057911,-0.002513,0.069069,위,5일 상승,4) +10% ~ +15%,"4) 1,000억 ~ 2,000억",2) +2% ~ +5%,3) 3배 ~ 5배,양봉
2026,2026-09,2026-09-10,목,131970,두산테스나,89189,1,89189,2026-09-11,84815,손절,1,-4570,-0.051236,0.004607,-0.066029,0.063246,89345737800.0,0.055687,21364428665.0,3.791,0.064516,0.043771,-0.002513,0.069069,위,5일 상승,3) +5% ~ +10%,"3) 500억 ~ 1,000억",3) +5% ~ +10%,3) 3배 ~ 5배,양봉
2026,2026-09,2026-09-10,목,475040,스트라드비젼,3814,26,99159,2026-09-14,3626,손절,2,-5091,-0.051342,0.052753,-0.073105,0.145865,49767237270.0,0.137313,3830620250.5,11.05526,0.144144,0.032808,-0.002513,0.069069,위,5일 상승,4) +10% ~ +15%,2) 300억 ~ 500억,4) +10% 이상,5) 10배 이상,양봉
2026,2026-09,2026-09-11,금,316140,우리금융지주,35135,2,70270,,,보유중,8,264,0.006116,0.054501,-0.012384,0.032353,97518505500.0,0.012987,96100047507.5,0.977973,0.04,0.002849,-0.01763,0.033302,위,5일 상승,2) +3% ~ +5%,"3) 500억 ~ 1,000억",1) +2% 미만,1) 2배 미만,양봉
2026,2026-09,2026-09-11,금,437730,삼현,42342,2,84685,2026-09-14,39860,손절,1,-5149,-0.060796,-0.018712,-0.083659,0.094437,28687775400.0,0.054863,6203272335.0,3.855721,0.081841,0.015366,-0.01763,0.033302,위,5일 상승,3) +5% ~ +10%,1) 300억 미만,3) +5% ~ +10%,3) 3배 ~ 5배,양봉
2026,2026-09,2026-09-15,화,456010,아이씨티케이,18478,5,92392,2026-09-18,22600,익절,3,20351,0.220266,0.342103,-0.035634,0.014286,37090699620.0,0.014286,6437483927.5,5.321253,-0.011777,0.074215,-0.008544,-0.047057,아래,5일 하락,1) +3% 미만,2) 300억 ~ 500억,1) +2% 미만,4) 5배 ~ 10배,음봉·보합
2026,2026-09,2026-09-15,화,417200,LS머트리얼즈,12212,8,97698,,,보유중,6,9092,0.095626,0.168504,-0.016557,0.086376,28836993600.0,0.039182,4441353320.0,6.019629,0.097122,0.057377,-0.008544,-0.047057,아래,5일 하락,3) +5% ~ +10%,1) 300억 미만,2) +2% ~ +5%,4) 5배 ~ 10배,양봉
2026,2026-09,2026-09-16,수,452280,한선엔지니어링,13013,7,91091,,,보유중,5,2210,0.026666,0.096596,0.001306,0.21609,98854314000.0,0.199262,3228955434.5,24.550645,0.178604,0.033077,0.013687,-0.047318,아래,5일 하락,6) +20% 이상,"3) 500억 ~ 1,000억",4) +10% 이상,5) 10배 이상,양봉
2026,2026-09,2026-09-16,수,217590,티엠씨,13173,7,92212,2026-09-21,15810,익절,3,18206,0.197437,0.227496,0.010388,0.015432,72203405960.0,0.015432,12269400661.5,5.455455,-0.025185,0.072188,0.013687,-0.047318,아래,5일 하락,1) +3% 미만,"3) 500억 ~ 1,000억",1) +2% 미만,4) 5배 ~ 10배,음봉·보합
2026,2026-09,2026-09-16,수,218410,RFHIC,52753,1,52753,2026-09-21,63800,익절,3,10902,0.206667,0.224582,-0.023747,0.067882,54848262800.0,0.025292,18389866862.5,2.755014,0.013462,0.026565,0.013687,-0.047318,아래,5일 하락,3) +5% ~ +10%,"3) 500억 ~ 1,000억",2) +2% ~ +5%,2) 2배 ~ 3배,양봉
2026,2026-09,2026-09-18,금,005690,파미셀,12543,7,87798,,,보유중,3,-224,-0.000202,0.042055,-0.020931,0.082038,129490959220.0,0.077386,10237456814.0,11.19428,0.027049,0.102953,0.026628,-0.002269,위,5일 하락,3) +5% ~ +10%,"4) 1,000억 ~ 2,000억",3) +5% ~ +10%,5) 10배 이상,양봉
2026,2026-09,2026-09-21,월,067310,하나마이크론,44845,2,89690,,,보유중,2,2494,0.03022,0.067013,-0.016608,0.15912,291820256000.0,0.156129,49312922610.0,4.773889,0.148718,0.013393,0.016462,0.048374,위,5일 상승,5) +15% ~ +20%,"5) 2,000억 이상",4) +10% 이상,3) 3배 ~ 5배,양봉
2026,2026-09,2026-09-21,월,328130,루닛,10460,9,94144,2026-09-22,9950,손절,1,-4800,-0.050989,-0.040194,-0.091817,0.182127,24040507150.0,0.12851,3705169704.5,5.495718,0.059838,0.004785,0.016462,0.048374,위,5일 상승,5) +15% ~ +20%,1) 300억 미만,4) +10% 이상,4) 5배 ~ 10배,양봉
2026,2026-09,2026-09-22,화,007810,코리아써키트,65666,1,65666,2026-09-23,62438,손절,1,-3372,-0.051354,0.008138,-0.052776,0.254302,195153768000.0,0.070147,12569469735.0,12.995948,0.078947,0.035061,0.001454,0.058946,위,5일 상승,6) +20% 이상,"4) 1,000억 ~ 2,000억",3) +5% ~ +10%,5) 10배 이상,양봉
2026,2026-09,2026-09-22,화,058470,리노공업,75075,1,75075,2026-09-23,71428,손절,1,-3811,-0.050767,0.032301,-0.047619,0.074499,134639400000.0,0.0699,38946017775.0,3.115323,0.051893,0.025333,0.001454,0.058946,위,5일 상승,3) +5% ~ +10%,"4) 1,000억 ~ 2,000억",3) +5% ~ +10%,3) 3배 ~ 5배,양봉
2026,2026-09,2026-09-22,화,016360,삼성증권,90791,1,90791,,,보유중,1,95,0.003407,0.024334,-0.004303,0.028345,39420759600.0,0.024859,23210050645.0,1.634062,0.014541,0.016538,0.001454,0.058946,위,5일 상승,1) +3% 미만,2) 300억 ~ 500억,2) +2% ~ +5%,1) 2배 미만,양봉
2026,2026-09,2026-09-23,수,089970,브이엠,62462,1,62462,,,보유중,0,-209,-0.000999,0.0,0.0,0.102473,65747822400.0,0.031405,31871165072.5,1.755847,0.017945,0.017628,0.008978,0.054027,위,5일 상승,4) +10% ~ +15%,"3) 500억 ~ 1,000억",2) +2% ~ +5%,1) 2배 미만,양봉
2026,2026-09,2026-09-23,수,005290,동진쎄미켐,46847,2,93694,,,보유중,0,-314,-0.000999,0.0,0.0,0.089639,46048860000.0,0.089639,10042271042.5,4.070493,0.063636,0.00641,0.008978,0.054027,위,5일 상승,3) +5% ~ +10%,2) 300억 ~ 500억,3) +5% ~ +10%,3) 3배 ~ 5배,양봉
