연도,매수월,매수일(신호일),요일,종목코드,종목명,매수가,수량,매수금액,매도일,매도가,결과,보유일,손익(원),수익률,보유중 최고,보유중 최저,당일 상승률,당일 거래대금(억),20일 돌파폭,20일평균 거래대금(억),거래량 배수,캔들 몸통(종/시),윗꼬리(고/종),코스피 당일,코스피 5일,코스피 20일선,구간:코스피5일,구간:상승률,구간:거래대금,구간:돌파폭,구간:거래량배수,구간:캔들
2024,2024-01,2024-01-11,목,009410,태영건설,7538,13,97988,2024-01-12,7173,손절,1,-4938,-0.050392,0.070643,-0.194696,0.187697,126088630140.0,0.07265,32680184768.0,3.069662,0.083453,0.091633,-0.000673,-0.018071,아래,5일 하락,5) +15% ~ +20%,"4) 1,000억 ~ 2,000억",3) +5% ~ +10%,3) 3배 ~ 5배,양봉
2024,2024-01,2024-01-11,목,214270,FSN,2783,35,97397,2024-01-12,2647,손절,1,-4935,-0.050672,-0.004593,-0.067479,0.049057,36054211980.0,0.005425,7101772382.75,4.885291,-0.007143,0.106115,-0.000673,-0.018071,아래,5일 하락,2) +3% ~ +5%,2) 300억 ~ 500억,1) +2% 미만,3) 3배 ~ 5배,음봉·보합
2024,2024-01,2024-01-11,목,025980,아난티,6817,14,95435,2024-01-24,6484,손절,9,-4858,-0.050898,0.016605,-0.090484,0.03653,24215079720.0,0.001471,4312038099.5,5.400888,0.027149,0.0279,-0.000673,-0.018071,아래,5일 하락,2) +3% ~ +5%,1) 300억 미만,1) +2% 미만,4) 5배 ~ 10배,양봉
2024,2024-01,2024-01-11,목,293490,카카오게임즈,27227,3,81682,2024-01-16,25874,손절,3,-4223,-0.0517,0.017365,-0.056091,0.03619,23735073600.0,0.014925,7179438502.5,3.160116,0.026415,0.014706,-0.000673,-0.018071,아래,5일 하락,2) +3% ~ +5%,1) 300억 미만,1) +2% 미만,3) 3배 ~ 5배,양봉
2024,2024-01,2024-01-25,목,066790,씨씨에스,3356,29,97321,2024-01-26,2921,손절,1,-12782,-0.131344,-0.051609,-0.128625,0.022523,44556910650.0,0.017937,20797584751.25,1.997331,0.065728,0.081498,0.000263,0.012418,아래,5일 상승,1) +3% 미만,2) 300억 ~ 500억,1) +2% 미만,1) 2배 미만,양봉
2024,2024-01,2024-01-29,월,267270,HD건설기계,53553,1,53553,2024-01-30,50949,손절,1,-2712,-0.050639,0.02701,-0.05515,0.055227,41149257500.0,0.034816,9977277715.0,3.741664,0.04902,0.013084,0.008912,0.01473,아래,5일 상승,3) +5% ~ +10%,2) 300억 ~ 500억,2) +2% ~ +5%,3) 3배 ~ 5배,양봉
2024,2024-01,2024-01-29,월,023530,롯데쇼핑,79479,1,79479,2024-02-26,75624,손절,18,-4014,-0.05051,0.158791,-0.04881,0.086183,23285082200.0,0.058667,4194334350.0,4.983292,0.075881,0.008816,0.008912,0.01473,아래,5일 상승,3) +5% ~ +10%,1) 300억 미만,3) +5% ~ +10%,3) 3배 ~ 5배,양봉
2024,2024-01,2024-01-30,화,004990,롯데지주,28328,3,84985,2024-04-01,26923,손절,41,-4386,-0.051609,0.191388,-0.048655,0.05597,23739398400.0,0.05597,3142046850.0,6.804297,0.042357,0.024735,-0.000736,0.00815,아래,5일 상승,3) +5% ~ +10%,1) 300억 미만,3) +5% ~ +10%,4) 5배 ~ 10배,양봉
2024,2024-01,2024-01-30,화,069960,현대백화점,52452,1,52452,2024-03-19,49900,손절,32,-2658,-0.050665,0.180118,-0.049615,0.023438,22578793200.0,0.017476,4208753995.0,5.003707,0.009634,0.020992,-0.000736,0.00815,아래,5일 상승,1) +3% 미만,1) 300억 미만,1) +2% 미만,4) 5배 ~ 10배,양봉
2024,2024-01,2024-01-31,수,032640,LG유플러스,10240,9,92162,2024-04-08,9740,손절,45,-4685,-0.05083,0.025368,-0.047873,0.00689,51011352810.0,0.00689,7802076286.5,6.370209,0.01087,0.0,-0.000688,0.011095,아래,5일 상승,1) +3% 미만,"3) 500억 ~ 1,000억",1) +2% 미만,4) 5배 ~ 10배,양봉
2024,2024-01,2024-01-31,수,032830,삼성생명,69369,1,69369,2024-02-08,83300,익절,6,13758,0.198328,0.202261,-0.006765,0.053191,47368005300.0,0.034328,25388591195.0,1.702912,0.053191,0.0,-0.000688,0.011095,아래,5일 상승,3) +5% ~ +10%,2) 300억 ~ 500억,2) +2% ~ +5%,1) 2배 미만,양봉
2024,2024-01,2024-01-31,수,241560,두산밥캣,50951,1,50951,2024-02-01,48501,손절,1,-2552,-0.050081,-0.004924,-0.060861,0.087607,27846982800.0,0.082979,9997515972.5,2.500029,0.077249,0.001965,-0.000688,0.011095,아래,5일 상승,3) +5% ~ +10%,1) 300억 미만,3) +5% ~ +10%,2) 2배 ~ 3배,양봉
2024,2024-01,2024-01-31,수,006260,LS,91191,1,91191,2024-02-27,86813,손절,17,-4561,-0.050015,0.186519,-0.048153,0.039954,22272674600.0,0.022447,10918948225.0,1.866515,0.042334,0.003293,-0.000688,0.011095,아래,5일 상승,2) +3% ~ +5%,1) 300억 미만,2) +2% ~ +5%,1) 2배 미만,양봉
2024,2024-01,2024-01-31,수,402340,SK스퀘어,51952,1,51952,2024-02-06,62400,익절,4,10319,0.198619,0.224209,-0.008698,0.007767,22214808900.0,0.007767,8216093690.0,2.570233,0.007767,0.009634,-0.000688,0.011095,아래,5일 상승,1) +3% 미만,1) 300억 미만,1) +2% 미만,2) 2배 ~ 3배,양봉
2024,2024-02,2024-02-01,목,015750,성우하이텍,9389,10,93894,2024-02-26,8931,손절,15,-4771,-0.050817,0.170471,-0.065966,0.13012,215168542260.0,0.046875,6416334037.0,30.080406,0.141119,0.047974,0.018169,0.029194,위,5일 상승,4) +10% ~ +15%,"5) 2,000억 이상",2) +2% ~ +5%,5) 10배 이상,양봉
2024,2024-02,2024-02-01,목,033780,KT&G,92693,1,92693,2024-04-12,88212,손절,47,-4667,-0.050347,0.035681,-0.050625,0.022075,49843339000.0,0.018702,18407788635.0,2.567998,0.035794,0.0054,0.018169,0.029194,위,5일 상승,1) +3% 미만,2) 300억 ~ 500억,1) +2% 미만,2) 2배 ~ 3배,양봉
2024,2024-02,2024-02-01,목,086280,현대글로비스,91828,1,91828,2024-02-14,87412,손절,7,-4600,-0.050091,0.048025,-0.048934,0.048599,45155647600.0,0.008246,9878235010.0,4.298917,0.054023,0.020174,0.018169,0.029194,위,5일 상승,2) +3% ~ +5%,2) 300억 ~ 500억,1) +2% 미만,3) 3배 ~ 5배,양봉
2024,2024-02,2024-02-01,목,000720,현대건설,35085,2,70170,2024-02-14,33367,손절,7,-3578,-0.050984,0.004701,-0.053728,0.011544,31607108600.0,0.010086,16105193760.0,1.873908,0.021866,0.0,0.018169,0.029194,위,5일 상승,1) +3% 미만,2) 300억 ~ 500억,1) +2% 미만,1) 2배 미만,양봉
2024,2024-02,2024-02-01,목,006360,GS건설,15706,6,94234,2024-02-02,14945,손절,1,-4753,-0.050437,-0.011186,-0.061487,0.038385,20948330910.0,0.026161,6386778364.5,3.079966,0.045303,0.011472,0.018169,0.029194,위,5일 상승,2) +3% ~ +5%,1) 300억 미만,2) +2% ~ +5%,3) 3배 ~ 5배,양봉
2024,2024-02,2024-02-02,금,034020,두산에너빌리티,16016,6,96096,2024-02-06,15245,손절,2,-4820,-0.050162,-0.003497,-0.049076,0.040312,93547728000.0,0.026958,28898080519.5,3.064275,0.038961,0.00625,0.028653,0.055173,위,5일 상승,2) +3% ~ +5%,"3) 500억 ~ 1,000억",2) +2% ~ +5%,3) 3배 ~ 5배,양봉
2024,2024-02,2024-02-02,금,010690,화신,12973,7,90811,2024-02-08,12348,손절,4,-4559,-0.050208,0.052189,-0.059582,0.048544,57412540800.0,0.020472,5728079499.0,9.295101,0.028571,0.044753,0.028653,0.055173,위,5일 상승,2) +3% ~ +5%,"3) 500억 ~ 1,000억",2) +2% ~ +5%,4) 5배 ~ 10배,양봉
2024,2024-02,2024-02-02,금,011210,현대위아,64564,1,64564,2024-02-05,61438,손절,1,-3255,-0.050422,0.037722,-0.047464,0.067881,32909448000.0,0.067881,4250157005.0,6.985236,0.04878,0.015504,0.028653,0.055173,위,5일 상승,3) +5% ~ +10%,2) 300억 ~ 500억,3) +5% ~ +10%,4) 5배 ~ 10배,양봉
2024,2024-02,2024-02-07,수,066570,LG전자,98999,1,98999,2024-02-28,94206,손절,13,-4992,-0.050422,0.024254,-0.050495,0.02381,78359953500.0,0.016444,53173037900.0,1.406055,0.012282,0.005056,0.012957,0.045048,위,5일 상승,1) +3% 미만,"3) 500억 ~ 1,000억",1) +2% 미만,1) 2배 미만,양봉
2024,2024-02,2024-02-07,수,011500,한농화성,16637,5,83183,2024-03-05,19970,익절,16,16460,0.197873,0.202167,-0.019032,0.007273,61231952460.0,0.001808,12306506183.0,4.796537,-0.010714,0.095066,0.012957,0.045048,위,5일 상승,1) +3% 미만,"3) 500억 ~ 1,000억",1) +2% 미만,3) 3배 ~ 5배,음봉·보합
2024,2024-02,2024-02-07,수,047050,포스코인터내셔널,54554,1,54554,2024-04-03,51648,손절,37,-3015,-0.055268,0.130979,-0.081652,0.032197,37079729000.0,0.003683,40047322897.5,0.871562,0.020599,0.005505,0.012957,0.045048,위,5일 상승,2) +3% ~ +5%,2) 300억 ~ 500억,1) +2% 미만,1) 2배 미만,양봉
2024,2024-02,2024-02-07,수,004020,현대제철,37037,2,74074,2024-02-21,35115,손절,8,-3992,-0.053897,0.012501,-0.060399,0.064748,27342704000.0,0.036415,11229551272.5,2.238637,0.054131,0.002703,0.012957,0.045048,위,5일 상승,3) +5% ~ +10%,1) 300억 미만,2) +2% ~ +5%,2) 2배 ~ 3배,양봉
2024,2024-02,2024-02-07,수,000430,대원강업,5846,17,99379,2024-02-08,5564,손절,1,-4983,-0.050145,-0.024948,-0.047186,0.052252,22572347520.0,0.006897,4265013848.5,4.907742,-0.050407,0.090753,0.012957,0.045048,위,5일 상승,3) +5% ~ +10%,1) 300억 미만,1) +2% 미만,3) 3배 ~ 5배,음봉·보합
2024,2024-02,2024-02-13,화,394280,오픈엣지테크놀로지,28328,3,84985,2024-02-14,26873,손절,1,-4536,-0.053369,0.140203,-0.06454,0.148073,315143706000.0,0.129741,27209578746.5,9.526679,0.054004,0.077739,0.011189,0.013127,위,5일 상승,4) +10% ~ +15%,"5) 2,000억 이상",4) +10% 이상,4) 5배 ~ 10배,양봉
2024,2024-02,2024-02-13,화,001470,삼부토건,43400,2,86800,2024-02-14,41309,손절,1,-4357,-0.05019,0.039579,-0.06863,0.276543,184126613440.00003,0.177677,6169741399.8,23.291275,0.199536,0.017408,0.011189,0.013127,위,5일 상승,6) +20% 이상,"4) 1,000억 ~ 2,000억",4) +10% 이상,5) 10배 이상,양봉
2024,2024-02,2024-02-13,화,229640,LS에코에너지,21371,4,85485,2024-02-14,20330,손절,1,-4338,-0.050748,-0.008018,-0.057149,0.104501,90281399950.0,0.026442,17745940677.0,4.796074,0.098816,0.096019,0.011189,0.013127,위,5일 상승,4) +10% ~ +15%,"3) 500억 ~ 1,000억",2) +2% ~ +5%,3) 3배 ~ 5배,양봉
2024,2024-02,2024-02-13,화,131290,티에스이,57057,1,57057,2024-02-15,54246,손절,2,-2926,-0.051276,0.02529,-0.057083,0.17284,72532386000.0,0.170431,5201429222.5,11.24237,0.148036,0.042105,0.011189,0.013127,위,5일 상승,5) +15% ~ +20%,"3) 500억 ~ 1,000억",4) +10% 이상,5) 10배 이상,양봉
2024,2024-02,2024-02-13,화,003490,대한항공,23674,4,94695,2024-02-27,22527,손절,10,-4775,-0.050422,0.003225,-0.049576,0.035011,39812646500.0,0.021598,17189424065.0,2.222849,0.02603,0.004228,0.011189,0.013127,위,5일 상승,2) +3% ~ +5%,2) 300억 ~ 500억,2) +2% ~ +5%,2) 2배 ~ 3배,양봉
2024,2024-02,2024-02-13,화,003530,한화투자증권,4044,24,97057,2024-02-15,4855,익절,2,19221,0.198041,0.231442,-0.035618,0.046632,32375554040.0,0.025381,22481270556.0,1.323567,-0.049412,0.05198,0.011189,0.013127,위,5일 상승,2) +3% ~ +5%,2) 300억 ~ 500억,2) +2% ~ +5%,1) 2배 미만,음봉·보합
2024,2024-02,2024-02-13,화,000100,유한양행,63463,1,63463,2024-03-11,76900,익절,18,13277,0.209209,0.266872,-0.030938,0.035948,24684853400.0,0.006349,14021798795.0,1.680419,0.024233,0.001577,0.011189,0.013127,위,5일 상승,2) +3% ~ +5%,1) 300억 미만,1) +2% 미만,1) 2배 미만,양봉
2024,2024-02,2024-02-13,화,064290,인텍플러스,32332,3,96997,2024-02-23,38800,익절,8,19162,0.197548,0.220142,-0.041206,0.06425,20881304000.0,0.057283,6295789355.0,2.979307,0.041935,0.021672,0.011189,0.013127,위,5일 상승,3) +5% ~ +10%,1) 300억 미만,3) +5% ~ +10%,2) 2배 ~ 3배,양봉
2024,2024-02,2024-02-14,수,250060,모비스,5115,19,97187,2024-02-15,6140,익절,1,19231,0.197874,0.266835,0.008776,0.164009,125183655800.0,0.128035,7833505869.25,13.666539,0.172018,0.021526,-0.011028,0.011234,위,5일 상승,5) +15% ~ +20%,"4) 1,000억 ~ 2,000억",4) +10% 이상,5) 10배 이상,양봉
2024,2024-02,2024-02-14,수,220260,켐트로스,7327,13,95255,2024-02-20,8800,익절,4,18907,0.198493,0.233739,-0.036483,0.090909,66539854080.0,0.044223,6606683490.5,9.481964,0.10241,0.058743,-0.011028,0.011234,위,5일 상승,3) +5% ~ +10%,"3) 500억 ~ 1,000억",2) +2% ~ +5%,4) 5배 ~ 10배,양봉
2024,2024-02,2024-02-14,수,281740,레이크머티리얼즈,18629,5,93143,2024-02-23,22400,익절,7,18625,0.199957,0.205136,-0.032134,0.036192,33846509470.0,0.019168,12404378471.5,2.433399,0.051412,0.017195,-0.011028,0.011234,위,5일 상승,2) +3% ~ +5%,2) 300억 ~ 500억,1) +2% 미만,2) 2배 ~ 3배,양봉
2024,2024-02,2024-02-15,목,094480,갤럭시아머니트리,10110,9,90991,2024-02-23,9620,손절,6,-4590,-0.050445,0.086043,-0.086062,0.116022,99695292100.0,0.073326,10744300977.0,7.983278,0.065401,0.089109,-0.002526,0.014595,위,5일 상승,4) +10% ~ +15%,"3) 500억 ~ 1,000억",3) +5% ~ +10%,4) 5배 ~ 10배,양봉
2024,2024-02,2024-02-15,목,007810,코리아써키트,20721,4,82883,2024-02-20,19720,손절,3,-4168,-0.050288,0.015892,-0.052156,0.049696,82685570400.0,0.035,22640621110.0,3.400757,0.038114,0.074879,-0.002526,0.014595,위,5일 상승,2) +3% ~ +5%,"3) 500억 ~ 1,000억",2) +2% ~ +5%,3) 3배 ~ 5배,양봉
2024,2024-02,2024-02-15,목,095500,미래나노텍,16747,5,83734,2024-02-20,20100,익절,3,16558,0.197744,0.227105,-0.009359,0.040423,70623804510.0,0.040423,8037617638.5,8.027841,0.047589,0.07113,-0.002526,0.014595,위,5일 상승,2) +3% ~ +5%,"3) 500억 ~ 1,000억",2) +2% ~ +5%,4) 5배 ~ 10배,양봉
2024,2024-02,2024-02-15,목,011420,갤럭시아에스엠,2938,33,96952,2024-02-22,2792,손절,5,-5003,-0.051606,0.044952,-0.080987,0.099251,65786472385.0,0.073126,5248244846.0,11.176656,0.079044,0.085179,-0.002526,0.014595,위,5일 상승,3) +5% ~ +10%,"3) 500억 ~ 1,000억",3) +5% ~ +10%,5) 10배 이상,양봉
2024,2024-02,2024-02-15,목,222080,SFA넥셀,11011,9,99099,2024-03-05,13220,익절,12,19634,0.198126,0.253292,-0.017346,0.09671,44214830000.0,0.065891,3055144863.5,13.095177,0.084813,0.053636,-0.002526,0.014595,위,5일 상승,3) +5% ~ +10%,2) 300억 ~ 500억,3) +5% ~ +10%,5) 10배 이상,양봉
2024,2024-02,2024-02-15,목,064260,다날,4444,22,97778,2024-02-23,4231,손절,6,-4897,-0.050083,0.021501,-0.049374,0.032558,36034498320.0,0.002257,4710049932.75,7.260414,-0.008929,0.036036,-0.002526,0.014595,위,5일 상승,2) +3% ~ +5%,2) 300억 ~ 500억,1) +2% 미만,4) 5배 ~ 10배,음봉·보합
2024,2024-02,2024-02-15,목,900250,크리스탈신소재,5837,17,99230,2024-02-27,5554,손절,8,-5003,-0.050421,0.121216,-0.081331,0.084203,22389895020.0,0.022488,6943777688.95,3.093587,0.073801,0.050172,-0.002526,0.014595,위,5일 상승,3) +5% ~ +10%,1) 300억 미만,2) +2% ~ +5%,3) 3배 ~ 5배,양봉
2024,2024-02,2024-02-16,금,054450,텔레칩스,31632,3,94895,2024-02-20,30070,손절,2,-4875,-0.051375,0.006904,-0.056323,0.012821,333685287600.0,0.007974,13652772160.0,22.533783,-0.078717,0.219937,0.013375,0.015014,위,5일 상승,1) +3% 미만,"5) 2,000억 이상",1) +2% 미만,5) 10배 이상,음봉·보합
2024,2024-02,2024-02-16,금,022100,포스코DX,61061,1,61061,2024-02-20,58042,손절,2,-3141,-0.051448,-0.000999,-0.056681,0.044521,198516875000.0,0.004942,86574160190.0,2.139001,0.030405,0.029508,0.013375,0.015014,위,5일 상승,2) +3% ~ +5%,"4) 1,000억 ~ 2,000억",1) +2% 미만,2) 2배 ~ 3배,양봉
2024,2024-02,2024-02-16,금,330860,네패스아크,29730,3,89189,2024-02-20,28272,손절,2,-4553,-0.051046,0.030956,-0.054817,0.122873,130091553900.0,0.015385,6804924770.0,17.664459,0.083942,0.09596,0.013375,0.015014,위,5일 상승,4) +10% ~ +15%,"4) 1,000억 ~ 2,000억",1) +2% 미만,5) 10배 이상,양봉
2024,2024-02,2024-02-16,금,196170,알테오젠,69859,1,69859,2024-02-20,66434,손절,2,-3566,-0.051041,0.011117,-0.048361,0.036571,116201665500.0,0.03303,81889658190.0,1.235598,0.029512,0.030871,0.013375,0.015014,위,5일 상승,2) +3% ~ +5%,"4) 1,000억 ~ 2,000억",2) +2% ~ +5%,1) 2배 미만,양봉
2024,2024-02,2024-02-16,금,439580,블루엠텍,6761,14,94649,2024-02-19,6434,손절,1,-4769,-0.050388,0.110001,-0.047866,0.088125,92567893500.00002,0.016566,5228347174.0,16.131104,0.077128,0.08642,0.013375,0.015014,위,5일 상승,3) +5% ~ +10%,"3) 500억 ~ 1,000억",1) +2% 미만,5) 10배 이상,양봉
2024,2024-02,2024-02-16,금,011810,STX,10961,9,98649,2024-02-19,10430,손절,1,-4980,-0.050486,0.000826,-0.057563,0.051873,62380595100.0,0.051873,7513940627.5,7.508045,0.045845,0.086758,0.013375,0.015014,위,5일 상승,3) +5% ~ +10%,"3) 500억 ~ 1,000억",3) +5% ~ +10%,4) 5배 ~ 10배,양봉
2024,2024-02,2024-02-16,금,001570,금양,95195,1,95195,2024-02-20,89710,손절,2,-5674,-0.059605,0.008455,-0.083986,0.003165,59680765800.0,0.003165,47744856380.0,1.102666,-0.037449,0.042061,0.013375,0.015014,위,5일 상승,1) +3% 미만,"3) 500억 ~ 1,000억",1) +2% 미만,1) 2배 미만,음봉·보합
2024,2024-02,2024-02-16,금,101670,하이드로리튬,6196,16,99139,2024-02-19,5894,손절,1,-5032,-0.050759,0.005457,-0.055871,0.014754,56459373780.0,0.014754,18243504894.0,2.698951,-0.029781,0.042003,0.013375,0.015014,위,5일 상승,1) +3% 미만,"3) 500억 ~ 1,000억",1) +2% 미만,2) 2배 ~ 3배,음봉·보합
2024,2024-02,2024-02-16,금,271560,오리온,97297,1,97297,2024-02-29,92607,손절,9,-4885,-0.050208,0.021612,-0.049305,0.036247,53473024800.0,0.016736,36708195555.0,1.379813,0.027484,0.011317,0.013375,0.015014,위,5일 상승,2) +3% ~ +5%,"3) 500억 ~ 1,000억",1) +2% 미만,1) 2배 미만,양봉
2024,2024-02,2024-02-16,금,323410,카카오뱅크,30130,3,90390,2024-02-28,28671,손절,8,-4558,-0.050422,0.017255,-0.055762,0.010067,25457677000.0,0.010067,46116644525.0,0.525803,-0.004959,0.013289,0.013375,0.015014,위,5일 상승,1) +3% 미만,1) 300억 미만,1) +2% 미만,1) 2배 미만,음봉·보합
2024,2024-02,2024-02-21,수,257720,실리콘투,10410,9,93694,2024-02-22,9910,손절,1,-4691,-0.050066,-0.014447,-0.076885,0.279213,220742267200.0,0.176471,7529067054.0,23.416158,0.202312,0.015385,-0.001686,0.012551,위,5일 상승,6) +20% 이상,"5) 2,000억 이상",4) +10% 이상,5) 10배 이상,양봉
2024,2024-02,2024-02-21,수,393890,더블유씨피,45796,2,91591,2024-03-11,43556,손절,12,-4662,-0.050903,0.080886,-0.087252,0.086698,74278510500.0,0.086698,14744981467.5,4.483046,0.086698,0.019672,-0.001686,0.012551,위,5일 상승,3) +5% ~ +10%,"3) 500억 ~ 1,000억",3) +5% ~ +10%,3) 3배 ~ 5배,양봉
2024,2024-02,2024-02-21,수,052690,한전기술,71571,1,71571,2024-03-18,68132,손절,17,-3583,-0.050066,0.073053,-0.049901,0.040757,66455317500.0,0.024355,12827289595.0,4.864856,0.039244,0.006993,-0.001686,0.012551,위,5일 상승,2) +3% ~ +5%,"3) 500억 ~ 1,000억",2) +2% ~ +5%,3) 3배 ~ 5배,양봉
2024,2024-02,2024-02-21,수,137400,피엔티,43543,2,87087,2024-02-26,41409,손절,3,-4444,-0.051035,0.017373,-0.054968,0.058394,60031305000.0,0.058394,9030064680.0,5.902468,0.045673,0.073563,-0.001686,0.012551,위,5일 상승,3) +5% ~ +10%,"3) 500억 ~ 1,000억",3) +5% ~ +10%,4) 5배 ~ 10배,양봉
2024,2024-02,2024-02-21,수,418550,제이오,26677,3,80030,2024-02-26,25375,손절,3,-4067,-0.050813,0.109585,-0.049731,0.151188,59820455500.0,0.129237,5647863225.0,8.612839,0.129237,0.043152,-0.001686,0.012551,위,5일 상승,5) +15% ~ +20%,"3) 500억 ~ 1,000억",4) +10% 이상,4) 5배 ~ 10배,양봉
2024,2024-02,2024-02-21,수,078600,대주전자재료,76076,1,76076,2024-03-12,91300,익절,13,15035,0.197625,0.250066,-0.031232,0.071932,35348056000.0,0.024259,6104190290.0,5.434875,0.081081,0.017105,-0.001686,0.012551,위,5일 상승,3) +5% ~ +10%,2) 300억 ~ 500억,2) +2% ~ +5%,4) 5배 ~ 10배,양봉
2024,2024-02,2024-02-21,수,009420,한올바이오파마,36186,2,72372,2024-02-28,34416,손절,5,-3686,-0.050935,0.081906,-0.063177,0.022631,25784782800.0,0.01831,16406283012.5,1.429542,0.009777,0.031812,-0.001686,0.012551,위,5일 상승,1) +3% 미만,1) 300억 미만,1) +2% 미만,1) 2배 미만,양봉
2024,2024-02,2024-02-21,수,378340,필에너지,19990,4,79960,2024-03-07,24000,익절,10,15841,0.198111,0.323164,-0.046022,0.062234,23067007510.0,0.058855,4733419087.5,4.345809,0.062799,0.001502,-0.001686,0.012551,위,5일 상승,3) +5% ~ +10%,1) 300억 미만,3) +5% ~ +10%,3) 3배 ~ 5배,양봉
2024,2024-02,2024-02-22,목,083310,엘오티베큠,23373,4,93493,2024-02-23,22228,손절,1,-4770,-0.051018,0.046063,-0.069453,0.168084,63280718250.0,0.073563,6012708953.5,9.222874,0.144608,0.004283,0.004131,0.019309,위,5일 상승,5) +15% ~ +20%,"3) 500억 ~ 1,000억",3) +5% ~ +10%,4) 5배 ~ 10배,양봉
2024,2024-02,2024-02-22,목,376300,디어유,38038,2,76076,2024-02-23,36214,손절,1,-3801,-0.049965,0.005573,-0.049635,0.160305,35932382000.0,0.101449,4839716535.0,6.179038,0.137725,0.023684,0.004131,0.019309,위,5일 상승,5) +15% ~ +20%,2) 300억 ~ 500억,4) +10% 이상,4) 5배 ~ 10배,양봉
2024,2024-02,2024-02-22,목,228760,지노믹트리,22272,4,89089,2024-02-23,21179,손절,1,-4552,-0.051099,0.023695,-0.052633,0.109726,27272003000.0,0.085366,10248048408.0,2.279142,0.106965,0.004494,0.004131,0.019309,위,5일 상승,4) +10% ~ +15%,1) 300억 미만,3) +5% ~ +10%,2) 2배 ~ 3배,양봉
2024,2024-02,2024-02-22,목,161000,애경케미칼,13694,7,95856,2024-03-28,13037,손절,24,-4789,-0.049965,0.127527,-0.072565,0.024719,25885952640.0,0.013333,4931123590.0,4.951516,0.011834,0.073099,0.004131,0.019309,위,5일 상승,1) +3% 미만,1) 300억 미만,1) +2% 미만,3) 3배 ~ 5배,양봉
2024,2024-02,2024-02-27,화,036930,주성엔지니어링,35135,2,70270,2024-03-14,33417,손절,11,-3578,-0.050917,0.159809,-0.047961,0.038462,94062945600.0,0.038462,32477658527.5,2.611072,0.036928,0.021368,-0.008322,-0.012319,위,5일 하락,2) +3% ~ +5%,"3) 500억 ~ 1,000억",2) +2% ~ +5%,2) 2배 ~ 3배,양봉
2024,2024-02,2024-02-27,화,010140,삼성중공업,7678,12,92132,2024-03-15,9220,익절,12,18278,0.198393,0.223027,-0.015326,0.035088,62721563060.0,0.009211,27440234111.0,2.176601,0.026774,0.007823,-0.008322,-0.012319,위,5일 하락,2) +3% ~ +5%,"3) 500억 ~ 1,000억",1) +2% 미만,2) 2배 ~ 3배,양봉
2024,2024-02,2024-02-28,수,101490,에스앤에스텍,44695,2,89389,2024-04-05,42507,손절,26,-4554,-0.050941,0.105278,-0.047984,0.173456,186946424500.0,0.020571,10471228472.5,16.389684,0.147815,0.06047,0.010377,-0.000384,위,5일 하락,5) +15% ~ +20%,"4) 1,000억 ~ 2,000억",2) +2% ~ +5%,5) 10배 이상,양봉
2024,2024-02,2024-02-28,수,232140,와이씨,6697,14,93754,2024-03-07,8040,익절,5,18573,0.198102,0.200593,-0.044304,0.133898,156926252910.0,0.06869,15339037345.5,9.012702,0.115,0.014948,0.010377,-0.000384,위,5일 하락,4) +10% ~ +15%,"4) 1,000억 ~ 2,000억",3) +5% ~ +10%,4) 5배 ~ 10배,양봉
2024,2024-02,2024-02-28,수,028050,삼성E&A,26026,3,78078,2024-02-29,24775,손절,1,-3909,-0.050066,-0.006762,-0.056713,0.085595,68221244000.0,0.063395,23273084937.5,2.643871,0.078838,0.013462,0.010377,-0.000384,위,5일 하락,3) +5% ~ +10%,"3) 500억 ~ 1,000억",3) +5% ~ +10%,2) 2배 ~ 3배,양봉
2024,2024-02,2024-02-28,수,248070,솔루엠,29329,3,87988,2024-03-06,27922,손절,4,-4398,-0.049987,-0.002704,-0.053847,0.059675,40647890000.0,0.013841,11192893120.0,3.456601,0.013841,0.017065,0.010377,-0.000384,위,5일 하락,3) +5% ~ +10%,2) 300억 ~ 500억,1) +2% 미만,3) 3배 ~ 5배,양봉
2024,2024-02,2024-02-28,수,108490,로보티즈,27392,3,82176,2024-03-05,26074,손절,3,-4119,-0.050121,-0.009887,-0.054326,0.0369,33775862800.000004,0.012613,7396002125.0,4.401777,0.052434,0.042705,0.010377,-0.000384,위,5일 하락,2) +3% ~ +5%,2) 300억 ~ 500억,1) +2% 미만,3) 3배 ~ 5배,양봉
2024,2024-02,2024-02-28,수,053450,세코닉스,8068,12,96817,2024-03-11,7672,손절,7,-4943,-0.051055,0.038664,-0.051817,0.071809,32667599120.0,0.0075,3923634954.0,8.058792,0.071809,0.05335,0.010377,-0.000384,위,5일 하락,3) +5% ~ +10%,2) 300억 ~ 500억,1) +2% 미만,4) 5배 ~ 10배,양봉
2024,2024-02,2024-02-28,수,073570,리튬포어스,27114,3,81343,2024-02-29,32550,익절,1,16105,0.197988,0.21903,0.013196,0.082692,31164634169.999996,0.01259,6667489276.25,4.16032,0.062264,0.087034,0.010377,-0.000384,위,5일 하락,3) +5% ~ +10%,2) 300억 ~ 500억,1) +2% 미만,3) 3배 ~ 5배,양봉
2024,2024-02,2024-02-28,수,452300,캡스톤파트너스,5475,18,98558,2024-02-29,5205,손절,1,-5070,-0.051439,0.044659,-0.05031,0.16383,30076565260.0,0.072549,3128969293.0,8.231241,0.181425,0.005484,0.010377,-0.000384,위,5일 하락,5) +15% ~ +20%,2) 300억 ~ 500억,3) +5% ~ +10%,4) 5배 ~ 10배,양봉
2024,2024-02,2024-02-28,수,348210,넥스틴,74875,1,74875,2024-03-14,71229,손절,10,-3796,-0.050701,0.040403,-0.057093,0.084058,29204388400.0,0.012179,7034711460.0,3.943182,0.085631,0.026738,0.010377,-0.000384,위,5일 하락,3) +5% ~ +10%,1) 300억 미만,1) +2% 미만,3) 3배 ~ 5배,양봉
2024,2024-02,2024-02-29,목,240810,원익IPS,32833,3,98498,2024-03-29,39400,익절,20,19456,0.197529,0.321849,-0.023842,0.134948,75809229600.0,0.046252,6177190097.5,11.250075,0.142857,0.01372,-0.003744,-0.008224,위,5일 하락,4) +10% ~ +15%,"3) 500억 ~ 1,000억",2) +2% ~ +5%,5) 10배 이상,양봉
2024,2024-02,2024-02-29,목,025320,시노펙스,8020,12,96246,2024-03-04,7632,손절,1,-4851,-0.050398,-0.000999,-0.055305,0.082108,46558161750.0,0.014943,22742454386.5,1.850127,0.080783,0.0,-0.003744,-0.008224,위,5일 하락,3) +5% ~ +10%,2) 300억 ~ 500억,1) +2% 미만,1) 2배 미만,양봉
2024,2024-02,2024-02-29,목,290690,아리바이오홀딩스,12192,8,97532,2024-03-04,11598,손절,1,-4941,-0.050659,0.005155,-0.04818,0.042827,36154561015.0,0.014583,29557614664.6,1.05678,0.054113,0.039014,-0.003744,-0.008224,위,5일 하락,2) +3% ~ +5%,2) 300억 ~ 500억,1) +2% 미만,1) 2배 미만,양봉
2024,2024-02,2024-02-29,목,168360,펨트론,10360,9,93243,2024-03-07,12440,익절,4,18485,0.19824,0.273123,0.019271,0.028827,22046959350.0,0.00779,4278497775.0,4.626043,0.028827,0.115942,-0.003744,-0.008224,위,5일 하락,1) +3% 미만,1) 300억 미만,1) +2% 미만,3) 3배 ~ 5배,양봉
2024,2024-03,2024-03-04,월,007660,이수페타시스,35727,2,71454,2024-03-14,33858,손절,8,-3880,-0.054304,0.158242,-0.098994,0.201309,646484299200.0001,0.152276,58191476435.0,9.103631,0.170654,0.023161,0.012076,0.002463,위,5일 상승,6) +20% 이상,"5) 2,000억 이상",4) +10% 이상,4) 5배 ~ 10배,양봉
2024,2024-03,2024-03-04,월,067310,하나마이크론,23768,4,95073,2024-03-18,22627,손절,10,-4755,-0.05001,0.068529,-0.055889,0.054054,93316860000.0,0.022472,29061156407.5,3.010041,0.022472,0.029304,0.012076,0.002463,위,5일 상승,3) +5% ~ +10%,"3) 500억 ~ 1,000억",2) +2% ~ +5%,3) 3배 ~ 5배,양봉
2024,2024-03,2024-03-04,월,103590,일진전기,11972,8,95776,2024-03-14,14370,익절,8,18946,0.197814,0.217846,-0.008517,0.144498,65062160800.0,0.003356,6290474993.0,9.538044,0.128302,0.04097,0.012076,0.002463,위,5일 상승,4) +10% ~ +15%,"3) 500억 ~ 1,000억",1) +2% 미만,4) 5배 ~ 10배,양봉
2024,2024-03,2024-03-05,화,064550,바이오니아,28629,3,85886,2024-03-06,34400,익절,1,17100,0.199102,0.222554,0.019959,0.164969,44061617600.0,0.055351,4117916337.5,9.680407,0.160243,0.0,-0.0093,0.000876,위,5일 상승,5) +15% ~ +20%,2) 300억 ~ 500억,3) +5% ~ +10%,4) 5배 ~ 10배,양봉
2024,2024-03,2024-03-06,수,432720,퀄리타스반도체,38568,2,77136,2024-03-11,36713,손절,3,-3864,-0.050097,0.082045,-0.050577,0.03466,44634426200.00001,0.004988,26358492875.0,1.541218,0.061924,0.01737,-0.002986,0.006263,위,5일 상승,2) +3% ~ +5%,2) 300억 ~ 500억,1) +2% 미만,1) 2배 미만,양봉
2024,2024-03,2024-03-06,수,092870,엑시콘,18647,5,93233,2024-03-07,22400,익절,1,18534,0.198794,0.298137,0.082636,0.061035,35717948640.0,0.008808,9841806864.5,3.346795,0.052432,0.006677,-0.002986,0.006263,위,5일 상승,3) +5% ~ +10%,2) 300억 ~ 500억,1) +2% 미만,3) 3배 ~ 5배,양봉
2024,2024-03,2024-03-06,수,297890,HB솔루션,4570,21,95961,2024-03-08,4346,손절,2,-4895,-0.051006,0.003378,-0.050238,0.067836,29266488900.0,0.009956,9762961141.0,2.781221,0.07034,0.025192,-0.002986,0.006263,위,5일 상승,3) +5% ~ +10%,1) 300억 미만,1) +2% 미만,2) 2배 ~ 3배,양봉
2024,2024-03,2024-03-07,목,049950,미래컴퍼니,32432,3,97297,2024-03-11,30869,손절,2,-4885,-0.050208,0.005168,-0.053416,0.165468,115865121600.0,0.113402,3946073695.0,25.663139,0.153025,0.067901,0.002321,-0.001761,위,5일 하락,5) +15% ~ +20%,"4) 1,000억 ~ 2,000억",4) +10% 이상,5) 10배 이상,양봉
2024,2024-03,2024-03-07,목,095340,ISC,80280,1,80280,2024-03-08,96400,익절,1,15920,0.198303,0.223216,0.013949,0.01519,40471646800.0,0.001248,24568549505.0,1.523548,-0.009877,0.013716,0.002321,-0.001761,위,5일 하락,1) +3% 미만,2) 300억 ~ 500억,1) +2% 미만,1) 2배 미만,음봉·보합
2024,2024-03,2024-03-07,목,085660,차바이오텍,17613,5,88064,2024-03-15,16763,손절,6,-4425,-0.050242,0.042504,-0.086433,0.053621,37193188440.0,0.043812,5918868712.0,5.829098,0.052457,0.017838,0.002321,-0.001761,위,5일 하락,3) +5% ~ +10%,2) 300억 ~ 500억,2) +2% ~ +5%,4) 5배 ~ 10배,양봉
2024,2024-03,2024-03-08,금,300120,라온피플,23260,4,93040,2024-03-14,22128,손절,4,-4715,-0.050674,0.072005,-0.05223,0.06412,28736393400.0,0.051213,3050086094.0,8.678716,0.06412,0.082051,0.012362,0.014377,위,5일 상승,3) +5% ~ +10%,1) 300억 미만,3) +5% ~ +10%,4) 5배 ~ 10배,양봉
2024,2024-03,2024-03-11,월,122870,와이지엔터테인먼트,43844,2,87688,2024-04-16,41708,손절,25,-4447,-0.050713,0.093655,-0.055739,0.081481,37463935800.0,0.006897,6289129250.0,5.683614,0.070905,0.022831,-0.007652,-0.005396,위,5일 하락,3) +5% ~ +10%,2) 300억 ~ 500억,1) +2% 미만,4) 5배 ~ 10배,양봉
2024,2024-03,2024-03-12,화,425040,티이엠씨,21772,4,87087,2024-03-13,20679,손절,1,-4544,-0.05218,-0.003296,-0.058413,0.099596,64540928250.0,0.068796,8206366205.5,6.922117,0.117677,0.048276,0.00826,0.012233,위,5일 상승,3) +5% ~ +10%,"3) 500억 ~ 1,000억",3) +5% ~ +10%,4) 5배 ~ 10배,양봉
2024,2024-03,2024-03-12,화,131970,두산테스나,47848,2,95696,2024-03-15,45504,손절,3,-4879,-0.05098,0.012586,-0.049068,0.029064,23372574800.0,0.027957,12901326187.5,1.68469,0.018104,0.009414,0.00826,0.012233,위,5일 상승,1) +3% 미만,1) 300억 미만,2) +2% ~ +5%,1) 2배 미만,양봉
2024,2024-03,2024-03-12,화,361610,SK아이이테크놀로지,74675,1,74675,2024-04-02,71029,손절,15,-3795,-0.050826,0.040514,-0.053226,0.047753,21557758800.0,0.017735,11842238400.0,1.719985,0.037552,0.004021,0.00826,0.012233,위,5일 상승,2) +3% ~ +5%,1) 300억 미만,1) +2% 미만,1) 2배 미만,양봉
2024,2024-03,2024-03-13,수,006260,LS,98799,1,98799,2024-03-29,118600,익절,12,19555,0.19793,0.207506,0.011147,0.01127,29571605700.0,0.01127,20607009330.0,1.359911,0.016478,0.032421,0.004385,0.019716,위,5일 상승,1) +3% 미만,1) 300억 미만,1) +2% 미만,1) 2배 미만,양봉
2024,2024-03,2024-03-14,목,001440,대한전선,10270,9,92432,2024-03-29,9770,손절,11,-4686,-0.050693,0.097343,-0.055525,0.103226,175021636140.0,0.03012,7064252210.5,22.452668,0.102041,0.136452,0.009352,0.026869,위,5일 상승,4) +10% ~ +15%,"4) 1,000억 ~ 2,000억",2) +2% ~ +5%,5) 10배 이상,양봉
2024,2024-03,2024-03-14,목,010620,HD현대미포,65065,1,65065,2024-03-29,61938,손절,11,-3258,-0.050066,0.063552,-0.051718,0.038339,56202900000.0,0.017214,25078310690.0,2.156057,0.033386,0.030769,0.009352,0.026869,위,5일 상승,2) +3% ~ +5%,"3) 500억 ~ 1,000억",1) +2% 미만,2) 2배 ~ 3배,양봉
2024,2024-03,2024-03-14,목,267270,HD건설기계,56156,1,56156,2024-04-16,53446,손절,22,-2822,-0.050257,0.075573,-0.070448,0.005376,29468208000.0,0.005376,11143698500.0,2.545019,0.003578,0.02852,0.009352,0.026869,위,5일 상승,1) +3% 미만,1) 300억 미만,1) +2% 미만,2) 2배 ~ 3배,양봉
2024,2024-03,2024-03-15,금,317850,대모,9670,10,96697,2024-03-22,9201,손절,5,-4883,-0.050494,0.027958,-0.04857,0.028754,46067168280.0,0.022222,4924347975.5,9.039175,-0.043564,0.128364,-0.019097,-0.00504,위,5일 하락,1) +3% 미만,2) 300억 ~ 500억,2) +2% ~ +5%,4) 5배 ~ 10배,음봉·보합
2024,2024-03,2024-03-15,금,108860,셀바스AI,20270,4,81081,2024-03-20,19291,손절,3,-4081,-0.050331,0.013801,-0.047372,0.03001,29923890750.0,0.009975,15092432796.5,1.903683,0.028441,0.004938,-0.019097,-0.00504,위,5일 하락,2) +3% ~ +5%,1) 300억 미만,1) +2% 미만,1) 2배 미만,양봉
2024,2024-03,2024-03-21,목,222800,심텍,31181,3,93543,2024-04-15,29670,손절,16,-4720,-0.050459,0.104834,-0.050709,0.064957,45140773300.0,0.033167,12237738982.5,3.469568,0.034884,0.008026,0.024058,0.013278,위,5일 상승,3) +5% ~ +10%,2) 300억 ~ 500억,2) +2% ~ +5%,3) 3배 ~ 5배,양봉
2024,2024-03,2024-03-21,목,101160,월덱스,25175,3,75525,2024-03-25,23926,손절,2,-3899,-0.05162,0.010918,-0.056609,0.079399,34593397450.0,0.026531,4578798282.5,7.027467,0.022358,0.021869,0.024058,0.013278,위,5일 상승,3) +5% ~ +10%,2) 300억 ~ 500억,2) +2% ~ +5%,4) 5배 ~ 10배,양봉
2024,2024-03,2024-03-21,목,353200,대덕전자,24274,4,97097,2024-04-16,23077,손절,17,-4984,-0.05133,0.155545,-0.056613,0.023207,28148575500.0,0.006224,12738802555.0,2.116455,0.0,0.014433,0.024058,0.013278,위,5일 상승,1) +3% 미만,1) 300억 미만,1) +2% 미만,2) 2배 ~ 3배,음봉·보합
2024,2024-03,2024-03-21,목,278650,HLB바이오스텝,20120,4,80480,2024-03-22,19151,손절,1,-4039,-0.05018,-0.012182,-0.048215,0.045514,22651035720.0,0.030769,19173834708.5,1.117885,0.032092,0.016169,0.024058,0.013278,위,5일 상승,2) +3% ~ +5%,1) 300억 미만,2) +2% ~ +5%,1) 2배 미만,양봉
2024,2024-03,2024-03-22,금,048410,현대바이오,10777,9,96995,2024-03-25,10260,손절,1,-4852,-0.05002,-0.007557,-0.057835,0.095923,64040232600.00001,0.050575,9361234320.0,6.128727,0.093301,0.056893,-0.002287,0.030643,위,5일 상승,3) +5% ~ +10%,"3) 500억 ~ 1,000억",3) +5% ~ +10%,4) 5배 ~ 10배,양봉
2024,2024-03,2024-03-22,금,066570,LG전자,99499,1,99499,2024-04-03,94705,손절,8,-4994,-0.050189,0.012066,-0.056276,0.002016,57184223600.0,0.001007,48865079105.0,1.137563,0.010163,0.008048,-0.002287,0.030643,위,5일 상승,1) +3% 미만,"3) 500억 ~ 1,000억",1) +2% 미만,1) 2배 미만,양봉
2024,2024-03,2024-03-22,금,061970,LB세미콘,7863,12,94354,2024-04-03,7483,손절,8,-4753,-0.050375,0.145018,-0.053322,0.076016,45405166910.0,0.00984,5279762725.5,7.840348,0.059355,0.049939,-0.002287,0.030643,위,5일 상승,3) +5% ~ +10%,2) 300억 ~ 500억,1) +2% 미만,4) 5배 ~ 10배,양봉
2024,2024-03,2024-03-22,금,000490,대동,14084,7,98588,2024-04-03,13387,손절,8,-5080,-0.051525,0.020302,-0.067741,0.054723,41873515950.0,0.01223,3977845817.0,10.067288,0.053144,0.030561,-0.002287,0.030643,위,5일 상승,3) +5% ~ +10%,2) 300억 ~ 500억,1) +2% 미만,5) 10배 이상,양봉
2024,2024-03,2024-03-22,금,189300,인텔리안테크,58358,1,58358,2024-04-15,55544,손절,15,-2931,-0.050224,0.088106,-0.048978,0.069725,39140404600.0,0.001718,4681623225.0,8.003095,0.063869,0.049743,-0.002287,0.030643,위,5일 상승,3) +5% ~ +10%,2) 300억 ~ 500억,1) +2% 미만,4) 5배 ~ 10배,양봉
2024,2024-03,2024-03-22,금,060230,제이케이시냅스,34429,2,68858,2024-03-26,32767,손절,2,-3462,-0.050277,0.06243,-0.064428,0.25,32765033700.0,0.133094,3262026949.25,8.079682,0.232877,0.028571,-0.002287,0.030643,위,5일 상승,6) +20% 이상,2) 300억 ~ 500억,4) +10% 이상,4) 5배 ~ 10배,양봉
2024,2024-03,2024-03-22,금,420770,기가비스,69069,1,69069,2024-04-03,65734,손절,8,-3473,-0.050288,0.045331,-0.061808,0.040724,26867979000.0,0.007299,8598916455.0,2.920049,0.001451,0.03913,-0.002287,0.030643,위,5일 상승,2) +3% ~ +5%,1) 300억 미만,1) +2% 미만,2) 2배 ~ 3배,양봉
2024,2024-03,2024-03-22,금,015590,DKME,4057,24,97374,2024-03-25,3861,손절,1,-4902,-0.050344,0.023466,-0.084589,0.150235,21643447000.0,0.13164,3864419597.55,4.664958,0.152941,0.02449,-0.002287,0.030643,위,5일 상승,5) +15% ~ +20%,1) 300억 미만,4) +10% 이상,3) 3배 ~ 5배,양봉
2024,2024-03,2024-03-26,화,041510,에스엠,87187,1,87187,2024-04-01,82917,손절,4,-4445,-0.050981,0.063231,-0.066376,0.101138,51982238100.0,0.079306,8729230680.0,5.164246,0.095597,0.003444,0.00713,0.037995,위,5일 상승,4) +10% ~ +15%,"3) 500억 ~ 1,000억",3) +5% ~ +10%,4) 5배 ~ 10배,양봉
2024,2024-03,2024-03-26,화,123410,코리아에프티,6066,16,97057,2024-03-27,5774,손절,1,-4864,-0.050116,-0.004296,-0.071885,0.053913,26619671100.0,0.035897,19366263284.75,1.264273,0.046632,0.023102,0.00713,0.037995,위,5일 상승,3) +5% ~ +10%,1) 300억 미만,2) +2% ~ +5%,1) 2배 미만,양봉
2024,2024-03,2024-03-28,목,087010,펩트론,27502,3,82506,2024-04-02,26174,손절,3,-4150,-0.050305,0.046572,-0.074999,0.053903,43089278400.0,0.016129,16511039882.5,2.32041,0.051948,0.042328,-0.003372,-0.003281,위,5일 하락,3) +5% ~ +10%,2) 300억 ~ 500억,1) +2% 미만,2) 2배 ~ 3배,양봉
2024,2024-03,2024-03-29,금,085670,뉴프렉스,8729,11,96016,2024-04-02,8302,손절,2,-4890,-0.050927,0.009312,-0.112126,0.151915,207611672160.0,0.080545,9973032059.5,17.727358,0.13394,0.082569,0.000295,-0.000702,위,5일 하락,5) +15% ~ +20%,"5) 2,000억 이상",3) +5% ~ +10%,5) 10배 이상,양봉
2024,2024-03,2024-03-29,금,009830,한화솔루션,26768,3,80303,2024-04-08,25474,손절,6,-4041,-0.050317,0.02543,-0.05738,0.025316,39656206800.0,0.019784,22842259960.0,1.677442,0.017953,0.008818,0.000295,-0.000702,위,5일 하락,1) +3% 미만,2) 300억 ~ 500억,1) +2% 미만,1) 2배 미만,양봉
2024,2024-03,2024-03-29,금,267250,HD현대,71972,1,71972,2024-04-11,68232,손절,8,-3884,-0.053966,0.012895,-0.074639,0.043541,32693217600.0,0.016973,15918082515.0,1.970151,0.036023,0.012517,0.000295,-0.000702,위,5일 하락,2) +3% ~ +5%,2) 300억 ~ 500억,1) +2% 미만,1) 2배 미만,양봉
2024,2024-04,2024-04-01,월,008770,호텔신라,62963,1,62963,2024-04-04,59940,손절,3,-3149,-0.050017,0.000589,-0.056587,0.048333,65442732500.0,0.037954,20786415195.0,2.949024,0.041391,0.00159,0.000448,0.003759,위,5일 상승,2) +3% ~ +5%,"3) 500억 ~ 1,000억",2) +2% ~ +5%,2) 2배 ~ 3배,양봉
2024,2024-04,2024-04-01,월,271560,오리온,95595,1,95595,2024-04-17,91009,손절,11,-4778,-0.049986,0.031429,-0.050164,0.049451,50042382000.0,0.012725,26310000910.0,1.835005,0.041439,0.006283,0.000448,0.003759,위,5일 상승,2) +3% ~ +5%,"3) 500억 ~ 1,000억",1) +2% 미만,1) 2배 미만,양봉
2024,2024-04,2024-04-01,월,457550,우진엔텍,28078,3,84234,2024-04-03,26723,손절,2,-4233,-0.050257,0.004343,-0.102502,0.083012,40408998300.0,0.03125,35889881273.5,0.991076,0.080925,0.008913,0.000448,0.003759,위,5일 상승,3) +5% ~ +10%,2) 300억 ~ 500억,2) +2% ~ +5%,1) 2배 미만,양봉
2024,2024-04,2024-04-01,월,161890,한국콜마,51551,1,51551,2024-04-04,49051,손절,3,-2604,-0.050512,0.00676,-0.049494,0.10515,37558435000.0,0.084211,6908301147.5,4.807726,0.10515,0.007767,0.000448,0.003759,위,5일 상승,4) +10% ~ +15%,2) 300억 ~ 500억,3) +5% ~ +10%,3) 3배 ~ 5배,양봉
2024,2024-04,2024-04-01,월,383220,F&F,76576,1,76576,2024-04-03,72827,손절,2,-3903,-0.050967,0.009448,-0.053234,0.088193,35242020000.0,0.06546,8360233035.0,3.817495,0.072931,0.011765,0.000448,0.003759,위,5일 상승,3) +5% ~ +10%,2) 300억 ~ 500억,3) +5% ~ +10%,3) 3배 ~ 5배,양봉
2024,2024-04,2024-04-04,목,263600,덕우전자,8609,11,94695,2024-04-15,8192,손절,6,-4775,-0.050422,0.043143,-0.05908,0.12713,55742112600.0,0.105398,3129151635.5,15.679248,0.12713,0.110465,0.012941,-0.001391,위,5일 하락,4) +10% ~ +15%,"3) 500억 ~ 1,000억",4) +10% 이상,5) 10배 이상,양봉
2024,2024-04,2024-04-04,목,445180,퓨릿,13864,7,97047,2024-04-08,13197,손절,2,-4864,-0.050121,0.037951,-0.091883,0.126016,44455189850.0,0.019882,4951625411.0,8.278972,0.113344,0.0,0.012941,-0.001391,위,5일 하락,4) +10% ~ +15%,2) 300억 ~ 500억,1) +2% 미만,4) 5배 ~ 10배,양봉
2024,2024-04,2024-04-04,목,036830,솔브레인홀딩스,64665,1,64665,2024-04-05,61538,손절,1,-3256,-0.050351,0.011373,-0.062857,0.028662,40329457000.0,0.009375,15459992085.0,2.453907,0.027027,0.051084,0.012941,-0.001391,위,5일 하락,1) +3% 미만,2) 300억 ~ 500억,1) +2% 미만,2) 2배 ~ 3배,양봉
2024,2024-04,2024-04-04,목,051370,인터플렉스,15155,6,90931,2024-04-08,14426,손절,2,-4560,-0.050147,0.020116,-0.062364,0.107535,23464153680.0,0.044859,6057670030.0,3.54618,0.097101,0.008587,0.012941,-0.001391,위,5일 하락,4) +10% ~ +15%,1) 300억 미만,2) +2% ~ +5%,3) 3배 ~ 5배,양봉
2024,2024-04,2024-04-04,목,036540,SFA반도체,6186,16,98979,2024-04-11,5804,손절,4,-6308,-0.063729,0.007084,-0.065659,0.05102,23063018400.0,0.006515,12086378907.0,1.849205,0.036913,0.009709,0.012941,-0.001391,위,5일 하락,3) +5% ~ +10%,1) 300억 미만,1) +2% 미만,1) 2배 미만,양봉
2024,2024-04,2024-04-29,월,000680,LS네트웍스,4870,20,97397,2024-05-02,4635,손절,2,-4885,-0.05016,0.030829,-0.052335,0.050756,49867188945.0,0.02963,5486544319.5,8.488013,0.046237,0.083248,0.011712,0.022058,위,5일 상승,3) +5% ~ +10%,2) 300억 ~ 500억,2) +2% ~ +5%,4) 5배 ~ 10배,양봉
2024,2024-04,2024-04-29,월,074610,이엔플러스,38538,2,77077,2024-04-30,36663,손절,1,-3905,-0.050663,-0.006189,-0.063274,0.208791,43233732850.0,0.152695,3194351345.75,10.949178,0.226115,0.005195,0.011712,0.022058,위,5일 상승,6) +20% 이상,2) 300억 ~ 500억,4) +10% 이상,5) 10배 이상,양봉
2024,2024-04,2024-04-30,화,439090,마녀공장,23373,4,93493,2024-05-08,22228,손절,4,-4770,-0.051018,0.112378,-0.05234,0.187087,306443368550.0,0.153086,7213522132.0,35.259394,0.186484,0.03212,0.001719,0.026321,위,5일 상승,5) +15% ~ +20%,"5) 2,000억 이상",4) +10% 이상,5) 10배 이상,양봉
2024,2024-04,2024-04-30,화,298830,슈어소프트테크,6236,15,93543,2024-05-09,5934,손절,5,-4720,-0.050459,0.093609,-0.050709,0.188931,150139293150.0,0.143119,5106833450.0,24.235397,0.085366,0.049759,0.001719,0.026321,위,5일 상승,5) +15% ~ +20%,"4) 1,000억 ~ 2,000억",4) +10% 이상,5) 10배 이상,양봉
2024,2024-04,2024-04-30,화,237690,에스티팜,93493,1,93493,2024-05-02,88911,손절,1,-4770,-0.051018,0.020393,-0.090845,0.050619,75397430200.0,0.036626,14174728500.0,4.727406,0.040089,0.059957,0.001719,0.026321,위,5일 상승,3) +5% ~ +10%,"3) 500억 ~ 1,000억",2) +2% ~ +5%,3) 3배 ~ 5배,양봉
2024,2024-05,2024-05-02,목,034230,파라다이스,15415,6,92492,2024-05-20,14675,손절,10,-4626,-0.050016,0.010678,-0.053544,0.022576,20074562200.0,0.014493,9756276840.5,1.987059,0.022576,0.02013,-0.003124,0.002952,위,5일 상승,1) +3% 미만,1) 300억 미만,1) +2% 미만,1) 2배 미만,양봉
2024,2024-05,2024-05-03,금,299030,하나기술,64765,1,64765,2024-05-07,61638,손절,1,-3256,-0.050279,0.019074,-0.056585,0.089226,51531544300.0,0.078333,4374857925.0,10.249729,0.064145,0.046368,-0.002616,0.018264,위,5일 상승,3) +5% ~ +10%,"3) 500억 ~ 1,000억",3) +5% ~ +10%,5) 10배 이상,양봉
2024,2024-05,2024-05-03,금,018880,한온시스템,6039,16,96621,2024-05-07,5744,손절,1,-4906,-0.050778,0.046719,-0.136457,0.105622,33696670589.999996,0.098139,6022654575.5,4.684979,0.092593,0.001541,-0.002616,0.018264,위,5일 상승,4) +10% ~ +15%,2) 300억 ~ 500억,3) +5% ~ +10%,3) 3배 ~ 5배,양봉
2024,2024-05,2024-05-03,금,126700,하이비젼시스템,23774,4,95095,2024-06-19,28550,익절,30,18868,0.198413,0.25769,-0.045165,0.079545,25679853750.0,0.041667,4645878412.5,4.973357,0.057906,0.016842,-0.002616,0.018264,위,5일 상승,3) +5% ~ +10%,1) 300억 미만,2) +2% ~ +5%,3) 3배 ~ 5배,양봉
2024,2024-05,2024-05-07,화,041020,폴라리스오피스,7077,14,99079,2024-05-09,8500,익절,2,19674,0.19857,0.431383,-0.02502,0.071212,84206068450.0,0.066365,17978648376.0,4.307193,0.052083,0.045262,0.021568,0.029375,위,5일 상승,3) +5% ~ +10%,"3) 500억 ~ 1,000억",3) +5% ~ +10%,3) 3배 ~ 5배,양봉
2024,2024-05,2024-05-07,화,034020,두산에너빌리티,17097,5,85485,2024-05-27,20550,익절,13,17051,0.199466,0.272147,-0.007433,0.032024,83845822480.0,0.005889,51487860043.5,1.502632,0.024595,0.004098,0.021568,0.029375,위,5일 상승,2) +3% ~ +5%,"3) 500억 ~ 1,000억",1) +2% 미만,1) 2배 미만,양봉
2024,2024-05,2024-05-07,화,059090,미코,13343,7,93403,2024-05-09,12697,손절,2,-4710,-0.050422,0.074694,-0.085686,0.2842,76558775520.0,0.075868,3613677787.5,17.483722,0.263507,0.010503,0.021568,0.029375,위,5일 상승,6) +20% 이상,"3) 500억 ~ 1,000억",3) +5% ~ +10%,5) 10배 이상,양봉
2024,2024-05,2024-05-07,화,035720,카카오,49750,2,99499,2024-05-13,47353,손절,4,-4994,-0.050189,0.017092,-0.055271,0.010163,72859007200.0,0.008114,58696264325.0,1.208077,-0.004008,0.016097,0.021568,0.029375,위,5일 상승,1) +3% 미만,"3) 500억 ~ 1,000억",1) +2% 미만,1) 2배 미만,음봉·보합
2024,2024-05,2024-05-07,화,053030,바이넥스,16016,6,96096,2024-05-08,15245,손절,1,-4820,-0.050162,-0.00537,-0.060315,0.191363,69605152000.0,0.088435,10852345331.5,5.528613,0.171303,0.01625,0.021568,0.029375,위,5일 상승,5) +15% ~ +20%,"3) 500억 ~ 1,000억",3) +5% ~ +10%,4) 5배 ~ 10배,양봉
2024,2024-05,2024-05-07,화,009830,한화솔루션,26437,3,79312,2024-05-23,31750,익절,11,15741,0.198466,0.209505,-0.009919,0.056604,67214027999.99999,0.025641,27079139197.5,2.262895,0.021898,0.008929,0.021568,0.029375,위,5일 상승,3) +5% ~ +10%,"3) 500억 ~ 1,000억",2) +2% ~ +5%,2) 2배 ~ 3배,양봉
2024,2024-05,2024-05-07,화,323280,태성,4114,24,98744,2024-05-09,4940,익절,2,19570,0.198188,0.243512,0.019959,0.059259,63440678730.0,0.050184,4208306143.75,13.592153,0.023866,0.081585,0.021568,0.029375,위,5일 상승,3) +5% ~ +10%,"3) 500억 ~ 1,000억",3) +5% ~ +10%,5) 10배 이상,양봉
2024,2024-05,2024-05-07,화,282720,금양그린파워,15726,6,94354,2024-05-21,14965,손절,9,-4753,-0.050378,0.100109,-0.077307,0.020793,47317011840.0,0.000637,27146138926.5,1.650202,0.02013,0.050286,0.021568,0.029375,위,5일 상승,1) +3% 미만,2) 300억 ~ 500억,1) +2% 미만,1) 2배 미만,양봉
2024,2024-05,2024-05-07,화,025320,시노펙스,8720,11,95919,2024-05-10,10470,익절,3,19012,0.198211,0.310148,-0.029096,0.025641,38401536000.0,0.008403,26921478260.0,1.338511,-0.007239,0.03125,0.021568,0.029375,위,5일 상승,1) +3% 미만,2) 300억 ~ 500억,1) +2% 미만,1) 2배 미만,음봉·보합
2024,2024-05,2024-05-07,화,035900,JYP Ent.,70070,1,70070,2024-05-13,65734,손절,4,-4474,-0.063857,0.008991,-0.143713,0.001431,35313740000.0,0.001431,24733691280.0,1.36219,-0.009901,0.01,0.021568,0.029375,위,5일 상승,1) +3% 미만,2) 300억 ~ 500억,1) +2% 미만,1) 2배 미만,음봉·보합
2024,2024-05,2024-05-07,화,141080,리가켐바이오,68468,1,68468,2024-05-13,65135,손절,4,-3471,-0.050693,0.012146,-0.050657,0.005882,29089220400.0,0.002933,37429245500.0,0.73477,-0.018651,0.02924,0.021568,0.029375,위,5일 상승,1) +3% 미만,1) 300억 미만,1) +2% 미만,1) 2배 미만,음봉·보합
2024,2024-05,2024-05-07,화,068760,셀트리온제약,94640,1,94640,2024-05-20,90010,손절,8,-4819,-0.050923,0.012093,-0.056387,0.037657,29051712000.0,0.012245,12326560355.0,2.223994,0.017436,0.017137,0.021568,0.029375,위,5일 상승,2) +3% ~ +5%,1) 300억 미만,1) +2% 미만,2) 2배 ~ 3배,양봉
2024,2024-05,2024-05-07,화,219130,타이거일렉,42042,2,84084,2024-05-10,40010,손절,3,-4233,-0.05034,0.027544,-0.09971,0.129032,28603680000.0,0.106719,6847557667.5,3.208786,0.075544,0.045238,0.021568,0.029375,위,5일 상승,4) +10% ~ +15%,1) 300억 미만,4) +10% 이상,3) 3배 ~ 5배,양봉
2024,2024-05,2024-05-08,수,043260,성호전자,2047,48,98258,2024-05-24,1948,손절,11,-4949,-0.050366,0.191962,-0.071833,0.078018,48969510695.0,0.060135,8386447051.9,5.166561,0.07012,0.05379,0.00391,0.021437,위,5일 상승,3) +5% ~ +10%,2) 300억 ~ 500억,3) +5% ~ +10%,4) 5배 ~ 10배,양봉
2024,2024-05,2024-05-08,수,316140,우리금융지주,14514,6,87087,2024-08-05,13816,손절,61,-4365,-0.050119,0.168487,-0.05336,0.021846,29965975500.0,0.010453,25964375731.5,1.105602,0.017544,0.002759,0.00391,0.021437,위,5일 상승,1) +3% 미만,1) 300억 미만,1) +2% 미만,1) 2배 미만,양봉
2024,2024-05,2024-05-08,수,251270,넷마블,60761,1,60761,2024-06-10,57842,손절,21,-3041,-0.050041,0.19156,-0.060248,0.046552,25674157600.0,0.021886,6416072770.0,3.692188,0.020168,0.031301,0.00391,0.021437,위,5일 상승,2) +3% ~ +5%,1) 300억 미만,2) +2% ~ +5%,3) 3배 ~ 5배,양봉
2024,2024-05,2024-05-08,수,322510,제이엘케이,9870,10,98696,2024-05-17,11850,익절,6,19558,0.198167,0.240355,-0.027556,0.142985,24568349370.000004,0.066722,3517496685.0,5.914918,0.1379,0.041439,0.00391,0.021437,위,5일 상승,4) +10% ~ +15%,1) 300억 미만,3) +5% ~ +10%,4) 5배 ~ 10배,양봉
2024,2024-05,2024-05-08,수,356860,티엘비,14867,6,89200,2024-05-09,14146,손절,1,-4504,-0.050496,0.0439,-0.073158,0.059524,23223259500.0,0.034884,14843224095.0,1.415354,0.047059,0.001605,0.00391,0.021437,위,5일 상승,3) +5% ~ +10%,1) 300억 미만,2) +2% ~ +5%,1) 2배 미만,양봉
2024,2024-05,2024-05-09,목,007660,이수페타시스,42006,2,84012,2024-05-10,39960,손절,1,-4261,-0.050718,-0.002157,-0.049618,0.042271,164054056200.0,0.01649,103139078857.5,1.454679,0.042271,0.001159,-0.011989,0.007459,위,5일 상승,2) +3% ~ +5%,"4) 1,000억 ~ 2,000억",1) +2% 미만,1) 2배 미만,양봉
2024,2024-05,2024-05-09,목,042000,카페24,19409,5,97047,2024-05-10,18472,손절,1,-4884,-0.050327,0.010336,-0.057673,0.196914,100606585590.0,0.169481,4040290592.0,20.045201,0.148017,0.026302,-0.011989,0.007459,위,5일 상승,5) +15% ~ +20%,"4) 1,000억 ~ 2,000억",4) +10% 이상,5) 10배 이상,양봉
2024,2024-05,2024-05-09,목,162300,신스틸,3574,27,96486,2024-05-30,3402,손절,14,-4837,-0.05013,0.197682,-0.054167,0.05,62477584680.0,0.02,5390359164.0,11.115741,0.037791,0.128852,-0.011989,0.007459,위,5일 상승,3) +5% ~ +10%,"3) 500억 ~ 1,000억",2) +2% ~ +5%,5) 10배 이상,양봉
2024,2024-05,2024-05-09,목,338220,뷰노,29680,3,89039,2024-05-10,28222,손절,1,-4552,-0.051125,0.009109,-0.053223,0.029514,22988267650.0,0.013675,4979226530.0,4.327812,0.006791,0.070826,-0.011989,0.007459,위,5일 상승,1) +3% 미만,1) 300억 미만,1) +2% 미만,3) 3배 ~ 5배,양봉
2024,2024-05,2024-05-10,금,066570,LG전자,97597,1,97597,2024-08-05,92907,손절,59,-4886,-0.050066,0.182407,-0.113707,0.045016,160110015000.0,0.011411,48989432425.0,3.107301,0.032839,0.003077,0.005711,0.016388,위,5일 상승,2) +3% ~ +5%,"4) 1,000억 ~ 2,000억",1) +2% 미만,3) 3배 ~ 5배,양봉
2024,2024-05,2024-05-10,금,264850,이랜시스,7357,13,95646,2024-05-17,7003,손절,4,-4799,-0.05017,0.054728,-0.062162,0.106928,111749767500.0,0.020833,7644108212.5,13.377338,-0.089219,0.115646,0.005711,0.016388,위,5일 상승,4) +10% ~ +15%,"4) 1,000억 ~ 2,000억",2) +2% ~ +5%,5) 10배 이상,음봉·보합
2024,2024-05,2024-05-10,금,161890,한국콜마,55255,1,55255,2024-05-17,52547,손절,4,-2819,-0.05101,0.035197,-0.049863,0.080235,66238564800.0,0.080235,7199197007.5,8.274735,0.067698,0.0,0.005711,0.016388,위,5일 상승,3) +5% ~ +10%,"3) 500억 ~ 1,000억",3) +5% ~ +10%,4) 5배 ~ 10배,양봉
2024,2024-05,2024-05-10,금,032830,삼성생명,91992,1,91992,2024-05-17,87512,손절,4,-4664,-0.0507,0.059876,-0.049916,0.037246,61121771000.0,0.026816,32632130050.0,1.727549,0.002181,0.009793,0.005711,0.016388,위,5일 상승,2) +3% ~ +5%,"3) 500억 ~ 1,000억",2) +2% ~ +5%,1) 2배 미만,양봉
2024,2024-05,2024-05-10,금,006880,신송홀딩스,8458,11,93043,2024-06-10,8052,손절,19,-4658,-0.050066,0.194072,-0.048289,0.048387,34332721800.0,0.018072,4464272818.0,6.96922,-0.092374,0.123077,0.005711,0.016388,위,5일 상승,2) +3% ~ +5%,2) 300억 ~ 500억,1) +2% 미만,4) 5배 ~ 10배,음봉·보합
2024,2024-05,2024-05-10,금,017670,SK텔레콤,52452,1,52452,,,보유중,156,34448,0.660553,1.659554,-0.039129,0.011583,23263661200.0,0.011583,19654083305.0,1.152214,0.005758,0.007634,0.005711,0.016388,위,5일 상승,1) +3% 미만,1) 300억 미만,1) +2% 미만,1) 2배 미만,양봉
2024,2024-05,2024-05-16,목,020150,롯데에너지머티리얼즈,49600,2,99199,2024-05-23,47203,손절,5,-4993,-0.050329,0.022187,-0.050395,0.085433,39537580150.0,0.036611,10601229317.5,3.409957,0.054255,0.029263,0.008299,0.002896,위,5일 상승,3) +5% ~ +10%,2) 300억 ~ 500억,2) +2% ~ +5%,3) 3배 ~ 5배,양봉
2024,2024-05,2024-05-16,목,294630,서남,5776,17,98188,2024-05-17,5494,손절,1,-4978,-0.050703,-0.009656,-0.056403,0.129159,38796406780.0,0.02305,9677811363.0,3.728401,0.138067,0.025997,0.008299,0.002896,위,5일 상승,4) +10% ~ +15%,2) 300억 ~ 500억,2) +2% ~ +5%,3) 3배 ~ 5배,양봉
2024,2024-05,2024-05-16,목,353200,대덕전자,24524,4,98098,2024-05-27,23327,손절,7,-4988,-0.050848,0.015311,-0.064201,0.049251,38092722500.0,0.00823,9609008127.5,3.763006,0.035941,0.030612,0.008299,0.002896,위,5일 상승,2) +3% ~ +5%,2) 300억 ~ 500억,1) +2% 미만,3) 3배 ~ 5배,양봉
2024,2024-05,2024-05-16,목,009420,한올바이오파마,36587,2,73173,2024-05-24,34815,손절,6,-3690,-0.050422,0.0359,-0.051564,0.039829,26616294800.0,0.012465,8612405640.0,2.917413,0.025245,0.030096,0.008299,0.002896,위,5일 상승,2) +3% ~ +5%,1) 300억 미만,1) +2% 미만,2) 2배 ~ 3배,양봉
2024,2024-05,2024-05-16,목,215600,신라젠,4570,21,95961,2024-05-28,4346,손절,8,-4895,-0.051006,0.053711,-0.065557,0.071596,20262998745.0,0.022064,3782547147.75,4.988099,-0.087,0.115005,0.008299,0.002896,위,5일 상승,3) +5% ~ +10%,1) 300억 미만,2) +2% ~ +5%,3) 3배 ~ 5배,음봉·보합
2024,2024-05,2024-05-20,월,047050,포스코인터내셔널,47648,2,95295,2024-05-23,45355,손절,3,-4777,-0.05013,0.021038,-0.06606,0.040437,45927098000.0,0.006342,19019873935.0,2.28815,0.032538,0.021008,0.00643,0.00532,위,5일 상승,2) +3% ~ +5%,2) 300억 ~ 500억,1) +2% 미만,2) 2배 ~ 3배,양봉
2024,2024-05,2024-05-20,월,271560,오리온,94895,1,94895,2024-07-02,90310,손절,30,-4776,-0.050325,0.124403,-0.049474,0.031556,43760912400.0,0.013904,21072964055.0,2.013577,0.023758,0.007384,0.00643,0.00532,위,5일 상승,2) +3% ~ +5%,2) 300억 ~ 500억,1) +2% 미만,2) 2배 ~ 3배,양봉
2024,2024-05,2024-05-21,화,041190,우리기술투자,9439,10,94394,2024-05-23,8851,손절,2,-6070,-0.064301,-0.011593,-0.080453,0.119952,200457555470.0,0.044297,11548178263.0,15.607672,0.036264,0.018028,-0.00655,-0.001111,위,5일 하락,4) +10% ~ +15%,"5) 2,000억 이상",2) +2% ~ +5%,5) 10배 이상,양봉
2024,2024-05,2024-05-21,화,003530,한화투자증권,3584,27,96757,2024-05-23,3412,손절,2,-4838,-0.050002,-0.009371,-0.054019,0.051395,23660993280.0,0.042213,3846428541.5,5.713289,0.005618,0.030726,-0.00655,-0.001111,위,5일 하락,3) +5% ~ +10%,1) 300억 미만,2) +2% ~ +5%,4) 5배 ~ 10배,양봉
2024,2024-05,2024-05-23,목,000990,DB하이텍,44745,2,89489,2024-05-27,42557,손절,2,-4554,-0.050889,-0.006586,-0.095982,0.018223,29038371600.0,0.005624,9777142130.0,2.821271,0.007892,0.032438,-0.000606,-0.011329,위,5일 하락,1) +3% 미만,1) 300억 미만,1) +2% 미만,2) 2배 ~ 3배,양봉
2024,2024-05,2024-05-28,화,304360,에스바이오메딕스,41592,2,83183,2024-05-29,39560,손절,1,-4229,-0.05084,0.008618,-0.075533,0.192253,85366386300.0,0.001205,42698088975.0,1.754727,0.187143,0.044525,-5.1e-05,-0.000488,위,5일 하락,5) +15% ~ +20%,"3) 500억 ~ 1,000억",1) +2% 미만,1) 2배 미만,양봉
2024,2024-05,2024-05-28,화,094360,칩스앤미디어,25075,3,75225,2024-06-03,23826,손절,4,-3897,-0.051809,0.068791,-0.050849,0.123318,77137667400.0,0.093886,7502209101.0,8.610855,0.115813,0.033932,-5.1e-05,-0.000488,위,5일 하락,4) +10% ~ +15%,"3) 500억 ~ 1,000억",3) +5% ~ +10%,4) 5배 ~ 10배,양봉
2024,2024-05,2024-05-28,화,402490,그린리소스,14548,6,87289,2024-05-31,13846,손절,3,-4387,-0.050262,0.038548,-0.05946,0.068015,35167378050.0,0.003454,9240340195.0,3.647043,0.068015,0.02926,-5.1e-05,-0.000488,위,5일 하락,3) +5% ~ +10%,2) 300억 ~ 500억,1) +2% 미만,3) 3배 ~ 5배,양봉
2024,2024-06,2024-06-07,금,402340,SK스퀘어,87587,1,87587,2024-06-28,105200,익절,15,17394,0.198593,0.217069,-0.004424,0.139323,69071450000.0,0.02459,29113032415.0,2.183647,0.106195,0.0,0.012333,0.033099,위,5일 상승,4) +10% ~ +15%,"3) 500억 ~ 1,000억",2) +2% ~ +5%,2) 2배 ~ 3배,양봉
2024,2024-06,2024-06-07,금,317330,덕산테코피아,41341,2,82683,2024-06-10,49650,익절,1,16411,0.198486,0.296524,0.012305,0.056266,33692870400.0,0.056266,15730910715.0,1.916368,0.029925,0.048426,0.012333,0.033099,위,5일 상승,3) +5% ~ +10%,2) 300억 ~ 500억,3) +5% ~ +10%,1) 2배 미만,양봉
2024,2024-06,2024-06-07,금,336370,솔루스첨단소재,18288,5,91441,2024-06-12,17403,손절,3,-4612,-0.050435,0.018686,-0.04857,0.062209,28424612160.0,0.012749,8903430057.5,3.010334,0.05,0.030651,0.012333,0.033099,위,5일 상승,3) +5% ~ +10%,1) 300억 미만,1) +2% 미만,3) 3배 ~ 5배,양봉
2024,2024-06,2024-06-07,금,454910,두산로보틱스,76076,1,76076,2024-07-12,95000,익절,25,18727,0.246166,0.436721,-0.031232,0.007958,26827392000.0,0.007958,20435946480.0,1.270077,0.001318,0.010526,0.012333,0.033099,위,5일 상승,1) +3% 미만,1) 300억 미만,1) +2% 미만,1) 2배 미만,양봉
2024,2024-06,2024-06-10,월,281740,레이크머티리얼즈,21371,4,85485,2024-06-14,20330,손절,4,-4338,-0.050748,0.083226,-0.080545,0.004706,20643912800.0,0.004706,13459449536.0,1.439985,-0.006977,0.042155,-0.007897,0.024521,아래,5일 상승,1) +3% 미만,1) 300억 미만,1) +2% 미만,1) 2배 미만,음봉·보합
2024,2024-06,2024-06-11,화,073570,리튬포어스,25380,3,76141,2024-06-12,24126,손절,1,-3916,-0.051434,0.002792,-0.299562,0.133333,90841904310.00002,0.021318,3460371557.75,23.752716,0.097917,0.129032,0.001536,0.008499,위,5일 상승,4) +10% ~ +15%,"3) 500억 ~ 1,000억",2) +2% ~ +5%,5) 10배 이상,양봉
2024,2024-06,2024-06-11,화,161000,애경케미칼,13564,7,94945,2024-06-14,12907,손절,3,-4786,-0.050405,0.006374,-0.056294,0.064415,20702408150.0,0.0211,5046873174.5,3.924332,0.064415,0.006642,0.001536,0.008499,위,5일 상승,3) +5% ~ +10%,1) 300억 미만,2) +2% ~ +5%,3) 3배 ~ 5배,양봉
2024,2024-06,2024-06-11,화,114190,강원에너지,19169,5,95846,2024-06-18,18242,손절,5,-4829,-0.050386,0.189411,-0.056296,0.077659,20628399150.0,0.077659,4521251609.5,3.96696,0.065665,0.010966,0.001536,0.008499,위,5일 상승,3) +5% ~ +10%,1) 300억 미만,3) +5% ~ +10%,3) 3배 ~ 5배,양봉
2024,2024-06,2024-06-12,수,171090,선익시스템,69069,1,69069,2024-06-17,65734,손절,3,-3473,-0.050288,0.09311,-0.071943,0.010249,25608729000.0,0.010249,28881249670.0,0.798324,0.0,0.013043,0.008446,0.024819,위,5일 상승,1) +3% 미만,1) 300억 미만,1) +2% 미만,1) 2배 미만,음봉·보합
2024,2024-06,2024-06-13,목,147830,제룡산업,7878,12,94534,2024-06-14,7492,손절,1,-4814,-0.050923,-0.014962,-0.065737,0.053548,128890311140.0,0.053548,30625086716.5,3.729372,-0.002535,0.102922,0.009794,0.024313,위,5일 상승,3) +5% ~ +10%,"4) 1,000억 ~ 2,000억",3) +5% ~ +10%,3) 3배 ~ 5배,음봉·보합
2024,2024-06,2024-06-13,목,375500,DL이앤씨,35235,2,70470,2024-06-18,33516,손절,3,-3579,-0.050784,0.011772,-0.054922,0.011494,53546768000.0,0.001422,3099152820.0,16.806294,0.0,0.122159,0.009794,0.024313,위,5일 상승,1) +3% 미만,"3) 500억 ~ 1,000억",1) +2% 미만,5) 10배 이상,음봉·보합
2024,2024-06,2024-06-13,목,452430,사피엔반도체,25976,3,77928,2024-06-17,24725,손절,2,-3908,-0.050154,0.064446,-0.058745,0.08125,27713328450.0,0.025692,4205484767.5,6.047212,0.065708,0.040462,0.009794,0.024313,위,5일 상승,3) +5% ~ +10%,1) 300억 미만,2) +2% ~ +5%,4) 5배 ~ 10배,양봉
2024,2024-06,2024-06-17,월,272210,한화시스템,19570,5,97848,2024-06-21,18621,손절,4,-4937,-0.050458,0.14719,-0.054143,0.045455,72313045350.0,0.045455,22489448216.5,2.937724,0.039341,0.011253,-0.005191,0.015893,위,5일 상승,2) +3% ~ +5%,"3) 500억 ~ 1,000억",2) +2% ~ +5%,2) 2배 ~ 3배,양봉
2024,2024-06,2024-06-17,월,042660,한화오션,32532,3,97597,2024-06-26,30969,손절,7,-4886,-0.050066,0.058941,-0.077845,0.007752,59748032500.0,0.007752,42477122220.0,1.336267,-0.015152,0.021538,-0.005191,0.015893,위,5일 상승,1) +3% 미만,"3) 500억 ~ 1,000억",1) +2% 미만,1) 2배 미만,음봉·보합
2024,2024-06,2024-06-17,월,015750,성우하이텍,9279,10,92793,2024-06-24,8801,손절,5,-4966,-0.053521,0.030253,-0.060271,0.05102,46471279410.0,0.027716,6244618487.5,6.982693,0.022051,0.024811,-0.005191,0.015893,위,5일 상승,3) +5% ~ +10%,2) 300억 ~ 500억,2) +2% ~ +5%,4) 5배 ~ 10배,양봉
2024,2024-06,2024-06-18,화,011210,현대위아,59459,1,59459,2024-07-02,56543,손절,10,-3035,-0.051046,0.009092,-0.056499,0.04028,38630374200.0,0.025907,5755346050.0,6.41363,0.029463,0.038721,0.007223,0.021661,위,5일 상승,2) +3% ~ +5%,2) 300억 ~ 500억,2) +2% ~ +5%,4) 5배 ~ 10배,양봉
2024,2024-06,2024-06-18,화,003720,삼영,3949,25,98724,2024-07-22,3756,손절,24,-5016,-0.050804,0.095229,-0.080767,0.080822,28841413710.0,0.060484,3542886198.25,7.401212,0.018065,0.084918,0.007223,0.021661,위,5일 상승,3) +5% ~ +10%,1) 300억 미만,3) +5% ~ +10%,4) 5배 ~ 10배,양봉
2024,2024-06,2024-06-19,수,034220,LG디스플레이,10621,9,95585,2024-07-05,12750,익절,12,18926,0.198005,0.200496,-0.021713,0.048419,56160427600.0,0.015311,12736474043.0,4.221213,0.03816,0.017908,0.012088,0.02535,위,5일 상승,2) +3% ~ +5%,"3) 500억 ~ 1,000억",1) +2% 미만,3) 3배 ~ 5배,양봉
2024,2024-06,2024-06-20,목,141080,리가켐바이오,75575,1,75575,2024-06-21,71928,손절,1,-3799,-0.050269,0.013556,-0.052603,0.113569,284868144000.0,0.094203,31946041545.0,7.772307,0.107038,0.025166,0.003682,0.019144,위,5일 상승,4) +10% ~ +15%,"5) 2,000억 이상",3) +5% ~ +10%,4) 5배 ~ 10배,양봉
2024,2024-06,2024-06-20,목,023160,태광,13413,7,93894,2024-07-01,12767,손절,7,-4712,-0.05018,0.196565,-0.060641,0.072,94686838800.0,0.015921,9555107020.5,9.285965,0.029977,0.029851,0.003682,0.019144,위,5일 상승,3) +5% ~ +10%,"3) 500억 ~ 1,000억",1) +2% 미만,4) 5배 ~ 10배,양봉
2024,2024-06,2024-06-20,목,108320,LX세미콘,77978,1,77978,2024-07-22,74226,손절,22,-3909,-0.050125,0.08364,-0.070249,0.097183,72204575200.0,0.074483,6660572490.0,9.783089,0.094101,0.038511,0.003682,0.019144,위,5일 상승,3) +5% ~ +10%,"3) 500억 ~ 1,000억",3) +5% ~ +10%,4) 5배 ~ 10배,양봉
2024,2024-06,2024-06-20,목,003280,흥아해운,2513,39,97988,2024-07-04,2388,손절,10,-5067,-0.051714,0.120394,-0.05075,0.063559,61080194890.0,0.028689,10366848198.75,5.548983,0.050209,0.041833,0.003682,0.019144,위,5일 상승,3) +5% ~ +10%,"3) 500억 ~ 1,000억",2) +2% ~ +5%,4) 5배 ~ 10배,양봉
2024,2024-06,2024-06-20,목,053030,바이넥스,16076,6,96456,2024-06-24,15305,손절,2,-4822,-0.04999,0.00771,-0.079376,0.076408,52083302700.0,0.002497,17206479624.5,2.721907,0.079301,0.039228,0.003682,0.019144,위,5일 상승,3) +5% ~ +10%,"3) 500억 ~ 1,000억",1) +2% 미만,2) 2배 ~ 3배,양봉
2024,2024-06,2024-06-20,목,102120,어보브반도체,14935,6,89610,2024-06-24,14216,손절,2,-4495,-0.050158,0.03114,-0.054565,0.02332,24689093800.0,0.014276,11304014464.0,2.053863,0.026841,0.032842,0.003682,0.019144,위,5일 상승,1) +3% 미만,1) 300억 미만,1) +2% 미만,2) 2배 ~ 3배,양봉
2024,2024-06,2024-06-21,금,034230,파라다이스,14875,6,89249,2024-06-26,14156,손절,3,-4493,-0.050344,-0.000999,-0.048058,0.059914,22805300220.0,0.019204,5275649138.5,4.121327,0.052408,0.0,-0.008324,0.009368,위,5일 상승,3) +5% ~ +10%,1) 300억 미만,1) +2% 미만,3) 3배 ~ 5배,양봉
2024,2024-06,2024-06-24,월,055550,신한지주,48048,2,96096,2024-07-26,57700,익절,24,19065,0.198391,0.215451,-0.038462,0.008403,34989312000.0,0.004184,56485210710.0,0.603096,0.016949,0.0,-0.007014,0.007518,위,5일 상승,1) +3% 미만,2) 300억 ~ 500억,1) +2% 미만,1) 2배 미만,양봉
2024,2024-06,2024-06-24,월,460930,현대힘스,15385,6,92312,2024-07-09,14645,손절,11,-4625,-0.050106,0.059448,-0.056896,0.052019,32658452660.0,0.004575,3843869299.5,8.23313,0.038514,0.057254,-0.007014,0.007518,위,5일 상승,3) +5% ~ +10%,2) 300억 ~ 500억,1) +2% 미만,4) 5배 ~ 10배,양봉
2024,2024-06,2024-06-27,목,006340,대원전선,4354,22,95796,2024-07-01,4141,손절,2,-4889,-0.051035,0.096605,-0.064154,0.01993,183887684850.0,0.01993,79629785043.5,2.021106,0.00346,0.011494,-0.002862,-0.008395,위,5일 하락,1) +3% 미만,"4) 1,000억 ~ 2,000억",1) +2% 미만,2) 2배 ~ 3배,양봉
2024,2024-06,2024-06-28,금,028050,삼성E&A,24174,4,96697,2024-07-11,22977,손절,9,-4982,-0.051525,0.007274,-0.04857,0.047722,50359632750.0,0.008351,21173636440.0,2.246776,0.032051,0.00207,0.004942,0.00487,위,5일 상승,2) +3% ~ +5%,"3) 500억 ~ 1,000억",1) +2% 미만,2) 2배 ~ 3배,양봉
2024,2024-06,2024-06-28,금,900340,윙입푸드,9556,10,95560,2024-07-01,9091,손절,1,-4842,-0.050674,0.019944,-0.099433,0.157767,36859538205.00001,0.05765,4263846321.45,6.99201,0.111888,0.048218,0.004942,0.00487,위,5일 상승,5) +15% ~ +20%,2) 300억 ~ 500억,3) +5% ~ +10%,4) 5배 ~ 10배,양봉
2024,2024-06,2024-06-28,금,036200,유니셈,11582,8,92653,2024-07-12,11019,손절,10,-4687,-0.050582,0.077574,-0.06144,0.040468,35857593590.0,0.040468,13662786672.0,2.41682,0.015803,0.019879,0.004942,0.00487,위,5일 상승,2) +3% ~ +5%,2) 300억 ~ 500억,2) +2% ~ +5%,2) 2배 ~ 3배,양봉
2024,2024-06,2024-06-28,금,033780,KT&G,88288,1,88288,2024-08-23,106000,익절,39,17492,0.198122,0.226664,-0.029315,0.026775,32329445400.0,0.016129,22631878440.0,1.388294,0.026775,0.0,0.004942,0.00487,위,5일 상승,1) +3% 미만,2) 300억 ~ 500억,1) +2% 미만,1) 2배 미만,양봉
2024,2024-07,2024-07-01,월,092870,엑시콘,21672,4,86687,2024-07-12,20480,손절,9,-4941,-0.057002,0.160502,-0.093285,0.169638,137908724700.0,0.061275,11126457663.0,11.092255,0.111396,0.073903,0.00232,0.014316,위,5일 상승,5) +15% ~ +20%,"4) 1,000억 ~ 2,000억",3) +5% ~ +10%,5) 10배 이상,양봉
2024,2024-07,2024-07-01,월,010140,삼성중공업,9690,10,96897,2024-07-26,11630,익절,19,19162,0.197756,0.267328,-0.041248,0.035294,116128491600.0,0.008333,63659892793.0,1.737116,0.033084,0.019628,0.00232,0.014316,위,5일 상승,2) +3% ~ +5%,"4) 1,000억 ~ 2,000억",1) +2% 미만,1) 2배 미만,양봉
2024,2024-07,2024-07-01,월,103140,풍산,65365,1,65365,2024-07-02,62138,손절,1,-3358,-0.05138,0.026539,-0.063723,0.031596,39228779100.0,0.013975,34097111370.0,1.080572,0.028346,0.029096,0.00232,0.014316,위,5일 상승,2) +3% ~ +5%,2) 300억 ~ 500억,1) +2% 미만,1) 2배 미만,양봉
2024,2024-07,2024-07-01,월,267270,HD건설기계,58859,1,58859,2024-07-03,55944,손절,2,-3033,-0.051525,0.010894,-0.063861,0.069091,22782412800.0,0.031579,4600428105.0,4.700858,0.057554,0.006803,0.00232,0.014316,위,5일 상승,3) +5% ~ +10%,1) 300억 미만,2) +2% ~ +5%,3) 3배 ~ 5배,양봉
2024,2024-07,2024-07-02,화,220100,퓨쳐켐,14050,7,98350,2024-07-03,13367,손절,1,-4981,-0.050647,0.044932,-0.050949,0.074074,43566468000.0,0.070769,9719220931.0,3.868424,0.050725,0.020115,-0.008362,0.002332,위,5일 상승,3) +5% ~ +10%,2) 300억 ~ 500억,3) +5% ~ +10%,3) 3배 ~ 5배,양봉
2024,2024-07,2024-07-03,수,178320,서진시스템,34084,2,68168,2024-07-05,32418,손절,2,-3470,-0.050898,0.04301,-0.084616,0.170103,159964073850.0,0.109121,22164738375.0,6.161917,0.098387,0.0,0.004729,0.000702,위,5일 상승,5) +15% ~ +20%,"4) 1,000억 ~ 2,000억",4) +10% 이상,4) 5배 ~ 10배,양봉
2024,2024-07,2024-07-03,수,298380,에이비엘바이오,26927,3,80781,2024-07-31,32350,익절,20,16068,0.198908,0.201401,-0.026995,0.113872,106459440000.0,0.073852,14228590982.5,6.480662,0.076,0.01487,0.004729,0.000702,위,5일 상승,4) +10% ~ +15%,"4) 1,000억 ~ 2,000억",3) +5% ~ +10%,4) 5배 ~ 10배,양봉
2024,2024-07,2024-07-03,수,115450,HLB테라퓨틱스,7986,12,95836,2024-07-04,7602,손절,1,-4800,-0.050082,0.030824,-0.049869,0.273913,66505509180.0,0.168883,4886830049.5,11.009569,0.085185,0.020478,0.004729,0.000702,위,5일 상승,6) +20% 이상,"3) 500억 ~ 1,000억",4) +10% 이상,5) 10배 이상,양봉
2024,2024-07,2024-07-04,목,008930,한미사이언스,33233,2,66466,2024-07-22,31618,손절,12,-3363,-0.050597,0.035109,-0.049144,0.065811,42144843600.0,0.021538,3135841675.0,12.806808,-0.030657,0.067771,0.01107,0.014684,위,5일 상승,3) +5% ~ +10%,2) 300억 ~ 500억,2) +2% ~ +5%,5) 10배 이상,음봉·보합
2024,2024-07,2024-07-04,목,322310,오로스테크놀로지,26627,3,79880,2024-07-10,25325,손절,4,-4066,-0.050901,0.032802,-0.057334,0.200903,24783565800.0,0.023077,3035190167.5,7.472109,0.182222,0.016917,0.01107,0.014684,위,5일 상승,6) +20% 이상,1) 300억 미만,2) +2% ~ +5%,4) 5배 ~ 10배,양봉
2024,2024-07,2024-07-05,금,347850,디앤디파마텍,8617,11,94790,2024-07-11,8202,손절,4,-4760,-0.050219,0.115164,-0.05908,0.204904,63783275999.99999,0.085174,7516688797.5,7.325484,0.188256,0.027616,0.0132,0.023021,위,5일 상승,6) +20% 이상,"3) 500억 ~ 1,000억",3) +5% ~ +10%,4) 5배 ~ 10배,양봉
2024,2024-07,2024-07-08,월,064550,바이오니아,38438,2,76877,2024-07-09,36563,손절,1,-3904,-0.050784,0.017212,-0.101159,0.269421,193253644800.0,0.252855,6993720432.5,21.171399,0.226837,0.011719,-0.001562,0.01906,위,5일 상승,6) +20% 이상,"4) 1,000억 ~ 2,000억",4) +10% 이상,5) 10배 이상,양봉
2024,2024-07,2024-07-08,월,060370,LS마린솔루션,17308,5,86538,2024-07-11,20800,익절,3,17247,0.199297,0.260161,-0.038525,0.142691,90417464300.0,0.070071,15207513837.0,5.381733,0.145349,0.013198,-0.001562,0.01906,위,5일 상승,4) +10% ~ +15%,"3) 500억 ~ 1,000억",3) +5% ~ +10%,4) 5배 ~ 10배,양봉
2024,2024-07,2024-07-08,월,052690,한전기술,71972,1,71972,2024-07-18,95000,익절,8,22832,0.317236,0.363032,-0.031566,0.060472,34597992400.0,0.009831,8441903075.0,3.946944,0.039017,0.013908,-0.001562,0.01906,위,5일 상승,3) +5% ~ +10%,2) 300억 ~ 500억,1) +2% 미만,3) 3배 ~ 5배,양봉
2024,2024-07,2024-07-08,월,051370,인터플렉스,16486,6,98919,2024-07-09,15694,손절,1,-4952,-0.050057,-0.007671,-0.056802,0.066019,25131918870.0,0.024254,5726926616.5,4.053063,0.039773,0.001821,-0.001562,0.01906,위,5일 상승,3) +5% ~ +10%,1) 300억 미만,2) +2% ~ +5%,3) 3배 ~ 5배,양봉
2024,2024-07,2024-07-08,월,131970,두산테스나,42392,2,84785,2024-07-17,40310,손절,7,-4335,-0.051133,0.026129,-0.056434,0.04439,24903197550.0,0.009535,9991754452.5,2.341806,0.025424,0.028335,-0.001562,0.01906,위,5일 상승,2) +3% ~ +5%,1) 300억 미만,1) +2% 미만,2) 2배 ~ 3배,양봉
2024,2024-07,2024-07-09,화,032820,우리기술,2828,35,98974,2024-07-11,2687,손절,2,-5116,-0.051693,0.036132,-0.052275,0.207265,546173496575.0,0.197034,30472627068.25,14.353,0.162551,0.031858,0.003366,0.031113,위,5일 상승,6) +20% 이상,"5) 2,000억 이상",4) +10% 이상,5) 10배 이상,양봉
2024,2024-07,2024-07-09,화,161580,필옵틱스,23423,4,93694,2024-07-12,22278,손절,3,-4771,-0.050917,0.06304,-0.086384,0.096019,129573662400.0,0.015184,22273809610.0,5.39789,0.078341,0.025641,0.003366,0.031113,위,5일 상승,3) +5% ~ +10%,"4) 1,000억 ~ 2,000억",1) +2% 미만,4) 5배 ~ 10배,양봉
2024,2024-07,2024-07-09,화,457550,우진엔텍,41592,2,83183,2024-07-11,39560,손절,2,-4229,-0.05084,0.018236,-0.055097,0.059949,84137835900.0,0.004837,14459419105.0,5.38432,0.020885,0.027677,0.003366,0.031113,위,5일 상승,3) +5% ~ +10%,"3) 500억 ~ 1,000억",1) +2% 미만,4) 5배 ~ 10배,양봉
2024,2024-07,2024-07-09,화,103590,일진전기,27277,3,81832,2024-07-18,25924,손절,7,-4224,-0.051612,0.10715,-0.063322,0.034156,62644207500.0,0.026365,33280654907.5,1.767935,0.034156,0.016514,0.003366,0.031113,위,5일 상승,2) +3% ~ +5%,"3) 500억 ~ 1,000억",2) +2% ~ +5%,1) 2배 미만,양봉
2024,2024-07,2024-07-09,화,195940,HK이노엔,40190,2,80380,2024-08-05,38262,손절,19,-4018,-0.04999,0.066182,-0.142825,0.106061,55521066150.0,0.042857,9234933057.5,5.539141,0.085135,0.012453,0.003366,0.031113,위,5일 상승,4) +10% ~ +15%,"3) 500억 ~ 1,000억",2) +2% ~ +5%,4) 5배 ~ 10배,양봉
2024,2024-07,2024-07-09,화,007460,에이프로젠,25687,3,77061,2024-07-11,24426,손절,2,-3939,-0.051118,0.032683,-0.057584,0.124337,40618499479.0,0.082482,7668418360.5,4.435471,0.115038,0.0,0.003366,0.031113,위,5일 상승,4) +10% ~ +15%,2) 300억 ~ 500억,3) +5% ~ +10%,3) 3배 ~ 5배,양봉
2024,2024-07,2024-07-09,화,006910,보성파워텍,3934,25,98348,2024-07-16,3741,손절,5,-5014,-0.050982,0.040944,-0.089969,0.078189,40260095070.0,0.007692,4714790742.0,8.22003,0.063599,0.026718,0.003366,0.031113,위,5일 상승,3) +5% ~ +10%,2) 300억 ~ 500억,1) +2% 미만,4) 5배 ~ 10배,양봉
2024,2024-07,2024-07-10,수,019990,에너토크,8959,11,98548,2024-07-11,8521,손절,1,-5010,-0.050836,0.013512,-0.051228,0.055425,121719203450.0,0.014739,4055481559.0,28.331492,-0.053911,0.194413,0.000213,0.026478,위,5일 상승,3) +5% ~ +10%,"4) 1,000억 ~ 2,000억",1) +2% 미만,5) 10배 이상,음봉·보합
2024,2024-07,2024-07-10,수,353200,대덕전자,24925,3,74775,2024-07-12,23726,손절,2,-3746,-0.050097,0.009031,-0.049144,0.116592,92748640500.0,0.08026,8862446162.5,9.265709,0.092105,0.004016,0.000213,0.026478,위,5일 상승,4) +10% ~ +15%,"3) 500억 ~ 1,000억",3) +5% ~ +10%,4) 5배 ~ 10배,양봉
2024,2024-07,2024-07-10,수,229640,LS에코에너지,35335,2,70671,2024-07-12,33616,손절,2,-3580,-0.050652,0.018811,-0.08024,0.032164,75993204600.0,0.007133,31329142232.5,2.273472,0.026163,0.016997,0.000213,0.026478,위,5일 상승,2) +3% ~ +5%,"3) 500억 ~ 1,000억",1) +2% 미만,2) 2배 ~ 3배,양봉
2024,2024-07,2024-07-10,수,237690,에스티팜,96496,1,96496,2024-07-16,91808,손절,4,-4882,-0.05059,0.008328,-0.069395,0.033226,45049358800.0,0.022269,26798942945.0,1.596536,0.010482,0.024896,0.000213,0.026478,위,5일 상승,2) +3% ~ +5%,2) 300억 ~ 500억,2) +2% ~ +5%,1) 2배 미만,양봉
2024,2024-07,2024-07-10,수,090460,비에이치,25225,3,75676,2024-07-23,23976,손절,9,-3899,-0.051525,0.086215,-0.060463,0.030675,30754256400.0,0.008,27475121720.0,1.03321,0.016129,0.005952,0.000213,0.026478,위,5일 상승,2) +3% ~ +5%,2) 300억 ~ 500억,1) +2% 미만,1) 2배 미만,양봉
2024,2024-07,2024-07-11,목,403870,HPSP,42893,2,85786,2024-07-15,40809,손절,2,-4339,-0.050584,0.016486,-0.05229,0.076633,294882344750.0,0.033776,39714159510.0,6.821543,0.06592,0.049008,0.008145,0.023508,위,5일 상승,3) +5% ~ +10%,"5) 2,000억 이상",2) +2% ~ +5%,4) 5배 ~ 10배,양봉
2024,2024-07,2024-07-11,목,475150,SK이터닉스,19897,5,99484,2024-07-12,18941,손절,1,-4978,-0.050041,0.055548,-0.053358,0.025806,104772096000.0,0.006329,33884151901.5,2.805504,0.036957,0.023061,0.008145,0.023508,위,5일 상승,1) +3% 미만,"4) 1,000억 ~ 2,000억",1) +2% 미만,2) 2배 ~ 3배,양봉
2024,2024-07,2024-07-11,목,066790,씨씨에스,4487,22,98711,2024-07-12,4271,손절,1,-4953,-0.050175,0.018751,-0.088226,0.132463,96923201494.99998,0.066784,9765882662.0,8.690599,0.111722,0.069193,0.008145,0.023508,위,5일 상승,4) +10% ~ +15%,"3) 500억 ~ 1,000억",3) +5% ~ +10%,4) 5배 ~ 10배,양봉
2024,2024-07,2024-07-12,금,009420,한올바이오파마,37087,2,74174,2024-07-19,35265,손절,5,-3793,-0.051141,0.031357,-0.056274,0.121029,112392619950.0,0.097778,13768832335.0,7.170337,0.102679,0.012146,-0.01188,-0.001827,위,5일 하락,4) +10% ~ +15%,"4) 1,000억 ~ 2,000억",3) +5% ~ +10%,4) 5배 ~ 10배,양봉
2024,2024-07,2024-07-12,금,068760,셀트리온제약,91300,1,91300,2024-07-24,86913,손절,8,-4571,-0.050061,0.025098,-0.053193,0.027927,35790077400.0,0.011628,9660411000.0,3.579775,0.027927,0.035528,-0.01188,-0.001827,위,5일 하락,1) +3% 미만,2) 300억 ~ 500억,1) +2% 미만,3) 3배 ~ 5배,양봉
2024,2024-07,2024-07-15,월,042670,HD현대인프라코어,8088,12,97057,2024-08-02,7692,손절,14,-4944,-0.050938,0.132531,-0.062818,0.09932,57427985920.0,0.001239,9432466397.0,5.788239,0.087483,0.002475,0.001372,0.001106,위,5일 상승,3) +5% ~ +10%,"3) 500억 ~ 1,000억",1) +2% 미만,4) 5배 ~ 10배,양봉
2024,2024-07,2024-07-15,월,112040,위메이드,43644,2,87287,2024-07-16,41508,손절,1,-4445,-0.050927,0.013894,-0.08234,0.024677,28960776800.0,0.003452,8589956417.5,3.271685,0.008092,0.036697,0.001372,0.001106,위,5일 상승,1) +3% 미만,1) 300억 미만,1) +2% 미만,3) 3배 ~ 5배,양봉
2024,2024-07,2024-07-16,화,094480,갤럭시아머니트리,7898,12,94775,2024-07-22,9480,익절,4,18749,0.19783,0.262362,-0.036452,0.254372,160804188510.0,0.254372,3809911136.5,33.128912,0.219474,0.022814,0.001807,-0.00045,위,5일 하락,6) +20% 이상,"4) 1,000억 ~ 2,000억",4) +10% 이상,5) 10배 이상,양봉
2024,2024-07,2024-07-16,화,001470,삼부토건,28911,3,86733,2024-07-18,27522,손절,2,-4339,-0.05003,0.073259,-0.071776,0.158036,145906895652.0,0.062963,3696443305.35,35.16087,0.131406,0.056911,0.001807,-0.00045,위,5일 하락,5) +15% ~ +20%,"4) 1,000억 ~ 2,000억",3) +5% ~ +10%,5) 10배 이상,양봉
2024,2024-07,2024-07-16,화,461030,아이엠비디엑스,11892,8,95135,2024-07-18,14280,익절,2,18868,0.198328,0.244547,-0.039681,0.189189,84963087000.0,0.033943,4913764250.5,13.860111,0.19397,0.042929,0.001807,-0.00045,위,5일 하락,5) +15% ~ +20%,"3) 500억 ~ 1,000억",2) +2% ~ +5%,5) 10배 이상,양봉
2024,2024-07,2024-07-16,화,270660,에브리봇,22823,4,91291,2024-07-18,21578,손절,2,-5160,-0.056518,0.009955,-0.075486,0.034014,32238151200.0,0.017857,9496804461.5,3.181058,0.041096,0.057018,0.001807,-0.00045,위,5일 하락,2) +3% ~ +5%,2) 300억 ~ 500억,1) +2% 미만,3) 3배 ~ 5배,양봉
2024,2024-07,2024-07-16,화,064260,다날,4004,24,96096,2024-07-19,3811,손절,3,-4820,-0.050162,0.038961,-0.048452,0.024328,23238660000.0,0.008827,3614486403.5,6.186424,-0.040767,0.06125,0.001807,-0.00045,위,5일 하락,1) +3% 미만,1) 300억 미만,1) +2% 미만,4) 5배 ~ 10배,음봉·보합
2024,2024-07,2024-07-16,화,445090,에이직랜드,50250,1,50250,2024-07-17,47802,손절,1,-2549,-0.050722,-0.000999,-0.05274,0.040415,22877746400.0,0.008032,11084281212.5,1.930341,0.035052,0.025896,0.001807,-0.00045,위,5일 하락,2) +3% ~ +5%,1) 300억 미만,1) +2% 미만,1) 2배 미만,양봉
2024,2024-07,2024-07-17,수,000720,현대건설,34484,2,68969,2024-07-18,32817,손절,1,-3473,-0.050355,0.0106,-0.047397,0.048706,75242968450.0,0.037651,13869426577.5,5.086669,0.039216,0.013062,-0.007955,-0.008612,위,5일 하락,2) +3% ~ +5%,"3) 500억 ~ 1,000억",2) +2% ~ +5%,4) 5배 ~ 10배,양봉
2024,2024-07,2024-07-17,수,039980,폴라리스AI,15826,6,94959,2024-07-18,14995,손절,1,-5178,-0.054527,-0.042097,-0.099002,0.076661,70296386720.0,0.036066,9511004918.5,6.753857,0.085911,0.037975,-0.007955,-0.008612,위,5일 하락,3) +5% ~ +10%,"3) 500억 ~ 1,000억",2) +2% ~ +5%,4) 5배 ~ 10배,양봉
2024,2024-07,2024-07-19,금,018290,브이티,37888,2,75776,2024-07-25,36064,손절,4,-3800,-0.050147,0.051788,-0.082819,0.13154,131422656450.0,0.069209,42897853100.0,2.623087,0.109971,0.006605,-0.010229,-0.02154,아래,5일 하락,4) +10% ~ +15%,"4) 1,000억 ~ 2,000억",3) +5% ~ +10%,2) 2배 ~ 3배,양봉
2024,2024-07,2024-07-19,금,000990,DB하이텍,55055,1,55055,2024-07-24,52148,손절,3,-3017,-0.054802,0.011716,-0.070021,0.020408,48154040000.0,0.020408,50357222905.0,0.894079,0.028037,0.007273,-0.010229,-0.02154,아래,5일 하락,1) +3% 미만,2) 300억 ~ 500억,2) +2% ~ +5%,1) 2배 미만,양봉
2024,2024-07,2024-07-19,금,112610,씨에스윈드,50751,1,50751,2024-07-22,48302,손절,1,-2551,-0.050262,-0.002969,-0.061097,0.096216,44229919500.0,0.024242,11968476837.5,3.473322,0.090323,0.0,-0.010229,-0.02154,아래,5일 하락,3) +5% ~ +10%,2) 300억 ~ 500억,2) +2% ~ +5%,3) 3배 ~ 5배,양봉
2024,2024-07,2024-07-19,금,053080,케이엔솔,17978,5,89890,2024-07-22,17113,손절,1,-4506,-0.050126,0.001782,-0.053285,0.049679,21535853960.0,0.001673,8527453785.0,2.434215,0.008422,0.037862,-0.010229,-0.02154,아래,5일 하락,2) +3% ~ +5%,1) 300억 미만,1) +2% 미만,2) 2배 ~ 3배,양봉
2024,2024-07,2024-07-22,월,039560,다산네트웍스,3709,26,96426,2024-07-23,3526,손절,1,-4931,-0.051141,0.011135,-0.058971,0.150621,33508861035.0,0.045134,3836318724.0,8.170047,0.136503,0.066127,-0.011429,-0.034048,아래,5일 하락,5) +15% ~ +20%,2) 300억 ~ 500억,2) +2% ~ +5%,4) 5배 ~ 10배,양봉
2024,2024-07,2024-07-23,화,272210,한화시스템,20270,4,81081,2024-07-31,19291,손절,6,-4081,-0.050331,0.154401,-0.072039,0.042739,59522384250.0,0.004963,48274497876.0,1.163526,0.049223,0.007407,0.003901,-0.03203,아래,5일 하락,2) +3% ~ +5%,"3) 500억 ~ 1,000억",1) +2% 미만,1) 2배 미만,양봉
2024,2024-07,2024-07-29,월,051980,중앙첨단소재,13103,7,91722,2024-07-31,12468,손절,2,-4633,-0.050511,0.011975,-0.107081,0.114043,64245379660.0,0.036421,46756072361.5,1.227958,0.048038,0.02521,0.01231,0.000731,아래,5일 상승,4) +10% ~ +15%,"3) 500억 ~ 1,000억",2) +2% ~ +5%,1) 2배 미만,양봉
2024,2024-07,2024-07-31,수,152550,한국ANKOR유전,460,215,98999,2024-08-01,438,손절,1,-5121,-0.051732,0.031577,-0.050949,0.127451,40353466880.0,0.050228,3522417500.15,10.508145,0.108434,0.115217,0.011869,0.004343,아래,5일 상승,4) +10% ~ +15%,2) 300억 ~ 500억,3) +5% ~ +10%,5) 10배 이상,양봉
2024,2024-07,2024-07-31,수,161390,한국타이어앤테크놀로지,44695,2,89389,2024-08-02,42458,손절,2,-4653,-0.052056,-0.000999,-0.049103,0.040793,30235194000.0,0.020571,14627547402.5,1.966467,0.031178,0.004479,0.011869,0.004343,아래,5일 상승,2) +3% ~ +5%,2) 300억 ~ 500억,2) +2% ~ +5%,1) 2배 미만,양봉
2024,2024-08,2024-08-01,목,003280,흥아해운,2653,37,98148,2024-08-05,2522,손절,2,-5013,-0.051078,0.12906,-0.083935,0.097308,173429501750.0,0.086066,7145216389.75,21.506881,0.005693,0.024528,0.002523,0.024728,아래,5일 상승,3) +5% ~ +10%,"4) 1,000억 ~ 2,000억",3) +5% ~ +10%,5) 10배 이상,양봉
2024,2024-08,2024-08-01,목,108860,셀바스AI,15235,6,91411,2024-08-02,14495,손절,1,-4622,-0.050559,-0.003624,-0.048258,0.170769,169267814540.0,0.0741,5583519284.5,26.086167,0.135821,0.046649,0.002523,0.024728,아래,5일 상승,5) +15% ~ +20%,"4) 1,000억 ~ 2,000억",3) +5% ~ +10%,5) 10배 이상,양봉
2024,2024-08,2024-08-01,목,042660,한화오션,32633,3,97898,2024-08-02,31019,손절,1,-5037,-0.051453,-0.004063,-0.059223,0.067103,151265532200.0,0.038217,50704640120.0,2.786298,0.065359,0.010736,0.002523,0.024728,아래,5일 상승,3) +5% ~ +10%,"4) 1,000억 ~ 2,000억",2) +2% ~ +5%,2) 2배 ~ 3배,양봉
2024,2024-08,2024-08-01,목,015760,한국전력,20220,4,80881,2024-08-05,19241,손절,2,-4080,-0.050445,0.006419,-0.100405,0.022785,53930283200.0,0.018659,25018041735.5,2.094702,0.02486,0.007426,0.002523,0.024728,아래,5일 상승,1) +3% 미만,"3) 500억 ~ 1,000억",1) +2% 미만,2) 2배 ~ 3배,양봉
2024,2024-08,2024-08-01,목,465770,STX그린로지스,14595,6,87567,2024-08-02,13886,손절,1,-4426,-0.050549,0.074371,-0.067462,0.041429,49801095540.0,0.001374,11281666074.5,3.907396,0.05119,0.010288,0.002523,0.024728,아래,5일 상승,2) +3% ~ +5%,2) 300억 ~ 500억,1) +2% 미만,3) 3배 ~ 5배,양봉
2024,2024-08,2024-08-13,화,005860,한일사료,4845,20,96897,2024-08-16,4610,손절,2,-4883,-0.050398,-0.016479,-0.064985,0.068433,22508995960.0,0.009385,3309350121.0,6.402424,0.061404,0.028926,0.001222,0.039391,아래,5일 상승,3) +5% ~ +10%,1) 300억 미만,1) +2% 미만,4) 5배 ~ 10배,양봉
2024,2024-08,2024-08-14,수,009830,한화솔루션,26532,3,79595,2024-08-20,25225,손절,3,-4080,-0.051262,0.030997,-0.052549,0.056391,74210891700.0,0.040741,27653366630.0,2.402237,0.023679,0.016014,0.008774,0.029625,아래,5일 상승,3) +5% ~ +10%,"3) 500억 ~ 1,000억",2) +2% ~ +5%,2) 2배 ~ 3배,양봉
2024,2024-08,2024-08-14,수,123410,코리아에프티,5896,16,94334,2024-08-29,7120,익절,10,19349,0.205116,0.250023,-0.019656,0.102996,34051421140.0,0.046181,3648047492.5,8.33092,-0.016694,0.054329,0.008774,0.029625,아래,5일 상승,4) +10% ~ +15%,2) 300억 ~ 500억,2) +2% ~ +5%,4) 5배 ~ 10배,음봉·보합
2024,2024-08,2024-08-14,수,340570,티앤엘,32929,3,98788,2024-11-14,31319,손절,59,-5030,-0.050915,0.198801,-0.056328,0.050081,34023990000.0,0.025237,5527575910.0,5.662634,0.036683,0.046154,0.008774,0.029625,아래,5일 상승,3) +5% ~ +10%,2) 300억 ~ 500억,2) +2% ~ +5%,4) 5배 ~ 10배,양봉
2024,2024-08,2024-08-14,수,101160,월덱스,24524,4,98098,2024-08-26,23327,손절,7,-4988,-0.050848,0.062203,-0.051968,0.136891,27126645000.0,0.044776,3153052484.5,7.63577,0.118721,0.014286,0.008774,0.029625,아래,5일 상승,4) +10% ~ +15%,1) 300억 미만,2) +2% ~ +5%,4) 5배 ~ 10배,양봉
2024,2024-08,2024-08-14,수,084370,유진테크,48048,2,96096,2024-08-29,45704,손절,10,-4880,-0.050784,0.088495,-0.060315,0.09589,22825392000.0,0.007345,9493427060.0,2.170139,0.050328,0.028125,0.008774,0.029625,아래,5일 상승,3) +5% ~ +10%,1) 300억 미만,1) +2% 미만,2) 2배 ~ 3배,양봉
2024,2024-08,2024-08-16,금,475150,SK이터닉스,17477,5,87387,2024-08-29,16633,손절,9,-4396,-0.050303,0.127166,-0.068515,0.042289,33915577900.0,0.029484,15996382509.0,1.834368,0.039702,0.033413,0.019939,0.054953,위,5일 상승,2) +3% ~ +5%,2) 300억 ~ 500억,2) +2% ~ +5%,1) 2배 미만,양봉
2024,2024-08,2024-08-19,월,033230,인성정보,2563,38,97377,2024-08-21,2438,손절,2,-4945,-0.050784,0.06339,-0.049778,0.108225,28916515840.0,0.060041,3854392413.05,6.512224,0.113043,0.0,-0.008479,0.033198,위,5일 상승,4) +10% ~ +15%,1) 300억 미만,3) +5% ~ +10%,4) 5배 ~ 10배,양봉
2024,2024-08,2024-08-19,월,419050,삼기에너지솔루션즈,2518,39,98183,2024-08-22,2393,손절,3,-5068,-0.05162,0.076458,-0.06654,0.034979,20067896745.0,0.016162,6822265473.25,2.771903,-0.017578,0.065606,-0.008479,0.033198,위,5일 상승,2) +3% ~ +5%,1) 300억 미만,1) +2% 미만,2) 2배 ~ 3배,음봉·보합
2024,2024-08,2024-08-20,화,178320,서진시스템,28829,3,86486,2024-08-22,27423,손절,2,-4392,-0.050784,0.004204,-0.056499,0.045372,26653449600.0,0.010526,20479226260.0,1.19208,0.037838,0.012153,0.008327,0.029916,위,5일 상승,2) +3% ~ +5%,1) 300억 미만,1) +2% 미만,1) 2배 미만,양봉
2024,2024-08,2024-08-20,화,003490,대한항공,21722,4,86887,2024-12-02,26100,익절,68,17297,0.19907,0.203865,-0.019414,0.026005,21036110200.0,0.014019,14958730875.0,1.345508,0.021176,0.002304,0.008327,0.029916,위,5일 상승,1) +3% 미만,1) 300억 미만,1) +2% 미만,1) 2배 미만,양봉
2024,2024-08,2024-08-20,화,397030,에이프릴바이오,20520,4,82082,2024-08-26,24650,익절,4,16313,0.198745,0.245096,-0.044858,0.039027,20034834500.0,0.039027,9584141092.5,1.893652,0.025513,0.021951,0.008327,0.029916,위,5일 상승,2) +3% ~ +5%,1) 300억 미만,2) +2% ~ +5%,1) 2배 미만,양봉
2024,2024-08,2024-08-22,목,001250,GS글로벌,3939,25,98473,2024-08-23,3746,손절,1,-5015,-0.050923,0.010425,-0.050505,0.114731,290204341525.0,0.078082,24803691614.5,10.379605,0.127507,0.071156,0.002421,0.023887,위,5일 상승,4) +10% ~ +15%,"5) 2,000억 이상",3) +5% ~ +10%,5) 10배 이상,양봉
2024,2024-08,2024-08-22,목,328130,루닛,22124,4,88494,2024-08-27,21029,손절,3,-4556,-0.051478,0.044555,-0.077275,0.097788,139635950900.0,0.027233,17110361340.0,6.661974,0.065537,0.057264,0.002421,0.023887,위,5일 상승,3) +5% ~ +10%,"4) 1,000억 ~ 2,000억",2) +2% ~ +5%,4) 5배 ~ 10배,양봉
2024,2024-08,2024-08-22,목,058610,에스피지,25075,3,75225,2024-09-05,23826,손절,10,-3897,-0.051809,0.076768,-0.048855,0.050314,76045662750.0,0.010081,3476416922.0,19.1761,0.030864,0.105788,0.002421,0.023887,위,5일 상승,3) +5% ~ +10%,"3) 500억 ~ 1,000억",1) +2% 미만,5) 10배 이상,양봉
2024,2024-08,2024-08-22,목,317330,덕산테코피아,42042,2,84084,2024-08-23,40010,손절,1,-4233,-0.05034,-0.003378,-0.053328,0.078306,53057130000.0,0.003584,12371168377.5,3.985088,0.072797,0.067857,0.002421,0.023887,위,5일 상승,3) +5% ~ +10%,"3) 500억 ~ 1,000억",1) +2% 미만,3) 3배 ~ 5배,양봉
2024,2024-08,2024-08-26,월,006660,삼성공조,14304,6,85826,2024-08-29,13616,손절,3,-4300,-0.050098,0.200339,-0.049935,0.218244,103299037560.0,0.007047,4981543474.5,18.490228,0.183927,0.03429,-0.001362,0.008843,위,5일 상승,6) +20% 이상,"4) 1,000억 ~ 2,000억",1) +2% 미만,5) 10배 이상,양봉
2024,2024-08,2024-08-26,월,356680,엑스게이트,4655,21,97748,2024-08-29,4431,손절,3,-4902,-0.050148,0.13435,-0.081564,0.121834,72458480850.0,0.09027,3112328303.0,20.375261,0.142506,0.088172,-0.001362,0.008843,위,5일 상승,4) +10% ~ +15%,"3) 500억 ~ 1,000억",3) +5% ~ +10%,5) 10배 이상,양봉
2024,2024-08,2024-08-26,월,220100,퓨쳐켐,18935,5,94676,2024-08-27,18022,손절,1,-4756,-0.050238,0.011781,-0.054251,0.155172,64024198350.0,0.078161,12828433758.0,4.266571,0.135593,0.025586,-0.001362,0.008843,위,5일 상승,5) +15% ~ +20%,"3) 500억 ~ 1,000억",3) +5% ~ +10%,3) 3배 ~ 5배,양봉
2024,2024-08,2024-08-26,월,009420,한올바이오파마,37738,2,75475,2024-09-04,35914,손절,7,-3799,-0.05033,0.071872,-0.053996,0.030055,46743664500.0,0.013441,16826241087.5,2.574233,0.02168,0.038462,-0.001362,0.008843,위,5일 상승,2) +3% ~ +5%,2) 300억 ~ 500억,1) +2% 미만,2) 2배 ~ 3배,양봉
2024,2024-08,2024-08-26,월,103140,풍산,61061,1,61061,2024-09-09,58042,손절,10,-3141,-0.051448,0.120191,-0.102537,0.059028,43175739000.0,0.016667,17879713100.0,2.220339,0.042735,0.022951,-0.001362,0.008843,위,5일 상승,3) +5% ~ +10%,2) 300억 ~ 500억,1) +2% 미만,2) 2배 ~ 3배,양봉
2024,2024-08,2024-08-27,화,047050,포스코인터내셔널,55055,1,55055,2024-08-29,52348,손절,2,-2818,-0.05118,0.029879,-0.053674,0.012891,66086185000.0,0.00365,49085957397.5,1.254208,0.011029,0.018182,-0.003247,-0.002737,위,5일 하락,1) +3% 미만,"3) 500억 ~ 1,000억",1) +2% 미만,1) 2배 미만,양봉
2024,2024-08,2024-08-27,화,042000,카페24,38338,2,76677,2024-08-29,36464,손절,2,-3903,-0.050906,-0.006216,-0.107942,0.097421,55106269800.0,0.053645,32274227352.5,1.507452,0.095851,0.002611,-0.003247,-0.002737,위,5일 하락,3) +5% ~ +10%,"3) 500억 ~ 1,000억",3) +5% ~ +10%,1) 2배 미만,양봉
2024,2024-08,2024-08-27,화,241560,두산밥캣,43794,2,87587,2024-08-29,41658,손절,2,-4447,-0.050766,0.049236,-0.085486,0.049161,46926293750.0,0.049161,18693947282.5,2.238398,0.044153,0.004571,-0.003247,-0.002737,위,5일 하락,2) +3% ~ +5%,2) 300억 ~ 500억,2) +2% ~ +5%,2) 2배 ~ 3배,양봉
2024,2024-08,2024-08-27,화,047560,이스트소프트,15526,6,93153,2024-08-29,14775,손절,2,-4689,-0.050333,0.08209,-0.089885,0.112626,44515871400.0,0.003883,3268214879.5,12.328563,0.037458,0.055448,-0.003247,-0.002737,위,5일 하락,4) +10% ~ +15%,2) 300억 ~ 500억,1) +2% 미만,5) 10배 이상,양봉
2024,2024-08,2024-08-28,수,013990,아가방컴퍼니,4660,21,97853,2024-08-29,4436,손절,1,-4902,-0.050099,0.015097,-0.130837,0.085082,38058502615.0,0.082558,3778609937.75,8.959606,0.034444,0.007519,0.000216,-0.004183,위,5일 하락,3) +5% ~ +10%,2) 300억 ~ 500억,3) +5% ~ +10%,4) 5배 ~ 10배,양봉
2024,2024-08,2024-08-28,수,031980,피에스케이홀딩스,56056,1,56056,2024-08-29,50949,손절,1,-5215,-0.093028,-0.077708,-0.13301,0.111111,30623768000.0,0.038961,21402726500.0,1.244916,0.11332,0.0,0.000216,-0.004183,위,5일 하락,4) +10% ~ +15%,2) 300억 ~ 500억,2) +2% ~ +5%,1) 2배 미만,양봉
2024,2024-08,2024-08-30,금,145170,노브랜드,8973,11,98703,2024-09-04,8541,손절,3,-4945,-0.0501,0.075265,-0.057469,0.233645,87107900880.0,0.027545,6097734691.5,12.758633,0.222222,0.044872,0.004519,-0.010134,위,5일 하락,6) +20% 이상,"3) 500억 ~ 1,000억",2) +2% ~ +5%,5) 10배 이상,양봉
2024,2024-08,2024-08-30,금,336060,웨이버스,9079,10,90791,2024-09-04,8641,손절,3,-4559,-0.050218,0.040856,-0.069288,0.205316,85667320030.0,0.11152,4908637425.55,14.542976,0.177922,0.031974,0.004519,-0.010134,위,5일 하락,6) +20% 이상,"3) 500억 ~ 1,000억",4) +10% 이상,5) 10배 이상,양봉
2024,2024-08,2024-08-30,금,090460,비에이치,23874,4,95495,2024-09-03,22727,손절,2,-4778,-0.050034,0.022039,-0.10781,0.163415,53197878150.0,0.106729,9986595115.5,4.567006,0.146635,0.004193,0.004519,-0.010134,위,5일 하락,5) +15% ~ +20%,"3) 500억 ~ 1,000억",4) +10% 이상,3) 3배 ~ 5배,양봉
2024,2024-08,2024-08-30,금,171090,선익시스템,48498,2,96997,2024-09-04,44955,손절,3,-7277,-0.075021,0.023744,-0.078321,0.175971,26189502150.0,0.088764,3337763752.5,6.386451,0.164663,0.001032,0.004519,-0.010134,위,5일 하락,5) +15% ~ +20%,1) 300억 미만,3) +5% ~ +10%,4) 5배 ~ 10배,양봉
2024,2024-09,2024-09-02,월,022100,포스코DX,30430,3,91291,2024-09-04,28971,손절,2,-4561,-0.049965,0.071297,-0.050292,0.142857,171673177600.0,0.046472,14979891980.0,10.274824,0.130112,0.042763,0.002502,-0.006305,위,5일 하락,4) +10% ~ +15%,"4) 1,000억 ~ 2,000억",2) +2% ~ +5%,5) 10배 이상,양봉
2024,2024-09,2024-09-02,월,078140,대봉엘에스,16066,6,96396,2024-09-04,14855,손절,2,-7454,-0.077324,0.033235,-0.119261,0.04902,81936822900.0,0.025559,19490163544.5,3.833613,0.009434,0.037383,0.002502,-0.006305,위,5일 하락,2) +3% ~ +5%,"3) 500억 ~ 1,000억",2) +2% ~ +5%,3) 3배 ~ 5배,양봉
2024,2024-09,2024-09-02,월,417200,LS머트리얼즈,18518,5,92592,2024-09-04,17622,손절,2,-4666,-0.050397,0.034101,-0.065799,0.053531,40975150500.0,0.020408,6423034216.5,5.793788,0.051136,0.083784,0.002502,-0.006305,위,5일 하락,3) +5% ~ +10%,2) 300억 ~ 500억,2) +2% ~ +5%,4) 5배 ~ 10배,양봉
2024,2024-09,2024-09-02,월,032820,우리기술,2297,43,98784,2024-09-04,2183,손절,2,-5120,-0.051835,0.053413,-0.059764,0.015487,26735884785.0,0.008791,19970895934.2,1.258542,-0.017131,0.017429,0.002502,-0.006305,위,5일 하락,1) +3% 미만,1) 300억 미만,1) +2% 미만,1) 2배 미만,음봉·보합
2024,2024-09,2024-09-02,월,002710,TCC스틸,36887,2,73774,2024-09-04,35115,손절,2,-3692,-0.050045,0.027466,-0.05793,0.108271,22226335450.0,0.063492,6737391642.5,2.869973,0.080645,0.004071,0.002502,-0.006305,위,5일 하락,4) +10% ~ +15%,1) 300억 미만,3) +5% ~ +10%,2) 2배 ~ 3배,양봉
2024,2024-09,2024-09-02,월,121600,나노신소재,95595,1,95595,2024-09-04,90310,손절,2,-5476,-0.057287,0.00737,-0.087823,0.047149,20036473000.0,0.047149,7629323075.0,2.353892,0.047149,0.006283,0.002502,-0.006305,위,5일 하락,2) +3% ~ +5%,1) 300억 미만,2) +2% ~ +5%,2) 2배 ~ 3배,양봉
2024,2024-09,2024-09-03,화,278470,에이피알,57357,1,57357,2024-09-25,54545,손절,13,-2927,-0.051029,0.054792,-0.089915,0.083176,75779536500.0,0.041818,28388709400.0,2.288003,0.081132,0.010471,-0.006106,-0.009155,위,5일 하락,3) +5% ~ +10%,"3) 500억 ~ 1,000억",2) +2% ~ +5%,2) 2배 ~ 3배,양봉
2024,2024-09,2024-09-03,화,378800,샤페론,2378,41,97485,2024-09-04,2237,손절,1,-5973,-0.061275,0.206201,-0.078699,0.205357,51026349600.0,0.007463,8426408866.0,5.04588,0.205357,0.077778,-0.006106,-0.009155,위,5일 하락,6) +20% 이상,"3) 500억 ~ 1,000억",1) +2% 미만,4) 5배 ~ 10배,양봉
2024,2024-09,2024-09-03,화,003550,LG,85485,1,85485,2024-09-25,81319,손절,13,-4338,-0.050748,0.009529,-0.079375,0.079646,48090960400.0,0.054321,10631719130.0,4.199128,0.071518,0.005855,-0.006106,-0.009155,위,5일 하락,3) +5% ~ +10%,2) 300억 ~ 500억,3) +5% ~ +10%,3) 3배 ~ 5배,양봉
2024,2024-09,2024-09-03,화,241710,코스메카코리아,83784,1,83784,2024-09-04,79720,손절,1,-4232,-0.050505,0.040775,-0.053515,0.00722,21514164300.0,0.00601,16553389705.0,1.183903,0.015777,0.063321,-0.006106,-0.009155,위,5일 하락,1) +3% 미만,1) 300억 미만,1) +2% 미만,1) 2배 미만,양봉
2024,2024-09,2024-09-03,화,112040,위메이드,34785,2,69569,2024-09-04,33067,손절,1,-3575,-0.051389,-0.011061,-0.074307,0.023564,20542671000.0,0.023564,8108909640.0,2.331991,0.038864,0.05036,-0.006106,-0.009155,위,5일 하락,1) +3% 미만,1) 300억 미만,2) +2% ~ +5%,2) 2배 ~ 3배,양봉
2024,2024-09,2024-09-19,목,099220,SDN,15736,6,94414,2024-09-23,14975,손절,2,-4754,-0.050349,0.038402,-0.049932,0.02544,37021967640.0,0.022772,5586708708.6,6.252847,-0.026625,0.122774,0.002093,0.017694,아래,5일 상승,1) +3% 미만,2) 300억 ~ 500억,2) +2% ~ +5%,4) 5배 ~ 10배,음봉·보합
2024,2024-09,2024-09-20,금,034220,LG디스플레이,11511,8,92092,2024-09-24,10959,손절,2,-4605,-0.049999,-0.002736,-0.085263,0.03697,27236105500.0,0.021314,11055627678.5,2.315514,0.035104,0.001739,0.004871,0.027716,아래,5일 상승,2) +3% ~ +5%,1) 300억 미만,2) +2% ~ +5%,2) 2배 ~ 3배,양봉
2024,2024-09,2024-09-23,월,465770,STX그린로지스,13764,7,96346,2024-09-26,13097,손절,3,-4861,-0.050456,0.049859,-0.05331,0.248865,116523385000.0,0.093874,3918093488.5,24.126358,0.151591,0.032727,0.003332,0.035267,아래,5일 상승,6) +20% 이상,"4) 1,000억 ~ 2,000억",3) +5% ~ +10%,5) 10배 이상,양봉
2024,2024-09,2024-09-23,월,115450,HLB테라퓨틱스,8831,11,97144,2024-09-30,8402,손절,5,-4922,-0.050664,0.110001,-0.053416,0.110857,82482627240.00002,0.038462,4641635170.5,16.510543,0.034043,0.073045,0.003332,0.035267,아래,5일 상승,4) +10% ~ +15%,"3) 500억 ~ 1,000억",2) +2% ~ +5%,5) 10배 이상,양봉
2024,2024-09,2024-09-23,월,295310,에이치브이엠,16506,6,99039,2024-09-24,15714,손절,1,-4952,-0.050001,0.015358,-0.051888,0.172831,30897857170.0,0.128679,7185852797.5,3.490994,0.154762,0.017586,0.003332,0.035267,아래,5일 상승,5) +15% ~ +20%,2) 300억 ~ 500억,4) +10% 이상,3) 3배 ~ 5배,양봉
2024,2024-09,2024-09-24,화,009830,한화솔루션,25068,3,75204,2024-09-26,23826,손절,2,-3877,-0.051548,0.002764,-0.059321,0.10625,75668960250.0,0.013359,18608065987.5,3.759542,0.10166,0.00565,0.011403,0.023168,위,5일 상승,4) +10% ~ +15%,"3) 500억 ~ 1,000억",1) +2% 미만,3) 3배 ~ 5배,양봉
2024,2024-09,2024-09-24,화,010140,삼성중공업,10981,9,98829,2024-09-27,10450,손절,3,-4981,-0.050401,0.016304,-0.074763,0.004579,42137964000.0,0.004579,49733987940.5,0.793298,0.004579,0.0,0.011403,0.023168,위,5일 상승,1) +3% 미만,2) 300억 ~ 500억,1) +2% 미만,1) 2배 미만,양봉
2024,2024-09,2024-09-24,화,011200,HMM,18238,5,91191,2024-10-04,17363,손절,6,-4561,-0.050015,0.065345,-0.078857,0.027637,32719949720.0,0.013912,18622769581.5,1.642753,0.020728,0.0,0.011403,0.023168,위,5일 상승,1) +3% 미만,2) 300억 ~ 500억,1) +2% 미만,1) 2배 미만,양봉
2024,2024-09,2024-09-24,화,011170,롯데케미칼,87688,1,87688,2024-09-30,105300,익절,4,17394,0.198362,0.209977,-0.005561,0.107459,25478810400.0,0.025761,8636768570.0,2.732005,0.107459,0.006849,0.011403,0.023168,위,5일 상승,4) +10% ~ +15%,1) 300억 미만,2) +2% ~ +5%,2) 2배 ~ 3배,양봉
2024,2024-09,2024-09-24,화,361610,SK아이이테크놀로지,35736,2,71471,2024-10-04,34016,손절,6,-3583,-0.05013,0.063362,-0.052768,0.091743,22758678600.0,0.034783,13805435665.0,1.524372,0.075301,0.0,0.011403,0.023168,위,5일 상승,3) +5% ~ +10%,1) 300억 미만,2) +2% ~ +5%,1) 2배 미만,양봉
2024,2024-09,2024-09-24,화,403870,HPSP,30631,3,91892,2024-10-22,29121,손절,17,-4713,-0.051293,0.110001,-0.04997,0.003279,21301425000.0,0.003279,19020448557.5,1.009465,0.003279,0.00817,0.011403,0.023168,위,5일 상승,1) +3% 미만,1) 300억 미만,1) +2% 미만,1) 2배 미만,양봉
2024,2024-09,2024-09-25,수,383310,에코프로에이치엔,48763,2,97526,2024-10-04,58600,익절,5,19431,0.199234,0.271282,-0.024009,0.12043,59431459899.99999,0.082035,4401088942.5,10.706146,0.097998,0.142035,-0.013436,0.008119,아래,5일 상승,4) +10% ~ +15%,"3) 500억 ~ 1,000억",3) +5% ~ +10%,5) 10배 이상,양봉
2024,2024-09,2024-09-25,수,004090,한국석유,19009,5,95045,2024-09-26,18092,손절,1,-4776,-0.050252,-0.025724,-0.051501,0.032065,39453586020.0,0.011182,13360694266.0,2.775497,0.034877,0.021064,-0.013436,0.008119,아래,5일 상승,2) +3% ~ +5%,2) 300억 ~ 500억,1) +2% 미만,2) 2배 ~ 3배,양봉
2024,2024-09,2024-09-25,수,028670,팬오션,3814,26,99159,2024-10-10,3626,손절,8,-5072,-0.051152,0.101261,-0.054751,0.059805,38149446180.0,0.007937,5587475773.5,6.380231,0.040984,0.024934,-0.013436,0.008119,아래,5일 상승,3) +5% ~ +10%,2) 300억 ~ 500억,1) +2% 미만,4) 5배 ~ 10배,양봉
2024,2024-09,2024-09-25,수,003280,흥아해운,2322,42,97537,2024-10-04,2208,손절,5,-5006,-0.051321,0.091581,-0.061284,0.010893,27657003040.0,0.010893,9603072436.65,2.684899,0.017544,0.0,-0.013436,0.008119,아래,5일 상승,1) +3% 미만,1) 300억 미만,1) +2% 미만,2) 2배 ~ 3배,양봉
2024,2024-09,2024-09-25,수,204320,HL만도,35535,2,71071,2024-11-20,42650,익절,37,14052,0.197718,0.207243,-0.02914,0.028986,24676653500.0,0.002825,6443597522.5,3.575099,0.020115,0.042254,-0.013436,0.008119,아래,5일 상승,1) +3% 미만,1) 300억 미만,1) +2% 미만,3) 3배 ~ 5배,양봉
2024,2024-09,2024-09-25,수,042670,HD현대인프라코어,7447,13,96817,2024-10-25,7083,손절,19,-4933,-0.050952,0.056739,-0.053366,0.029046,23472165840.0,0.01087,5017585834.5,4.400402,0.00813,0.033602,-0.013436,0.008119,아래,5일 상승,1) +3% 미만,1) 300억 미만,1) +2% 미만,3) 3배 ~ 5배,양봉
2024,2024-09,2024-09-25,수,066790,씨씨에스,2642,37,97748,2024-09-27,3175,익절,2,19483,0.199318,0.294173,-0.014416,0.10445,22313756131.0,0.009605,4682617666.3,4.414735,0.100369,0.087297,-0.013436,0.008119,아래,5일 상승,4) +10% ~ +15%,1) 300억 미만,1) +2% 미만,3) 3배 ~ 5배,양봉
2024,2024-09,2024-09-26,목,092870,엑시콘,13824,7,96767,2024-09-30,13157,손절,2,-4863,-0.050255,0.021426,-0.05887,0.170339,95151010480.0,0.047005,3368014694.0,23.880679,0.111916,0.06155,0.028983,0.035171,위,5일 상승,5) +15% ~ +20%,"3) 500억 ~ 1,000억",2) +2% ~ +5%,5) 10배 이상,양봉
2024,2024-09,2024-09-26,목,254490,미래반도체,17187,5,85936,2024-09-30,16154,손절,2,-5337,-0.062106,0.00831,-0.086528,0.173616,78976745980.0,0.114935,6885703809.5,9.969348,0.040606,0.088526,0.028983,0.035171,위,5일 상승,5) +15% ~ +20%,"3) 500억 ~ 1,000억",4) +10% 이상,4) 5배 ~ 10배,양봉
2024,2024-09,2024-09-26,목,402340,SK스퀘어,85585,1,85585,2024-09-30,81418,손절,2,-4339,-0.050693,0.010685,-0.055915,0.11039,52105153500.0,0.031363,30595607150.0,1.521839,0.070088,0.009357,0.028983,0.035171,위,5일 상승,4) +10% ~ +15%,"3) 500억 ~ 1,000억",2) +2% ~ +5%,1) 2배 미만,양봉
2024,2024-09,2024-09-26,목,009470,삼화전기,54955,1,54955,2024-09-27,52248,손절,1,-2817,-0.051266,0.011739,-0.070147,0.19869,34672808700.0,0.173077,4907455652.5,5.393065,0.168085,0.0,0.028983,0.035171,위,5일 상승,5) +15% ~ +20%,2) 300억 ~ 500억,4) +10% 이상,4) 5배 ~ 10배,양봉
2024,2024-09,2024-09-26,목,001570,금양,57257,1,57257,2024-09-30,51748,손절,2,-5618,-0.098127,-0.006239,-0.109282,0.015986,28587930800.0,0.010601,41725998862.5,0.594371,0.014184,0.001748,0.028983,0.035171,위,5일 상승,1) +3% 미만,1) 300억 미만,1) +2% 미만,1) 2배 미만,양봉
2024,2024-09,2024-09-26,목,033100,제룡전기,62162,1,62162,2024-09-30,59141,손절,2,-3146,-0.050609,0.008653,-0.054086,0.040201,25012079100.0,0.011401,34052565845.0,0.643469,0.019704,0.012882,0.028983,0.035171,위,5일 상승,2) +3% ~ +5%,1) 300억 미만,1) +2% 미만,1) 2배 미만,양봉
2024,2024-10,2024-10-07,월,089030,테크윙,40340,2,80681,2024-10-08,38362,손절,1,-4119,-0.051055,-0.013394,-0.048098,0.068966,38636214500.0,0.024142,43313366410.0,0.793303,0.059133,0.013648,0.015827,-0.022904,위,5일 하락,3) +5% ~ +10%,2) 300억 ~ 500억,2) +2% ~ +5%,1) 2배 미만,양봉
2024,2024-10,2024-10-07,월,017510,세명전기,6036,16,96576,2024-10-10,5744,손절,2,-4862,-0.050345,-0.012596,-0.065611,0.074866,25439973030.0,0.008361,3640575404.5,6.47143,0.074866,0.05141,0.015827,-0.022904,위,5일 하락,3) +5% ~ +10%,1) 300억 미만,1) +2% 미만,4) 5배 ~ 10배,양봉
2024,2024-10,2024-10-07,월,010950,S-Oil,63163,1,63163,2024-10-15,60040,손절,5,-3250,-0.05145,0.019583,-0.062744,0.011218,20496583700.0,0.011218,13269670665.0,1.481873,0.007987,0.004754,0.015827,-0.022904,위,5일 하락,1) +3% 미만,1) 300억 미만,1) +2% 미만,1) 2배 미만,양봉
2024,2024-10,2024-10-08,화,035900,JYP Ent.,51852,1,51852,2024-10-28,49351,손절,13,-2605,-0.050243,0.02793,-0.052106,0.033932,53330327400.0,0.015686,19514676265.0,2.513372,0.017682,0.040541,-0.006137,-0.020915,위,5일 하락,2) +3% ~ +5%,"3) 500억 ~ 1,000억",1) +2% 미만,2) 2배 ~ 3배,양봉
2024,2024-10,2024-10-08,화,035720,카카오,37037,2,74074,2024-11-08,35215,손절,22,-3793,-0.051205,0.074601,-0.060399,0.006803,37634994000.0,0.006803,41908405710.0,0.857305,0.012312,0.002703,-0.006137,-0.020915,위,5일 하락,1) +3% 미만,2) 300억 ~ 500억,1) +2% 미만,1) 2배 미만,양봉
2024,2024-10,2024-10-08,화,317330,덕산테코피아,46797,2,93593,2024-10-11,44505,손절,2,-4770,-0.050967,0.024644,-0.054422,0.055305,28670840000.0,0.036585,7331747537.5,3.556432,0.082176,0.040642,-0.006137,-0.020915,위,5일 하락,3) +5% ~ +10%,1) 300억 미만,2) +2% ~ +5%,3) 3배 ~ 5배,양봉
2024,2024-10,2024-10-14,월,024110,기업은행,14344,6,86066,,,보유중,54,36052,0.422165,1.060047,-0.06653,0.017756,27028056610.0,0.00632,13102756244.5,2.007014,0.016312,0.009072,0.010158,0.020851,위,5일 상승,1) +3% 미만,1) 300억 미만,1) +2% 미만,2) 2배 ~ 3배,양봉
2024,2024-10,2024-10-15,화,007660,이수페타시스,41617,2,83234,2024-10-16,39610,손절,1,-4180,-0.050219,0.018864,-0.048904,0.086404,301519084499.99994,0.076826,56396686485.0,4.649791,0.050369,0.032749,0.003873,0.008838,위,5일 상승,3) +5% ~ +10%,"5) 2,000억 이상",3) +5% ~ +10%,3) 3배 ~ 5배,양봉
2024,2024-10,2024-10-15,화,356680,엑스게이트,5185,19,98518,2024-10-17,4935,손절,2,-4950,-0.050243,0.012501,-0.065606,0.215962,100644975760.0,0.112782,6510956778.25,13.475294,0.164045,0.067568,0.003873,0.008838,위,5일 상승,6) +20% 이상,"4) 1,000억 ~ 2,000억",4) +10% 이상,5) 10배 이상,양봉
2024,2024-10,2024-10-15,화,232140,와이씨,14374,6,86246,2024-10-16,13506,손절,1,-5378,-0.062359,-0.055262,-0.09909,0.01198,35057987040.0,0.006307,40791372296.0,0.81888,-0.009655,0.018802,0.003873,0.008838,위,5일 상승,1) +3% 미만,2) 300억 ~ 500억,1) +2% 미만,1) 2배 미만,음봉·보합
2024,2024-10,2024-10-16,수,365330,에스와이스틸텍,3958,25,98958,2024-10-18,3766,손절,2,-5000,-0.050531,0.155095,-0.049908,0.085973,42374155200.0,0.010526,16284740144.75,2.333846,0.089671,0.023958,-0.008768,0.006167,위,5일 상승,3) +5% ~ +10%,2) 300억 ~ 500억,1) +2% 미만,2) 2배 ~ 3배,양봉
2024,2024-10,2024-10-17,목,457550,우진엔텍,18478,5,92392,2024-10-18,17582,손절,1,-4666,-0.050498,0.003872,-0.074598,0.107379,112171654660.0,0.001085,4030023523.5,26.017686,-0.030971,0.134886,-0.000406,0.003901,위,5일 상승,4) +10% ~ +15%,"4) 1,000억 ~ 2,000억",1) +2% 미만,5) 10배 이상,음봉·보합
2024,2024-10,2024-10-17,목,149980,하이로닉,12683,7,88782,2024-10-22,12010,손절,3,-4886,-0.055036,0.047405,-0.099151,0.004054,32309719070.000004,0.004054,4518958781.5,7.036808,0.017808,0.07537,-0.000406,0.003901,위,5일 상승,1) +3% 미만,2) 300억 ~ 500억,1) +2% 미만,4) 5배 ~ 10배,양봉
2024,2024-10,2024-10-17,목,375500,DL이앤씨,32132,3,96396,2024-10-23,30569,손절,4,-4881,-0.050639,-0.000999,-0.058574,0.071786,25861686000.0,0.030498,6431124652.5,3.735676,0.052459,0.017134,-0.000406,0.003901,위,5일 상승,3) +5% ~ +10%,1) 300억 미만,2) +2% ~ +5%,3) 3배 ~ 5배,양봉
2024,2024-10,2024-10-18,금,003350,한국화장품제조,16877,5,84384,2024-10-22,16064,손절,2,-4234,-0.050175,0.010852,-0.076842,0.075255,45008697300.0,0.015663,8910377220.0,4.585208,0.055069,0.060498,-0.005933,-0.00119,아래,5일 하락,3) +5% ~ +10%,2) 300억 ~ 500억,1) +2% 미만,3) 3배 ~ 5배,양봉
2024,2024-10,2024-10-21,월,454910,두산로보틱스,71672,1,71672,2024-10-22,68232,손절,1,-3584,-0.050002,0.003187,-0.070762,0.09816,278835818000.0,0.056047,13903306225.0,17.959388,0.084848,0.092179,0.004279,-0.007003,아래,5일 하락,3) +5% ~ +10%,"5) 2,000억 이상",3) +5% ~ +10%,5) 10배 이상,양봉
2024,2024-10,2024-10-21,월,047810,한국항공우주,55756,1,55756,2024-11-11,67000,익절,15,11105,0.199178,0.232161,-0.015347,0.039179,65983445400.0,0.027675,23744222105.0,2.643988,0.035316,0.02693,0.004279,-0.007003,아래,5일 하락,2) +3% ~ +5%,"3) 500억 ~ 1,000억",2) +2% ~ +5%,2) 2배 ~ 3배,양봉
2024,2024-10,2024-10-29,화,007110,일신석재,1646,60,98739,2024-11-01,1566,손절,3,-4951,-0.05014,0.151525,-0.179045,0.25977,98696469756.0,0.140083,3465522693.0,23.727142,0.233308,0.0,0.002056,0.018322,위,5일 상승,6) +20% 이상,"3) 500억 ~ 1,000억",4) +10% 이상,5) 10배 이상,양봉
2024,2024-11,2024-11-18,월,298830,슈어소프트테크,5265,18,94775,2024-11-21,5005,손절,3,-4875,-0.051435,0.059777,-0.057027,0.105042,21010296780.0,0.025341,7345156618.0,2.685292,0.082305,0.024715,0.021602,-0.024723,아래,5일 하락,4) +10% ~ +15%,1) 300억 미만,2) +2% ~ +5%,2) 2배 ~ 3배,양봉
2024,2024-11,2024-11-20,수,000270,기아,98198,1,98198,2024-11-29,93107,손절,7,-5288,-0.053846,0.007148,-0.0621,0.029381,129013566300.0,0.007187,126259292025.0,0.975619,0.029381,0.011213,0.004183,0.026979,아래,5일 상승,1) +3% 미만,"4) 1,000억 ~ 2,000억",1) +2% 미만,1) 2배 미만,양봉
2024,2024-11,2024-11-20,수,208370,셀바스헬스케어,4840,20,96797,2024-11-21,4605,손절,1,-4883,-0.050446,0.004166,-0.061951,0.114055,101917743435.0,0.098864,3390834615.75,26.231885,0.12181,0.102378,0.004183,0.026979,아래,5일 상승,4) +10% ~ +15%,"4) 1,000억 ~ 2,000억",3) +5% ~ +10%,5) 10배 이상,양봉
2024,2024-11,2024-11-25,월,316140,우리금융지주,16867,5,84334,2024-12-05,16054,손절,8,-4234,-0.050202,0.025681,-0.049615,0.00537,61325221150.0,0.003574,34768515310.5,1.686236,0.0,0.002967,0.013233,0.026435,위,5일 상승,1) +3% 미만,"3) 500억 ~ 1,000억",1) +2% 미만,1) 2배 미만,음봉·보합
2024,2024-11,2024-11-25,월,071970,HD현대마린엔진,20871,4,83483,2024-11-29,19860,손절,4,-4210,-0.050433,0.058893,-0.0561,0.048265,20012914200.0,0.014599,9484763916.0,1.988202,0.032178,0.021583,0.013233,0.026435,위,5일 상승,2) +3% ~ +5%,1) 300억 미만,1) +2% 미만,1) 2배 미만,양봉
2024,2024-11,2024-11-26,화,082270,젬백스,16837,5,84184,2024-11-27,16024,손절,1,-4233,-0.050285,0.022758,-0.049702,0.162405,22347775260.0,0.117608,9235761441.0,1.950231,0.162405,0.007134,-0.005516,0.019584,위,5일 상승,5) +15% ~ +20%,1) 300억 미만,4) +10% 이상,1) 2배 미만,양봉
2024,2024-11,2024-11-26,화,090460,비에이치,17397,5,86987,2024-11-29,16553,손절,3,-4394,-0.050516,0.009347,-0.080321,0.06105,20131775400.0,0.038852,4979739790.0,3.657758,0.058465,0.008055,-0.005516,0.019584,위,5일 상승,3) +5% ~ +10%,1) 300억 미만,2) +2% ~ +5%,3) 3배 ~ 5배,양봉
2024,2024-11,2024-11-27,수,086790,하나금융지주,63964,1,63964,2024-12-04,60839,손절,5,-3253,-0.050857,0.034959,-0.060408,0.028986,57096886500.0,0.015898,64159912600.0,0.851811,0.025682,0.00313,-0.006864,0.008367,아래,5일 상승,1) +3% 미만,"3) 500억 ~ 1,000억",1) +2% 미만,1) 2배 미만,양봉
2024,2024-11,2024-11-27,수,454910,두산로보틱스,70570,1,70570,2024-11-29,67133,손절,2,-3579,-0.050718,0.00892,-0.088854,0.032211,25145869500.0,0.004274,21006558485.0,1.148606,0.039823,0.001418,-0.006864,0.008367,아래,5일 상승,2) +3% ~ +5%,1) 300억 미만,1) +2% 미만,1) 2배 미만,양봉
2024,2024-12,2024-12-03,화,071050,한국금융지주,80881,1,80881,2024-12-04,76923,손절,1,-4120,-0.050938,-0.017072,-0.050454,0.056209,21909243200.0,0.021492,9034501200.0,2.244935,0.045278,0.001238,0.018586,-0.008039,위,5일 하락,3) +5% ~ +10%,1) 300억 미만,2) +2% ~ +5%,2) 2배 ~ 3배,양봉
2024,2024-12,2024-12-17,화,138610,나이벡,17668,5,88338,2024-12-19,16783,손절,2,-4599,-0.052063,0.002397,-0.062128,0.127075,89681044350.0,0.060697,8659994070.5,9.366327,0.121347,0.082153,-0.012921,0.016118,아래,5일 상승,4) +10% ~ +15%,"3) 500억 ~ 1,000억",3) +5% ~ +10%,4) 5배 ~ 10배,양봉
2024,2024-12,2024-12-17,화,000520,삼일제약,14194,7,99359,2024-12-19,13257,손절,2,-6758,-0.068016,0.010273,-0.077087,0.097523,44341285400.0,0.038828,6240211979.0,6.051211,0.063766,0.066996,-0.012921,0.016118,아래,5일 상승,3) +5% ~ +10%,2) 300억 ~ 500억,2) +2% ~ +5%,4) 5배 ~ 10배,양봉
2024,2024-12,2024-12-17,화,161580,필옵틱스,18118,5,90590,,,보유중,8,72287,0.802065,2.582053,-0.011486,0.054164,22161911500.0,0.039632,7113975303.5,2.814717,0.00277,0.022099,-0.012921,0.016118,아래,5일 상승,3) +5% ~ +10%,1) 300억 미만,2) +2% ~ +5%,2) 2배 ~ 3배,양봉
2025,2025-01,2025-01-03,금,237690,에스티팜,91591,1,91591,2025-01-15,87113,손절,8,-4636,-0.050618,0.032847,-0.047947,0.071429,25442581500.0,0.016667,14927316360.0,1.575286,0.065192,0.00765,0.017916,0.000574,위,5일 상승,3) +5% ~ +10%,1) 300억 미만,1) +2% 미만,1) 2배 미만,양봉
2025,2025-01,2025-01-03,금,396470,워트,8448,11,92933,2025-01-08,10140,익절,3,18409,0.198091,0.242833,0.004919,0.098958,24278174840.0,0.047146,3898837303.5,5.731491,0.098958,0.047393,0.017916,0.000574,위,5일 상승,3) +5% ~ +10%,1) 300억 미만,2) +2% ~ +5%,4) 5배 ~ 10배,양봉
2025,2025-01,2025-01-03,금,058970,엠로,69269,1,69269,2025-01-06,65934,손절,1,-3454,-0.049869,-0.003886,-0.055857,0.071207,22480588800.0,0.016153,11759836020.0,1.783947,0.069552,0.018786,0.017916,0.000574,위,5일 상승,3) +5% ~ +10%,1) 300억 미만,1) +2% 미만,1) 2배 미만,양봉
2025,2025-01,2025-01-03,금,298380,에이비엘바이오,31181,3,93543,2025-01-09,29670,손절,4,-4693,-0.050174,0.051918,-0.050709,0.047059,21121132900.0,0.034884,21188193127.5,0.916349,0.034884,0.008026,0.017916,0.000574,위,5일 상승,2) +3% ~ +5%,1) 300억 미만,2) +2% ~ +5%,1) 2배 미만,양봉
2025,2025-01,2025-01-06,월,205470,휴마시스,9940,10,99399,2025-01-13,9461,손절,5,-4965,-0.04995,0.094072,-0.055325,0.166863,87201629592.0,0.059765,3666284230.3,21.061699,0.147977,0.067472,0.019132,0.024271,위,5일 상승,5) +15% ~ +20%,"3) 500억 ~ 1,000억",3) +5% ~ +10%,5) 10배 이상,양봉
2025,2025-01,2025-01-06,월,187660,페니트리움바이오,1930,51,98435,2025-01-07,1837,손절,1,-4910,-0.049876,0.056878,-0.065418,0.225309,57836010065.0,0.15676,3197947482.65,15.243484,0.226065,0.060453,0.019132,0.024271,위,5일 상승,6) +20% 이상,"3) 500억 ~ 1,000억",4) +10% 이상,5) 10배 이상,양봉
2025,2025-01,2025-01-06,월,064350,현대로템,52352,1,52352,2025-02-06,62900,익절,19,10436,0.199343,0.394399,-0.029651,0.005769,47940847300.0,0.003839,68255992500.0,0.652351,0.003839,0.017208,0.019132,0.024271,위,5일 상승,1) +3% 미만,2) 300억 ~ 500억,1) +2% 미만,1) 2배 미만,양봉
2025,2025-01,2025-01-06,월,083650,비에이치아이,15956,6,95736,2025-01-08,15185,손절,2,-4792,-0.05005,0.053526,-0.064925,0.074124,42878966620.0,0.01788,33791273712.0,1.153839,0.04115,0.011292,0.019132,0.024271,위,5일 상승,3) +5% ~ +10%,2) 300억 ~ 500억,1) +2% 미만,1) 2배 미만,양봉
2025,2025-01,2025-01-06,월,402340,SK스퀘어,93193,1,93193,2025-01-14,88711,손절,6,-4642,-0.049813,0.054799,-0.04714,0.103081,42091813400.0,0.072581,20174618095.0,1.816105,0.082558,0.019334,0.019132,0.024271,위,5일 상승,4) +10% ~ +15%,2) 300억 ~ 500억,3) +5% ~ +10%,1) 2배 미만,양봉
2025,2025-01,2025-01-06,월,011200,HMM,18919,5,94594,2025-01-20,18002,손절,10,-4747,-0.050186,0.053444,-0.04857,0.028851,39094404300.0,0.005319,19973130276.5,1.888367,0.021622,0.005291,0.019132,0.024271,위,5일 상승,1) +3% 미만,2) 300억 ~ 500억,1) +2% 미만,1) 2배 미만,양봉
2025,2025-01,2025-01-06,월,067310,하나마이크론,11111,8,88889,2025-01-08,10569,손절,2,-4486,-0.050471,0.066501,-0.054999,0.132653,38299639800.0,0.108891,3928932276.0,8.25031,0.12462,0.017117,0.019132,0.024271,위,5일 상승,4) +10% ~ +15%,2) 300억 ~ 500억,4) +10% 이상,4) 5배 ~ 10배,양봉
2025,2025-01,2025-01-06,월,317690,퀀타매트릭스,7107,14,99499,2025-01-13,6763,손절,5,-4985,-0.050104,0.034177,-0.079793,0.123418,20052061400.0,0.023055,3218842891.5,5.533116,0.109375,0.083099,0.019132,0.024271,위,5일 상승,4) +10% ~ +15%,1) 300억 미만,2) +2% ~ +5%,4) 5배 ~ 10배,양봉
2025,2025-01,2025-01-07,화,034020,두산에너빌리티,18999,5,94995,2025-01-20,22800,익절,9,18803,0.197934,0.205328,-0.034159,0.018787,87151225200.0,0.015516,108948556690.5,0.749747,0.004233,0.005269,0.00139,0.036315,위,5일 상승,1) +3% 미만,"3) 500억 ~ 1,000억",1) +2% 미만,1) 2배 미만,양봉
2025,2025-01,2025-01-07,화,036460,한국가스공사,36687,2,73373,2025-01-15,34915,손절,6,-3669,-0.05001,-0.005088,-0.067781,0.039716,33095792950.0,0.019471,40581921327.5,0.753043,0.035311,0.004093,0.00139,0.036315,위,5일 상승,2) +3% ~ +5%,2) 300억 ~ 500억,1) +2% 미만,1) 2배 미만,양봉
2025,2025-01,2025-01-07,화,460930,현대힘스,14424,6,86546,2025-01-10,17310,익절,3,17129,0.197919,0.279082,-0.019024,0.054905,26984353330.0,0.030758,6695883300.5,3.700989,0.040433,0.039556,0.00139,0.036315,위,5일 상승,3) +5% ~ +10%,1) 300억 미만,2) +2% ~ +5%,3) 3배 ~ 5배,양봉
2025,2025-01,2025-01-07,화,018880,한온시스템,4108,24,98593,2025-01-09,3906,손절,2,-5016,-0.05088,0.040862,-0.050779,0.070303,24367625615.0,0.041274,3952528614.25,5.716886,0.065139,0.0,0.00139,0.036315,위,5일 상승,3) +5% ~ +10%,1) 300억 미만,2) +2% ~ +5%,4) 5배 ~ 10배,양봉
2025,2025-01,2025-01-10,금,000720,현대건설,26677,3,80030,2025-02-07,32050,익절,16,15949,0.199293,0.22954,-0.034736,0.05336,25357395050.0,0.017176,9646877130.0,2.536834,0.051282,0.001876,-0.002427,0.030247,위,5일 상승,3) +5% ~ +10%,1) 300억 미만,1) +2% 미만,2) 2배 ~ 3배,양봉
2025,2025-01,2025-01-10,금,041440,현대에버다임,9209,10,92092,2025-01-31,8761,손절,11,-4638,-0.050363,0.064153,-0.052035,0.082353,22935167600.0,0.045455,8267595515.0,2.567066,0.083628,0.008696,-0.002427,0.030247,위,5일 상승,3) +5% ~ +10%,1) 300억 미만,2) +2% ~ +5%,2) 2배 ~ 3배,양봉
2025,2025-01,2025-01-14,화,021240,코웨이,73774,1,73774,2025-03-05,88600,익절,31,14669,0.198838,0.206392,-0.014554,0.052857,24630024100.0,0.043909,10739679110.0,2.135678,0.052857,0.005427,0.003149,0.002127,위,5일 상승,3) +5% ~ +10%,1) 300억 미만,2) +2% ~ +5%,2) 2배 ~ 3배,양봉
2025,2025-01,2025-01-15,수,489790,한화비전,37888,2,75776,2025-01-21,36064,손절,4,-3778,-0.049861,0.041231,-0.115812,0.069209,135846867250.0,0.066197,48215285035.0,2.441573,0.075284,0.021136,-0.000236,-0.009615,위,5일 하락,3) +5% ~ +10%,"4) 1,000억 ~ 2,000억",3) +5% ~ +10%,2) 2배 ~ 3배,양봉
2025,2025-01,2025-01-15,수,055550,신한지주,50350,1,50350,2025-02-14,47452,손절,18,-2984,-0.059258,0.032764,-0.056609,0.016162,79363340000.0,0.006,54422242795.0,1.422236,0.003992,0.021869,-0.000236,-0.009615,위,5일 하락,1) +3% 미만,"3) 500억 ~ 1,000억",1) +2% 미만,1) 2배 미만,양봉
2025,2025-01,2025-01-15,수,119850,지엔씨에너지,9770,10,97698,2025-01-22,11730,익절,5,19394,0.198513,0.350084,-0.037847,0.137529,71321365920.0,0.005149,5081226453.0,12.734163,0.120551,0.070697,-0.000236,-0.009615,위,5일 하락,4) +10% ~ +15%,"3) 500억 ~ 1,000억",1) +2% 미만,5) 10배 이상,양봉
2025,2025-01,2025-01-16,목,000490,대동,12182,8,97457,2025-01-17,11588,손절,1,-4918,-0.05046,-0.010029,-0.047789,0.197835,212649355140.0,0.171319,4255793358.5,41.215337,0.159048,0.041085,0.012288,0.002217,위,5일 상승,5) +15% ~ +20%,"5) 2,000억 이상",4) +10% 이상,5) 10배 이상,양봉
2025,2025-01,2025-01-16,목,308430,셀비온,15215,6,91291,2025-01-23,18260,익절,5,18074,0.197985,0.222462,-0.006257,0.156773,32376243200.0,0.022192,4859130552.0,5.779803,0.169231,0.013158,0.012288,0.002217,위,5일 상승,5) +15% ~ +20%,2) 300억 ~ 500억,2) +2% ~ +5%,4) 5배 ~ 10배,양봉
2025,2025-01,2025-01-17,금,025550,한국선재,4705,21,98799,2025-01-20,4476,손절,1,-4983,-0.050433,0.007503,-0.058388,0.091754,36271380500.0,0.076747,5854130989.75,5.497363,0.082949,0.068085,-0.001559,0.003089,위,5일 상승,3) +5% ~ +10%,2) 300억 ~ 500억,3) +5% ~ +10%,4) 5배 ~ 10배,양봉
2025,2025-01,2025-01-20,월,450080,에코프로머티,78478,1,78478,2025-01-21,74625,손절,1,-3988,-0.050817,-0.011193,-0.094018,0.020833,43956763200.0,0.001277,41297294495.0,0.975908,0.009009,0.024235,-0.001387,0.012247,위,5일 상승,1) +3% 미만,2) 300억 ~ 500억,1) +2% 미만,1) 2배 미만,양봉
2025,2025-01,2025-01-20,월,005070,코스모신소재,61161,1,61161,2025-01-21,58142,손절,1,-3124,-0.051085,-0.010809,-0.138341,0.104882,42084152500.0,0.053448,12420575660.0,3.073373,0.098921,0.0,-0.001387,0.012247,위,5일 상승,4) +10% ~ +15%,2) 300억 ~ 500억,3) +5% ~ +10%,3) 3배 ~ 5배,양봉
2025,2025-01,2025-01-20,월,137400,피엔티,42793,2,85585,2025-01-21,40709,손절,1,-4314,-0.050408,-0.005673,-0.079283,0.04908,32823108000.0,0.01907,7917201985.0,3.850201,0.035109,0.02807,-0.001387,0.012247,위,5일 상승,2) +3% ~ +5%,2) 300억 ~ 500억,1) +2% 미만,3) 3배 ~ 5배,양봉
2025,2025-01,2025-01-21,화,015760,한국전력,21221,4,84885,2025-04-22,25500,익절,60,16934,0.199496,0.201629,-0.036341,0.021687,35290177200.0,0.021687,28269626930.0,1.194667,0.014354,0.007075,-0.000802,0.008261,위,5일 상승,1) +3% 미만,2) 300억 ~ 500억,2) +2% ~ +5%,1) 2배 미만,양봉
2025,2025-01,2025-01-22,수,316140,우리금융지주,15816,6,94895,2025-04-09,15055,손절,50,-4728,-0.049829,0.106488,-0.050949,0.01023,29514052400.0,0.003812,25672078615.5,1.127867,0.003812,0.006962,0.011529,0.020126,위,5일 상승,1) +3% 미만,1) 300억 미만,1) +2% 미만,1) 2배 미만,양봉
2025,2025-01,2025-01-22,수,030520,한컴,22923,4,91692,2025-02-24,21778,손절,19,-4736,-0.051655,0.114606,-0.072979,0.036199,27649299700.0,0.020045,13427589132.5,1.95896,0.008811,0.017467,0.011529,0.020126,위,5일 상승,2) +3% ~ +5%,1) 300억 미만,2) +2% ~ +5%,1) 2배 미만,양봉
2025,2025-01,2025-01-23,목,086790,하나금융지주,59159,1,59159,2025-04-07,55944,손절,47,-3316,-0.056057,0.076757,-0.077065,0.006814,79908873600.0,0.001695,42860228360.0,1.828746,0.001695,0.015228,-0.012395,-0.004748,위,5일 하락,1) +3% 미만,"3) 500억 ~ 1,000억",1) +2% 미만,1) 2배 미만,양봉
2025,2025-01,2025-01-23,목,012510,더존비즈온,65866,1,65866,2025-02-06,79100,익절,6,13094,0.198795,0.337568,-0.010108,0.034591,30645889400.0,0.031348,12800309100.0,2.170894,0.029734,0.031915,-0.012395,-0.004748,위,5일 하락,2) +3% ~ +5%,2) 300억 ~ 500억,2) +2% ~ +5%,2) 2배 ~ 3배,양봉
2025,2025-01,2025-01-23,목,003490,대한항공,24274,4,97097,2025-03-11,23077,손절,28,-4956,-0.051045,0.027838,-0.050434,0.008316,30169061250.0,0.004141,22673601837.5,1.285344,0.006224,0.016495,-0.012395,-0.004748,위,5일 하락,1) +3% 미만,2) 300억 ~ 500억,1) +2% 미만,1) 2배 미만,양봉
2025,2025-01,2025-01-31,금,108860,셀바스AI,13483,7,94384,2025-02-10,16190,익절,6,18745,0.198598,0.26822,-0.029182,0.045807,28361785440.0,0.018141,8082999149.5,3.27634,-0.001483,0.026726,-0.007659,-0.001063,위,5일 하락,2) +3% ~ +5%,1) 300억 미만,1) +2% 미만,3) 3배 ~ 5배,음봉·보합
2025,2025-02,2025-02-03,월,035720,카카오,41842,2,83684,2025-02-13,39810,손절,8,-4207,-0.050275,0.099379,-0.051188,0.089961,615329105600.0,0.067688,66659841112.5,8.264096,0.089961,0.01555,-0.025193,-0.025448,아래,5일 하락,3) +5% ~ +10%,"5) 2,000억 이상",3) +5% ~ +10%,4) 5배 ~ 10배,양봉
2025,2025-02,2025-02-03,월,024060,흥구석유,14444,6,86667,2025-02-04,13746,손절,1,-4338,-0.050057,0.003155,-0.092384,0.216695,148356013260.0,0.073661,3369384430.0,39.849943,0.068889,0.02772,-0.025193,-0.025448,아래,5일 하락,6) +20% 이상,"4) 1,000억 ~ 2,000억",3) +5% ~ +10%,5) 10배 이상,양봉
2025,2025-02,2025-02-03,월,039980,폴라리스AI,16653,5,83264,2025-02-10,15854,손절,5,-4137,-0.049684,0.120684,-0.053578,0.040689,41774395600.0,0.001506,18355634149.5,2.139733,0.032609,0.001504,-0.025193,-0.025448,아래,5일 하락,2) +3% ~ +5%,2) 300억 ~ 500억,1) +2% 미만,2) 2배 ~ 3배,양봉
2025,2025-02,2025-02-07,금,226950,올릭스,20571,4,82282,2025-02-10,26700,익절,1,24329,0.29568,0.297972,0.297972,0.181714,26035288200.0,0.083861,6155047069.0,3.31101,0.146124,0.029197,-0.005846,0.001807,위,5일 상승,5) +15% ~ +20%,1) 300억 미만,3) +5% ~ +10%,3) 3배 ~ 5배,양봉
2025,2025-02,2025-02-11,화,139480,이마트,67367,1,67367,2025-03-06,81000,익절,16,13489,0.20023,0.246896,0.000485,0.07508,212488578200.0,0.010511,10166480980.0,20.176457,0.073365,0.002972,0.007052,0.023113,위,5일 상승,3) +5% ~ +10%,"5) 2,000억 이상",1) +2% 미만,5) 10배 이상,양봉
2025,2025-02,2025-02-13,목,022100,포스코DX,20370,4,81481,2025-02-17,19391,손절,2,-4059,-0.049818,0.00391,-0.048126,0.082447,36806129250.0,0.009926,12955055446.5,2.681937,0.07672,0.0,0.013648,0.018299,위,5일 상승,3) +5% ~ +10%,2) 300억 ~ 500억,1) +2% 미만,2) 2배 ~ 3배,양봉
2025,2025-02,2025-02-13,목,011170,롯데케미칼,59259,1,59259,2025-02-20,71200,익절,5,11814,0.199369,0.231876,-0.009437,0.108614,34826827200.0,0.001692,5659892800.0,5.848503,0.100372,0.011824,0.013648,0.018299,위,5일 상승,4) +10% ~ +15%,2) 300억 ~ 500억,1) +2% 미만,4) 5배 ~ 10배,양봉
2025,2025-02,2025-02-13,목,017670,SK텔레콤,56356,1,56356,2025-04-28,53646,손절,51,-2807,-0.049808,0.048685,-0.061329,0.005357,29369514300.0,0.003565,28662430075.0,1.00851,0.008961,0.0,0.013648,0.018299,위,5일 상승,1) +3% 미만,1) 300억 미만,1) +2% 미만,1) 2배 미만,양봉
2025,2025-02,2025-02-13,목,095340,ISC,76777,1,76777,2025-02-20,73027,손절,5,-3882,-0.05056,0.03026,-0.06482,0.040706,26715760500.0,0.002614,18831032720.0,1.301193,0.02815,0.016949,0.013648,0.018299,위,5일 상승,2) +3% ~ +5%,1) 300억 미만,1) +2% 미만,1) 2배 미만,양봉
2025,2025-02,2025-02-13,목,006360,GS건설,18669,5,93343,2025-02-28,17772,손절,11,-4643,-0.049739,0.060602,-0.059386,0.069381,22078709250.0,0.024725,6626213954.5,3.105347,0.053672,0.007507,0.013648,0.018299,위,5일 상승,3) +5% ~ +10%,1) 300억 미만,2) +2% ~ +5%,3) 3배 ~ 5배,양봉
2025,2025-02,2025-02-13,목,397030,에이프릴바이오,17197,5,85986,2025-03-11,16364,손절,17,-4316,-0.050191,0.136814,-0.057404,0.052051,21670336600.0,0.006444,4224904433.5,4.827086,0.035564,0.048894,0.013648,0.018299,위,5일 상승,3) +5% ~ +10%,1) 300억 미만,1) +2% 미만,3) 3배 ~ 5배,양봉
2025,2025-02,2025-02-13,목,278470,에이피알,52753,1,52753,2025-03-05,63400,익절,13,10535,0.199701,0.228373,-0.010477,0.013462,20678689500.0,0.007648,24838480112.5,0.773215,0.005725,0.011385,0.013648,0.018299,위,5일 상승,1) +3% 미만,1) 300억 미만,1) +2% 미만,1) 2배 미만,양봉
2025,2025-02,2025-02-14,금,295310,에이치브이엠,32783,3,98348,2025-02-18,31169,손절,2,-5011,-0.05095,0.000526,-0.055906,0.242884,267526005750.0,0.231203,23202333225.0,8.823676,0.206262,0.045802,0.003051,0.027412,위,5일 상승,6) +20% 이상,"5) 2,000억 이상",4) +10% 이상,4) 5배 ~ 10배,양봉
2025,2025-02,2025-02-14,금,464500,아이언디바이스,4865,20,97297,2025-02-18,5840,익절,2,19295,0.198315,0.229223,0.010307,0.216521,90975282840.0,0.138173,7787915818.5,9.862707,0.151659,0.034979,0.003051,0.027412,위,5일 상승,6) +20% 이상,"3) 500억 ~ 1,000억",4) +10% 이상,4) 5배 ~ 10배,양봉
2025,2025-02,2025-02-14,금,032830,삼성생명,96697,1,96697,2025-02-21,92008,손절,5,-4855,-0.050209,0.072427,-0.072356,0.073333,66780546000.0,0.016842,28963149935.0,2.145682,0.051143,0.011387,0.003051,0.027412,위,5일 상승,3) +5% ~ +10%,"3) 500억 ~ 1,000억",1) +2% 미만,2) 2배 ~ 3배,양봉
2025,2025-02,2025-02-17,월,462870,시프트업,68869,1,68869,2025-02-18,65534,손절,1,-3453,-0.050137,-0.003903,-0.102642,0.063369,42381350400.0,0.042424,12751557180.0,3.00005,0.036145,0.020349,0.007476,0.035359,위,5일 상승,3) +5% ~ +10%,2) 300억 ~ 500억,2) +2% ~ +5%,3) 3배 ~ 5배,양봉
2025,2025-02,2025-02-17,월,007390,네이처셀,19620,5,98098,2025-02-21,18671,손절,4,-4910,-0.050054,0.052519,-0.078982,0.101124,29748546800.0,0.048128,11420147652.5,2.33841,0.098039,0.016327,0.007476,0.035359,위,5일 상승,4) +10% ~ +15%,1) 300억 미만,2) +2% ~ +5%,2) 2배 ~ 3배,양봉
2025,2025-02,2025-02-18,화,041020,폴라리스오피스,6867,14,96136,2025-02-19,6533,손절,1,-4833,-0.050272,-0.00828,-0.049056,0.12459,143450049960.0,0.102894,8556386213.5,14.488457,0.110032,0.01895,0.006279,0.034564,위,5일 상승,4) +10% ~ +15%,"4) 1,000억 ~ 2,000억",4) +10% 이상,5) 10배 이상,양봉
2025,2025-02,2025-02-19,수,065500,오리엔트정공,6166,16,98659,2025-02-20,5864,손절,1,-5002,-0.050701,0.070358,-0.049652,0.035294,45883757920.0,0.0301,38902583822.75,0.98947,0.038786,0.022727,0.017021,0.048317,위,5일 상승,2) +3% ~ +5%,2) 300억 ~ 500억,2) +2% ~ +5%,1) 2배 미만,양봉
2025,2025-02,2025-02-21,금,005850,에스엘,34735,2,69469,2025-03-07,33067,손절,9,-3455,-0.049736,0.094007,-0.080171,0.182283,87897771900.0,0.082683,3710619347.5,19.823969,0.084375,0.036023,0.000196,0.024519,위,5일 상승,5) +15% ~ +20%,"3) 500억 ~ 1,000억",3) +5% ~ +10%,5) 10배 이상,양봉
2025,2025-02,2025-02-21,금,257720,실리콘투,33834,2,67668,2025-02-26,28921,손절,3,-9931,-0.146763,0.08767,-0.215282,0.073016,57618251600.0,0.005952,28802229340.0,1.81685,0.083333,0.005917,0.000196,0.024519,위,5일 상승,3) +5% ~ +10%,"3) 500억 ~ 1,000억",1) +2% 미만,1) 2배 미만,양봉
2025,2025-02,2025-02-24,월,011200,HMM,20020,4,80080,2025-04-07,18981,손절,29,-4293,-0.053612,0.131369,-0.1004,0.071237,566257380000.0,0.043297,30815224827.0,17.079786,0.019368,0.0825,-0.003507,0.01335,위,5일 상승,3) +5% ~ +10%,"5) 2,000억 이상",2) +2% ~ +5%,5) 10배 이상,양봉
2025,2025-02,2025-02-24,월,001570,금양,21872,4,87487,2025-02-25,20779,손절,1,-4521,-0.051674,0.07444,-0.078724,0.138614,223742448650.0,0.09799,33418957377.0,5.596924,0.119365,0.050343,-0.003507,0.01335,위,5일 상승,4) +10% ~ +15%,"5) 2,000억 이상",3) +5% ~ +10%,4) 5배 ~ 10배,양봉
2025,2025-02,2025-02-24,월,396470,워트,10020,9,90180,2025-02-25,9500,손절,1,-4830,-0.053563,0.077843,-0.050899,0.115942,108827688970.0,0.048168,4669828324.0,20.935592,0.060381,0.043956,-0.003507,0.01335,위,5일 상승,4) +10% ~ +15%,"4) 1,000억 ~ 2,000억",2) +2% ~ +5%,5) 10배 이상,양봉
2025,2025-02,2025-02-24,월,002710,TCC스틸,31682,3,95045,2025-02-28,30120,손절,4,-4849,-0.051015,0.051082,-0.079909,0.10087,56015594250.0,0.085763,6935471285.0,6.847963,0.062081,0.041074,-0.003507,0.01335,위,5일 상승,4) +10% ~ +15%,"3) 500억 ~ 1,000억",3) +5% ~ +10%,4) 5배 ~ 10배,양봉
2025,2025-02,2025-02-24,월,005070,코스모신소재,57658,1,57658,2025-02-25,54845,손절,1,-2912,-0.050499,0.00247,-0.063437,0.017668,55624492800.0,0.017668,23754583735.0,2.125995,0.041591,0.019097,-0.003507,0.01335,위,5일 상승,1) +3% 미만,"3) 500억 ~ 1,000억",1) +2% 미만,2) 2배 ~ 3배,양봉
2025,2025-02,2025-02-24,월,066970,엘앤에프,91792,1,91792,2025-02-25,87313,손절,1,-4637,-0.050516,-0.010804,-0.066364,0.003282,35294413000.0,0.003282,28311033365.0,1.156581,0.01326,0.023991,-0.003507,0.01335,위,5일 상승,1) +3% 미만,2) 300억 ~ 500억,1) +2% 미만,1) 2배 미만,양봉
2025,2025-02,2025-02-24,월,013360,일성건설,3624,27,97838,2025-02-26,3447,손절,2,-4949,-0.050585,0.029357,-0.100347,0.15655,24674625900.0,0.141956,3382535549.5,6.254247,0.17342,0.035912,-0.003507,0.01335,위,5일 상승,5) +15% ~ +20%,1) 300억 미만,4) +10% 이상,4) 5배 ~ 10배,양봉
2025,2025-03,2025-03-13,목,308430,셀비온,19289,5,96446,2025-03-25,18362,손절,8,-4804,-0.049812,0.163859,-0.059581,0.1062,45254689310.0,0.080157,9384009226.5,4.099712,0.1062,0.037883,-0.000458,-0.000978,아래,5일 하락,4) +10% ~ +15%,2) 300억 ~ 500억,3) +5% ~ +10%,3) 3배 ~ 5배,양봉
2025,2025-03,2025-03-17,월,108490,로보티즈,39479,2,78959,2025-03-19,35315,손절,2,-8458,-0.10712,-0.000999,-0.160099,0.087248,122153629500.0,0.065789,44730970095.0,2.359505,0.064389,0.02963,0.017273,0.015679,위,5일 상승,3) +5% ~ +10%,"4) 1,000억 ~ 2,000억",3) +5% ~ +10%,2) 2배 ~ 3배,양봉
2025,2025-03,2025-03-18,화,014940,오리엔탈정공,6196,16,99139,2025-03-19,5894,손절,1,-5004,-0.050474,0.01514,-0.05103,0.127505,49082267960.0,0.07279,7749645839.0,5.641774,0.113309,0.024233,0.000632,0.029453,위,5일 상승,4) +10% ~ +15%,2) 300억 ~ 500억,3) +5% ~ +10%,4) 5배 ~ 10배,양봉
2025,2025-03,2025-03-18,화,340570,티앤엘,42555,2,85109,2025-03-20,40509,손절,2,-4237,-0.049783,0.00138,-0.054517,0.103811,20951532000.0,0.023143,5389797305.0,3.615539,0.053952,0.007143,0.000632,0.029453,위,5일 상승,4) +10% ~ +15%,1) 300억 미만,2) +2% ~ +5%,3) 3배 ~ 5배,양봉
2025,2025-03,2025-03-24,월,050890,쏠리드,7588,13,98639,2025-03-25,7223,손절,1,-4912,-0.049801,0.008227,-0.058989,0.052778,30759147300.0,0.021563,9482888177.0,3.075157,0.048409,0.007916,-0.004184,0.008189,위,5일 상승,3) +5% ~ +10%,2) 300억 ~ 500억,2) +2% ~ +5%,3) 3배 ~ 5배,양봉
2025,2025-04,2025-04-14,월,226950,올릭스,49399,2,98799,2025-04-15,47003,손절,1,-4963,-0.050231,0.028354,-0.059704,0.006116,40133048550.0,0.006116,28749150897.5,1.230807,0.017526,0.047619,0.009524,0.054845,아래,5일 상승,1) +3% 미만,2) 300억 ~ 500억,1) +2% 미만,1) 2배 미만,양봉
2025,2025-04,2025-04-14,월,394800,쓰리빌리언,6587,15,98799,2025-04-21,7910,익절,5,19641,0.198795,0.228255,-0.011627,0.063005,39438493360.0,0.051118,14111139083.0,2.57334,0.059581,0.047112,0.009524,0.054845,아래,5일 상승,3) +5% ~ +10%,2) 300억 ~ 500억,3) +5% ~ +10%,2) 2배 ~ 3배,양봉
2025,2025-04,2025-04-14,월,377480,마음AI,18929,5,94645,2025-04-16,18012,손절,2,-4747,-0.050161,0.03017,-0.0533,0.066554,33172262380.0,0.039011,4370505449.5,6.664202,0.024932,0.068218,0.009524,0.054845,아래,5일 상승,3) +5% ~ +10%,2) 300억 ~ 500억,2) +2% ~ +5%,4) 5배 ~ 10배,양봉
2025,2025-04,2025-04-14,월,358570,지아이이노베이션,15245,6,91471,2025-04-15,14505,손절,1,-4596,-0.050243,0.004249,-0.051507,0.087081,23429801540.0,0.077287,10808989612.5,1.873485,0.085531,0.021011,0.009524,0.054845,아래,5일 상승,3) +5% ~ +10%,1) 300억 미만,3) +5% ~ +10%,1) 2배 미만,양봉
2025,2025-04,2025-04-14,월,039200,오스코텍,33533,2,67067,2025-04-16,31918,손절,2,-3346,-0.049895,0.003474,-0.050204,0.056782,21713929500.0,0.055118,7082700310.0,2.777326,0.029186,0.010448,0.009524,0.054845,아래,5일 상승,3) +5% ~ +10%,1) 300억 미만,3) +5% ~ +10%,2) 2배 ~ 3배,양봉
2025,2025-04,2025-04-14,월,012510,더존비즈온,60961,1,60961,2025-05-09,57942,손절,16,-3124,-0.05124,0.115469,-0.04857,0.062827,20167887600.0,0.028716,16958073590.0,1.115724,0.053633,0.00821,0.009524,0.054845,아래,5일 상승,3) +5% ~ +10%,1) 300억 미만,2) +2% ~ +5%,1) 2배 미만,양봉
2025,2025-04,2025-04-15,화,348370,엔켐,87587,1,87587,2025-04-16,83317,손절,1,-4422,-0.050481,0.014985,-0.062652,0.046651,26563075000.0,0.026995,23795790040.0,0.964557,0.029412,0.025143,0.008763,0.061339,아래,5일 상승,2) +3% ~ +5%,1) 300억 미만,2) +2% ~ +5%,1) 2배 미만,양봉
2025,2025-04,2025-04-17,목,437730,삼현,13383,7,93684,2025-04-18,12737,손절,1,-4684,-0.049998,0.055041,-0.050314,0.290541,143735094160.0,0.170753,4771147640.5,23.206909,0.275763,0.006731,0.009389,0.010368,아래,5일 상승,6) +20% 이상,"4) 1,000억 ~ 2,000억",4) +10% 이상,5) 10배 이상,양봉
2025,2025-04,2025-04-17,목,010140,삼성중공업,14915,6,89489,2025-04-21,14196,손절,2,-4469,-0.049935,0.015763,-0.066705,0.028295,96342506000.0,0.015678,104380139170.5,0.866759,0.022649,0.0,0.009389,0.010368,아래,5일 상승,1) +3% 미만,"3) 500억 ~ 1,000억",1) +2% 미만,1) 2배 미만,양봉
2025,2025-04,2025-04-17,목,018290,브이티,36587,2,73173,2025-05-27,43950,익절,25,14571,0.199129,0.213561,-0.014665,0.05942,43136821700.0,0.05942,17948231120.0,2.17177,0.044286,0.010944,0.009389,0.010368,아래,5일 상승,3) +5% ~ +10%,2) 300억 ~ 500억,3) +5% ~ +10%,2) 2배 ~ 3배,양봉
2025,2025-04,2025-04-17,목,042000,카페24,59359,1,59359,2025-04-22,56444,손절,3,-3018,-0.05084,0.010794,-0.053223,0.076225,22401820300.0,0.022414,9852443532.5,2.020637,0.076225,0.015177,0.009389,0.010368,아래,5일 상승,3) +5% ~ +10%,1) 300억 미만,2) +2% ~ +5%,2) 2배 ~ 3배,양봉
2025,2025-04,2025-04-17,목,274090,켄코아에어로스페이스,12623,7,88358,2025-04-29,12008,손절,8,-4454,-0.050412,0.019599,-0.087352,0.02188,21364706870.0,0.000794,6626355417.5,3.125799,0.004781,0.058684,0.009389,0.010368,아래,5일 상승,1) +3% 미만,1) 300억 미만,1) +2% 미만,3) 3배 ~ 5배,양봉
2025,2025-04,2025-04-21,월,316140,우리금융지주,17007,5,85035,2025-06-05,20500,익절,29,17283,0.203248,0.223027,-0.022167,0.012515,25344135910.0,0.003544,25003049586.5,0.97003,0.012515,0.000589,0.002013,0.013246,위,5일 상승,1) +3% 미만,1) 300억 미만,1) +2% 미만,1) 2배 미만,양봉
2025,2025-04,2025-04-22,화,008830,대동기어,14189,7,99326,2025-04-30,13506,손절,6,-4952,-0.049854,0.13357,-0.073985,0.183144,174124359600.00003,0.023364,10730643580.5,13.906619,0.199343,0.03653,-0.000715,0.003726,위,5일 상승,5) +15% ~ +20%,"4) 1,000억 ~ 2,000억",2) +2% ~ +5%,5) 10배 이상,양봉
2025,2025-04,2025-04-22,화,047810,한국항공우주,83283,1,83283,2025-06-16,101400,익절,34,17937,0.215374,0.222335,-0.039422,0.03354,104261164800.0,0.014634,73603422175.0,1.320259,0.042607,0.033654,-0.000715,0.003726,위,5일 상승,2) +3% ~ +5%,"4) 1,000억 ~ 2,000억",1) +2% 미만,1) 2배 미만,양봉
2025,2025-04,2025-04-22,화,272210,한화시스템,39039,2,78078,2025-05-09,46850,익절,10,15456,0.197952,0.215451,-0.031737,0.015625,102726780000.0,0.003861,88863300367.5,1.03358,0.033113,0.015385,-0.000715,0.003726,위,5일 상승,1) +3% 미만,"4) 1,000억 ~ 2,000억",1) +2% 미만,1) 2배 미만,양봉
2025,2025-04,2025-04-22,화,082740,한화엔진,25876,3,77628,2025-05-09,31100,익절,10,15507,0.19976,0.223148,-0.014525,0.059426,73051841500.0,0.013725,25708048237.5,2.505643,0.077083,0.009671,-0.000715,0.003726,위,5일 상승,3) +5% ~ +10%,"3) 500억 ~ 1,000억",1) +2% 미만,2) 2배 ~ 3배,양봉
2025,2025-04,2025-04-22,화,030530,원익홀딩스,4374,22,96236,2025-04-29,4161,손절,5,-4863,-0.050534,0.128162,-0.051292,0.022222,56994296010.0,0.022222,21780963016.5,2.413448,0.024619,0.072082,-0.000715,0.003726,위,5일 상승,1) +3% 미만,"3) 500억 ~ 1,000억",2) +2% ~ +5%,2) 2배 ~ 3배,양봉
2025,2025-04,2025-04-23,수,042700,한미반도체,85686,1,85686,2025-04-25,81518,손절,2,-4315,-0.050353,0.034013,-0.060519,0.142857,388045087200.0,0.007059,82696536000.0,3.780847,0.097436,0.003505,0.015652,0.031923,위,5일 상승,4) +10% ~ +15%,"5) 2,000억 이상",1) +2% 미만,3) 3배 ~ 5배,양봉
2025,2025-04,2025-04-23,수,479960,위너스일렉,21722,4,86887,2025-04-28,20679,손절,3,-4319,-0.04971,0.081867,-0.049338,0.244266,193603211900.0,0.143911,20042023637.5,7.901246,0.222535,0.043779,0.015652,0.031923,위,5일 상승,6) +20% 이상,"4) 1,000억 ~ 2,000억",4) +10% 이상,4) 5배 ~ 10배,양봉
2025,2025-04,2025-04-23,수,055550,신한지주,48949,2,97898,2025-06-04,58800,익절,26,19493,0.199121,0.223725,-0.008149,0.009288,55523505000.0,0.004107,56966208515.0,0.931695,0.003077,0.006135,0.015652,0.031923,위,5일 상승,1) +3% 미만,"3) 500억 ~ 1,000억",1) +2% 미만,1) 2배 미만,양봉
2025,2025-04,2025-04-23,수,079900,전진건설로봇,49650,2,99299,2025-04-28,47253,손절,3,-4965,-0.049997,0.0131,-0.052359,0.016393,30739252800.0,0.016393,9350267570.0,2.93472,0.013279,0.050403,0.015652,0.031923,위,5일 상승,1) +3% 미만,2) 300억 ~ 500억,1) +2% 미만,2) 2배 ~ 3배,양봉
2025,2025-04,2025-04-25,금,010120,LS ELECTRIC,38498,2,76997,2025-05-12,46200,익절,8,15239,0.197918,0.218231,-0.028533,0.071906,87718414200.0,0.058338,48577133890.0,1.616439,0.047386,0.016641,0.009503,0.02532,위,5일 상승,3) +5% ~ +10%,"3) 500억 ~ 1,000억",3) +5% ~ +10%,1) 2배 미만,양봉
2025,2025-04,2025-04-25,금,432720,퀄리타스반도체,15505,6,93033,2025-05-19,14755,손절,13,-4662,-0.050107,0.089937,-0.058398,0.106429,31995772240.0,0.106429,3081950976.5,8.80009,0.055896,0.020013,0.009503,0.02532,위,5일 상승,4) +10% ~ +15%,2) 300억 ~ 500억,4) +10% 이상,4) 5배 ~ 10배,양봉
2025,2025-04,2025-04-25,금,035900,JYP Ent.,63463,1,63463,2025-05-26,76200,익절,18,12601,0.198561,0.203843,-0.013605,0.011164,22230195600.0,0.00158,20400027690.0,1.046103,0.011164,0.012618,0.009503,0.02532,위,5일 상승,1) +3% 미만,1) 300억 미만,1) +2% 미만,1) 2배 미만,양봉
2025,2025-04,2025-04-25,금,267250,HD현대,76476,1,76476,2025-05-28,91800,익절,20,15161,0.19824,0.30367,0.001616,0.043716,20259293600.0,0.02965,8881642220.0,2.132061,0.039456,0.0,0.009503,0.02532,위,5일 상승,2) +3% ~ +5%,1) 300억 미만,2) +2% ~ +5%,2) 2배 ~ 3배,양봉
2025,2025-04,2025-04-25,금,089030,테크윙,34835,2,69670,2025-05-09,33117,손절,7,-3556,-0.051036,0.030579,-0.052671,0.038806,20027365200.0,0.020528,15944164185.0,1.114156,0.011628,0.022989,0.009503,0.02532,위,5일 상승,2) +3% ~ +5%,1) 300억 미만,2) +2% ~ +5%,1) 2배 미만,양봉
2025,2025-04,2025-04-28,월,267320,나인테크,3794,26,98639,2025-05-12,3611,손절,7,-4912,-0.049801,0.079396,-0.069532,0.032698,36760487230.0,0.02571,11600732369.25,2.936958,0.032698,0.034301,0.001005,0.024289,위,5일 상승,2) +3% ~ +5%,2) 300억 ~ 500억,2) +2% ~ +5%,2) 2배 ~ 3배,양봉
2025,2025-04,2025-04-28,월,356680,엑스게이트,7578,13,98508,2025-04-30,7213,손절,2,-4912,-0.049861,0.132289,-0.053786,0.032742,20874509670.0,0.018843,3216084350.5,6.083467,-0.05611,0.084544,0.001005,0.024289,위,5일 상승,2) +3% ~ +5%,1) 300억 미만,1) +2% 미만,4) 5배 ~ 10배,음봉·보합
2025,2025-04,2025-04-29,화,062040,산일전기,55956,1,55956,2025-05-20,67200,익절,12,11125,0.198814,0.206307,-0.04389,0.131579,48112347400.0,0.058712,12132332062.5,3.502134,0.123618,0.005367,0.006497,0.031681,위,5일 상승,4) +10% ~ +15%,2) 300억 ~ 500억,3) +5% ~ +10%,3) 3배 ~ 5배,양봉
2025,2025-04,2025-04-29,화,103590,일진전기,26026,3,78078,2025-05-20,31250,익절,12,15506,0.198591,0.200722,-0.039422,0.094737,30928170000.0,0.023622,10922598230.0,2.498513,0.07438,0.013462,0.006497,0.031681,위,5일 상승,3) +5% ~ +10%,2) 300억 ~ 500억,2) +2% ~ +5%,2) 2배 ~ 3배,양봉
2025,2025-05,2025-05-09,금,240550,동방메디컬,11882,8,95055,2025-05-13,11309,손절,2,-4749,-0.049961,0.003209,-0.06917,0.086002,92423903280.0,0.039405,13206199183.0,6.330122,0.079091,0.034541,-0.000857,0.004619,위,5일 상승,3) +5% ~ +10%,"3) 500억 ~ 1,000억",2) +2% ~ +5%,4) 5배 ~ 10배,양봉
2025,2025-05,2025-05-09,금,053580,웹케시,17818,5,89089,2025-05-13,16963,손절,2,-4427,-0.049694,0.079819,-0.092481,0.010216,59357250600.0,0.010216,28928270414.0,1.808014,0.011364,0.025843,-0.000857,0.004619,위,5일 상승,1) +3% 미만,"3) 500억 ~ 1,000억",1) +2% 미만,1) 2배 미만,양봉
2025,2025-05,2025-05-12,월,000270,기아,92492,1,92492,2025-05-23,88012,손절,9,-4640,-0.050162,0.024949,-0.060463,0.034714,75142452000.0,0.019868,82582762435.0,0.857494,0.02439,0.0,0.011664,0.019839,위,5일 상승,2) +3% ~ +5%,"3) 500억 ~ 1,000억",1) +2% 미만,1) 2배 미만,양봉
2025,2025-05,2025-05-12,월,066570,LG전자,72873,1,72873,2025-05-27,69331,손절,11,-3668,-0.050328,0.009979,-0.06275,0.02391,24908374400.0,0.013928,26564063670.0,0.896883,0.018182,0.0,0.011664,0.019839,위,5일 상승,1) +3% 미만,1) 300억 미만,1) +2% 미만,1) 2배 미만,양봉
2025,2025-05,2025-05-13,화,010770,평화홀딩스,13083,7,91581,2025-05-14,12448,손절,1,-4606,-0.050296,0.00588,-0.160747,0.129646,171616432270.0,0.022692,33069868336.0,3.246722,-0.021707,0.132364,0.000418,0.018998,위,5일 상승,4) +10% ~ +15%,"4) 1,000억 ~ 2,000억",2) +2% ~ +5%,3) 3배 ~ 5배,음봉·보합
2025,2025-05,2025-05-13,화,011200,HMM,20420,4,81682,2025-06-13,24550,익절,21,16344,0.200095,0.224266,-0.01569,0.058091,120880628400.0,0.049383,32335590978.5,3.466764,0.045618,0.019608,0.000418,0.018998,위,5일 상승,3) +5% ~ +10%,"4) 1,000억 ~ 2,000억",2) +2% ~ +5%,3) 3배 ~ 5배,양봉
2025,2025-05,2025-05-13,화,052220,iMBC,4630,21,97222,2025-05-14,4406,손절,1,-4872,-0.050112,-0.008559,-0.063639,0.047565,87674987250.0,0.017602,3658892104.25,22.701825,0.04638,0.139459,0.000418,0.018998,위,5일 상승,2) +3% ~ +5%,"3) 500억 ~ 1,000억",1) +2% 미만,5) 10배 이상,양봉
2025,2025-05,2025-05-13,화,010060,OCI홀딩스,73974,1,73974,2025-05-22,70330,손절,7,-3771,-0.050983,0.122017,-0.096979,0.078832,20268331300.0,0.033566,9826600145.0,1.865447,0.093195,0.006766,0.000418,0.018998,위,5일 상승,3) +5% ~ +10%,1) 300억 미만,2) +2% ~ +5%,1) 2배 미만,양봉
2025,2025-05,2025-05-14,수,011790,SKC,99545,1,99545,2025-05-15,94705,손절,1,-5011,-0.050337,0.010332,-0.053876,0.058,48142385600.0,0.01341,16945082230.0,2.690823,0.041339,0.02552,0.012325,0.025942,위,5일 상승,3) +5% ~ +10%,2) 300억 ~ 500억,1) +2% 미만,2) 2배 ~ 3배,양봉
2025,2025-05,2025-05-14,수,388720,유일로보틱스,81181,1,81181,2025-05-15,77223,손절,1,-4098,-0.05048,-0.000999,-0.067517,0.115543,35055799400.0,0.016291,8626999275.0,3.759759,0.084225,0.020962,0.012325,0.025942,위,5일 상승,4) +10% ~ +15%,2) 300억 ~ 500억,1) +2% 미만,3) 3배 ~ 5배,양봉
2025,2025-05,2025-05-14,수,161580,필옵틱스,33984,2,67968,2025-05-16,32168,손절,2,-3749,-0.055153,0.022542,-0.098104,0.055988,25923541000.0,0.024133,10461980762.5,2.344044,0.031915,0.008837,0.012325,0.025942,위,5일 상승,3) +5% ~ +10%,1) 300억 미만,2) +2% ~ +5%,2) 2배 ~ 3배,양봉
2025,2025-05,2025-05-14,수,454910,두산로보틱스,52352,1,52352,2025-05-19,49800,손절,3,-2642,-0.050469,0.010462,-0.072629,0.035644,20498880400.0,0.009653,12364410180.0,1.594074,0.021484,0.0,0.012325,0.025942,위,5일 상승,2) +3% ~ +5%,1) 300억 미만,1) +2% 미만,1) 2배 미만,양봉
2025,2025-05,2025-05-15,목,466100,클로봇,19105,5,95525,2025-05-22,17960,손절,5,-5889,-0.061648,0.065932,-0.085778,0.009014,50912863950.0,0.002488,18403834522.0,2.630209,-0.035885,0.066998,-0.007275,0.016236,위,5일 상승,1) +3% 미만,"3) 500억 ~ 1,000억",1) +2% 미만,2) 2배 ~ 3배,음봉·보합
2025,2025-05,2025-05-15,목,053030,바이넥스,17387,5,86937,2025-05-19,16553,손절,2,-4319,-0.049683,0.000151,-0.084968,0.108488,31420766700.0,0.055286,4189855610.0,6.869242,0.088346,0.024755,-0.007275,0.016236,위,5일 상승,4) +10% ~ +15%,2) 300억 ~ 500억,3) +5% ~ +10%,4) 5배 ~ 10배,양봉
2025,2025-05,2025-05-27,화,098070,한텍,44795,2,89589,2025-05-28,42607,손절,1,-4529,-0.050551,0.01686,-0.074668,0.141582,300098288250.0,0.141582,28894256817.5,8.447249,0.153351,0.082123,-0.002715,0.013614,위,5일 상승,4) +10% ~ +15%,"5) 2,000억 이상",4) +10% 이상,4) 5배 ~ 10배,양봉
2025,2025-05,2025-05-27,화,035720,카카오,40991,2,81982,2025-06-09,49200,익절,7,16243,0.198134,0.256375,-0.018076,0.05,141224265000.0,0.038023,89543486970.0,1.456026,0.05814,0.001221,-0.002715,0.013614,위,5일 상승,3) +5% ~ +10%,"4) 1,000억 ~ 2,000억",2) +2% ~ +5%,1) 2배 미만,양봉
2025,2025-06,2025-06-05,목,014620,성광벤드,34084,2,68168,2025-06-13,32418,손절,5,-3450,-0.050613,0.082618,-0.047942,0.256458,150765704700.0,0.190559,9756275995.0,11.993816,0.22482,0.01909,0.014873,0.053143,위,5일 상승,6) +20% 이상,"4) 1,000억 ~ 2,000억",4) +10% 이상,5) 10배 이상,양봉
2025,2025-06,2025-06-05,목,130660,한전산업,12763,7,89339,2025-06-10,12148,손절,2,-4458,-0.049901,0.025641,-0.052712,0.118421,71806801500.0,0.028226,5817632897.5,11.469865,-0.059041,0.105882,0.014873,0.053143,위,5일 상승,4) +10% ~ +15%,"3) 500억 ~ 1,000억",2) +2% ~ +5%,5) 10배 이상,음봉·보합
2025,2025-06,2025-06-05,목,241520,DSC인베스트먼트,7708,12,92492,2025-06-10,7333,손절,2,-4660,-0.050378,0.101496,-0.068464,0.056241,68377540000.0,0.03079,19291538667.5,3.119753,0.056241,0.048052,0.014873,0.053143,위,5일 상승,3) +5% ~ +10%,"3) 500억 ~ 1,000억",2) +2% ~ +5%,3) 3배 ~ 5배,양봉
2025,2025-06,2025-06-05,목,023160,태광,21672,4,86687,2025-06-23,20629,손절,11,-4318,-0.049816,0.091287,-0.049449,0.136483,32428495800.0,0.00464,5430331771.0,5.200851,0.117708,0.011547,0.014873,0.053143,위,5일 상승,4) +10% ~ +15%,2) 300억 ~ 500억,1) +2% 미만,4) 5배 ~ 10배,양봉
2025,2025-06,2025-06-09,월,195940,HK이노엔,46997,2,93994,2025-06-12,44705,손절,3,-4745,-0.050482,0.00964,-0.09143,0.145122,93867792300.0,0.116528,6517353682.5,12.62237,0.053872,0.018104,0.015547,0.049668,위,5일 상승,4) +10% ~ +15%,"3) 500억 ~ 1,000억",4) +10% 이상,5) 10배 이상,양봉
2025,2025-06,2025-06-09,월,008970,KBI동양철관,2811,35,98368,2025-06-13,2672,손절,4,-5006,-0.05089,0.043298,-0.053891,0.075445,75350111321.0,0.029292,25369013612.85,2.756111,0.058865,0.038385,0.015547,0.049668,위,5일 상승,3) +5% ~ +10%,"3) 500억 ~ 1,000억",2) +2% ~ +5%,2) 2배 ~ 3배,양봉
2025,2025-06,2025-06-09,월,089850,유비벨록스,7217,13,93824,2025-06-13,6863,손절,4,-4764,-0.05078,0.057195,-0.070278,0.151757,52026076620.0,0.03,4558553797.0,10.414433,0.142631,0.065187,0.015547,0.049668,위,5일 상승,5) +15% ~ +20%,"3) 500억 ~ 1,000억",2) +2% ~ +5%,5) 10배 이상,양봉
2025,2025-06,2025-06-10,화,253450,스튜디오드래곤,56056,1,56056,2025-06-13,53347,손절,3,-2806,-0.050054,-0.000999,-0.077708,0.135903,38995880000.0,0.126761,5910659965.0,5.453408,0.12,0.017857,0.005631,0.064567,위,5일 상승,4) +10% ~ +15%,2) 300억 ~ 500억,4) +10% 이상,4) 5배 ~ 10배,양봉
2025,2025-06,2025-06-10,화,241560,두산밥캣,52753,1,52753,2025-06-13,50150,손절,3,-2694,-0.05106,-0.010477,-0.053129,0.097917,36009277600.0,0.088843,10011693510.0,3.218144,0.094496,0.013283,0.005631,0.064567,위,5일 상승,3) +5% ~ +10%,2) 300억 ~ 500억,3) +5% ~ +10%,3) 3배 ~ 5배,양봉
2025,2025-06,2025-06-10,화,096770,SK이노베이션,94394,1,94394,2025-06-30,113300,익절,14,18705,0.198154,0.303045,-0.037018,0.010718,33065634900.0,0.010718,30050652065.0,1.028476,0.010718,0.016967,0.005631,0.064567,위,5일 상승,1) +3% 미만,2) 300억 ~ 500억,1) +2% 미만,1) 2배 미만,양봉
2025,2025-06,2025-06-10,화,007390,네이처셀,27477,3,82432,2025-07-30,33000,익절,36,16392,0.198853,0.382952,-0.042852,0.037807,30924950400.0,0.022346,11643797032.5,2.428112,-0.101473,0.114754,0.005631,0.064567,위,5일 상승,2) +3% ~ +5%,2) 300억 ~ 500억,2) +2% ~ +5%,2) 2배 ~ 3배,음봉·보합
2025,2025-06,2025-06-10,화,011170,롯데케미칼,66967,1,66967,2025-06-16,63736,손절,4,-3346,-0.049964,0.039319,-0.057743,0.086039,30434148000.0,0.02765,7053050550.0,3.833084,0.082524,0.028401,0.005631,0.064567,위,5일 상승,3) +5% ~ +10%,2) 300억 ~ 500억,2) +2% ~ +5%,3) 3배 ~ 5배,양봉
2025,2025-06,2025-06-11,수,476060,온코닉테라퓨틱스,5906,16,94494,2025-06-23,5614,손절,8,-4827,-0.051079,0.125993,-0.053912,0.077626,29573301600.0,0.026087,5943191357.5,4.653432,0.055928,0.036017,0.012253,0.077092,위,5일 상승,3) +5% ~ +10%,1) 300억 미만,2) +2% ~ +5%,3) 3배 ~ 5배,양봉
2025,2025-06,2025-06-11,수,042000,카페24,48198,2,96396,2025-06-13,45854,손절,2,-4854,-0.050353,0.009375,-0.052868,0.045603,22661604900.0,0.011555,15567277767.5,1.383843,0.029947,0.013499,0.012253,0.077092,위,5일 상승,2) +3% ~ +5%,1) 300억 미만,1) +2% 미만,1) 2배 미만,양봉
2025,2025-06,2025-06-12,목,042660,한화오션,84084,1,84084,2025-06-26,80020,손절,10,-4209,-0.050054,0.139337,-0.06522,0.057935,955660944000.0,0.034483,161218103720.0,5.524232,0.055276,0.030952,0.004468,0.053843,위,5일 상승,3) +5% ~ +10%,"5) 2,000억 이상",2) +2% ~ +5%,4) 5배 ~ 10배,양봉
2025,2025-06,2025-06-12,목,022100,포스코DX,24374,4,97497,2025-06-13,23177,손절,1,-4958,-0.05085,-0.000999,-0.056385,0.079823,39559691800.0,0.027426,7656541617.5,4.663539,0.091928,0.00616,0.004468,0.053843,위,5일 상승,3) +5% ~ +10%,2) 300억 ~ 500억,2) +2% ~ +5%,3) 3배 ~ 5배,양봉
2025,2025-06,2025-06-12,목,050890,쏠리드,7327,13,95255,2025-07-02,6973,손절,14,-4770,-0.050074,0.037214,-0.059683,0.001368,22807956120.0,0.001368,5126929806.5,4.007292,-0.031746,0.034153,0.004468,0.053843,위,5일 상승,1) +3% 미만,1) 300억 미만,1) +2% 미만,3) 3배 ~ 5배,음봉·보합
2025,2025-06,2025-06-16,월,950160,코오롱티슈진,41391,2,82783,2025-06-18,39361,손절,2,-4204,-0.050781,0.027993,-0.079518,0.122117,26251295600.0,0.003641,13034940667.5,1.859084,0.122117,0.009674,0.017978,0.031827,위,5일 상승,4) +10% ~ +15%,1) 300억 미만,1) +2% 미만,1) 2배 미만,양봉
2025,2025-06,2025-06-16,월,030200,KT,53153,1,53153,2025-09-10,50549,손절,61,-2695,-0.050704,0.113764,-0.053677,0.02907,25205985900.0,0.021154,19417209175.0,1.245309,0.017241,0.0,0.017978,0.031827,위,5일 상승,1) +3% 미만,1) 300억 미만,2) +2% ~ +5%,1) 2배 미만,양봉
2025,2025-06,2025-06-17,화,452190,한빛레이저,5666,17,96316,2025-06-23,5335,손절,4,-5791,-0.060126,0.016651,-0.076895,0.052045,42897072080.0,0.017986,9516484107.0,4.33389,0.054004,0.053004,0.001235,0.027317,위,5일 상승,3) +5% ~ +10%,2) 300억 ~ 500억,1) +2% 미만,3) 3배 ~ 5배,양봉
2025,2025-06,2025-06-17,화,267270,HD건설기계,75976,1,75976,2025-07-24,91200,익절,27,15062,0.19825,0.30831,-0.040485,0.063025,32727093300.0,0.039726,6818232050.0,4.481972,0.054167,0.006588,0.001235,0.027317,위,5일 상승,3) +5% ~ +10%,2) 300억 ~ 500억,2) +2% ~ +5%,3) 3배 ~ 5배,양봉
2025,2025-06,2025-06-17,화,226590,엠디바이스,13203,7,92422,2025-06-26,12567,손절,7,-4609,-0.049873,0.055048,-0.108549,0.081148,28094831900.0,0.064568,4958974242.5,5.008576,0.026459,0.051554,0.001235,0.027317,위,5일 상승,3) +5% ~ +10%,1) 300억 미만,3) +5% ~ +10%,4) 5배 ~ 10배,양봉
2025,2025-06,2025-06-17,화,005290,동진쎄미켐,30931,3,92793,2025-06-23,29421,손절,4,-4691,-0.050549,0.018399,-0.047878,0.035176,24462355800.0,0.003247,10167079837.5,2.27968,0.023179,0.021036,0.001235,0.027317,위,5일 상승,2) +3% ~ +5%,1) 300억 미만,1) +2% 미만,2) 2배 ~ 3배,양봉
2025,2025-06,2025-06-19,목,042700,한미반도체,92592,1,92592,2025-07-17,88112,손절,20,-4640,-0.050112,0.177201,-0.060399,0.057143,475606232500.0,0.051136,77758521870.0,5.585897,0.04638,0.071351,0.001867,0.019763,위,5일 상승,3) +5% ~ +10%,"5) 2,000억 이상",3) +5% ~ +10%,4) 5배 ~ 10배,양봉
2025,2025-06,2025-06-19,목,214150,클래시스,61962,1,61962,2025-07-07,58941,손절,12,-3127,-0.050474,0.053873,-0.086535,0.018092,22228351900.0,0.008143,18256470955.0,1.165627,-0.01746,0.017771,0.001867,0.019763,위,5일 상승,1) +3% 미만,1) 300억 미만,1) +2% 미만,1) 2배 미만,음봉·보합
2025,2025-06,2025-06-20,금,021240,코웨이,97898,1,97898,2025-10-10,93107,손절,74,-4959,-0.050658,0.17163,-0.052073,0.029474,38140826400.0,0.005139,19989077145.0,1.806484,0.01875,0.006135,0.01481,0.043951,위,5일 상승,1) +3% 미만,2) 300억 ~ 500억,1) +2% 미만,1) 2배 미만,양봉
2025,2025-06,2025-06-20,금,098120,마이크로컨텍솔,18028,5,90140,2025-06-24,21650,익절,2,17918,0.198778,0.331262,-0.029288,0.125625,38097813700.0,0.098171,3138121927.5,10.545225,0.091515,0.092726,0.01481,0.043951,위,5일 상승,4) +10% ~ +15%,2) 300억 ~ 500억,3) +5% ~ +10%,5) 10배 이상,양봉
2025,2025-06,2025-06-20,금,454910,두산로보틱스,52552,1,52552,2025-06-24,63200,익절,2,10535,0.200473,0.31107,-0.03525,0.025391,26948880000.0,0.005747,8550490567.5,2.986819,0.021401,0.013333,0.01481,0.043951,위,5일 상승,1) +3% 미만,1) 300억 미만,1) +2% 미만,2) 2배 ~ 3배,양봉
2025,2025-06,2025-06-23,월,328130,루닛,24775,4,99098,2025-07-04,23576,손절,9,-4963,-0.050083,0.148473,-0.054922,0.123404,81821044800.0,0.047619,14314906467.5,5.111957,0.154098,0.001894,-0.002439,0.023012,위,5일 상승,4) +10% ~ +15%,"3) 500억 ~ 1,000억",2) +2% ~ +5%,4) 5배 ~ 10배,양봉
2025,2025-06,2025-06-23,월,098460,고영,16757,5,83784,2025-07-01,15944,손절,6,-4208,-0.05022,0.041372,-0.071418,0.026994,56191057560.0,0.026994,21309692608.5,2.468076,0.014545,0.011947,-0.002439,0.023012,위,5일 상승,1) +3% 미만,"3) 500억 ~ 1,000억",2) +2% ~ +5%,2) 2배 ~ 3배,양봉
2025,2025-06,2025-06-23,월,388720,유일로보틱스,79780,1,79780,2025-06-26,75924,손절,3,-3993,-0.05005,0.051646,-0.049884,0.051451,23969376500.0,0.001256,6396179120.0,3.540642,0.078484,0.017566,-0.002439,0.023012,위,5일 상승,3) +5% ~ +10%,1) 300억 미만,1) +2% 미만,3) 3배 ~ 5배,양봉
2025,2025-06,2025-06-23,월,117730,티로보틱스,12773,7,89409,2025-06-26,12158,손절,3,-4458,-0.049864,0.049108,-0.075376,0.072269,20837539360.0,0.009494,3987863390.0,4.90004,0.076793,0.017241,-0.002439,0.023012,위,5일 상승,3) +5% ~ +10%,1) 300억 미만,1) +2% 미만,3) 3배 ~ 5배,양봉
2025,2025-06,2025-06-24,화,457190,이수스페셜티케미컬,43043,2,86086,2025-07-15,40959,손절,15,-4316,-0.050137,0.154659,-0.055596,0.087231,27956536000.0,0.015348,10254802642.5,2.574064,0.068323,0.011628,0.029581,0.051974,위,5일 상승,3) +5% ~ +10%,1) 300억 미만,1) +2% 미만,2) 2배 ~ 3배,양봉
2025,2025-06,2025-06-25,수,096530,씨젠,35185,2,70370,2025-06-27,33466,손절,2,-3558,-0.050565,0.004685,-0.067789,0.050822,29989312150.0,0.039941,12044723280.0,2.330669,0.055556,0.015647,0.001485,0.045778,위,5일 상승,3) +5% ~ +10%,1) 300억 미만,2) +2% ~ +5%,2) 2배 ~ 3배,양봉
2025,2025-06,2025-06-25,수,161390,한국타이어앤테크놀로지,40290,2,80580,2025-07-24,48350,익절,21,15948,0.197912,0.203765,-0.024578,0.021574,20824504750.0,0.004994,16950542045.0,1.187358,0.008772,0.018634,0.001485,0.045778,위,5일 상승,1) +3% 미만,1) 300억 미만,1) +2% 미만,1) 2배 미만,양봉
2025,2025-06,2025-06-26,목,036930,주성엔지니어링,32733,3,98198,2025-06-30,31119,손절,2,-5010,-0.051023,0.003584,-0.05599,0.018692,29621196900.0,0.003067,15684846365.0,1.828893,0.0,0.022936,-0.00923,0.034194,위,5일 상승,1) +3% 미만,1) 300억 미만,1) +2% 미만,1) 2배 미만,음봉·보합
2025,2025-06,2025-06-26,목,281740,레이크머티리얼즈,13023,7,91161,2025-06-30,12398,손절,2,-4535,-0.049745,0.041234,-0.077786,0.076987,22084631120.0,0.036653,3120234122.5,6.564534,0.0408,0.026134,-0.00923,0.034194,위,5일 상승,3) +5% ~ +10%,1) 300억 미만,2) +2% ~ +5%,4) 5배 ~ 10배,양봉
2025,2025-07,2025-07-18,금,078600,대주전자재료,77377,1,77377,2025-07-31,73626,손절,9,-3884,-0.050197,0.03648,-0.056571,0.104286,56708671400.0,0.044595,10774292245.0,4.822922,0.072122,0.007762,-0.001322,0.003873,위,5일 상승,4) +10% ~ +15%,"3) 500억 ~ 1,000억",2) +2% ~ +5%,3) 3배 ~ 5배,양봉
2025,2025-07,2025-07-18,금,226950,올릭스,42042,2,84084,2025-08-05,50500,익절,12,16737,0.199048,0.236858,-0.041435,0.098039,54222252000.0,0.028152,13756505685.0,3.608855,0.057935,0.011905,-0.001322,0.003873,위,5일 상승,3) +5% ~ +10%,"3) 500억 ~ 1,000억",2) +2% ~ +5%,3) 3배 ~ 5배,양봉
2025,2025-07,2025-07-21,월,047050,포스코인터내셔널,53453,1,53453,2025-07-31,50849,손절,8,-2696,-0.050441,0.075703,-0.100151,0.032882,37305293400.0,0.019084,24904886197.5,1.417114,0.026923,0.009363,0.007133,0.002742,위,5일 상승,2) +3% ~ +5%,2) 300억 ~ 500억,1) +2% 미만,1) 2배 미만,양봉
2025,2025-07,2025-07-21,월,035900,JYP Ent.,76276,1,76276,2025-07-24,72527,손절,3,-3880,-0.050867,0.002934,-0.071794,0.014647,36432972600.0,0.002632,27507001825.0,1.281947,0.011952,0.013123,0.007133,0.002742,위,5일 상승,1) +3% 미만,2) 300억 ~ 500억,1) +2% 미만,1) 2배 미만,양봉
2025,2025-07,2025-07-22,화,082740,한화엔진,30881,3,92643,2025-08-05,37100,익절,10,18460,0.19926,0.274252,-0.035001,0.06563,94665446200.0,0.033501,17888798892.5,4.690495,0.06563,0.014587,-0.012729,-0.014101,위,5일 하락,3) +5% ~ +10%,"3) 500억 ~ 1,000억",2) +2% ~ +5%,3) 3배 ~ 5배,양봉
2025,2025-07,2025-07-22,화,322000,HD현대에너지솔루션,47347,2,94695,2025-07-30,45055,손절,6,-4748,-0.050137,0.142621,-0.054856,0.018299,21343037100.0,0.016112,6662758715.0,3.064318,0.013934,0.048626,-0.012729,-0.014101,위,5일 하락,1) +3% 미만,1) 300억 미만,1) +2% 미만,3) 3배 ~ 5배,양봉
2025,2025-07,2025-07-22,화,229640,LS에코에너지,36987,2,73974,2025-07-25,35165,손절,3,-3771,-0.050983,0.072,-0.048313,0.040845,20826534950.0,0.037921,4475761075.0,4.286993,0.040845,0.02571,-0.012729,-0.014101,위,5일 하락,2) +3% ~ +5%,1) 300억 미만,2) +2% ~ +5%,3) 3배 ~ 5배,양봉
2025,2025-07,2025-07-24,목,008730,율촌화학,33984,2,67968,2025-07-25,32318,손절,1,-3449,-0.050751,-0.012769,-0.084862,0.0864,23800036400.0,0.060938,5150249390.0,4.086263,0.09164,0.033873,0.002098,-0.000576,위,5일 하락,3) +5% ~ +10%,1) 300억 미만,3) +5% ~ +10%,3) 3배 ~ 5배,양봉
2025,2025-07,2025-07-25,금,047810,한국항공우주,92893,1,92893,2025-08-12,88412,손절,12,-4641,-0.049962,0.123876,-0.051595,0.00216,26979187200.0,0.00216,46565838820.0,0.55338,0.004329,0.002155,0.001755,0.002503,위,5일 상승,1) +3% 미만,1) 300억 미만,1) +2% 미만,1) 2배 미만,양봉
2025,2025-07,2025-07-29,화,010120,LS ELECTRIC,60861,1,60861,2025-08-01,57942,손절,3,-3024,-0.049679,0.040078,-0.053578,0.041096,69841872000.0,0.028765,53753868825.0,1.193716,0.048276,0.003289,0.006559,0.019127,위,5일 상승,2) +3% ~ +5%,"3) 500억 ~ 1,000억",2) +2% ~ +5%,1) 2배 미만,양봉
2025,2025-07,2025-07-29,화,181710,NHN,30831,3,92492,2025-07-30,29321,손절,1,-4689,-0.050701,-0.009108,-0.070734,0.047619,44006639600.0,0.003257,3916374780.0,10.720544,-0.123755,0.175325,0.006559,0.019127,위,5일 상승,2) +3% ~ +5%,2) 300억 ~ 500억,1) +2% 미만,5) 10배 이상,음봉·보합
2025,2025-07,2025-07-29,화,183300,코미코,15037,6,90221,2025-07-31,14316,손절,2,-4482,-0.049683,0.02479,-0.051221,0.038082,36269196800.0,0.023644,9057135665.0,3.661901,0.008219,0.005435,0.006559,0.019127,위,5일 상승,2) +3% ~ +5%,2) 300억 ~ 500억,2) +2% ~ +5%,3) 3배 ~ 5배,양봉
2025,2025-07,2025-07-29,화,023160,태광,21672,4,86687,2025-08-12,26050,익절,10,17328,0.199898,0.220489,-0.010228,0.077114,22867487750.0,0.026066,4032974938.0,5.205296,0.045894,0.023095,0.006559,0.019127,위,5일 상승,3) +5% ~ +10%,1) 300억 미만,2) +2% ~ +5%,4) 5배 ~ 10배,양봉
2025,2025-08,2025-08-08,금,445680,큐리옥스바이오시스템즈,50250,1,50250,2025-08-18,43357,손절,5,-6973,-0.138759,0.120394,-0.203983,0.250311,40542624400.0,0.150057,5240526110.0,6.109346,0.203837,0.01992,-0.005475,0.029044,위,5일 상승,6) +20% 이상,2) 300억 ~ 500억,4) +10% 이상,4) 5배 ~ 10배,양봉
2025,2025-08,2025-08-08,금,045390,대아티아이,5666,17,96316,2025-08-14,5385,손절,4,-4943,-0.051324,0.034301,-0.05042,0.082218,25344427240.0,0.082218,3351801570.0,6.710118,0.040441,0.022968,-0.005475,0.029044,위,5일 상승,3) +5% ~ +10%,1) 300억 미만,3) +5% ~ +10%,4) 5배 ~ 10배,양봉
2025,2025-08,2025-08-08,금,419530,SAMG엔터,82582,1,82582,2025-08-11,78621,손절,1,-4103,-0.049687,-0.009475,-0.079708,0.057692,21034695000.0,0.03125,8648923925.0,2.212967,0.05905,0.021818,-0.005475,0.029044,위,5일 상승,3) +5% ~ +10%,1) 300억 미만,2) +2% ~ +5%,2) 2배 ~ 3배,양봉
2025,2025-08,2025-08-08,금,079900,전진건설로봇,53954,1,53954,2025-08-22,50350,손절,9,-3695,-0.068493,0.150983,-0.073283,0.056863,20889052800.0,0.028626,3238675690.0,5.980971,0.011257,0.027829,-0.005475,0.029044,위,5일 상승,3) +5% ~ +10%,1) 300억 미만,2) +2% ~ +5%,4) 5배 ~ 10배,양봉
2025,2025-08,2025-08-11,월,034020,두산에너빌리티,69469,1,69469,2025-08-12,66134,손절,1,-3455,-0.049736,0.016275,-0.062897,0.045181,841085180200.0,0.01462,476936827125.0,1.639362,0.037369,0.008646,-0.001009,0.01875,위,5일 상승,2) +3% ~ +5%,"5) 2,000억 이상",1) +2% 미만,1) 2배 미만,양봉
2025,2025-08,2025-08-12,화,011930,신성이엔지,16627,5,83133,2025-08-19,15824,손절,4,-4155,-0.049983,0.013436,-0.058136,0.077173,85038079137.0,0.003019,3646639548.25,22.008574,0.064061,0.068633,-0.005258,-0.00253,아래,5일 하락,3) +5% ~ +10%,"3) 500억 ~ 1,000억",1) +2% 미만,5) 10배 이상,양봉
2025,2025-08,2025-08-12,화,300080,플리토,12583,7,88078,2025-08-18,11978,손절,3,-4383,-0.049768,0.032381,-0.073321,0.11535,24585625290.0,0.021951,5261340418.5,4.147859,0.046628,0.073986,-0.005258,-0.00253,아래,5일 하락,4) +10% ~ +15%,1) 300억 미만,2) +2% ~ +5%,3) 3배 ~ 5배,양봉
2025,2025-08,2025-08-14,목,042700,한미반도체,93093,1,93093,2025-08-18,88611,손절,1,-4642,-0.049863,-0.017112,-0.049338,0.016393,41865066000.0,0.01197,49757666765.0,0.80006,0.020856,0.0,0.0004,-0.000626,위,5일 하락,1) +3% 미만,2) 300억 ~ 500억,1) +2% 미만,1) 2배 미만,양봉
2025,2025-08,2025-08-14,목,014990,인디에프,7708,12,92492,2025-08-18,7333,손절,1,-4660,-0.050378,-0.016568,-0.078843,0.096085,31500008540.0,0.048332,5454203019.45,5.238594,0.11031,0.064286,0.0004,-0.000626,위,5일 하락,3) +5% ~ +10%,2) 300억 ~ 500억,2) +2% ~ +5%,4) 5배 ~ 10배,양봉
2025,2025-08,2025-08-18,월,363260,모비데이즈,9745,10,97447,2025-08-20,9261,손절,2,-5007,-0.051386,0.018499,-0.051283,0.058152,23107159548.0,0.051296,3226774607.35,6.725631,0.021511,0.058038,-0.014998,-0.010196,아래,5일 하락,3) +5% ~ +10%,1) 300억 미만,3) +5% ~ +10%,4) 5배 ~ 10배,양봉
2025,2025-08,2025-08-18,월,081660,미스토홀딩스,38639,2,77277,2025-10-30,36713,손절,48,-3983,-0.051547,0.106407,-0.050173,0.054645,21829226400.0,0.01847,4020445177.5,5.158963,0.036242,0.025907,-0.014998,-0.010196,아래,5일 하락,3) +5% ~ +10%,1) 300억 미만,1) +2% 미만,4) 5배 ~ 10배,양봉
2025,2025-08,2025-08-19,화,187660,페니트리움바이오,2081,47,97799,2025-08-20,1981,손절,1,-4859,-0.049684,0.06669,-0.091096,0.166213,80819708660.00002,0.166213,8273438476.65,7.641194,0.175824,0.079439,-0.008095,-0.017217,아래,5일 하락,5) +15% ~ +20%,"3) 500억 ~ 1,000억",4) +10% 이상,4) 5배 ~ 10배,양봉
2025,2025-08,2025-08-19,화,253450,스튜디오드래곤,49399,2,98799,2025-08-27,47003,손절,6,-4963,-0.050231,0.030378,-0.056668,0.089404,55772557050.0,0.003049,4096015132.5,12.981331,0.04334,0.045593,-0.008095,-0.017217,아래,5일 하락,3) +5% ~ +10%,"3) 500억 ~ 1,000억",1) +2% 미만,5) 10배 이상,양봉
2025,2025-08,2025-08-19,화,476060,온코닉테라퓨틱스,6957,14,97397,2025-08-20,6613,손절,1,-4977,-0.051104,-0.018967,-0.126773,0.077519,40609767400.0,0.018315,4670065620.0,7.978037,0.088063,0.044964,-0.008095,-0.017217,아래,5일 하락,3) +5% ~ +10%,2) 300억 ~ 500억,1) +2% 미만,4) 5배 ~ 10배,양봉
2025,2025-08,2025-08-25,월,003490,대한항공,25626,3,76877,2025-08-26,24376,손절,1,-3882,-0.050499,-0.004901,-0.047827,0.030181,42300160000.0,0.017893,28673866895.0,1.403349,0.017893,0.005859,0.01298,0.010254,위,5일 상승,2) +3% ~ +5%,2) 300억 ~ 500억,1) +2% 미만,1) 2배 미만,양봉
2025,2025-08,2025-08-25,월,241560,두산밥캣,57257,1,57257,2025-08-27,54446,손절,2,-2910,-0.050825,-0.013225,-0.049901,0.059259,28965164800.0,0.007042,12772811880.0,2.194782,0.049541,0.0,0.01298,0.010254,위,5일 상승,3) +5% ~ +10%,1) 300억 미만,1) +2% 미만,2) 2배 ~ 3배,양봉
2025,2025-08,2025-08-25,월,041190,우리기술투자,10561,9,95045,2025-08-27,10050,손절,2,-4759,-0.050071,-0.024672,-0.048345,0.051844,21933249550.0,0.002852,10921849277.5,1.894872,0.014423,0.028436,0.01298,0.010254,위,5일 상승,3) +5% ~ +10%,1) 300억 미만,1) +2% 미만,1) 2배 미만,양봉
2025,2025-08,2025-08-26,화,011170,롯데케미칼,68268,1,68268,2025-08-28,64935,손절,2,-3451,-0.050545,0.000466,-0.063986,0.04441,27630343400.0,0.002941,12129639065.0,2.139336,0.049231,0.027859,-0.009502,0.008821,아래,5일 상승,2) +3% ~ +5%,1) 300억 미만,1) +2% 미만,2) 2배 ~ 3배,양봉
2025,2025-08,2025-08-28,목,047810,한국항공우주,96396,1,96396,2025-09-17,115700,익절,14,19098,0.198123,0.232412,-0.032121,0.029947,69731118900.0,0.012618,53162878995.0,1.253668,0.031049,0.004154,0.002874,0.017373,위,5일 상승,1) +3% 미만,"3) 500억 ~ 1,000억",1) +2% 미만,1) 2배 미만,양봉
2025,2025-08,2025-08-28,목,048410,현대바이오,6667,14,93333,2025-08-29,6344,손절,1,-4683,-0.050172,0.023001,-0.113499,0.25188,65627053920.0,0.11745,4004083830.0,13.374736,0.275862,0.031532,0.002874,0.017373,위,5일 상승,6) +20% 이상,"3) 500억 ~ 1,000억",4) +10% 이상,5) 10배 이상,양봉
2025,2025-08,2025-08-28,목,001270,부국증권,64164,1,64164,2025-09-09,77000,익절,8,12699,0.197918,0.262388,-0.015026,0.150808,43277050900.0,0.118674,3334235880.0,10.908484,0.152878,0.053042,0.002874,0.017373,위,5일 상승,5) +15% ~ +20%,2) 300억 ~ 500억,4) +10% 이상,5) 10배 이상,양봉
2025,2025-08,2025-08-28,목,004990,롯데지주,28929,3,86787,2025-10-13,27522,손절,27,-4369,-0.050337,0.133814,-0.056307,0.047101,23616444200.0,0.026643,4655423342.5,4.819534,0.054745,0.036332,0.002874,0.017373,위,5일 상승,2) +3% ~ +5%,1) 300억 미만,2) +2% ~ +5%,3) 3배 ~ 5배,양봉
2025,2025-08,2025-08-29,금,080220,제주반도체,16096,6,96576,2025-09-15,19320,익절,11,19138,0.198162,0.20402,-0.033926,0.095368,58117156080.0,0.064901,3421927392.0,15.290838,0.085753,0.003109,-0.003226,0.005453,위,5일 상승,3) +5% ~ +10%,"3) 500억 ~ 1,000억",3) +5% ~ +10%,5) 10배 이상,양봉
2025,2025-08,2025-08-29,금,466100,클로봇,18147,5,90737,2025-09-08,21800,익절,6,18070,0.199147,0.237008,-0.014048,0.023529,48835250640.0,0.010026,15546524910.0,3.019974,0.023529,0.03605,-0.003226,0.005453,위,5일 상승,1) +3% 미만,2) 300억 ~ 500억,1) +2% 미만,3) 3배 ~ 5배,양봉
2025,2025-08,2025-08-29,금,006800,미래에셋증권,19169,5,95846,2025-09-15,23050,익절,11,19200,0.200319,0.233753,-0.041689,0.003143,40063715000.0,0.003143,39519155787.0,0.977981,-0.011868,0.015144,-0.003226,0.005453,위,5일 상승,1) +3% 미만,2) 300억 ~ 500억,1) +2% 미만,1) 2배 미만,음봉·보합
2025,2025-09,2025-09-05,금,376900,로킷헬스케어,16587,6,99519,2025-09-24,19910,익절,13,19729,0.198238,0.205192,-0.037776,0.090132,26207791370.0,0.045426,4094838870.0,5.929004,0.084424,0.019916,0.00134,0.005998,위,5일 상승,3) +5% ~ +10%,1) 300억 미만,2) +2% ~ +5%,4) 5배 ~ 10배,양봉
2025,2025-09,2025-09-05,금,950160,코오롱티슈진,42442,2,84885,2025-09-12,51000,익절,5,16934,0.199496,0.211053,-0.033985,0.066667,25906315200.0,0.066667,6046036885.0,3.854982,0.066667,0.009434,0.00134,0.005998,위,5일 상승,3) +5% ~ +10%,1) 300억 미만,3) +5% ~ +10%,3) 3배 ~ 5배,양봉
2025,2025-09,2025-09-09,화,016360,삼성증권,72673,1,72673,,,보유중,74,18216,0.253567,1.242936,-0.027144,0.044604,52040260800.0,0.044604,14476758960.0,3.382082,0.037143,0.001377,0.012567,0.027645,위,5일 상승,2) +3% ~ +5%,"3) 500억 ~ 1,000억",2) +2% ~ +5%,3) 3배 ~ 5배,양봉
2025,2025-09,2025-09-09,화,463020,뉴엔AI,25976,3,77928,2025-09-29,24725,손절,14,-3886,-0.049869,0.191487,-0.062594,0.083507,51961838850.0,0.057026,4649016025.0,10.027739,0.076763,0.061657,0.012567,0.027645,위,5일 상승,3) +5% ~ +10%,"3) 500억 ~ 1,000억",3) +5% ~ +10%,5) 10배 이상,양봉
2025,2025-09,2025-09-09,화,200670,휴메딕스,65566,1,65566,2025-09-10,62338,손절,1,-3341,-0.05095,-0.005575,-0.049805,0.029874,32320909500.0,0.029874,9238440655.0,3.205993,0.004601,0.047328,0.012567,0.027645,위,5일 상승,1) +3% 미만,2) 300억 ~ 500억,2) +2% ~ +5%,3) 3배 ~ 5배,양봉
2025,2025-09,2025-09-09,화,003530,한화투자증권,6026,16,96416,2025-09-24,5734,손절,11,-4834,-0.050137,0.043807,-0.074016,0.052448,31592947960.0,0.04878,7357332946.0,3.959037,0.034364,0.013289,0.012567,0.027645,위,5일 상승,3) +5% ~ +10%,2) 300억 ~ 500억,2) +2% ~ +5%,3) 3배 ~ 5배,양봉
2025,2025-09,2025-09-09,화,005940,NH투자증권,20220,4,80881,2025-09-26,19241,손절,13,-4057,-0.05016,0.083075,-0.047982,0.043928,27836084800.0,0.02486,9906233212.5,2.6792,0.03856,0.014851,0.012567,0.027645,위,5일 상승,2) +3% ~ +5%,1) 300억 미만,2) +2% ~ +5%,2) 2배 ~ 3배,양봉
2025,2025-09,2025-09-09,화,082270,젬백스,56556,1,56556,2025-09-11,53746,손절,2,-2907,-0.051408,0.060886,-0.073493,0.147208,26872078000.0,0.058052,10427052817.5,2.190514,0.125498,0.017699,0.012567,0.027645,위,5일 상승,4) +10% ~ +15%,1) 300억 미만,3) +5% ~ +10%,2) 2배 ~ 3배,양봉
2025,2025-09,2025-09-09,화,065500,오리엔트정공,3158,31,97903,2025-09-11,3002,손절,2,-5009,-0.051165,0.017999,-0.048495,0.031046,22609193785.0,0.007987,3774172221.25,5.567998,0.021036,0.103011,0.012567,0.027645,위,5일 상승,2) +3% ~ +5%,1) 300억 미만,1) +2% 미만,4) 5배 ~ 10배,양봉
2025,2025-09,2025-09-10,수,010120,LS ELECTRIC,61762,1,61762,2025-09-22,58741,손절,8,-3127,-0.050625,0.036241,-0.05443,0.054701,79294063500.0,0.003252,38951347250.0,1.881343,0.04223,0.008104,0.016711,0.040858,위,5일 상승,3) +5% ~ +10%,"3) 500억 ~ 1,000억",1) +2% 미만,1) 2배 미만,양봉
2025,2025-09,2025-09-10,수,316140,우리금융지주,25776,3,77327,,,보유중,73,28478,0.371444,0.61004,-0.043675,0.04251,74960670500.0,0.011788,31479498997.5,2.290961,0.04251,0.005825,0.016711,0.040858,위,5일 상승,2) +3% ~ +5%,"3) 500억 ~ 1,000억",1) +2% 미만,2) 2배 ~ 3배,양봉
2025,2025-09,2025-09-10,수,011200,HMM,23774,4,95095,2025-09-19,22627,손절,7,-4749,-0.049942,0.036858,-0.055681,0.030369,53194965000.0,0.004228,40936108187.5,1.243191,0.032609,0.002105,0.016711,0.040858,위,5일 상승,2) +3% ~ +5%,"3) 500억 ~ 1,000억",1) +2% 미만,1) 2배 미만,양봉
2025,2025-09,2025-09-10,수,000990,DB하이텍,50450,1,50450,2025-10-10,60600,익절,17,10042,0.199048,0.209108,-0.012892,0.086207,48119551200.0,0.065539,6127187672.5,7.094392,0.086207,0.009921,0.016711,0.040858,위,5일 상승,3) +5% ~ +10%,2) 300억 ~ 500억,3) +5% ~ +10%,4) 5배 ~ 10배,양봉
2025,2025-09,2025-09-10,수,489790,한화비전,59559,1,59559,2025-09-24,56643,손절,10,-3019,-0.050682,0.054408,-0.04969,0.018836,34724021500.0,0.008475,20512358970.0,1.584421,0.025862,0.005042,0.016711,0.040858,위,5일 상승,1) +3% 미만,2) 300억 ~ 500억,1) +2% 미만,1) 2배 미만,양봉
2025,2025-09,2025-09-10,수,005290,동진쎄미켐,33183,2,66366,2025-09-22,39850,익절,8,13192,0.198779,0.252142,-0.008533,0.045741,32897131800.0,0.02,9484043480.0,3.171782,0.034321,0.001508,0.016711,0.040858,위,5일 상승,2) +3% ~ +5%,2) 300억 ~ 500억,2) +2% ~ +5%,3) 3배 ~ 5배,양봉
2025,2025-09,2025-09-10,수,024110,기업은행,19910,5,99549,2025-10-10,18951,손절,17,-4966,-0.049881,0.01206,-0.055746,0.038642,30109044420.0,0.020523,12481455554.5,2.328748,0.025258,0.00553,0.016711,0.040858,위,5일 상승,2) +3% ~ +5%,2) 300억 ~ 500억,2) +2% ~ +5%,2) 2배 ~ 3배,양봉
2025,2025-09,2025-09-10,수,119850,지엔씨에너지,34785,2,69569,2025-09-19,33067,손절,7,-3555,-0.051104,0.04931,-0.069995,0.103175,26238404500.0,0.062691,12526685430.0,1.852972,0.092767,0.011511,0.016711,0.040858,위,5일 상승,4) +10% ~ +15%,1) 300억 미만,3) +5% ~ +10%,1) 2배 미만,양봉
2025,2025-09,2025-09-10,수,074600,원익QnC,19570,5,97848,2025-09-19,23750,익절,7,20692,0.211468,0.216175,-0.010197,0.086111,21437943500.0,0.033298,3024700416.5,6.42403,0.067723,0.009207,0.016711,0.040858,위,5일 상승,3) +5% ~ +10%,1) 300억 미만,2) +2% ~ +5%,4) 5배 ~ 10배,양봉
2025,2025-09,2025-09-11,목,475150,SK이터닉스,24625,4,98498,2025-09-17,23427,손절,4,-4962,-0.050372,0.041641,-0.051761,0.100671,90291471000.0,0.040169,13273944892.5,6.01223,0.086093,0.00813,0.008951,0.044792,위,5일 상승,4) +10% ~ +15%,"3) 500억 ~ 1,000억",2) +2% ~ +5%,4) 5배 ~ 10배,양봉
2025,2025-09,2025-09-11,목,272210,한화시스템,54655,1,54655,2025-10-14,51948,손절,18,-2801,-0.05124,0.141715,-0.066867,0.018657,61411459200.0,0.001835,50764941460.0,1.160174,0.012987,0.0,0.008951,0.044792,위,5일 상승,1) +3% 미만,"3) 500억 ~ 1,000억",1) +2% 미만,1) 2배 미만,양봉
2025,2025-09,2025-09-12,금,234340,헥토파이낸셜,18649,5,93243,2025-09-16,17752,손절,2,-4642,-0.049789,-0.00368,-0.056231,0.138753,138250156050.0,0.085032,4134074573.0,28.575001,0.118919,0.044015,0.015352,0.059411,위,5일 상승,4) +10% ~ +15%,"4) 1,000억 ~ 2,000억",3) +5% ~ +10%,5) 10배 이상,양봉
2025,2025-09,2025-09-12,금,055550,신한지주,69369,1,69369,2025-11-13,83300,익절,39,13783,0.198688,0.209469,-0.018298,0.022124,106521584400.0,0.002894,88374020415.0,1.153269,0.005806,0.001443,0.015352,0.059411,위,5일 상승,1) +3% 미만,"4) 1,000억 ~ 2,000억",1) +2% 미만,1) 2배 미만,양봉
2025,2025-09,2025-09-12,금,036620,감성코퍼레이션,6436,15,96546,2025-09-15,6124,손절,1,-4854,-0.050281,0.039396,-0.050716,0.118261,57981714820.0,0.055829,5283007005.5,9.815762,0.020635,0.043546,0.015352,0.059411,위,5일 상승,4) +10% ~ +15%,"3) 500억 ~ 1,000억",3) +5% ~ +10%,4) 5배 ~ 10배,양봉
2025,2025-09,2025-09-12,금,011790,SKC,97945,1,97945,2025-09-26,93207,손절,10,-4907,-0.0501,0.051782,-0.069135,0.026627,46290563400.0,0.01068,31748791195.0,1.362998,0.023599,0.011527,0.015352,0.059411,위,5일 상승,1) +3% 미만,2) 300억 ~ 500억,1) +2% 미만,1) 2배 미만,양봉
2025,2025-09,2025-09-12,금,034220,LG디스플레이,12112,8,96897,2025-09-29,14540,익절,11,19217,0.198322,0.21036,-0.016686,0.029787,24314332900.0,0.003317,32097126434.0,0.737746,0.021959,0.0,0.015352,0.059411,위,5일 상승,1) +3% 미만,1) 300억 미만,1) +2% 미만,1) 2배 미만,양봉
2025,2025-09,2025-09-12,금,008770,호텔신라,50951,1,50951,2025-11-04,48501,손절,32,-2537,-0.049795,0.146202,-0.048103,0.034553,21889850400.0,0.024145,7401283102.5,2.794949,0.033503,0.009823,0.015352,0.059411,위,5일 상승,2) +3% ~ +5%,1) 300억 미만,2) +2% ~ +5%,2) 2배 ~ 3배,양봉
2025,2025-09,2025-09-15,월,005690,파미셀,14394,6,86366,2025-09-16,13696,손절,1,-4337,-0.050217,-0.000304,-0.114932,0.22383,288798774320.0,0.195345,12828542728.0,17.538122,0.217612,0.023644,0.003466,0.058306,위,5일 상승,6) +20% 이상,"5) 2,000억 이상",4) +10% 이상,5) 10배 이상,양봉
2025,2025-09,2025-09-15,월,042700,한미반도체,91191,1,91191,2025-10-10,109500,익절,14,18115,0.198644,0.309338,-0.018545,0.0022,56717766800.0,0.0022,46093647765.0,1.180847,-0.016199,0.019759,0.003466,0.058306,위,5일 상승,1) +3% 미만,"3) 500억 ~ 1,000억",1) +2% 미만,1) 2배 미만,음봉·보합
2025,2025-09,2025-09-15,월,066570,LG전자,77177,1,77177,2025-11-06,92700,익절,33,15358,0.199002,0.208908,-0.028209,0.001299,28970633400.0,0.001299,26117946705.0,1.082795,0.001299,0.007782,0.003466,0.058306,위,5일 상승,1) +3% 미만,1) 300억 미만,1) +2% 미만,1) 2배 미만,양봉
2025,2025-09,2025-09-15,월,290690,아리바이오홀딩스,5846,17,99379,2025-09-16,5564,손절,1,-4955,-0.049859,0.026371,-0.108768,0.145098,25332068720.0,0.112381,3776228895.25,5.799831,0.138402,0.0,0.003466,0.058306,위,5일 상승,4) +10% ~ +15%,1) 300억 미만,4) +10% 이상,4) 5배 ~ 10배,양봉
2025,2025-09,2025-09-15,월,200710,에이디테크놀로지,24875,4,99499,2025-11-05,23676,손절,32,-4965,-0.049904,0.191967,-0.111552,0.087527,24654380800.0,0.061966,6060605592.5,3.655903,0.057447,0.002012,0.003466,0.058306,위,5일 상승,3) +5% ~ +10%,1) 300억 미만,3) +5% ~ +10%,3) 3배 ~ 5배,양봉
2025,2025-09,2025-09-17,수,034230,파라다이스,22673,4,90691,2025-09-25,21578,손절,6,-4533,-0.049983,0.058544,-0.069363,0.06338,137504073000.0,0.046189,22312376450.5,5.69499,0.06338,0.033113,-0.0105,0.029829,위,5일 상승,3) +5% ~ +10%,"4) 1,000억 ~ 2,000억",2) +2% ~ +5%,4) 5배 ~ 10배,양봉
2025,2025-09,2025-09-17,수,042670,HD현대인프라코어,15846,6,95075,2025-09-29,15085,손절,8,-4729,-0.049742,0.06274,-0.052117,0.035995,60155693810.0,0.017352,23263879997.0,2.419827,0.017352,0.036008,-0.0105,0.029829,위,5일 상승,2) +3% ~ +5%,"3) 500억 ~ 1,000억",1) +2% 미만,2) 2배 ~ 3배,양봉
2025,2025-09,2025-09-17,수,267270,HD건설기계,96596,1,96596,2025-09-30,91908,손절,9,-4855,-0.050257,0.06008,-0.05069,0.024416,23119084000.0,0.014721,10923855245.0,1.999181,0.008359,0.030052,-0.0105,0.029829,위,5일 상승,1) +3% 미만,1) 300억 미만,1) +2% 미만,1) 2배 미만,양봉
2025,2025-09,2025-09-18,목,161890,한국콜마,80380,1,80380,2025-10-01,76523,손절,9,-3995,-0.049704,0.008954,-0.050762,0.017744,24468614500.0,0.008794,14206209255.0,1.670941,0.007528,0.004981,0.014033,0.035016,위,5일 상승,1) +3% 미만,1) 300억 미만,1) +2% 미만,1) 2배 미만,양봉
2025,2025-09,2025-09-19,금,035900,JYP Ent.,78078,1,78078,2025-09-24,74326,손절,3,-3887,-0.04978,0.002843,-0.054791,0.011673,31765500000.0,0.006452,28840537725.0,1.069803,0.011673,0.0,-0.00464,0.014637,위,5일 상승,1) +3% 미만,2) 300억 ~ 500억,1) +2% 미만,1) 2배 미만,양봉
2025,2025-09,2025-09-23,화,033340,좋은사람들,2477,40,99099,2025-09-24,2358,손절,1,-4964,-0.05009,-0.023199,-0.093835,0.071429,46008116550.0,0.008147,11584063492.95,3.533586,0.03125,0.006061,0.005057,0.010601,위,5일 상승,3) +5% ~ +10%,2) 300억 ~ 500억,1) +2% 미만,3) 3배 ~ 5배,양봉
2025,2025-09,2025-09-23,화,025980,아난티,9860,10,98598,2025-09-24,9381,손절,1,-4962,-0.050325,-0.039539,-0.065909,0.083608,40651994100.0,0.007157,10511092900.5,3.608374,0.033578,0.00203,0.005057,0.010601,위,5일 상승,3) +5% ~ +10%,2) 300억 ~ 500억,1) +2% 미만,3) 3배 ~ 5배,양봉
2025,2025-10,2025-10-13,월,101670,하이드로리튬,2653,37,98148,2025-10-14,2522,손절,1,-4985,-0.050793,0.004656,-0.063201,0.144708,50665310250.0,0.035156,8337380171.25,5.647194,0.111111,0.081132,-0.007215,0.04469,위,5일 상승,4) +10% ~ +15%,"3) 500억 ~ 1,000억",2) +2% ~ +5%,4) 5배 ~ 10배,양봉
2025,2025-10,2025-10-13,월,101490,에스앤에스텍,59860,1,59860,2025-10-14,56943,손절,1,-3020,-0.050447,0.019048,-0.087869,0.12406,33886387600.0,0.095238,11354719702.5,2.574291,0.152216,0.010033,-0.007215,0.04469,위,5일 상승,4) +10% ~ +15%,2) 300억 ~ 500억,3) +5% ~ +10%,2) 2배 ~ 3배,양봉
2025,2025-10,2025-10-15,수,015760,한국전력,39389,2,78779,2025-11-11,47300,익절,19,15653,0.198701,0.279534,0.002809,0.043767,168896259900.0,0.016796,77854324465.0,2.020325,0.053548,0.005083,0.026804,0.058293,위,5일 상승,2) +3% ~ +5%,"4) 1,000억 ~ 2,000억",1) +2% 미만,2) 2배 ~ 3배,양봉
2025,2025-10,2025-10-15,수,052690,한전기술,96797,1,96797,2025-10-29,116500,익절,10,19497,0.201418,0.218017,-0.034058,0.091422,113734381900.0,0.044276,21825145955.0,4.7588,0.078038,0.033092,0.026804,0.058293,위,5일 상승,3) +5% ~ +10%,"4) 1,000억 ~ 2,000억",2) +2% ~ +5%,3) 3배 ~ 5배,양봉
2025,2025-10,2025-10-15,수,267320,나인테크,3679,27,99324,2025-10-27,4415,익절,8,19669,0.19803,0.219189,-0.041775,0.132512,56721284025.0,0.056034,3558275220.0,14.293584,0.123853,0.027211,0.026804,0.058293,위,5일 상승,4) +10% ~ +15%,"3) 500억 ~ 1,000억",3) +5% ~ +10%,5) 10배 이상,양봉
2025,2025-10,2025-10-15,수,017960,한국카본,38488,2,76977,2025-10-16,36613,손절,1,-3883,-0.050438,0.021086,-0.075047,0.134218,43702231550.0,0.1033,15170290887.5,2.495866,0.129222,0.013004,0.026804,0.058293,위,5일 상승,4) +10% ~ +15%,2) 300억 ~ 500억,4) +10% 이상,2) 2배 ~ 3배,양봉
2025,2025-10,2025-10-16,목,450080,에코프로머티,63463,1,63463,2025-11-05,60340,손절,14,-3233,-0.050941,0.118755,-0.054573,0.260437,169429209000.0,0.205323,13374367710.0,9.94356,0.257937,0.0,0.024906,0.056114,위,5일 상승,6) +20% 이상,"4) 1,000억 ~ 2,000억",4) +10% 이상,4) 5배 ~ 10배,양봉
2025,2025-10,2025-10-16,목,086520,에코프로,57758,1,57758,2025-10-17,69400,익절,1,11519,0.199439,0.279483,0.028434,0.140316,155424989800.0,0.140316,27538171557.5,4.799117,0.138067,0.0,0.024906,0.056114,위,5일 상승,4) +10% ~ +15%,"4) 1,000억 ~ 2,000억",4) +10% 이상,3) 3배 ~ 5배,양봉
2025,2025-10,2025-10-16,목,051980,중앙첨단소재,3048,32,97537,2025-10-20,2897,손절,2,-4998,-0.05124,0.071178,-0.055132,0.17341,61144403880.0,0.105263,4687079678.25,11.088364,0.111314,0.039409,0.024906,0.056114,위,5일 상승,5) +15% ~ +20%,"3) 500억 ~ 1,000억",4) +10% 이상,5) 10배 이상,양봉
2025,2025-10,2025-10-16,목,348370,엔켐,81481,1,81481,2025-10-24,97800,익절,6,16145,0.198143,0.208865,-0.02309,0.086782,36357717000.0,0.01118,13511381700.0,2.513465,0.055772,0.007371,0.024906,0.056114,위,5일 상승,3) +5% ~ +10%,2) 300억 ~ 500억,1) +2% 미만,2) 2배 ~ 3배,양봉
2025,2025-10,2025-10-16,목,161390,한국타이어앤테크놀로지,41491,2,82983,2025-11-10,50500,익절,17,17838,0.21496,0.42439,-0.007024,0.031095,28736953400.0,0.017178,13596271535.0,1.989199,0.00729,0.018094,0.024906,0.056114,위,5일 상승,2) +3% ~ +5%,1) 300억 미만,1) +2% 미만,1) 2배 미만,양봉
2025,2025-10,2025-10-16,목,094940,푸른로보틱스,8999,11,98989,2025-10-17,8561,손절,1,-4983,-0.050343,-0.011,-0.057672,0.053927,25530251500.0,0.019274,3319810807.5,7.30683,0.027429,0.051168,0.024906,0.056114,위,5일 상승,3) +5% ~ +10%,1) 300억 미만,1) +2% 미만,4) 5배 ~ 10배,양봉
2025,2025-10,2025-10-16,목,047050,포스코인터내셔널,51752,1,51752,2025-10-23,62200,익절,5,10338,0.19976,0.215419,-0.01839,0.023762,25059093400.0,0.021739,17027337062.5,1.405708,0.015717,0.007737,0.024906,0.056114,위,5일 상승,1) +3% 미만,1) 300억 미만,2) +2% ~ +5%,1) 2배 미만,양봉
2025,2025-10,2025-10-16,목,028300,HLB,39840,2,79680,2025-10-29,48800,익절,9,17747,0.222735,0.247496,-0.021079,0.032425,23725058600.0,0.003783,15181748220.0,1.523783,0.027097,0.006281,0.024906,0.056114,위,5일 상승,2) +3% ~ +5%,1) 300억 미만,1) +2% 미만,1) 2배 미만,양봉
2025,2025-10,2025-10-16,목,078600,대주전자재료,71872,1,71872,2025-10-27,87000,익절,7,14974,0.208341,0.210489,-0.003782,0.055882,23145304400.0,0.012694,5117228590.0,4.286824,0.051245,0.001393,0.024906,0.056114,위,5일 상승,3) +5% ~ +10%,1) 300억 미만,1) +2% 미만,3) 3배 ~ 5배,양봉
2025,2025-10,2025-10-20,월,007390,네이처셀,27978,3,83934,2025-10-21,26623,손절,1,-4208,-0.050137,0.011511,-0.084994,0.194444,82333544800.0,0.152577,13134415569.5,4.842103,0.070881,0.026834,0.017552,0.064203,위,5일 상승,5) +15% ~ +20%,"3) 500억 ~ 1,000억",4) +10% 이상,3) 3배 ~ 5배,양봉
2025,2025-10,2025-10-21,화,064820,케이프,15876,6,95255,2025-10-22,15105,손절,1,-4790,-0.050283,-0.018006,-0.080365,0.233281,172614657280.0,0.15682,12762609257.5,10.861481,0.22471,0.052963,0.002399,0.073567,위,5일 상승,6) +20% 이상,"4) 1,000억 ~ 2,000억",4) +10% 이상,5) 10배 이상,양봉
2025,2025-10,2025-10-21,화,333430,일승,8629,11,94915,2025-10-29,8212,손절,6,-4749,-0.050029,0.089398,-0.055469,0.102302,65241271660.0,0.029869,14284545258.5,4.202252,0.084277,0.027842,0.002399,0.073567,위,5일 상승,4) +10% ~ +15%,"3) 500억 ~ 1,000억",2) +2% ~ +5%,3) 3배 ~ 5배,양봉
2025,2025-10,2025-10-21,화,071970,HD현대마린엔진,94895,1,94895,2025-11-05,90310,손절,11,-4748,-0.050039,0.123349,-0.104271,0.073613,62990523600.0,0.025974,30265126370.0,1.898066,0.065169,0.009494,0.002399,0.073567,위,5일 상승,3) +5% ~ +10%,"3) 500억 ~ 1,000억",2) +2% ~ +5%,1) 2배 미만,양봉
2025,2025-10,2025-10-21,화,051600,한전KPS,51551,1,51551,2025-11-05,49051,손절,11,-2589,-0.050227,0.045556,-0.055314,0.027944,25765604500.0,0.023857,8528355927.5,2.878777,0.005859,0.031068,0.002399,0.073567,위,5일 상승,1) +3% 미만,1) 300억 미만,2) +2% ~ +5%,2) 2배 ~ 3배,양봉
2025,2025-10,2025-10-22,수,078930,GS,48999,2,97998,2025-11-12,58800,익절,15,19393,0.197896,0.240843,-0.041816,0.058378,23322227500.0,0.041489,8894615997.5,2.44681,0.058378,0.001021,0.015649,0.061904,위,5일 상승,3) +5% ~ +10%,1) 300억 미만,2) +2% ~ +5%,2) 2배 ~ 3배,양봉
2025,2025-10,2025-10-22,수,073010,케이에스피,6677,14,93473,2025-10-24,6354,손절,2,-4683,-0.050102,0.057413,-0.05342,0.05538,20974235210.0,0.01214,5249561322.5,3.650986,0.034109,0.032984,0.015649,0.061904,위,5일 상승,3) +5% ~ +10%,1) 300억 미만,1) +2% 미만,3) 3배 ~ 5배,양봉
2025,2025-10,2025-10-23,목,023160,태광,28879,3,86637,2025-10-28,27472,손절,3,-4368,-0.050418,0.002464,-0.05294,0.088679,47850436900.0,0.006981,10637124707.5,4.163499,0.101145,0.046794,-0.009815,0.025929,위,5일 상승,3) +5% ~ +10%,2) 300억 ~ 500억,1) +2% 미만,3) 3배 ~ 5배,양봉
2025,2025-10,2025-10-23,목,322000,HD현대에너지솔루션,53553,1,53553,2025-11-03,64300,익절,7,10632,0.198537,0.376194,-0.043947,0.067864,20452461500.0,0.028846,4630219967.5,4.044693,0.071071,0.005607,-0.009815,0.025929,위,5일 상승,3) +5% ~ +10%,1) 300억 미만,2) +2% ~ +5%,3) 3배 ~ 5배,양봉
2025,2025-10,2025-10-24,금,009830,한화솔루션,30308,3,90925,2025-10-29,28821,손절,3,-4618,-0.050789,0.034791,-0.049237,0.059406,135588024600.0,0.059406,22171468835.0,5.5839,0.042208,0.010903,0.024972,0.051402,위,5일 상승,3) +5% ~ +10%,"4) 1,000억 ~ 2,000억",3) +5% ~ +10%,4) 5배 ~ 10배,양봉
2025,2025-10,2025-10-24,금,382900,범한퓨얼셀,31882,3,95646,2025-10-28,30320,손절,2,-4851,-0.050719,0.227971,-0.049616,0.035772,20957459250.0,0.027419,19774779787.5,0.967582,0.032415,0.009419,0.024972,0.051402,위,5일 상승,2) +3% ~ +5%,1) 300억 미만,2) +2% ~ +5%,1) 2배 미만,양봉
2025,2025-10,2025-10-27,월,052400,코나아이,55656,1,55656,2025-10-28,52947,손절,1,-2804,-0.050387,-0.002796,-0.081853,0.10757,78721816000.0,0.090196,6645462235.0,10.501963,0.10757,0.05036,0.025685,0.059806,위,5일 상승,4) +10% ~ +15%,"3) 500억 ~ 1,000억",3) +5% ~ +10%,5) 10배 이상,양봉
2025,2025-10,2025-10-27,월,035900,JYP Ent.,79279,1,79279,2025-11-06,75424,손절,8,-3991,-0.050342,0.116308,-0.064067,0.040736,58295397600.0,0.028571,26841228755.0,2.057385,0.035294,0.003788,0.025685,0.059806,위,5일 상승,2) +3% ~ +5%,"3) 500억 ~ 1,000억",2) +2% ~ +5%,2) 2배 ~ 3배,양봉
2025,2025-10,2025-10-27,월,019170,신풍제약,14895,6,89369,2025-10-29,14176,손절,2,-4468,-0.049997,0.067481,-0.07015,0.086131,36672667680.0,0.078261,5240500417.0,6.271656,0.083758,0.036962,0.025685,0.059806,위,5일 상승,3) +5% ~ +10%,2) 300억 ~ 500억,3) +5% ~ +10%,4) 5배 ~ 10배,양봉
2025,2025-10,2025-10-27,월,241520,DSC인베스트먼트,7708,12,92492,2025-10-30,7333,손절,3,-4660,-0.050378,0.041815,-0.09052,0.122449,28997237500.0,0.009174,4490504943.5,6.171025,0.115942,0.028571,0.025685,0.059806,위,5일 상승,4) +10% ~ +15%,1) 300억 미만,1) +2% 미만,4) 5배 ~ 10배,양봉
2025,2025-10,2025-10-27,월,475830,오름테라퓨틱,39890,2,79780,2025-11-03,48000,익절,5,16050,0.201178,0.288548,0.02031,0.172059,23277620350.0,0.120956,6459351100.0,3.065675,0.165205,0.003764,0.025685,0.059806,위,5일 상승,5) +15% ~ +20%,1) 300억 미만,4) +10% 이상,3) 3배 ~ 5배,양봉
2025,2025-10,2025-10-28,화,452280,한선엔지니어링,12112,8,96897,2025-10-29,11528,손절,1,-4836,-0.049907,0.015513,-0.074479,0.060473,23417287300.0,0.033305,11336191360.5,1.907412,0.058618,0.016529,-0.008019,0.048791,위,5일 상승,3) +5% ~ +10%,1) 300억 미만,2) +2% ~ +5%,1) 2배 미만,양봉
2025,2025-10,2025-10-29,수,092870,엑시콘,16416,6,98498,2025-10-31,15624,손절,2,-4922,-0.049967,0.059916,-0.062523,0.088977,26835008400.0,0.01548,10553501749.5,2.364978,0.076822,0.036585,0.017639,0.050846,위,5일 상승,3) +5% ~ +10%,1) 300억 미만,1) +2% 미만,2) 2배 ~ 3배,양봉
2025,2025-10,2025-10-30,목,200230,텔콘RF제약,10135,9,91218,2025-10-31,9640,손절,1,-4611,-0.050554,-0.00594,-0.069356,0.081105,24833865448.0,0.002479,3411609745.8,6.959808,0.084004,0.088211,0.001406,0.062755,위,5일 상승,3) +5% ~ +10%,1) 300억 미만,1) +2% 미만,4) 5배 ~ 10배,양봉
2025,2025-10,2025-10-31,금,464080,에스오에스랩,11662,8,93293,2025-11-04,11099,손절,2,-4663,-0.049978,0.038447,-0.07303,0.125604,32009761350.0,0.099057,4246124732.0,6.616634,0.102176,0.017167,0.005043,0.042092,위,5일 상승,4) +10% ~ +15%,2) 300억 ~ 500억,3) +5% ~ +10%,4) 5배 ~ 10배,양봉
2025,2025-10,2025-10-31,금,328130,루닛,20153,4,80611,2025-11-04,19181,손절,2,-4027,-0.049952,0.035053,-0.069615,0.068408,25167411500.000004,0.031212,6482476855.0,3.645434,0.059186,0.008149,0.005043,0.042092,위,5일 상승,3) +5% ~ +10%,1) 300억 미만,2) +2% ~ +5%,3) 3배 ~ 5배,양봉
2025,2025-11,2025-11-03,월,064400,LG씨엔에스,70070,1,70070,2025-11-04,66633,손절,1,-3557,-0.050766,0.008991,-0.058085,0.055807,151697840000.0,0.049475,50579526880.0,2.75462,0.030928,0.0,0.027844,0.044286,위,5일 상승,3) +5% ~ +10%,"4) 1,000억 ~ 2,000억",2) +2% ~ +5%,2) 2배 ~ 3배,양봉
2025,2025-11,2025-11-03,월,484810,티엑스알로보틱스,18148,5,90741,2025-11-04,17273,손절,1,-4533,-0.049958,-0.016428,-0.063264,0.05407,49127985060.0,0.012849,10104994132.5,4.505582,0.040758,0.06674,0.027844,0.044286,위,5일 상승,3) +5% ~ +10%,2) 300억 ~ 500억,1) +2% 미만,3) 3배 ~ 5배,양봉
2025,2025-11,2025-11-03,월,304100,솔트룩스,33984,2,67968,2025-11-05,32318,손절,2,-3449,-0.050751,0.010771,-0.102518,0.065934,42633052000.0,0.035061,9610127902.5,4.048756,0.028788,0.029455,0.027844,0.044286,위,5일 상승,3) +5% ~ +10%,2) 300억 ~ 500억,2) +2% ~ +5%,3) 3배 ~ 5배,양봉
2025,2025-11,2025-11-03,월,323280,태성,27327,3,81982,2025-11-07,33550,익절,4,18490,0.225534,0.350298,0.035594,0.142259,26156648700.0,0.00738,5870983420.0,4.071933,0.130435,0.012821,0.027844,0.044286,위,5일 상승,4) +10% ~ +15%,1) 300억 미만,1) +2% 미만,3) 3배 ~ 5배,양봉
2025,2025-11,2025-11-04,화,290650,엘앤씨바이오,55842,1,55842,2025-11-05,53147,손절,1,-2792,-0.049993,0.049298,-0.051296,0.060773,79566566400.0,0.060773,28859802815.0,2.454276,0.064695,0.026042,-0.023717,0.02776,위,5일 상승,3) +5% ~ +10%,"3) 500억 ~ 1,000억",3) +5% ~ +10%,2) 2배 ~ 3배,양봉
2025,2025-11,2025-11-04,화,039200,오스코텍,47097,2,94194,2025-11-11,44805,손절,5,-4746,-0.050383,0.044651,-0.068944,0.126946,48042143350.0,0.004269,9469169552.5,4.548312,0.148962,0.026567,-0.023717,0.02776,위,5일 상승,4) +10% ~ +15%,2) 300억 ~ 500억,1) +2% 미만,3) 3배 ~ 5배,양봉
2025,2025-11,2025-11-04,화,308430,셀비온,17988,5,89940,2025-11-05,17123,손절,1,-4480,-0.049814,0.000669,-0.093839,0.109259,31880289480.0,0.011255,4053737248.0,7.372009,0.092401,0.066778,-0.023717,0.02776,위,5일 상승,4) +10% ~ +15%,2) 300억 ~ 500억,1) +2% 미만,4) 5배 ~ 10배,양봉
2025,2025-11,2025-11-06,목,138930,BNK금융지주,14965,6,89790,,,보유중,37,5806,0.06716,0.540266,-0.063812,0.034602,24154445900.0,0.014247,15515828557.5,1.481351,0.023973,0.00602,0.005501,-0.014789,위,5일 하락,2) +3% ~ +5%,1) 300억 미만,1) +2% 미만,1) 2배 미만,양봉
2025,2025-11,2025-11-06,목,032640,LG유플러스,15405,6,92432,2025-12-11,14665,손절,25,-4599,-0.04976,0.071054,-0.047736,0.028056,22943119590.0,0.00654,15707380537.0,1.425132,0.013167,0.00065,0.005501,-0.014789,위,5일 하락,1) +3% 미만,1) 300억 미만,1) +2% 미만,1) 2배 미만,양봉
2025,2025-11,2025-11-06,목,004990,롯데지주,30731,3,92192,2025-11-26,29221,손절,14,-4688,-0.050854,0.122656,-0.132789,0.082892,21346416100.0,0.006557,6257897235.0,3.23895,0.069686,0.011401,0.005501,-0.014789,위,5일 하락,3) +5% ~ +10%,1) 300억 미만,1) +2% 미만,3) 3배 ~ 5배,양봉
2025,2025-11,2025-11-11,화,383220,F&F,72673,1,72673,2025-12-30,69131,손절,34,-3667,-0.050456,0.128348,-0.062921,0.139717,34687191000.0,0.098336,5440617480.0,5.541412,0.103343,0.00551,0.008138,-0.003724,위,5일 하락,4) +10% ~ +15%,2) 300억 ~ 500억,3) +5% ~ +10%,4) 5배 ~ 10배,양봉
2025,2025-11,2025-11-11,화,139480,이마트,76977,1,76977,2025-12-15,92400,익절,24,15259,0.19823,0.213351,0.005496,0.029451,31870589800.0,0.019894,10386435115.0,2.926241,0.039189,0.022107,0.008138,-0.003724,위,5일 하락,1) +3% 미만,2) 300억 ~ 500억,1) +2% 미만,2) 2배 ~ 3배,양봉
2025,2025-11,2025-11-11,화,124500,아이티센글로벌,22072,4,88288,2025-11-13,20979,손절,2,-4524,-0.05124,0.064695,-0.095236,0.025581,25192764450.0,0.013793,19329143369.5,1.172441,0.002273,0.020408,0.008138,-0.003724,위,5일 하락,1) +3% 미만,1) 300억 미만,1) +2% 미만,1) 2배 미만,양봉
2025,2025-11,2025-11-12,수,120110,코오롱인더,41191,2,82382,2025-11-24,39211,손절,8,-4103,-0.049799,0.124028,-0.048339,0.139889,26067084750.0,0.090066,4506631155.0,5.074512,0.143056,0.0,0.010715,0.036452,위,5일 상승,4) +10% ~ +15%,1) 300억 미만,3) +5% ~ +10%,4) 5배 ~ 10배,양봉
2025,2025-11,2025-11-13,목,358570,지아이이노베이션,17568,5,87838,2025-11-24,16723,손절,7,-4373,-0.04978,0.11797,-0.054507,0.030534,25323070500.0,0.025716,12061710167.5,1.88926,0.010363,0.034188,0.004877,0.035808,위,5일 상승,2) +3% ~ +5%,1) 300억 미만,2) +2% ~ +5%,1) 2배 미만,양봉
2025,2025-11,2025-11-13,목,030200,KT,50751,1,50751,,,보유중,32,1826,0.038409,0.367469,-0.036466,0.025278,23429991000.0,0.001976,18299946475.0,1.247334,0.028398,0.0,0.004877,0.035808,위,5일 상승,1) +3% 미만,1) 300억 미만,1) +2% 미만,1) 2배 미만,양봉
2025,2025-11,2025-11-14,금,424870,이뮨온시아,6163,16,98615,2025-11-24,7400,익절,6,19575,0.1985,0.240947,0.006806,0.033926,89562208000.0,0.028939,19539971896.5,4.357388,0.019108,0.053125,-0.038138,0.014622,아래,5일 상승,2) +3% ~ +5%,"3) 500억 ~ 1,000억",2) +2% ~ +5%,3) 3배 ~ 5배,양봉
2025,2025-11,2025-11-17,월,032350,롯데관광개발,20621,4,82482,2025-11-19,19630,손절,2,-4103,-0.049743,0.076593,-0.082956,0.126299,67702909400.0,0.054788,18960413842.0,3.216141,0.098667,0.004854,0.019364,0.003931,위,5일 상승,4) +10% ~ +15%,"3) 500억 ~ 1,000억",3) +5% ~ +10%,3) 3배 ~ 5배,양봉
2025,2025-11,2025-11-17,월,095340,ISC,83283,1,83283,2025-11-25,100000,익절,6,16539,0.198591,0.36282,-0.046626,0.124324,32163206400.0,0.020859,16028565945.0,1.889793,0.094737,0.003606,0.019364,0.003931,위,5일 상승,4) +10% ~ +15%,2) 300억 ~ 500억,2) +2% ~ +5%,1) 2배 미만,양봉
2025,2025-11,2025-11-17,월,012510,더존비즈온,94695,1,94695,2025-12-11,90110,손절,18,-4748,-0.050137,0.051802,-0.051688,0.032751,21273269600.0,0.004246,31479935395.0,0.634925,0.027144,0.009514,0.019364,0.003931,위,5일 상승,2) +3% ~ +5%,1) 300억 미만,1) +2% 미만,1) 2배 미만,양봉
2025,2025-11,2025-11-20,목,078520,에이블씨엔씨,10821,9,97387,2025-11-21,10300,손절,1,-4858,-0.04988,0.011939,-0.09711,0.166127,23233770850.0,0.022706,3075180437.5,6.805145,0.161117,0.008326,0.019173,-0.039749,아래,5일 하락,5) +15% ~ +20%,1) 300억 미만,2) +2% ~ +5%,4) 5배 ~ 10배,양봉
2025,2025-11,2025-11-24,월,445680,큐리옥스바이오시스템즈,80580,1,80580,2025-12-01,96700,익절,5,15948,0.197912,0.205006,0.001483,0.050914,35245234500.0,0.008772,21295147575.0,1.509849,0.03871,0.059627,-0.001869,-0.059471,아래,5일 하락,3) +5% ~ +10%,2) 300억 ~ 500억,1) +2% 미만,1) 2배 미만,양봉
2025,2025-11,2025-11-28,금,200710,에이디테크놀로지,27828,3,83483,2025-12-16,26474,손절,12,-4206,-0.050387,0.139149,-0.053105,0.155925,42313379200.0,0.05303,6152742105.0,5.895536,0.139344,0.019784,-0.01513,0.019031,아래,5일 상승,5) +15% ~ +20%,2) 300억 ~ 500억,3) +5% ~ +10%,4) 5배 ~ 10배,양봉
2025,2025-12,2025-12-03,수,319400,현대무벡스,10440,9,93964,2025-12-05,9930,손절,2,-4755,-0.050603,0.057428,-0.071877,0.047189,157272509800.0,0.047189,30662875096.0,4.541072,0.044044,0.058485,0.010356,0.019044,위,5일 상승,2) +3% ~ +5%,"4) 1,000억 ~ 2,000억",2) +2% ~ +5%,3) 3배 ~ 5배,양봉
2025,2025-12,2025-12-03,수,083650,비에이치아이,50150,1,50150,2025-12-05,60200,익절,2,9943,0.198266,0.21236,-0.007978,0.06823,73759374300.0,0.06823,33842083740.0,1.887387,0.039419,0.01996,0.010356,0.019044,위,5일 상승,3) +5% ~ +10%,"3) 500억 ~ 1,000억",3) +5% ~ +10%,1) 2배 미만,양봉
2025,2025-12,2025-12-03,수,256840,한국비엔씨,5736,17,97507,2025-12-10,5455,손절,5,-4948,-0.050743,0.056535,-0.06202,0.051376,33272499870.0,0.00703,25170571349.5,1.268835,0.049451,0.038394,0.010356,0.019044,위,5일 상승,3) +5% ~ +10%,2) 300억 ~ 500억,1) +2% 미만,1) 2배 미만,양봉
2025,2025-12,2025-12-03,수,264850,이랜시스,6206,16,99299,2025-12-04,5904,손절,1,-5005,-0.050398,0.018337,-0.049338,0.095406,32913214600.0,0.083916,3877885166.0,7.3572,0.089631,0.029032,0.010356,0.019044,위,5일 상승,3) +5% ~ +10%,2) 300억 ~ 500억,3) +5% ~ +10%,4) 5배 ~ 10배,양봉
2025,2025-12,2025-12-03,수,475400,씨메스로보틱스,34234,2,68468,2025-12-18,32567,손절,11,-3451,-0.050408,0.196172,-0.050657,0.057187,26810337600.0,0.033233,11188576345.0,2.18497,0.042683,0.016082,0.010356,0.019044,위,5일 상승,3) +5% ~ +10%,1) 300억 미만,2) +2% ~ +5%,2) 2배 ~ 3배,양봉
2025,2025-12,2025-12-03,수,003490,대한항공,22422,4,89690,,,보유중,18,36020,0.404845,0.431604,-0.036678,0.013575,23100291200.0,0.004484,21896504872.5,1.025453,0.009009,0.0,0.010356,0.019044,위,5일 상승,1) +3% 미만,1) 300억 미만,1) +2% 미만,1) 2배 미만,양봉
2025,2025-12,2025-12-03,수,459510,나우로보틱스,23523,4,94094,2025-12-11,22378,손절,6,-4745,-0.050433,0.073395,-0.062639,0.053812,20892416500.0,0.037528,14087652370.0,1.327567,0.053812,0.008511,0.010356,0.019044,위,5일 상승,3) +5% ~ +10%,1) 300억 미만,2) +2% ~ +5%,1) 2배 미만,양봉
2025,2025-12,2025-12-04,목,064400,LG씨엔에스,62963,1,62963,,,보유중,17,6275,0.102236,1.434767,-0.120117,0.069728,253111487000.0,0.064298,45190655465.0,5.090919,0.066102,0.039746,-0.00193,0.010434,위,5일 상승,3) +5% ~ +10%,"5) 2,000억 이상",3) +5% ~ +10%,4) 5배 ~ 10배,양봉
2025,2025-12,2025-12-04,목,454910,두산로보틱스,82783,1,82783,2025-12-18,77223,손절,10,-5700,-0.068853,0.055776,-0.068646,0.078227,185825990300.0,0.019729,21161289025.0,8.082498,0.024783,0.043531,-0.00193,0.010434,위,5일 상승,3) +5% ~ +10%,"4) 1,000억 ~ 2,000억",1) +2% 미만,4) 5배 ~ 10배,양봉
2025,2025-12,2025-12-04,목,090360,로보스타,80480,1,80480,2025-12-05,76523,손절,1,-4095,-0.050886,0.007699,-0.081764,0.030769,154855384800.0,0.002494,42557715445.0,3.29584,-0.009852,0.044776,-0.00193,0.010434,위,5일 상승,2) +3% ~ +5%,"4) 1,000억 ~ 2,000억",1) +2% 미만,3) 3배 ~ 5배,음봉·보합
2025,2025-12,2025-12-04,목,056080,유진로봇,13003,7,91021,2025-12-08,12378,손절,2,-4534,-0.049816,0.013613,-0.054064,0.044212,44081305200.0,0.03506,6388175190.0,6.363964,0.019623,0.037721,-0.00193,0.010434,위,5일 상승,2) +3% ~ +5%,2) 300억 ~ 500억,2) +2% ~ +5%,4) 5배 ~ 10배,양봉
2025,2025-12,2025-12-04,목,160190,하이젠알앤엠,61261,1,61261,2025-12-08,58242,손절,2,-3125,-0.051008,0.03328,-0.04997,0.046154,43605122400.0,0.039049,12595895565.0,2.955336,-0.019231,0.04902,-0.00193,0.010434,위,5일 상승,2) +3% ~ +5%,2) 300억 ~ 500억,2) +2% ~ +5%,2) 2배 ~ 3배,음봉·보합
2025,2025-12,2025-12-04,목,388720,유일로보틱스,86887,1,86887,2025-12-05,82717,손절,1,-4319,-0.04971,0.024321,-0.053941,0.009302,27994996400.0,0.009302,9828017885.0,2.652688,-0.025814,0.042627,-0.00193,0.010434,위,5일 상승,1) +3% 미만,1) 300억 미만,1) +2% 미만,2) 2배 ~ 3배,음봉·보합
2025,2025-12,2025-12-04,목,050890,쏠리드,8258,12,99099,2025-12-08,7862,손절,2,-4924,-0.049687,0.017165,-0.05549,0.027397,25758719250.0,0.027397,11003346185.0,2.166818,0.008557,0.027879,-0.00193,0.010434,위,5일 상승,1) +3% 미만,1) 300억 미만,2) +2% ~ +5%,2) 2배 ~ 3배,양봉
2025,2025-12,2025-12-05,금,011200,HMM,20571,4,82282,,,보유중,16,722,0.011154,0.212899,-0.129338,0.022388,38694601950.0,0.017327,22734703142.0,1.617132,0.022388,0.004866,0.017758,0.044176,위,5일 상승,1) +3% 미만,2) 300억 ~ 500억,1) +2% 미만,1) 2배 미만,양봉
2025,2025-12,2025-12-05,금,348340,뉴로메카,19840,5,99201,2025-12-18,18436,손절,9,-7188,-0.072454,0.136684,-0.071441,0.017945,20080257600.0,0.011345,4909731150.0,3.797171,-0.04441,0.067308,0.017758,0.044176,위,5일 상승,1) +3% 미만,1) 300억 미만,1) +2% 미만,3) 3배 ~ 5배,음봉·보합
2025,2025-12,2025-12-08,월,457190,이수스페셜티케미컬,59559,1,59559,2025-12-18,56543,손절,8,-3118,-0.052357,0.1669,-0.068159,0.15534,66104321500.0,0.070144,7726206012.5,7.499921,0.15087,0.005042,0.013366,0.059811,위,5일 상승,5) +15% ~ +20%,"3) 500억 ~ 1,000억",3) +5% ~ +10%,4) 5배 ~ 10배,양봉
2025,2025-12,2025-12-08,월,117730,티로보틱스,18198,5,90991,2025-12-18,17293,손절,8,-4684,-0.051475,0.148466,-0.052103,0.078932,36238121280.0,0.007202,18224376405.5,1.799093,0.07574,0.00385,0.013366,0.059811,위,5일 상승,3) +5% ~ +10%,2) 300억 ~ 500억,1) +2% 미만,1) 2배 미만,양봉
2025,2025-12,2025-12-09,화,010140,삼성중공업,27077,3,81231,2025-12-11,25774,손절,2,-4048,-0.049837,-0.008385,-0.04901,0.044402,224359056750.0,0.020755,89283018920.0,2.375456,0.04845,0.011091,-0.00272,0.037202,위,5일 상승,2) +3% ~ +5%,"5) 2,000억 이상",2) +2% ~ +5%,2) 2배 ~ 3배,양봉
2025,2025-12,2025-12-09,화,082740,한화엔진,46446,2,92893,2025-12-11,44206,손절,2,-4641,-0.049962,0.017302,-0.050518,0.060571,85389409600.0,0.045045,38948106140.0,2.004361,0.060571,0.018319,-0.00272,0.037202,위,5일 상승,3) +5% ~ +10%,"3) 500억 ~ 1,000억",2) +2% ~ +5%,2) 2배 ~ 3배,양봉
2025,2025-12,2025-12-09,화,071970,HD현대마린엔진,90290,1,90290,2025-12-10,85914,손절,1,-4532,-0.050188,-0.003214,-0.048623,0.097324,56224366000.0,0.07381,20127151800.0,2.507919,0.109471,0.001109,-0.00272,0.037202,위,5일 상승,3) +5% ~ +10%,"3) 500억 ~ 1,000억",3) +5% ~ +10%,2) 2배 ~ 3배,양봉
2025,2025-12,2025-12-09,화,393970,대진첨단소재,5135,19,97567,2025-12-10,4885,손절,1,-4918,-0.050408,0.01458,-0.056499,0.163265,31108345650.0,0.064315,7454864614.25,3.702121,0.164586,0.003899,-0.00272,0.037202,위,5일 상승,5) +15% ~ +20%,2) 300억 ~ 500억,3) +5% ~ +10%,3) 3배 ~ 5배,양봉
2025,2025-12,2025-12-09,화,475150,SK이터닉스,21121,4,84484,2025-12-11,20080,손절,2,-4310,-0.051015,0.001368,-0.048345,0.092698,25257670600.0,0.036855,8506626702.0,2.691725,0.0727,0.011848,-0.00272,0.037202,위,5일 상승,3) +5% ~ +10%,1) 300억 미만,2) +2% ~ +5%,2) 2배 ~ 3배,양봉
2025,2025-12,2025-12-10,수,064260,다날,7167,13,93173,2025-12-16,6823,손절,4,-4632,-0.049716,0.045044,-0.090295,0.110078,120176031920.0,0.015603,17599769628.5,6.473024,0.110078,0.015363,-0.002063,0.024453,위,5일 상승,4) +10% ~ +15%,"4) 1,000억 ~ 2,000억",1) +2% 미만,4) 5배 ~ 10배,양봉
2025,2025-12,2025-12-10,수,441270,파인엠텍,9710,10,97097,2025-12-17,9241,손절,5,-4857,-0.050017,0.070064,-0.060733,0.077778,26220797500.0,0.001032,6543232555.5,3.710068,0.054348,0.036082,-0.002063,0.024453,위,5일 상승,3) +5% ~ +10%,1) 300억 미만,1) +2% 미만,3) 3배 ~ 5배,양봉
2025,2025-12,2025-12-12,금,097230,HJ중공업,24224,4,96897,2025-12-15,23027,손절,1,-4956,-0.051142,0.013449,-0.062921,0.097506,100944782400.0,0.00207,38957104755.0,2.377107,0.080357,0.008264,0.013755,0.016368,위,5일 상승,3) +5% ~ +10%,"4) 1,000억 ~ 2,000억",1) +2% 미만,2) 2배 ~ 3배,양봉
2025,2025-12,2025-12-12,금,090710,휴림로봇,5856,17,99549,2025-12-17,5574,손절,3,-4956,-0.04978,0.137324,-0.057353,0.048387,92980110600.0,0.008621,48679515410.5,1.767526,0.048387,0.015385,0.013755,0.016368,위,5일 상승,2) +3% ~ +5%,"3) 500억 ~ 1,000억",1) +2% 미만,1) 2배 미만,양봉
2025,2025-12,2025-12-12,금,103590,일진전기,60460,1,60460,2025-12-15,57542,손절,1,-3022,-0.049983,-0.022501,-0.065504,0.06338,92516914800.0,0.016835,38473216470.0,2.212855,0.048611,0.008278,0.013755,0.016368,위,5일 상승,3) +5% ~ +10%,"3) 500억 ~ 1,000억",1) +2% 미만,2) 2배 ~ 3배,양봉
2025,2025-12,2025-12-12,금,099320,쎄트렉아이,58058,1,58058,2025-12-23,69700,익절,7,11518,0.198393,0.200524,-0.042337,0.126214,27669422000.0,0.001727,5073815540.0,4.800562,0.092279,0.027586,0.013755,0.016368,위,5일 상승,4) +10% ~ +15%,1) 300억 미만,1) +2% 미만,3) 3배 ~ 5배,양봉
2025,2025-12,2025-12-12,금,032820,우리기술,4049,24,97177,2025-12-16,3851,손절,2,-4917,-0.050595,-0.023226,-0.083735,0.020177,24754497965.0,0.006219,15555802893.75,1.526602,0.007472,0.004944,0.013755,0.016368,위,5일 상승,1) +3% 미만,1) 300억 미만,1) +2% 미만,1) 2배 미만,양봉
2025,2025-12,2025-12-15,월,100090,SK오션플랜트,20220,4,80881,2025-12-26,19241,손절,8,-4057,-0.05016,0.036093,-0.050454,0.013039,22223777400.0,0.013039,12702247031.0,1.630858,0.020202,0.012376,-0.018375,-0.015466,위,5일 하락,1) +3% 미만,1) 300억 미만,1) +2% 미만,1) 2배 미만,양봉
2025,2025-12,2025-12-15,월,017960,한국카본,31081,3,93243,,,보유중,10,-32641,-0.348478,0.74061,-0.403817,0.029851,20043613350.0,0.029851,12228690752.5,1.481788,0.041946,0.027375,-0.018375,-0.015466,위,5일 하락,1) +3% 미만,1) 300억 미만,2) +2% ~ +5%,1) 2배 미만,양봉
2025,2025-12,2025-12-17,수,035900,JYP Ent.,70871,1,70871,,,보유중,8,-33264,-0.468046,0.125993,-0.47369,0.041176,40241728800.0,0.03207,16097266160.0,2.369633,0.035088,0.002825,0.014323,-0.019006,위,5일 하락,2) +3% ~ +5%,2) 300억 ~ 500억,2) +2% ~ +5%,2) 2배 ~ 3배,양봉
2025,2025-12,2025-12-17,수,240810,원익IPS,63964,1,63964,2025-12-18,60839,손절,1,-3235,-0.050572,-0.011943,-0.133886,0.063228,35672238900.0,0.012678,23942945465.0,1.41823,0.059701,0.0,0.014323,-0.019006,위,5일 하락,3) +5% ~ +10%,2) 300억 ~ 500억,1) +2% 미만,1) 2배 미만,양봉
2025,2025-12,2025-12-19,금,272210,한화시스템,54354,1,54354,,,보유중,6,19375,0.359598,2.385197,-0.067231,0.109295,294043459500.0,0.022599,81013193245.0,3.338891,0.09697,0.027624,0.006519,-0.035182,아래,5일 하락,4) +10% ~ +15%,"5) 2,000억 이상",2) +2% ~ +5%,3) 3배 ~ 5배,양봉
2025,2025-12,2025-12-19,금,328130,루닛,19003,5,95016,,,보유중,6,-46088,-0.483772,0.291886,-0.569547,0.09905,26462821500.0,0.011236,8620867460.0,2.886153,0.090175,0.025926,0.006519,-0.035182,아래,5일 하락,3) +5% ~ +10%,1) 300억 미만,1) +2% 미만,2) 2배 ~ 3배,양봉
2025,2025-12,2025-12-22,월,225190,LK삼양,1623,61,98980,2025-12-23,1544,손절,1,-4938,-0.049894,0.061862,-0.11871,0.179767,69942099121.0,0.081388,6378116483.55,8.927535,0.139143,0.091919,0.021236,0.00375,위,5일 상승,5) +15% ~ +20%,"3) 500억 ~ 1,000억",3) +5% ~ +10%,4) 5배 ~ 10배,양봉
2025,2025-12,2025-12-22,월,000990,DB하이텍,68368,1,68368,,,보유중,5,63331,0.930719,2.371446,-0.037566,0.045942,27754183100.0,0.010355,22986924475.0,1.144584,0.027068,0.004392,0.021236,0.00375,위,5일 상승,2) +3% ~ +5%,1) 300억 미만,1) +2% 미만,1) 2배 미만,양봉
2025,2025-12,2025-12-23,화,054540,삼영엠텍,15916,6,95495,2025-12-24,15145,손절,1,-4791,-0.050166,0.034814,-0.075767,0.163982,266278699200.0,0.03046,15800538537.0,15.569129,0.098825,0.077358,0.002774,0.029554,위,5일 상승,5) +15% ~ +20%,"5) 2,000억 이상",2) +2% ~ +5%,5) 10배 이상,양봉
2025,2025-12,2025-12-23,화,083450,GST,29329,3,87988,2025-12-24,27922,손절,1,-4373,-0.049702,-0.028275,-0.096467,0.167331,55119892500.0,0.10775,5014818097.5,9.393845,0.151277,0.011945,0.002774,0.029554,위,5일 상승,5) +15% ~ +20%,"3) 500억 ~ 1,000억",4) +10% 이상,4) 5배 ~ 10배,양봉
2025,2025-12,2025-12-23,화,122870,와이지엔터테인먼트,66266,1,66266,,,보유중,4,-23271,-0.349593,0.192161,-0.482391,0.04252,23272808600.0,0.020031,11060557455.0,2.000479,0.037618,0.006042,0.002774,0.029554,위,5일 상승,2) +3% ~ +5%,1) 300억 미만,2) +2% ~ +5%,2) 2배 ~ 3배,양봉
2025,2025-12,2025-12-29,월,403870,HPSP,33233,2,66466,,,보유중,1,44279,0.670017,1.768316,-0.174019,0.072698,55309307600.0,0.060703,12531124887.5,3.996182,0.060703,0.003012,0.022007,0.049747,위,5일 상승,3) +5% ~ +10%,"3) 500억 ~ 1,000억",3) +5% ~ +10%,3) 3배 ~ 5배,양봉
2025,2025-12,2025-12-30,화,028300,HLB,50851,1,50851,,,보유중,0,-20376,-0.399223,0.360844,-0.525081,0.035678,85157564000.0,0.001972,19305651327.5,4.167865,0.05285,0.03937,-0.001514,0.026362,위,5일 상승,2) +3% ~ +5%,"3) 500억 ~ 1,000억",1) +2% 미만,3) 3배 ~ 5배,양봉
2025,2025-12,2025-12-30,화,489790,한화비전,44945,2,89890,,,보유중,0,5786,0.066862,1.178223,-0.311379,0.051522,57907081000.0,0.016988,29891578505.0,1.743696,0.058962,0.03118,-0.001514,0.026362,위,5일 상승,3) +5% ~ +10%,"3) 500억 ~ 1,000억",1) +2% 미만,1) 2배 미만,양봉
2026,2026-01,2026-01-06,화,055550,신한지주,80580,1,80580,2026-01-13,76623,손절,5,-4134,-0.051303,-0.004722,-0.048157,0.017699,98644458500.0,0.003741,71795826340.0,1.321841,0.011307,0.004969,0.015246,0.095843,위,5일 상승,1) +3% 미만,"3) 500억 ~ 1,000억",1) +2% 미만,1) 2배 미만,양봉
2026,2026-01,2026-01-06,화,058470,리노공업,66366,1,66366,2026-01-09,63137,손절,3,-3375,-0.050857,0.005028,-0.074832,0.02,64066750800.0,0.013761,26674874100.0,2.274978,0.02,0.0,0.015246,0.095843,위,5일 상승,1) +3% 미만,"3) 500억 ~ 1,000억",1) +2% 미만,2) 2배 ~ 3배,양봉
2026,2026-01,2026-01-06,화,005940,NH투자증권,22072,4,88288,2026-01-08,20979,손절,2,-4566,-0.051715,-0.003264,-0.059897,0.047506,31645123650.0,0.030374,15610360252.5,1.937065,0.042553,0.0,0.015246,0.095843,위,5일 상승,2) +3% ~ +5%,2) 300억 ~ 500억,2) +2% ~ +5%,1) 2배 미만,양봉
2026,2026-01,2026-01-14,수,047050,포스코인터내셔널,55255,1,55255,2026-01-21,66800,익절,5,11393,0.206187,0.217985,0.00805,0.026022,43896696000.0,0.014706,19566755110.0,2.061962,0.037594,0.003623,0.006491,0.037802,위,5일 상승,1) +3% 미만,2) 300억 ~ 500억,1) +2% 미만,2) 2배 ~ 3배,양봉
2026,2026-01,2026-01-14,수,012510,더존비즈온,94695,1,94695,2026-01-27,90110,손절,9,-4793,-0.050613,0.072923,-0.052744,0.03956,23947611600.0,0.004246,11847691405.0,1.877483,0.042999,0.011628,0.006491,0.037802,위,5일 상승,2) +3% ~ +5%,1) 300억 미만,1) +2% 미만,1) 2배 미만,양봉
2026,2026-01,2026-01-15,목,064400,LG씨엔에스,68168,1,68168,2026-03-04,64835,손절,30,-3483,-0.051089,0.148631,-0.15503,0.101942,184023020700.0,0.041284,36634241940.0,4.662132,0.100162,0.008811,0.015763,0.053858,위,5일 상승,4) +10% ~ +15%,"4) 1,000억 ~ 2,000억",2) +2% ~ +5%,3) 3배 ~ 5배,양봉
2026,2026-01,2026-01-15,목,353200,대덕전자,50651,1,50651,2026-01-21,48152,손절,4,-2610,-0.051528,0.046384,-0.062203,0.108434,151455768200.0,0.051975,42122406445.0,3.257811,0.118232,0.009881,0.015763,0.053858,위,5일 상승,4) +10% ~ +15%,"4) 1,000억 ~ 2,000억",3) +5% ~ +10%,3) 3배 ~ 5배,양봉
2026,2026-01,2026-01-15,목,455900,엔젤로보틱스,37537,2,75075,2026-01-16,35714,손절,1,-3811,-0.050767,-0.016983,-0.087579,0.192369,112708087500.0,0.145038,7364805897.5,12.690112,0.205788,0.005333,0.015763,0.053858,위,5일 상승,5) +15% ~ +20%,"4) 1,000억 ~ 2,000억",4) +10% 이상,5) 10배 이상,양봉
2026,2026-01,2026-01-15,목,060280,큐렉소,14204,7,99429,2026-01-21,17050,익절,4,19649,0.197619,0.259488,-0.036904,0.079087,36455628330.0,0.029753,9118828118.5,3.710122,0.062126,0.016209,0.015763,0.053858,위,5일 상승,3) +5% ~ +10%,2) 300억 ~ 500억,2) +2% ~ +5%,3) 3배 ~ 5배,양봉
2026,2026-01,2026-01-15,목,004020,현대제철,32132,3,96396,2026-01-19,30569,손절,2,-4900,-0.050829,0.008337,-0.049237,0.042208,29175882600.0,0.00627,16212023590.0,1.712372,0.033816,0.009346,0.015763,0.053858,위,5일 상승,2) +3% ~ +5%,1) 300억 미만,1) +2% 미만,1) 2배 미만,양봉
2026,2026-01,2026-01-15,목,003550,LG,84885,1,84885,2026-02-26,101900,익절,27,16783,0.19772,0.227546,-0.009245,0.022919,24122038400.0,0.002364,20392208520.0,1.153039,0.021687,0.002358,0.015763,0.053858,위,5일 상승,1) +3% 미만,1) 300억 미만,1) +2% 미만,1) 2배 미만,양봉
2026,2026-01,2026-01-15,목,458870,씨어스,44001,2,88003,2026-01-16,41858,손절,1,-4480,-0.050903,0.028562,-0.085133,0.085667,23090832800.000004,0.013067,17844640215.0,1.167838,0.068071,0.01214,0.015763,0.053858,위,5일 상승,3) +5% ~ +10%,1) 300억 미만,1) +2% 미만,1) 2배 미만,양봉
2026,2026-01,2026-01-15,목,161390,한국타이어앤테크놀로지,61862,1,61862,2026-02-10,74300,익절,18,12269,0.198332,0.204297,-0.022014,0.038655,21685434600.0,0.009804,13098649240.0,1.568645,0.042159,0.001618,0.015763,0.053858,위,5일 상승,2) +3% ~ +5%,1) 300억 미만,1) +2% 미만,1) 2배 미만,양봉
2026,2026-01,2026-01-16,금,066570,LG전자,98498,1,98498,2026-02-11,118200,익절,18,19433,0.197289,0.30662,-0.032472,0.046809,457859234400.0,0.021807,74153109340.0,5.782912,0.0347,0.053862,0.009003,0.055474,위,5일 상승,2) +3% ~ +5%,"5) 2,000억 이상",2) +2% ~ +5%,4) 5배 ~ 10배,양봉
2026,2026-01,2026-01-16,금,083650,비에이치아이,59459,1,59459,2026-01-27,76200,익절,7,16568,0.278641,0.295001,-0.016135,0.043937,164508656400.0,0.018868,50067953025.0,3.051438,0.034843,0.030303,0.009003,0.055474,위,5일 상승,2) +3% ~ +5%,"4) 1,000억 ~ 2,000억",1) +2% 미만,3) 3배 ~ 5배,양봉
2026,2026-01,2026-01-16,금,215100,로보로보,8889,11,97778,2026-01-21,10670,익절,3,19325,0.197645,0.324126,-0.024624,0.062201,115444972800.0,0.062201,5763544061.5,17.811692,0.053381,0.136261,0.009003,0.055474,위,5일 상승,3) +5% ~ +10%,"4) 1,000억 ~ 2,000억",3) +5% ~ +10%,5) 10배 이상,양봉
2026,2026-01,2026-01-16,금,006910,보성파워텍,5836,17,99209,2026-01-20,7010,익절,2,19690,0.198468,0.336571,0.010996,0.083643,76791098450.0,0.031858,9772355010.0,7.226835,0.085661,0.013722,0.009003,0.055474,위,5일 상승,3) +5% ~ +10%,"3) 500억 ~ 1,000억",2) +2% ~ +5%,4) 5배 ~ 10배,양봉
2026,2026-01,2026-01-16,금,051600,한전KPS,55555,1,55555,2026-03-04,52847,손절,29,-2830,-0.050946,0.188001,-0.098199,0.04717,42229062000.0,0.03352,9386044970.0,4.183005,0.045198,0.014414,0.009003,0.055474,위,5일 상승,2) +3% ~ +5%,2) 300억 ~ 500억,2) +2% ~ +5%,3) 3배 ~ 5배,양봉
2026,2026-01,2026-01-16,금,214150,클래시스,59760,1,59760,2026-01-29,72000,익절,9,12077,0.202085,0.298534,-0.04618,0.02226,26270925300.0,0.011864,11452969400.0,2.191564,0.011864,0.051926,0.009003,0.055474,위,5일 상승,1) +3% 미만,1) 300억 미만,1) +2% 미만,2) 2배 ~ 3배,양봉
2026,2026-01,2026-01-19,월,038500,삼표시멘트,5495,18,98919,2026-01-21,5225,손절,2,-5090,-0.051456,0.035394,-0.090163,0.037807,104297806710.0,0.035849,29668967487.25,3.160792,0.035849,0.07286,0.013205,0.060515,위,5일 상승,2) +3% ~ +5%,"4) 1,000억 ~ 2,000억",2) +2% ~ +5%,3) 3배 ~ 5배,양봉
2026,2026-01,2026-01-19,월,388720,유일로보틱스,97998,1,97998,2026-01-20,93207,손절,1,-5006,-0.051086,0.036757,-0.084674,0.098765,85693338500.0,0.079383,16088828690.0,4.668597,0.047059,0.050051,0.013205,0.060515,위,5일 상승,3) +5% ~ +10%,"3) 500억 ~ 1,000억",3) +5% ~ +10%,3) 3배 ~ 5배,양봉
2026,2026-01,2026-01-19,월,160190,하이젠알앤엠,65666,1,65666,2026-01-20,62438,손절,1,-3372,-0.051354,0.059916,-0.087802,0.098827,84462492800.0,0.037975,17719977240.0,4.214736,0.056361,0.060976,0.013205,0.060515,위,5일 상승,3) +5% ~ +10%,"3) 500억 ~ 1,000억",2) +2% ~ +5%,3) 3배 ~ 5배,양봉
2026,2026-01,2026-01-19,월,281740,레이크머티리얼즈,16116,6,96697,2026-01-21,15335,손절,2,-4901,-0.050685,0.017616,-0.053121,0.15247,55681431400.0,0.014493,5910309650.5,8.674741,0.165822,0.037888,0.013205,0.060515,위,5일 상승,5) +15% ~ +20%,"3) 500억 ~ 1,000억",1) +2% 미만,4) 5배 ~ 10배,양봉
2026,2026-01,2026-01-19,월,376900,로킷헬스케어,73173,1,73173,2026-01-20,69630,손절,1,-3703,-0.050613,-0.011932,-0.059764,0.018106,43610875200.0,0.009669,53539691690.0,0.746736,0.02381,0.038304,0.013205,0.060515,위,5일 상승,1) +3% 미만,2) 300억 ~ 500억,1) +2% 미만,1) 2배 미만,양봉
2026,2026-01,2026-01-19,월,105840,우진,22272,4,89089,2026-01-20,21179,손절,1,-4569,-0.051289,0.174107,-0.052633,0.044601,31353543000.0,0.042155,19629891672.0,1.399288,-0.024123,0.042697,0.013205,0.060515,위,5일 상승,2) +3% ~ +5%,2) 300억 ~ 500억,2) +2% ~ +5%,1) 2배 미만,음봉·보합
2026,2026-01,2026-01-19,월,475400,씨메스로보틱스,37838,2,75676,2026-01-20,46950,익절,1,18011,0.238005,0.240823,0.046572,0.047091,21874104000.0,0.017497,13985511482.5,1.44357,0.017497,0.041667,0.013205,0.060515,위,5일 상승,2) +3% ~ +5%,1) 300억 미만,1) +2% 미만,1) 2배 미만,양봉
2026,2026-01,2026-01-20,화,450080,에코프로머티,61561,1,61561,2026-01-21,58541,손절,1,-3155,-0.051253,-0.010745,-0.062726,0.084656,79940283000.0,0.077058,12744056660.0,5.54088,0.065858,0.037398,-0.003856,0.041152,위,5일 상승,3) +5% ~ +10%,"3) 500억 ~ 1,000억",3) +5% ~ +10%,4) 5배 ~ 10배,양봉
2026,2026-01,2026-01-20,화,030200,KT,55255,1,55255,2026-02-13,66400,익절,18,10994,0.198963,0.205316,-0.028146,0.029851,43559865600.0,0.024119,19475705005.0,2.137665,0.027933,0.005435,-0.003856,0.041152,위,5일 상승,1) +3% 미만,2) 300억 ~ 500억,2) +2% ~ +5%,2) 2배 ~ 3배,양봉
2026,2026-01,2026-01-20,화,018880,한온시스템,3233,30,96997,2026-02-04,3880,익절,11,19138,0.197308,0.206224,-0.031928,0.015723,40500947390.0,0.006231,20112916346.25,1.860361,-0.025641,0.026316,-0.003856,0.041152,위,5일 상승,1) +3% 미만,2) 300억 ~ 500억,1) +2% 미만,1) 2배 미만,음봉·보합
2026,2026-01,2026-01-20,화,017800,현대엘리베이터,92693,1,92693,2026-02-20,111300,익절,20,18354,0.198012,0.202901,-0.040916,0.024336,35579420200.0,0.018702,22344559005.0,1.524958,0.024336,0.014039,-0.003856,0.041152,위,5일 상승,1) +3% 미만,2) 300억 ~ 500억,1) +2% 미만,1) 2배 미만,양봉
2026,2026-01,2026-01-20,화,008970,KBI동양철관,1899,52,98743,2026-01-21,2280,익절,1,19548,0.197966,0.232294,-0.017324,0.083381,21324949079.0,0.028184,4599960457.15,4.20615,0.077841,0.035319,-0.003856,0.041152,위,5일 상승,3) +5% ~ +10%,1) 300억 미만,2) +2% ~ +5%,3) 3배 ~ 5배,양봉
2026,2026-01,2026-01-21,수,316140,우리금융지주,28879,3,86637,2026-02-09,34700,익절,13,17227,0.198838,0.224079,-0.021775,0.015845,59269786200.0,0.012281,40873570285.0,1.404023,0.02305,0.003466,0.004949,0.039557,위,5일 상승,1) +3% 미만,"3) 500억 ~ 1,000억",1) +2% 미만,1) 2배 미만,양봉
2026,2026-01,2026-01-21,수,252990,샘씨엔에스,7828,12,93934,2026-01-28,9400,익절,5,18610,0.198113,0.21873,-0.045711,0.10922,50267225880.0,0.10452,4554494698.0,9.426749,0.117143,0.008951,0.004949,0.039557,위,5일 상승,4) +10% ~ +15%,"3) 500억 ~ 1,000억",4) +10% 이상,4) 5배 ~ 10배,양봉
2026,2026-01,2026-01-21,수,460940,피앤에스로보틱스,12833,7,89830,2026-01-22,12208,손절,1,-4572,-0.050902,0.11433,-0.077366,0.098543,43886295760.0,0.038898,7901562496.5,5.001941,0.147717,0.045242,0.004949,0.039557,위,5일 상승,3) +5% ~ +10%,2) 300억 ~ 500억,2) +2% ~ +5%,4) 5배 ~ 10배,양봉
2026,2026-01,2026-01-21,수,123410,코리아에프티,9129,10,91291,2026-01-22,8691,손절,1,-4579,-0.050156,0.046103,-0.098489,0.085714,20724899040.0,0.053118,4969793526.5,3.795625,0.089606,0.003289,0.004949,0.039557,위,5일 상승,3) +5% ~ +10%,1) 300억 미만,3) +5% ~ +10%,3) 3배 ~ 5배,양봉
2026,2026-01,2026-01-22,목,078600,대주전자재료,67968,1,67968,2026-01-29,81600,익절,5,13446,0.197836,0.206452,-0.011298,0.098706,50037139600.0,0.001475,7476281630.0,6.120804,0.0864,0.007364,0.008676,0.032304,위,5일 상승,3) +5% ~ +10%,"3) 500억 ~ 1,000억",1) +2% 미만,4) 5배 ~ 10배,양봉
2026,2026-01,2026-01-22,목,267320,나인테크,3313,30,99399,2026-01-23,3152,손절,1,-5062,-0.050927,0.083509,-0.04778,0.122034,39804676420.0,0.052464,3224304985.5,11.144411,0.087028,0.034743,0.008676,0.032304,위,5일 상승,4) +10% ~ +15%,2) 300억 ~ 500억,3) +5% ~ +10%,5) 10배 이상,양봉
2026,2026-01,2026-01-22,목,034220,LG디스플레이,12673,7,88709,2026-01-29,12058,손절,5,-4498,-0.050704,0.015572,-0.086222,0.038556,33009392820.0,0.009569,23606107793.0,1.343961,0.031785,0.004739,0.008676,0.032304,위,5일 상승,2) +3% ~ +5%,2) 300억 ~ 500억,1) +2% 미만,1) 2배 미만,양봉
2026,2026-01,2026-01-22,목,161890,한국콜마,66466,1,66466,2026-03-23,79800,익절,38,13152,0.197875,0.200607,-0.037107,0.029457,27977507200.0,0.015291,9758146095.0,2.754908,0.029457,0.019578,0.008676,0.032304,위,5일 상승,1) +3% 미만,1) 300억 미만,1) +2% 미만,2) 2배 ~ 3배,양봉
2026,2026-01,2026-01-22,목,036460,한국가스공사,41291,2,82582,2026-02-02,39311,손절,7,-4143,-0.050163,-0.004632,-0.060334,0.024845,26545860000.0,0.007326,12749302462.5,1.99925,0.01601,0.007273,0.008676,0.032304,위,5일 상승,1) +3% 미만,1) 300억 미만,1) +2% 미만,1) 2배 미만,양봉
2026,2026-01,2026-01-22,목,032350,롯데관광개발,23774,4,95095,2026-01-23,22627,손절,1,-4794,-0.050418,0.015826,-0.047269,0.034858,20289007500.0,0.021505,14092071635.0,1.323184,0.050885,0.014737,0.008676,0.032304,위,5일 상승,2) +3% ~ +5%,1) 300억 미만,2) +2% ~ +5%,1) 2배 미만,양봉
2026,2026-01,2026-01-23,금,417010,나노팀,8559,11,94144,2026-01-27,8142,손절,2,-4790,-0.050883,0.267738,-0.051241,0.130952,65519274150.0,0.075472,5389934094.0,10.398704,0.125,0.098246,0.00758,0.030849,위,5일 상승,4) +10% ~ +15%,"3) 500억 ~ 1,000억",3) +5% ~ +10%,5) 10배 이상,양봉
2026,2026-01,2026-01-23,금,041190,우리기술투자,8048,12,96576,2026-02-06,7393,손절,10,-8070,-0.083566,0.093434,-0.09916,0.107438,50209365840.0,0.021601,4393965450.0,10.60763,0.110497,0.014925,0.00758,0.030849,위,5일 상승,4) +10% ~ +15%,"3) 500억 ~ 1,000억",2) +2% ~ +5%,5) 10배 이상,양봉
2026,2026-01,2026-01-23,금,052400,코나아이,52052,1,52052,2026-01-26,49550,손절,1,-2616,-0.050256,0.027818,-0.048067,0.226415,45268704000.0,0.09589,3608911317.5,10.901106,0.222092,0.026923,0.00758,0.030849,위,5일 상승,6) +20% 이상,2) 300억 ~ 500억,3) +5% ~ +10%,5) 10배 이상,양봉
2026,2026-01,2026-01-23,금,079900,전진건설로봇,52853,1,52853,2026-01-29,50250,손절,4,-2719,-0.051446,-0.000999,-0.050192,0.064516,36351585600.0,0.051793,3944995287.5,8.515133,-0.022222,0.089015,0.00758,0.030849,위,5일 상승,3) +5% ~ +10%,2) 300억 ~ 500억,3) +5% ~ +10%,4) 5배 ~ 10배,음봉·보합
2026,2026-01,2026-01-23,금,494120,큐리오시스,32195,3,96584,2026-01-26,30619,손절,1,-4938,-0.051128,0.033181,-0.058484,0.146168,33139384100.0,0.144128,9891156935.0,2.63598,0.154399,0.021773,0.00758,0.030849,위,5일 상승,4) +10% ~ +15%,2) 300억 ~ 500억,4) +10% 이상,2) 2배 ~ 3배,양봉
2026,2026-01,2026-01-23,금,005070,코스모신소재,48448,2,96897,2026-02-23,58700,익절,18,20236,0.208843,0.238431,0.001065,0.010438,30044687200.0,0.010438,9568464365.0,2.906132,-0.069231,0.078512,0.00758,0.030849,위,5일 상승,1) +3% 미만,2) 300억 ~ 500억,1) +2% 미만,2) 2배 ~ 3배,음봉·보합
2026,2026-01,2026-01-23,금,003380,하림지주,11792,8,94334,2026-01-30,14160,익절,5,18688,0.198105,0.350941,0.024442,0.060306,27295461560.0,0.027923,13764298557.0,1.826111,0.034241,0.027165,0.00758,0.030849,위,5일 상승,3) +5% ~ +10%,1) 300억 미만,2) +2% ~ +5%,1) 2배 미만,양봉
2026,2026-01,2026-01-23,금,195870,해성디에스,55956,1,55956,2026-01-30,67200,익절,5,11091,0.198214,0.206307,-0.017083,0.04878,21247590000.0,0.001792,15049189282.5,1.325458,0.04878,0.008945,0.00758,0.030849,위,5일 상승,2) +3% ~ +5%,1) 300억 미만,1) +2% 미만,1) 2배 미만,양봉
2026,2026-01,2026-01-26,월,161580,필옵틱스,50550,1,50550,2026-02-06,48102,손절,9,-2560,-0.050636,0.192867,-0.072215,0.097826,81477104000.0,0.063158,18317189717.5,3.93186,0.077908,0.009901,-0.008112,0.009161,위,5일 상승,3) +5% ~ +10%,"3) 500억 ~ 1,000억",3) +5% ~ +10%,3) 3배 ~ 5배,양봉
2026,2026-01,2026-01-26,월,290650,엘앤씨바이오,62920,1,62920,2026-01-29,75600,익절,3,12508,0.198798,0.205266,-0.030246,0.138596,78642639900.0,0.006202,22532783955.0,3.153265,0.109402,0.0,-0.008112,0.009161,위,5일 상승,4) +10% ~ +15%,"3) 500억 ~ 1,000억",1) +2% 미만,3) 3배 ~ 5배,양봉
2026,2026-01,2026-01-26,월,348370,엔켐,72973,1,72973,2026-01-28,87600,익절,2,14428,0.197715,0.21689,-0.029777,0.125,68064615900.0,0.026761,15204959065.0,4.01718,0.106222,0.001372,-0.008112,0.009161,위,5일 상승,4) +10% ~ +15%,"3) 500억 ~ 1,000억",2) +2% ~ +5%,3) 3배 ~ 5배,양봉
2026,2026-01,2026-01-26,월,082270,젬백스,34034,2,68068,2026-01-27,31968,손절,1,-4280,-0.062873,0.032791,-0.071517,0.290323,53906388000.0,0.111111,8386512650.0,4.861013,0.133333,0.005882,-0.008112,0.009161,위,5일 상승,6) +20% 이상,"3) 500억 ~ 1,000억",4) +10% 이상,3) 3배 ~ 5배,양봉
2026,2026-01,2026-01-26,월,039200,오스코텍,49349,2,98699,2026-03-04,46953,손절,23,-5009,-0.050754,0.199612,-0.067869,0.121729,52213137000.0,0.037895,18995708765.0,2.478262,0.097996,0.0,-0.008112,0.009161,위,5일 상승,4) +10% ~ +15%,"3) 500억 ~ 1,000억",2) +2% ~ +5%,2) 2배 ~ 3배,양봉
2026,2026-01,2026-01-26,월,222800,심텍,52152,1,52152,2026-01-30,62600,익절,4,10305,0.197604,0.259777,-0.020174,0.03373,49026725200.0,0.001923,43106781697.5,1.049663,0.03992,0.001919,-0.008112,0.009161,위,5일 상승,2) +3% ~ +5%,2) 300억 ~ 500억,1) +2% 미만,1) 2배 미만,양봉
2026,2026-01,2026-01-26,월,323280,태성,52052,1,52052,2026-01-28,62500,익절,2,10306,0.197991,0.381311,-0.029816,0.064483,46789808000.0,0.053698,25012526280.0,1.543905,0.072165,0.009615,-0.008112,0.009161,위,5일 상승,3) +5% ~ +10%,2) 300억 ~ 500억,3) +5% ~ +10%,1) 2배 미만,양봉
2026,2026-01,2026-01-26,월,416180,신성에스티,35636,2,71271,2026-03-04,33417,손절,23,-4592,-0.064437,0.158953,-0.214269,0.072289,29508377200.0,0.048601,3297960030.0,8.111405,0.028902,0.007022,-0.008112,0.009161,위,5일 상승,3) +5% ~ +10%,1) 300억 미만,2) +2% ~ +5%,4) 5배 ~ 10배,양봉
2026,2026-01,2026-01-26,월,417200,LS머트리얼즈,13904,7,97327,2026-01-29,16690,익절,3,19237,0.197653,0.273025,-0.024014,0.038117,21017542380.0,0.016837,9657660480.5,2.046045,0.045147,0.007919,-0.008112,0.009161,위,5일 상승,2) +3% ~ +5%,1) 300억 미만,1) +2% 미만,2) 2배 ~ 3배,양봉
2026,2026-01,2026-01-27,화,024110,기업은행,21622,4,86486,2026-02-12,25950,익절,12,17077,0.197458,0.221001,-0.012562,0.033493,44326418400.0,0.018868,22602319695.0,1.882835,0.028571,0.0,0.027328,0.040751,위,5일 상승,2) +3% ~ +5%,2) 300억 ~ 500억,1) +2% 미만,1) 2배 미만,양봉
2026,2026-01,2026-01-27,화,007390,네이처셀,23423,4,93694,2026-02-06,22278,손절,8,-4788,-0.051107,0.144155,-0.047961,0.058824,31623228000.0,0.054054,7965944980.5,3.542576,0.073394,0.032051,0.027328,0.040751,위,5일 상승,3) +5% ~ +10%,2) 300억 ~ 500억,3) +5% ~ +10%,3) 3배 ~ 5배,양봉
2026,2026-01,2026-01-27,화,032640,LG유플러스,16336,6,98018,2026-02-06,15534,손절,8,-5026,-0.05128,0.034505,-0.073231,0.074391,29496800640.0,0.05768,11970763249.0,2.256517,0.060429,0.015931,0.027328,0.040751,위,5일 상승,3) +5% ~ +10%,1) 300억 미만,3) +5% ~ +10%,2) 2배 ~ 3배,양봉
2026,2026-01,2026-01-27,화,138930,BNK금융지주,16166,6,96997,2026-02-09,19400,익절,9,19138,0.197308,0.258803,-0.005329,0.014447,23647056100.0,0.006858,12310224184.0,1.841795,0.017643,0.00805,0.027328,0.040751,위,5일 상승,1) +3% 미만,1) 300억 미만,1) +2% 미만,1) 2배 미만,양봉
2026,2026-01,2026-01-30,금,383220,F&F,73173,1,73173,2026-02-03,69630,손절,2,-3703,-0.050613,0.0154,-0.058397,0.053314,25739606500.0,0.051799,6873125130.0,3.360187,0.053314,0.031464,0.000596,0.046951,위,5일 상승,3) +5% ~ +10%,1) 300억 미만,3) +5% ~ +10%,3) 3배 ~ 5배,양봉
2026,2026-02,2026-02-25,수,100090,SK오션플랜트,20120,4,80480,2026-02-26,19151,손절,1,-4054,-0.050371,0.001486,-0.047718,0.047421,20809489800.0,0.045786,8632699993.0,2.192218,0.014127,0.004975,0.019133,0.104748,위,5일 상승,2) +3% ~ +5%,1) 300억 미만,2) +2% ~ +5%,2) 2배 ~ 3배,양봉
2026,2026-02,2026-02-27,금,466100,클로봇,70352,1,70352,2026-03-03,66933,손절,1,-3573,-0.05079,-0.006384,-0.120825,0.023448,86925300000.00002,0.00135,44760832855.0,1.854945,0.04507,0.004043,-0.010011,0.074993,위,5일 상승,1) +3% 미만,"3) 500억 ~ 1,000억",1) +2% 미만,1) 2배 미만,양봉
2026,2026-02,2026-02-27,금,376900,로킷헬스케어,68168,1,68168,2026-03-04,64835,손절,2,-3483,-0.051089,0.139829,-0.065545,0.087859,62165561700.0,0.004425,23907378915.0,2.339186,0.011887,0.07489,-0.010011,0.074993,위,5일 상승,3) +5% ~ +10%,"3) 500억 ~ 1,000억",1) +2% 미만,2) 2배 ~ 3배,양봉
2026,2026-03,2026-03-12,목,468530,프로티나,84384,1,84384,2026-03-13,80320,손절,1,-4250,-0.050365,0.028627,-0.051956,0.078005,33576352800.0,0.026797,12976068920.0,2.289797,0.078005,0.020166,-0.004759,-0.000116,아래,5일 하락,3) +5% ~ +10%,2) 300억 ~ 500억,2) +2% ~ +5%,2) 2배 ~ 3배,양봉
2026,2026-03,2026-03-13,금,006110,삼아알미늄,33884,2,67768,2026-03-20,32218,손절,5,-3481,-0.051365,0.156893,-0.048219,0.074603,23018304650.0,0.033588,4711289582.5,4.393117,0.064465,0.04579,-0.017196,-0.017481,아래,5일 하락,3) +5% ~ +10%,1) 300억 미만,2) +2% ~ +5%,3) 3배 ~ 5배,양봉
2026,2026-03,2026-03-18,수,222800,심텍,59660,1,59660,2026-03-23,56743,손절,3,-3047,-0.051079,0.064372,-0.05296,0.054867,71198040800.0,0.045614,35011256665.0,1.804332,0.022298,0.020134,0.050448,0.056164,위,5일 상승,3) +5% ~ +10%,"3) 500억 ~ 1,000억",2) +2% ~ +5%,1) 2배 미만,양봉
2026,2026-03,2026-03-18,수,003160,디아이,37287,2,74574,2026-03-23,35464,손절,3,-3809,-0.051079,0.045934,-0.072069,0.044881,31312610750.0,0.01776,19960102540.0,1.456933,0.004043,0.022819,0.050448,0.056164,위,5일 상승,2) +3% ~ +5%,2) 300억 ~ 500억,1) +2% 미만,1) 2배 미만,양봉
2026,2026-03,2026-03-18,수,079370,제우스,18328,5,91642,2026-03-20,17443,손절,2,-4630,-0.050524,-0.008092,-0.048467,0.0739,22431709170.0,0.002189,12988759897.5,1.63579,0.058994,0.015292,0.050448,0.056164,위,5일 상승,3) +5% ~ +10%,1) 300억 미만,1) +2% 미만,1) 2배 미만,양봉
2026,2026-03,2026-03-20,금,003380,하림지주,17718,5,88588,2026-03-23,16863,손절,1,-4467,-0.050429,-0.030348,-0.136457,0.172185,176985415200.0,0.043017,43156279357.0,3.695791,0.156863,0.028249,0.00312,0.053572,위,5일 상승,5) +15% ~ +20%,"4) 1,000억 ~ 2,000억",2) +2% ~ +5%,3) 3배 ~ 5배,양봉
2026,2026-03,2026-03-20,금,090460,비에이치,22172,4,88689,2026-03-30,20679,손절,6,-6163,-0.069485,0.11852,-0.084437,0.114185,27407191750.0,0.088452,6444462249.0,3.523449,0.113065,0.002257,0.00312,0.053572,위,5일 상승,4) +10% ~ +15%,1) 300억 미만,3) +5% ~ +10%,3) 3배 ~ 5배,양봉
2026,2026-03,2026-03-20,금,033640,네패스,21071,4,84284,2026-03-23,20030,손절,1,-4349,-0.051603,-0.012864,-0.09734,0.170745,26089201600.0,0.082819,3029290770.5,7.176012,0.14589,0.021378,0.00312,0.053572,위,5일 상승,5) +15% ~ +20%,1) 300억 미만,3) +5% ~ +10%,4) 5배 ~ 10배,양봉
2026,2026-03,2026-03-20,금,441270,파인엠텍,11572,8,92572,2026-03-23,11009,손절,1,-4704,-0.050813,-0.018283,-0.066677,0.085446,21764613120.0,0.049002,7938510540.5,2.414166,0.06938,0.018166,0.00312,0.053572,위,5일 상승,3) +5% ~ +10%,1) 300억 미만,2) +2% ~ +5%,2) 2배 ~ 3배,양봉
2026,2026-03,2026-03-25,수,001430,세아베스틸지주,72572,1,72572,2026-03-26,69031,손절,1,-3701,-0.050996,0.01967,-0.049227,0.05225,27480472500.0,0.01683,18118098110.0,1.374954,0.049204,0.011034,0.015897,-0.047733,아래,5일 하락,3) +5% ~ +10%,1) 300억 미만,1) +2% 미만,1) 2배 미만,양봉
2026,2026-03,2026-03-25,수,451760,컨텍,19720,5,98598,2026-03-27,18771,손절,2,-4959,-0.050295,0.054783,-0.054245,0.050667,22691070700.0,0.046759,8290881258.5,2.435079,0.036297,0.014213,0.015897,-0.047733,아래,5일 하락,3) +5% ~ +10%,1) 300억 미만,2) +2% ~ +5%,2) 2배 ~ 3배,양봉
2026,2026-04,2026-04-08,수,257720,실리콘투,41291,2,82582,2026-04-24,49550,익절,12,16292,0.197282,0.223019,-0.010686,0.060411,28157291250.0,0.03125,21568475080.0,1.201623,0.017263,0.015758,0.068712,0.071849,위,5일 상승,3) +5% ~ +10%,1) 300억 미만,2) +2% ~ +5%,1) 2배 미만,양봉
2026,2026-04,2026-04-08,수,241560,두산밥캣,66266,1,66266,2026-04-28,79600,익절,14,13153,0.198483,0.202725,0.009564,0.071197,28089785400.0,0.049128,18060654665.0,1.418073,0.018462,0.012085,0.068712,0.071849,위,5일 상승,3) +5% ~ +10%,1) 300억 미만,2) +2% ~ +5%,1) 2배 미만,양봉
2026,2026-04,2026-04-08,수,457190,이수스페셜티케미컬,99399,1,99399,2026-04-13,94605,손절,3,-5012,-0.050426,0.019122,-0.054319,0.050794,24532164300.0,0.0143,24952881430.0,0.917711,-0.001006,0.003021,0.068712,0.071849,위,5일 상승,3) +5% ~ +10%,1) 300억 미만,1) +2% 미만,1) 2배 미만,음봉·보합
2026,2026-04,2026-04-09,목,004020,현대제철,39239,2,78478,2026-04-29,47100,익절,14,15507,0.1976,0.21817,-0.027758,0.035667,67856140800.0,0.035667,31652446270.0,1.952242,0.01423,0.028061,-0.016063,0.103927,위,5일 상승,2) +3% ~ +5%,"3) 500억 ~ 1,000억",2) +2% ~ +5%,1) 2배 미만,양봉
2026,2026-04,2026-04-09,목,005690,파미셀,17057,5,85285,2026-04-13,16234,손절,2,-4304,-0.050463,0.008968,-0.050832,0.042202,32814166560.0,0.007092,11358591920.0,2.709568,0.065,0.023474,-0.016063,0.103927,위,5일 상승,2) +3% ~ +5%,2) 300억 ~ 500억,1) +2% 미만,2) 2배 ~ 3배,양봉
2026,2026-04,2026-04-10,금,003570,SNT다이내믹스,56356,1,56356,2026-04-15,53646,손절,3,-2834,-0.050284,0.034489,-0.059555,0.066288,63290264300.0,0.066288,4123963440.0,13.596891,0.072381,0.007105,0.013994,0.089556,위,5일 상승,3) +5% ~ +10%,"3) 500억 ~ 1,000억",3) +5% ~ +10%,5) 10배 이상,양봉
2026,2026-04,2026-04-10,금,055550,신한지주,98799,1,98799,2026-05-14,94006,손절,22,-5010,-0.050706,0.026329,-0.054643,0.021739,62199851700.0,0.008172,135733938445.0,0.431305,0.017526,0.011145,0.013994,0.089556,위,5일 상승,1) +3% 미만,"3) 500억 ~ 1,000억",1) +2% 미만,1) 2배 미만,양봉
2026,2026-04,2026-04-10,금,316140,우리금융지주,34184,2,68368,2026-05-07,32517,손절,17,-3483,-0.050952,0.060433,-0.055118,0.031722,60158161900.0,0.007375,67311314640.0,0.859794,0.023988,0.010249,0.013994,0.089556,위,5일 상승,2) +3% ~ +5%,"3) 500억 ~ 1,000억",1) +2% 미만,1) 2배 미만,양봉
2026,2026-04,2026-04-10,금,011200,HMM,21672,4,86687,2026-04-22,20629,손절,8,-4360,-0.050292,-0.003306,-0.047142,0.038369,55927535700.0,0.018824,29698998803.0,1.768308,0.043373,0.011547,0.013994,0.089556,위,5일 상승,2) +3% ~ +5%,"3) 500억 ~ 1,000억",1) +2% 미만,1) 2배 미만,양봉
2026,2026-04,2026-04-10,금,028670,팬오션,5365,18,96576,2026-06-01,5105,손절,33,-4901,-0.050742,0.185382,-0.047594,0.030769,38739378560.0,0.005629,19584979571.75,1.876151,0.028791,0.029851,0.013994,0.089556,위,5일 상승,2) +3% ~ +5%,2) 300억 ~ 500억,1) +2% 미만,1) 2배 미만,양봉
2026,2026-04,2026-04-10,금,030200,KT,62162,1,62162,2026-05-06,59141,손절,16,-3158,-0.050799,0.047262,-0.058912,0.018033,22452441300.0,0.011401,26736023920.0,0.809559,0.018033,0.014493,0.013994,0.089556,위,5일 상승,1) +3% 미만,1) 300억 미만,1) +2% 미만,1) 2배 미만,양봉
2026,2026-04,2026-04-10,금,078930,GS,71772,1,71772,2026-05-14,68232,손절,22,-3697,-0.051517,0.170378,-0.049765,0.033141,20141462100.0,0.021368,16706256160.0,1.115609,0.031655,0.012552,0.013994,0.089556,위,5일 상승,2) +3% ~ +5%,1) 300억 미만,2) +2% ~ +5%,1) 2배 미만,양봉
2026,2026-04,2026-04-13,월,024740,한일단조,3784,26,98378,2026-04-14,3601,손절,1,-4958,-0.050398,0.032037,-0.060463,0.115044,74442083940.0,0.100437,15361956138.25,4.080235,0.05,0.101852,-0.008577,0.065737,위,5일 상승,4) +10% ~ +15%,"3) 500억 ~ 1,000억",4) +10% 이상,3) 3배 ~ 5배,양봉
2026,2026-04,2026-04-13,월,103590,일진전기,83083,1,83083,2026-04-27,103000,익절,10,19683,0.236909,0.35166,-0.002203,0.024691,41227262000.0,0.004843,21187565355.0,1.807789,0.049305,0.012048,-0.008577,0.065737,위,5일 상승,1) +3% 미만,2) 300억 ~ 500억,1) +2% 미만,1) 2배 미만,양봉
2026,2026-04,2026-04-13,월,071970,HD현대마린엔진,84685,1,84685,2026-04-24,101700,익절,9,16784,0.198195,0.367427,-0.017531,0.053549,32432340600.0,0.048327,14219248980.0,2.05226,0.084615,0.008274,-0.008577,0.065737,위,5일 상승,3) +5% ~ +10%,2) 300억 ~ 500억,2) +2% ~ +5%,2) 2배 ~ 3배,양봉
2026,2026-04,2026-04-13,월,417840,저스템,7387,13,96036,2026-04-15,8870,익절,2,19012,0.197965,0.337416,0.022013,0.049787,24775065900.0,0.00545,8056434287.5,2.87938,0.055794,0.060976,-0.008577,0.065737,위,5일 상승,2) +3% ~ +5%,1) 300억 미만,1) +2% 미만,2) 2배 ~ 3배,양봉
2026,2026-04,2026-04-14,화,006800,미래에셋증권,72472,1,72472,2026-04-20,68931,손절,4,-3700,-0.05106,0.014179,-0.052053,0.108729,721567939200.0,0.035765,186405726390.0,3.495949,0.074184,0.023481,0.027395,0.086076,위,5일 상승,4) +10% ~ +15%,"5) 2,000억 이상",2) +2% ~ +5%,3) 3배 ~ 5배,양봉
2026,2026-04,2026-04-14,화,043260,성호전자,53253,1,53253,2026-04-15,50649,손절,1,-2721,-0.051091,0.104159,-0.049822,0.108333,161424440800.0,0.096907,56634132435.0,2.365265,0.080203,0.016917,0.027395,0.086076,위,5일 상승,4) +10% ~ +15%,"4) 1,000억 ~ 2,000억",3) +5% ~ +10%,2) 2배 ~ 3배,양봉
2026,2026-04,2026-04-14,화,389020,자람테크놀로지,60961,1,60961,2026-04-15,57942,손절,1,-3153,-0.051715,0.020326,-0.058413,0.203557,75563684700.0,0.013311,10017762697.5,6.520476,0.153409,0.065681,0.027395,0.086076,위,5일 상승,6) +20% 이상,"3) 500억 ~ 1,000억",1) +2% 미만,4) 5배 ~ 10배,양봉
2026,2026-04,2026-04-14,화,013580,계룡건설,30180,3,90540,2026-04-16,28721,손절,2,-4576,-0.050536,0.076867,-0.068924,0.175439,58311456750.0,0.02551,3519227635.0,14.867394,0.159615,0.104478,0.027395,0.086076,위,5일 상승,5) +15% ~ +20%,"3) 500억 ~ 1,000억",2) +2% ~ +5%,5) 10배 이상,양봉
2026,2026-04,2026-04-14,화,003310,대주산업,4039,24,96937,2026-04-16,3841,손절,2,-4962,-0.051187,0.042328,-0.050516,0.070292,47990752665.0,0.015094,5541320508.75,8.043846,0.059055,0.068154,0.027395,0.086076,위,5일 상승,3) +5% ~ +10%,2) 300억 ~ 500억,1) +2% 미만,4) 5배 ~ 10배,양봉
2026,2026-04,2026-04-14,화,389500,에스비비테크,60861,1,60861,2026-05-08,73100,익절,16,12073,0.198369,0.245465,-0.027289,0.201581,37220908800.0,0.1537,3951605047.5,7.672042,0.176015,0.029605,0.027395,0.086076,위,5일 상승,6) +20% 이상,2) 300억 ~ 500억,4) +10% 이상,4) 5배 ~ 10배,양봉
2026,2026-04,2026-04-14,화,166090,하나머티리얼즈,68068,1,68068,2026-04-29,81700,익절,11,13446,0.19754,0.204678,-0.008345,0.08453,21911436000.0,0.051005,13152395425.0,1.478747,0.067504,0.013235,0.027395,0.086076,위,5일 상승,3) +5% ~ +10%,1) 300억 미만,3) +5% ~ +10%,1) 2배 미만,양봉
2026,2026-04,2026-04-15,수,000500,가온전선,71199,1,71199,2026-04-21,85500,익절,4,14107,0.198131,0.222215,0.023196,0.207547,55600256000.0,0.117904,4100065610.0,11.499395,0.180812,0.05,0.020718,0.037302,위,5일 상승,6) +20% 이상,"3) 500억 ~ 1,000억",4) +10% 이상,5) 10배 이상,양봉
2026,2026-04,2026-04-15,수,229640,LS에코에너지,50651,1,50651,2026-04-22,60800,익절,5,10011,0.19765,0.218149,0.018744,0.137079,47251393200.0,0.114537,7678354692.5,5.363393,0.104803,0.021739,0.020718,0.037302,위,5일 상승,4) +10% ~ +15%,2) 300억 ~ 500억,4) +10% 이상,4) 5배 ~ 10배,양봉
2026,2026-04,2026-04-15,수,281740,레이크머티리얼즈,21972,4,87888,2026-05-12,20879,손절,17,-4564,-0.051931,0.160571,-0.109319,0.09204,37718111750.0,0.068127,11742671704.5,2.893641,0.070732,0.002278,0.020718,0.037302,위,5일 상승,3) +5% ~ +10%,2) 300억 ~ 500억,3) +5% ~ +10%,2) 2배 ~ 3배,양봉
2026,2026-04,2026-04-15,수,201490,미투온,3393,29,98408,2026-04-29,3217,손절,10,-5337,-0.054233,0.15666,-0.064357,0.102439,32074396860.0,0.033537,3279345377.75,8.934623,0.083067,0.110619,0.020718,0.037302,위,5일 상승,4) +10% ~ +15%,2) 300억 ~ 500억,2) +2% ~ +5%,4) 5배 ~ 10배,양봉
2026,2026-04,2026-04-15,수,454910,두산로보틱스,93393,1,93393,2026-04-30,120000,익절,11,26335,0.281976,0.292384,-0.029909,0.029801,26705352300.0,0.019672,16984990345.0,1.458421,0.011931,0.003215,0.020718,0.037302,위,5일 상승,1) +3% 미만,1) 300억 미만,1) +2% 미만,1) 2배 미만,양봉
2026,2026-04,2026-04-15,수,214150,클래시스,56757,1,56757,2026-05-07,53946,손절,14,-2935,-0.051715,0.078287,-0.055618,0.042279,24797631600.0,0.038462,9500011070.0,2.428831,0.016129,0.017637,0.020718,0.037302,위,5일 상승,2) +3% ~ +5%,1) 300억 미만,2) +2% ~ +5%,2) 2배 ~ 3배,양봉
2026,2026-04,2026-04-15,수,092870,엑시콘,32132,3,96396,2026-04-16,30569,손절,1,-4900,-0.050829,-0.000999,-0.05235,0.050736,24250201800.0,0.007849,7576494730.0,2.871632,-0.012308,0.065421,0.020718,0.037302,위,5일 상승,3) +5% ~ +10%,1) 300억 미만,1) +2% 미만,2) 2배 ~ 3배,음봉·보합
2026,2026-04,2026-04-15,수,033100,제룡전기,51451,1,51451,2026-04-27,61800,익절,8,10208,0.198401,0.203077,-0.024322,0.044715,20326952400.0,0.03006,5850104690.0,3.208484,0.021869,0.027237,0.020718,0.037302,위,5일 상승,2) +3% ~ +5%,1) 300억 미만,2) +2% ~ +5%,3) 3배 ~ 5배,양봉
2026,2026-04,2026-04-16,목,347850,디앤디파마텍,81682,1,81682,2026-04-17,77722,손절,1,-4139,-0.050669,-0.003448,-0.086698,0.022556,103550318400.0,0.022556,31880765220.0,2.938209,-0.007299,0.107843,0.022107,0.077542,위,5일 상승,1) +3% 미만,"4) 1,000억 ~ 2,000억",2) +2% ~ +5%,2) 2배 ~ 3배,음봉·보합
2026,2026-04,2026-04-16,목,035720,카카오,50651,1,50651,2026-04-22,48202,손절,4,-2560,-0.050544,0.000975,-0.050357,0.020161,65275619200.0,0.012,62157841057.5,0.986527,0.0,0.011858,0.022107,0.077542,위,5일 상승,1) +3% 미만,"3) 500억 ~ 1,000억",1) +2% 미만,1) 2배 미만,음봉·보합
2026,2026-04,2026-04-16,목,161580,필옵틱스,45996,2,91992,2026-04-17,43756,손절,1,-4681,-0.05089,-0.019479,-0.054265,0.151629,64786329450.0,0.134568,8528820807.5,6.461357,0.131773,0.014146,0.022107,0.077542,위,5일 상승,5) +15% ~ +20%,"3) 500억 ~ 1,000억",4) +10% 이상,4) 5배 ~ 10배,양봉
2026,2026-04,2026-04-16,목,241520,DSC인베스트먼트,15546,6,93273,2026-04-17,14795,손절,1,-4707,-0.050463,0.00865,-0.08977,0.055744,60213770150.0,0.038102,15182805027.0,3.634123,0.042282,0.094656,0.022107,0.077542,위,5일 상승,3) +5% ~ +10%,"3) 500억 ~ 1,000억",2) +2% ~ +5%,3) 3배 ~ 5배,양봉
2026,2026-04,2026-04-16,목,319400,현대무벡스,30981,3,92943,2026-04-22,29171,손절,4,-5633,-0.060602,0.111974,-0.057485,0.009788,57303925000.0,0.009788,34654872407.5,1.503302,-0.0096,0.043619,0.022107,0.077542,위,5일 상승,1) +3% 미만,"3) 500억 ~ 1,000억",1) +2% 미만,1) 2배 미만,음봉·보합
2026,2026-04,2026-04-16,목,011210,현대위아,85385,1,85385,2026-05-06,81219,손절,12,-4354,-0.050993,0.037649,-0.051359,0.060945,51317503600.0,0.004711,8726781735.0,5.467132,-0.030682,0.032825,0.022107,0.077542,위,5일 상승,3) +5% ~ +10%,"3) 500억 ~ 1,000억",1) +2% 미만,4) 5배 ~ 10배,음봉·보합
2026,2026-04,2026-04-16,목,012860,모베이스전자,4024,24,96576,2026-04-17,3826,손절,1,-4960,-0.051362,0.011426,-0.058156,0.137199,48010108260.0,0.032092,8741719677.25,4.9079,0.116667,0.064677,0.022107,0.077542,위,5일 상승,4) +10% ~ +15%,2) 300억 ~ 500억,2) +2% ~ +5%,3) 3배 ~ 5배,양봉
2026,2026-04,2026-04-16,목,336260,두산퓨얼셀,46046,2,92092,2026-04-20,43806,손절,2,-4682,-0.050839,0.003344,-0.081353,0.047836,47802694000.0,0.002179,31443778565.0,1.322273,0.041903,0.016304,0.022107,0.077542,위,5일 상승,2) +3% ~ +5%,2) 300억 ~ 500억,1) +2% 미만,1) 2배 미만,양봉
2026,2026-04,2026-04-16,목,060250,NHN KCP,21021,4,84084,2026-04-20,19980,손절,2,-4348,-0.051715,0.025165,-0.051425,0.089777,34553190000.0,0.034483,16191498684.0,1.734291,0.067616,0.011905,0.022107,0.077542,위,5일 상승,3) +5% ~ +10%,2) 300억 ~ 500억,2) +2% ~ +5%,1) 2배 미만,양봉
2026,2026-04,2026-04-16,목,052400,코나아이,71171,1,71171,2026-04-17,67732,손절,1,-3595,-0.050515,0.006026,-0.055797,0.171334,34181893800.0,0.165574,5610093320.0,4.848998,0.159869,0.004219,0.022107,0.077542,위,5일 상승,5) +15% ~ +20%,2) 300억 ~ 500억,4) +10% 이상,3) 3배 ~ 5배,양봉
2026,2026-04,2026-04-16,목,036540,SFA반도체,7307,13,94995,2026-04-24,8770,익절,6,18756,0.197439,0.389022,-0.021526,0.039886,29984049200.0,0.028169,12508763742.5,2.206323,0.036932,0.015068,0.022107,0.077542,위,5일 상승,2) +3% ~ +5%,1) 300억 미만,2) +2% ~ +5%,2) 2배 ~ 3배,양봉
2026,2026-04,2026-04-16,목,074600,원익QnC,36136,2,72272,2026-05-18,34366,손절,20,-3700,-0.05119,0.177493,-0.086786,0.06647,29599581300.0,0.029957,9359523045.0,2.832393,0.068047,0.01108,0.022107,0.077542,위,5일 상승,3) +5% ~ +10%,1) 300억 미만,2) +2% ~ +5%,2) 2배 ~ 3배,양봉
2026,2026-04,2026-04-16,목,252990,샘씨엔에스,11211,8,89690,2026-04-20,13460,익절,2,17745,0.197854,0.256779,-0.042921,0.051643,28948315200.0,0.051643,5493907715.0,4.611094,0.04186,0.060714,0.022107,0.077542,위,5일 상승,3) +5% ~ +10%,1) 300억 미만,3) +5% ~ +10%,3) 3배 ~ 5배,양봉
2026,2026-04,2026-04-17,금,018880,한온시스템,4164,23,95776,2026-05-04,5000,익절,10,18963,0.197991,0.21273,-0.032218,0.01836,108110383680.0,0.004831,28019384503.25,3.665613,0.013398,0.050481,-0.005482,0.056845,위,5일 상승,1) +3% 미만,"4) 1,000억 ~ 2,000억",1) +2% 미만,3) 3배 ~ 5배,양봉
2026,2026-04,2026-04-17,금,417010,나노팀,12042,8,96336,2026-04-23,11459,손절,4,-4880,-0.050651,0.091178,-0.06162,0.148997,52754762010.0,0.046997,3215167896.5,14.382036,0.147901,0.049044,-0.005482,0.056845,위,5일 상승,4) +10% ~ +15%,"3) 500억 ~ 1,000억",2) +2% ~ +5%,5) 10배 이상,양봉
2026,2026-04,2026-04-17,금,0004V0,엔비알모션,22973,4,91892,2026-04-23,21828,손절,4,-4781,-0.052025,0.127413,-0.06847,0.090261,48433473450.0,0.040816,20920933497.5,2.00139,0.06993,0.065359,-0.005482,0.056845,위,5일 상승,3) +5% ~ +10%,2) 300억 ~ 500억,2) +2% ~ +5%,2) 2배 ~ 3배,양봉
2026,2026-04,2026-04-17,금,222080,SFA넥셀,12753,7,89269,2026-04-21,15310,익절,2,17657,0.197795,0.278941,-0.023739,0.017572,44086693560.0,0.004732,18563034375.0,2.247102,0.013524,0.040031,-0.005482,0.056845,위,5일 상승,1) +3% 미만,2) 300억 ~ 500억,1) +2% 미만,2) 2배 ~ 3배,양봉
2026,2026-04,2026-04-17,금,225190,LK삼양,2232,44,98218,2026-05-06,2123,손절,11,-5027,-0.051184,0.140115,-0.068196,0.101235,27629160340.0,0.020595,3295684050.65,7.723254,0.077295,0.098655,-0.005482,0.056845,위,5일 상승,4) +10% ~ +15%,1) 300억 미만,2) +2% ~ +5%,4) 5배 ~ 10배,양봉
2026,2026-04,2026-04-17,금,476060,온코닉테라퓨틱스,24224,4,96897,2026-04-21,23027,손절,2,-5002,-0.051617,0.048538,-0.081497,0.018947,25242027800.0,0.010438,10829684434.5,2.116439,0.012552,0.047521,-0.005482,0.056845,위,5일 상승,1) +3% 미만,1) 300억 미만,1) +2% 미만,2) 2배 ~ 3배,양봉
2026,2026-04,2026-04-17,금,033240,자화전자,41191,2,82382,2026-04-27,49450,익절,6,16293,0.19777,0.233275,-0.015565,0.082895,22721095950.0,0.05243,4982600350.0,3.968999,0.009816,0.018226,-0.005482,0.056845,위,5일 상승,3) +5% ~ +10%,1) 300억 미만,3) +5% ~ +10%,3) 3배 ~ 5배,양봉
2026,2026-04,2026-04-20,월,048410,현대바이오,14925,6,89549,2026-04-21,14206,손절,1,-4511,-0.05038,0.003021,-0.088102,0.033981,95374394430.0,0.033981,21396235538.5,4.138095,0.024038,0.103286,0.004388,0.070666,위,5일 상승,2) +3% ~ +5%,"3) 500억 ~ 1,000억",2) +2% ~ +5%,3) 3배 ~ 5배,양봉
2026,2026-04,2026-04-20,월,041020,폴라리스오피스,5185,19,98518,2026-04-21,4935,손절,1,-4969,-0.050434,-0.000999,-0.055963,0.098621,58886861600.0,0.057143,6782869531.75,7.811333,0.104478,0.061776,0.004388,0.070666,위,5일 상승,3) +5% ~ +10%,"3) 500억 ~ 1,000억",3) +5% ~ +10%,4) 5배 ~ 10배,양봉
2026,2026-04,2026-04-20,월,348340,뉴로메카,43178,2,86356,2026-04-27,40172,손절,5,-6197,-0.07176,0.037254,-0.101046,0.02568,21839152300.0,0.013433,17640838970.0,1.136016,0.027231,0.027246,0.004388,0.070666,위,5일 상승,1) +3% 미만,1) 300억 미만,1) +2% 미만,1) 2배 미만,양봉
2026,2026-04,2026-04-21,화,080220,제주반도체,46897,2,93794,2026-04-23,44605,손절,2,-4789,-0.051058,0.014994,-0.057506,0.089535,454980776600.0,0.065984,45315033937.5,8.74658,0.074541,0.057631,0.027235,0.070499,위,5일 상승,3) +5% ~ +10%,"5) 2,000억 이상",3) +5% ~ +10%,4) 5배 ~ 10배,양봉
2026,2026-04,2026-04-21,화,009830,한화솔루션,42913,2,85827,2026-04-28,51500,익절,5,16939,0.197365,0.206714,-0.02188,0.056977,175947630750.0,0.01,168180706302.5,0.905069,0.041237,0.009901,0.027235,0.070499,위,5일 상승,3) +5% ~ +10%,"4) 1,000억 ~ 2,000억",1) +2% 미만,1) 2배 미만,양봉
2026,2026-04,2026-04-21,화,348370,엔켐,49299,2,98598,2026-04-27,46553,손절,4,-5707,-0.057878,0.125778,-0.058809,0.179641,90361831500.0,0.094444,26449723215.0,2.637841,0.153396,0.02335,0.027235,0.070499,위,5일 상승,5) +15% ~ +20%,"3) 500억 ~ 1,000억",3) +5% ~ +10%,2) 2배 ~ 3배,양봉
2026,2026-04,2026-04-21,화,323280,태성,66266,1,66266,2026-04-27,80900,익절,4,14450,0.218059,0.418521,0.059364,0.118243,58400183600.0,0.09061,16353379505.0,3.01107,0.097844,0.02719,0.027235,0.070499,위,5일 상승,4) +10% ~ +15%,"3) 500억 ~ 1,000억",3) +5% ~ +10%,3) 3배 ~ 5배,양봉
2026,2026-04,2026-04-21,화,003490,대한항공,25626,3,76877,2026-04-28,24376,손절,5,-3919,-0.050974,-0.012706,-0.055632,0.021956,37443840000.0,0.007874,41830667080.0,0.85355,0.011858,0.006836,0.027235,0.070499,위,5일 상승,1) +3% 미만,2) 300억 ~ 500억,1) +2% 미만,1) 2배 미만,양봉
2026,2026-04,2026-04-21,화,005440,현대지에프홀딩스,15295,6,91772,2026-04-22,14555,손절,1,-4641,-0.050567,-0.016036,-0.048726,0.073788,28716192960.0,0.045859,3464835329.5,7.565592,-0.072816,0.083115,0.027235,0.070499,위,5일 상승,3) +5% ~ +10%,1) 300억 미만,2) +2% ~ +5%,4) 5배 ~ 10배,음봉·보합
2026,2026-04,2026-04-21,화,005940,NH투자증권,35986,2,71972,2026-04-23,34216,손절,2,-3698,-0.051386,0.012895,-0.052408,0.02276,22670609250.0,0.016973,30274276917.5,0.681622,0.014104,0.0,0.027235,0.070499,위,5일 상승,1) +3% 미만,1) 300억 미만,1) +2% 미만,1) 2배 미만,양봉
2026,2026-04,2026-04-21,화,003550,LG,95095,1,95095,2026-05-12,114200,익절,13,18845,0.198172,0.245071,-0.015721,0.016043,21721560000.0,0.00211,22241956370.0,0.916133,0.014957,0.007368,0.027235,0.070499,위,5일 상승,1) +3% 미만,1) 300억 미만,1) +2% 미만,1) 2배 미만,양봉
2026,2026-04,2026-04-22,수,484590,삼양컴텍,14114,7,98799,2026-04-23,13437,손절,1,-4960,-0.050202,-0.023671,-0.083895,0.124402,47671959000.0,0.10415,3417880385.0,12.039229,0.095571,0.031915,0.004611,0.053607,위,5일 상승,4) +10% ~ +15%,2) 300억 ~ 500억,4) +10% 이상,5) 10배 이상,양봉
2026,2026-04,2026-04-22,수,064400,LG씨엔에스,68268,1,68268,2026-04-30,64935,손절,6,-3483,-0.05102,0.020973,-0.053732,0.01791,36145113400.0,0.016393,31550602820.0,1.0395,0.030211,0.002933,0.004611,0.053607,위,5일 상승,1) +3% 미만,2) 300억 ~ 500억,1) +2% 미만,1) 2배 미만,양봉
2026,2026-04,2026-04-22,수,199820,제일일렉트릭,11401,8,91211,2026-04-29,13690,익절,5,18060,0.197999,0.459471,-0.014155,0.036397,31775320840.0,0.009752,4153634428.5,7.252963,0.036397,0.083406,0.004611,0.053607,위,5일 상승,2) +3% ~ +5%,2) 300억 ~ 500억,1) +2% 미만,4) 5배 ~ 10배,양봉
2026,2026-04,2026-04-22,수,439260,대한조선,95395,1,95395,2026-04-28,90809,손절,4,-4796,-0.050272,0.023111,-0.053412,0.058889,31574986600.0,0.012752,13800420215.0,2.126252,0.055371,0.0,0.004611,0.053607,위,5일 상승,3) +5% ~ +10%,2) 300억 ~ 500억,1) +2% 미만,2) 2배 ~ 3배,양봉
2026,2026-04,2026-04-22,수,307180,아이엘,6366,15,95495,2026-04-23,6054,손절,1,-4896,-0.051268,0.002143,-0.136084,0.177778,30212423160.0,0.160584,6875918578.0,3.527063,0.169118,0.034591,0.004611,0.053607,위,5일 상승,5) +15% ~ +20%,2) 300억 ~ 500억,4) +10% 이상,3) 3배 ~ 5배,양봉
2026,2026-04,2026-04-22,수,105840,우진,27477,3,82432,2026-05-08,26124,손절,10,-4242,-0.051456,0.139116,-0.066507,0.041746,25499457900.0,0.014787,13004487580.0,1.753755,0.035849,0.001821,0.004611,0.053607,위,5일 상승,2) +3% ~ +5%,1) 300억 미만,1) +2% 미만,1) 2배 미만,양봉
2026,2026-04,2026-04-22,수,125490,한라캐스트,16306,6,97838,2026-04-23,15514,손절,1,-4966,-0.050755,0.016172,-0.063552,0.01306,22063974210.0,0.003079,14014807489.5,1.406897,0.01243,0.011664,0.004611,0.053607,위,5일 상승,1) +3% 미만,1) 300억 미만,1) +2% 미만,1) 2배 미만,양봉
2026,2026-04,2026-04-22,수,253590,네오셈,18018,5,90090,2026-05-11,17153,손절,11,-4524,-0.050214,0.187701,-0.062604,0.014085,20398644000.0,0.006149,17425538792.0,1.074304,0.013514,0.011111,0.004611,0.053607,위,5일 상승,1) +3% 미만,1) 300억 미만,1) +2% 미만,1) 2배 미만,양봉
2026,2026-04,2026-04-23,목,456160,지투지바이오,81581,1,81581,2026-04-28,77622,손절,3,-4138,-0.050726,0.019839,-0.052481,0.083777,55982268500.0,0.034264,18287009270.0,2.726417,0.072368,0.009816,0.009018,0.040115,위,5일 상승,3) +5% ~ +10%,"3) 500억 ~ 1,000억",2) +2% ~ +5%,2) 2배 ~ 3배,양봉
2026,2026-04,2026-04-23,목,044490,태웅,53053,1,53053,2026-05-11,50450,손절,10,-2720,-0.051268,0.155448,-0.080165,0.12766,48454932000.0,0.033138,22036175857.5,2.006727,0.066398,0.0,0.009018,0.040115,위,5일 상승,4) +10% ~ +15%,2) 300억 ~ 500억,2) +2% ~ +5%,2) 2배 ~ 3배,양봉
2026,2026-04,2026-04-23,목,051600,한전KPS,62763,1,62763,2026-05-06,59740,손절,7,-3160,-0.050354,0.035647,-0.047205,0.032949,23606550000.0,0.032949,10603739410.0,2.064766,0.001597,0.023923,0.009018,0.040115,위,5일 상승,2) +3% ~ +5%,1) 300억 미만,2) +2% ~ +5%,2) 2배 ~ 3배,양봉
2026,2026-04,2026-04-23,목,232140,와이씨,21021,4,84084,2026-05-12,19980,손절,11,-4348,-0.051715,0.148851,-0.082822,0.002387,22727124000.0,0.002387,16064052639.5,1.282255,-0.011765,0.011905,0.009018,0.040115,위,5일 상승,1) +3% 미만,1) 300억 미만,1) +2% 미만,1) 2배 미만,음봉·보합
2026,2026-04,2026-04-24,금,089030,테크윙,61862,1,61862,2026-04-29,58841,손절,3,-3156,-0.051025,0.015166,-0.054344,0.123636,307983822600.0,0.072917,63207117435.0,4.180622,0.123636,0.008091,-2.8e-05,0.045819,위,5일 상승,4) +10% ~ +15%,"5) 2,000억 이상",3) +5% ~ +10%,3) 3배 ~ 5배,양봉
2026,2026-04,2026-04-24,금,030530,원익홀딩스,31882,3,95646,2026-05-12,30320,손절,10,-4897,-0.051194,0.169945,-0.048048,0.079661,88906981800.0,0.004732,25606253352.5,3.213243,0.076014,0.032967,-2.8e-05,0.045819,위,5일 상승,3) +5% ~ +10%,"3) 500억 ~ 1,000억",1) +2% 미만,3) 3배 ~ 5배,양봉
2026,2026-04,2026-04-24,금,200710,에이디테크놀로지,60560,1,60560,2026-04-28,57642,손절,2,-3051,-0.050383,0.003955,-0.075305,0.106033,39726054500.0,0.046713,19184985235.0,1.814642,0.112132,0.024793,-2.8e-05,0.045819,위,5일 상승,4) +10% ~ +15%,2) 300억 ~ 500억,2) +2% ~ +5%,1) 2배 미만,양봉
2026,2026-04,2026-04-24,금,289930,웨이비스,22623,4,90490,2026-04-29,21528,손절,3,-4575,-0.050561,0.089618,-0.073935,0.13,36418069400.0,0.13,5822874459.5,5.304469,0.121588,0.061947,-2.8e-05,0.045819,위,5일 상승,4) +10% ~ +15%,2) 300억 ~ 500억,4) +10% 이상,4) 5배 ~ 10배,양봉
2026,2026-04,2026-04-24,금,200470,에이팩트,9329,10,93293,2026-04-28,8881,손절,2,-4687,-0.05024,0.035445,-0.066384,0.159204,34553489920.0,0.136585,6501024994.5,4.044942,0.157764,0.023605,-2.8e-05,0.045819,위,5일 상승,5) +15% ~ +20%,2) 300억 ~ 500억,4) +10% 이상,3) 3배 ~ 5배,양봉
2026,2026-04,2026-04-24,금,003160,디아이,34685,2,69369,2026-04-30,33017,손절,4,-3488,-0.050278,0.032157,-0.060103,0.086207,31624743150.0,0.004348,12574754485.0,2.21756,0.061256,0.010101,-2.8e-05,0.045819,위,5일 상승,3) +5% ~ +10%,2) 300억 ~ 500억,1) +2% 미만,2) 2배 ~ 3배,양봉
2026,2026-04,2026-04-24,금,357580,아모센스,21622,4,86486,2026-04-27,20579,손절,1,-4359,-0.050398,0.001314,-0.074999,0.114551,21809606400.0,0.066667,10633152393.5,1.59291,0.113976,0.05787,-2.8e-05,0.045819,위,5일 상승,4) +10% ~ +15%,1) 300억 미만,3) +5% ~ +10%,1) 2배 미만,양봉
2026,2026-04,2026-04-27,월,056080,유진로봇,27227,3,81682,2026-05-07,25874,손절,6,-4238,-0.05189,0.052257,-0.063437,0.052224,42513790400.0,0.046154,10409481277.5,3.741435,0.040153,0.027574,0.021527,0.063665,위,5일 상승,3) +5% ~ +10%,2) 300억 ~ 500억,2) +2% ~ +5%,3) 3배 ~ 5배,양봉
2026,2026-04,2026-04-27,월,060280,큐렉소,17307,5,86536,2026-04-30,16474,손절,3,-4359,-0.050371,0.028468,-0.056467,0.021868,37680563830.0,0.021868,12361354471.5,2.78983,0.005817,0.047426,0.021527,0.063665,위,5일 상승,1) +3% 미만,2) 300억 ~ 500억,2) +2% ~ +5%,2) 2배 ~ 3배,양봉
2026,2026-04,2026-04-27,월,474170,루미르,16757,5,83784,2026-04-28,15944,손절,1,-4247,-0.050696,0.052711,-0.071418,0.128793,30428197560.0,0.073077,6555764055.5,4.081364,0.113772,0.031063,0.021527,0.063665,위,5일 상승,4) +10% ~ +15%,2) 300억 ~ 500억,3) +5% ~ +10%,3) 3배 ~ 5배,양봉
2026,2026-04,2026-04-27,월,052020,에스티큐브,20320,4,81281,2026-05-04,19341,손절,4,-4097,-0.050407,0.107267,-0.124029,0.114772,28546469000.0,0.044239,8224579973.5,2.823569,0.068421,0.049261,0.021527,0.063665,위,5일 상승,4) +10% ~ +15%,1) 300억 미만,2) +2% ~ +5%,2) 2배 ~ 3배,양봉
2026,2026-04,2026-04-27,월,474650,링크솔루션,63563,1,63563,2026-04-30,60440,손절,3,-3263,-0.051342,0.030466,-0.070221,0.083618,20004659000.0,0.004747,4188261805.0,4.484451,0.070826,0.086614,0.021527,0.063665,위,5일 상승,3) +5% ~ +10%,1) 300억 미만,1) +2% 미만,3) 3배 ~ 5배,양봉
2026,2026-04,2026-04-30,목,076610,해성옵틱스,1741,57,99222,2026-05-06,2090,익절,2,19637,0.197908,0.407448,0.048405,0.193548,60900842529.0,0.080124,4096488894.25,12.677743,0.193548,0.085681,-0.013755,0.019003,위,5일 상승,5) +15% ~ +20%,"3) 500억 ~ 1,000억",3) +5% ~ +10%,5) 10배 이상,양봉
2026,2026-04,2026-04-30,목,049630,재영솔루텍,17117,5,85586,2026-05-04,16294,손절,1,-4305,-0.050301,0.045738,-0.134199,0.167235,42145583400.0,0.099678,7701671031.5,4.71786,-0.094759,0.104678,-0.013755,0.019003,위,5일 상승,5) +15% ~ +20%,2) 300억 ~ 500억,3) +5% ~ +10%,3) 3배 ~ 5배,음봉·보합
2026,2026-05,2026-05-04,월,234340,헥토파이낸셜,33834,2,67668,2026-05-12,42000,익절,5,16142,0.238543,0.254662,-0.036466,0.051322,26145516800.0,0.001481,30990643145.0,0.728666,0.011976,0.010355,0.051239,0.071246,위,5일 상승,3) +5% ~ +10%,1) 300억 미만,1) +2% 미만,1) 2배 미만,양봉
2026,2026-06,2026-06-16,화,100090,SK오션플랜트,21471,4,85886,2026-06-17,20430,손절,1,-4356,-0.050721,-0.035929,-0.13187,0.269231,157437165600.0,0.110823,15616130248.5,7.940444,0.276026,0.016317,0.021135,0.077767,위,5일 상승,6) +20% 이상,"4) 1,000억 ~ 2,000억",4) +10% 이상,4) 5배 ~ 10배,양봉
2026,2026-06,2026-06-16,화,009830,한화솔루션,42242,2,84484,2026-06-18,40210,손절,2,-4250,-0.050311,0.016756,-0.10516,0.090439,144575934000.0,0.006507,77605972300.0,1.676196,0.075159,0.0391,0.021135,0.077767,위,5일 상승,3) +5% ~ +10%,"4) 1,000억 ~ 2,000억",1) +2% 미만,1) 2배 미만,양봉
2026,2026-06,2026-06-16,화,044490,태웅,41892,2,83784,2026-06-17,39860,손절,1,-4247,-0.050696,0.020485,-0.089322,0.223684,42663271050.0,0.00722,5491819505.0,6.680404,0.180536,0.0227,0.021135,0.077767,위,5일 상승,6) +20% 이상,2) 300억 ~ 500억,1) +2% 미만,4) 5배 ~ 10배,양봉
2026,2026-06,2026-06-16,화,078930,GS,79279,1,79279,2026-06-17,75424,손절,1,-4029,-0.050817,-0.000999,-0.080465,0.047619,25166750400.0,0.02458,23639619830.0,1.000964,0.042105,0.002525,0.021135,0.077767,위,5일 상승,2) +3% ~ +5%,1) 300억 미만,2) +2% ~ +5%,1) 2배 미만,양봉
2026,2026-08,2026-08-05,수,272210,한화시스템,72472,1,72472,2026-08-06,68931,손절,1,-3700,-0.05106,0.003141,-0.068611,0.047757,29910684400.0,0.009763,48519583515.0,0.545298,0.038737,0.005525,0.037634,0.165103,아래,5일 상승,2) +3% ~ +5%,1) 300억 미만,1) +2% 미만,1) 2배 미만,양봉
2026,2026-08,2026-08-05,수,083650,비에이치아이,50550,1,50550,2026-08-07,48102,손절,2,-2560,-0.050636,0.07813,-0.047487,0.013039,23461441500.0,0.013039,9866224660.0,2.061219,-0.009804,0.045545,0.037634,0.165103,아래,5일 상승,1) +3% 미만,1) 300억 미만,1) +2% 미만,2) 2배 ~ 3배,음봉·보합
2026,2026-08,2026-08-05,수,090710,휴림로봇,7648,13,99419,2026-08-06,7273,손절,1,-5092,-0.051219,0.018615,-0.084685,0.080622,22175008320.0,0.043716,17136392417.5,1.131415,0.059639,0.007853,0.037634,0.165103,아래,5일 상승,3) +5% ~ +10%,1) 300억 미만,2) +2% ~ +5%,1) 2배 미만,양봉
2026,2026-08,2026-08-06,목,041830,인바디,70070,1,70070,2026-08-07,66633,손절,1,-3590,-0.051241,0.018981,-0.068075,0.234568,45820530000.0,0.219512,4989099592.5,6.855713,0.217391,0.05,-0.045751,0.125648,아래,5일 상승,6) +20% 이상,2) 300억 ~ 500억,4) +10% 이상,4) 5배 ~ 10배,양봉
2026,2026-08,2026-08-06,목,298380,에이비엘바이오,83383,1,83383,2026-08-18,79321,손절,7,-4246,-0.050918,0.141715,-0.054967,0.038653,33451780600.0,0.018337,26753615245.0,1.111696,0.015854,0.02521,-0.045751,0.125648,아래,5일 상승,2) +3% ~ +5%,2) 300억 ~ 500억,1) +2% 미만,1) 2배 미만,양봉
2026,2026-08,2026-08-06,목,257720,실리콘투,39389,2,78779,2026-08-07,37462,손절,1,-4027,-0.051113,0.025658,-0.058121,0.060647,25727344800.0,0.02474,19965536972.5,1.180603,0.049333,0.003812,-0.045751,0.125648,아래,5일 상승,3) +5% ~ +10%,1) 300억 미만,2) +2% ~ +5%,1) 2배 미만,양봉
2026,2026-08,2026-08-10,월,034020,두산에너빌리티,79980,1,79980,2026-08-19,73526,손절,6,-6624,-0.082816,0.071519,-0.092272,0.036316,151397875800.0,0.023047,181735012440.0,0.725241,0.005031,0.001252,0.006533,0.006746,아래,5일 상승,2) +3% ~ +5%,"4) 1,000억 ~ 2,000억",2) +2% ~ +5%,1) 2배 미만,양봉
2026,2026-08,2026-08-10,월,086520,에코프로,93593,1,93593,2026-08-11,89011,손절,1,-4788,-0.051158,0.010754,-0.049079,0.087209,118877022000.0,0.082176,80910244960.0,1.247551,0.079677,0.002139,0.006533,0.006746,아래,5일 상승,3) +5% ~ +10%,"4) 1,000억 ~ 2,000억",3) +5% ~ +10%,1) 2배 미만,양봉
2026,2026-08,2026-08-10,월,064400,LG씨엔에스,73674,1,73674,2026-08-19,70030,손절,6,-3805,-0.051651,0.140164,-0.049863,0.013774,54826553600.0,0.004093,66519326820.0,0.740062,0.010989,0.002717,0.006533,0.006746,아래,5일 상승,1) +3% 미만,"3) 500억 ~ 1,000억",1) +2% 미만,1) 2배 미만,양봉
2026,2026-08,2026-08-10,월,454910,두산로보틱스,74775,1,74775,2026-08-19,70230,손절,6,-4707,-0.062952,0.096628,-0.063854,0.056577,39795229800.0,0.002685,43293399895.0,0.811901,0.055085,0.0,0.006533,0.006746,아래,5일 상승,3) +5% ~ +10%,2) 300억 ~ 500억,1) +2% 미만,1) 2배 미만,양봉
2026,2026-08,2026-08-10,월,028300,HLB,40741,2,81481,2026-08-20,38761,손절,7,-4138,-0.050783,0.109456,-0.066045,0.091153,38323242100.0,0.091153,44164399530.0,0.655641,0.091153,0.009828,0.006533,0.006746,아래,5일 상승,3) +5% ~ +10%,2) 300억 ~ 500억,3) +5% ~ +10%,1) 2배 미만,양봉
2026,2026-08,2026-08-10,월,218410,RFHIC,54454,1,54454,2026-08-11,51748,손절,1,-2826,-0.05189,-0.019363,-0.067109,0.122807,38312505600.0,0.040153,16722476572.5,1.974339,0.052224,0.005515,0.006533,0.006746,아래,5일 상승,4) +10% ~ +15%,2) 300억 ~ 500억,2) +2% ~ +5%,1) 2배 미만,양봉
2026,2026-08,2026-08-10,월,082920,비츠로셀,33533,2,67067,2026-08-14,31918,손절,4,-3378,-0.050371,0.076535,-0.078533,0.080645,21275649000.0,0.040373,10598328645.0,1.763611,0.03876,0.013433,0.006533,0.006746,아래,5일 상승,3) +5% ~ +10%,1) 300억 미만,2) +2% ~ +5%,1) 2배 미만,양봉
2026,2026-08,2026-08-11,화,047040,대우건설,17337,5,86687,2026-08-19,16154,손절,5,-6104,-0.070416,0.1034,-0.074251,0.017029,91888835200.0,0.017029,81767806396.5,0.973479,0.032181,0.009815,0.007281,-0.00211,아래,5일 하락,1) +3% 미만,"3) 500억 ~ 1,000억",1) +2% 미만,1) 2배 미만,양봉
2026,2026-08,2026-08-11,화,036540,SFA반도체,6186,16,98979,2026-08-12,5884,손절,1,-5050,-0.051025,0.003851,-0.06081,0.115523,41647848120.0,0.021488,14139990544.25,2.530089,0.113514,0.040453,0.007281,-0.00211,아래,5일 하락,4) +10% ~ +15%,2) 300억 ~ 500억,2) +2% ~ +5%,2) 2배 ~ 3배,양봉
2026,2026-08,2026-08-11,화,100790,미래에셋벤처투자,16787,5,83934,2026-08-12,15974,손절,1,-4248,-0.050613,-0.011126,-0.076058,0.025688,25790281140.0,0.025688,7238330876.5,3.091338,0.019453,0.050686,0.007281,-0.00211,아래,5일 하락,1) +3% 미만,1) 300억 미만,2) +2% ~ +5%,3) 3배 ~ 5배,양봉
2026,2026-08,2026-08-12,수,079650,서산,6286,15,94294,2026-08-13,5984,손절,1,-4741,-0.050281,0.075358,-0.172802,0.198473,93158587600.0,0.135624,19013033085.0,3.467914,0.212355,0.066879,0.036799,-0.002913,위,5일 하락,5) +15% ~ +20%,"3) 500억 ~ 1,000억",4) +10% 이상,3) 3배 ~ 5배,양봉
2026,2026-08,2026-08-12,수,417840,저스템,13864,7,97047,2026-08-13,13197,손절,1,-4883,-0.050312,0.073295,-0.055097,0.117837,22502745950.0,0.049242,9963884331.0,1.738592,0.105347,0.031047,0.036799,-0.002913,위,5일 하락,4) +10% ~ +15%,1) 300억 미만,2) +2% ~ +5%,1) 2배 미만,양봉
2026,2026-08,2026-08-12,수,204270,제이앤티씨,18889,5,94444,2026-08-18,17982,손절,3,-4742,-0.050208,0.012236,-0.104234,0.229316,21221579400.0,0.15625,4224139644.0,3.809169,0.198856,0.005299,0.036799,-0.002913,위,5일 하락,6) +20% 이상,1) 300억 미만,4) +10% 이상,3) 3배 ~ 5배,양봉
2026,2026-08,2026-08-13,목,090460,비에이치,19269,5,96346,2026-08-14,18342,손절,1,-4850,-0.050336,-0.002556,-0.064312,0.042231,54858919500.0,0.013158,12504547602.5,3.815099,0.051913,0.035325,0.035613,0.082104,위,5일 상승,2) +3% ~ +5%,"3) 500억 ~ 1,000억",1) +2% 미만,3) 3배 ~ 5배,양봉
2026,2026-08,2026-08-13,목,419050,삼기에너지솔루션즈,1840,54,99351,2026-08-18,1751,손절,2,-5002,-0.050348,0.084335,-0.083071,0.191958,40400074452.0,0.165504,5290741813.9,6.267687,0.191186,0.088139,0.035613,0.082104,위,5일 상승,5) +15% ~ +20%,2) 300억 ~ 500억,4) +10% 이상,4) 5배 ~ 10배,양봉
2026,2026-08,2026-08-13,목,009420,한올바이오파마,60460,1,60460,2026-08-19,57442,손절,3,-3150,-0.052108,0.042004,-0.082044,0.084381,33184364000.0,0.061511,16139026797.5,1.673744,0.041379,0.043046,0.035613,0.082104,위,5일 상승,3) +5% ~ +10%,2) 300억 ~ 500억,3) +5% ~ +10%,1) 2배 미만,양봉
2026,2026-08,2026-08-14,금,348340,뉴로메카,23624,4,94494,2026-08-18,22478,손절,1,-4792,-0.050711,0.024399,-0.106825,0.102804,26459588400.0,0.097674,6867018474.5,3.174542,0.105386,0.165254,0.024158,0.114906,위,5일 상승,4) +10% ~ +15%,1) 300억 미만,3) +5% ~ +10%,3) 3배 ~ 5배,양봉
2026,2026-08,2026-08-18,화,067310,하나마이크론,39239,2,78478,2026-08-19,37313,손절,1,-4025,-0.051292,0.008558,-0.087647,0.071038,259802664800.0,0.059459,52581369302.5,4.15258,-0.017544,0.105867,-0.015493,0.090508,위,5일 상승,3) +5% ~ +10%,"5) 2,000억 이상",3) +5% ~ +10%,3) 3배 ~ 5배,음봉·보합
2026,2026-08,2026-08-18,화,356860,티엘비,34384,2,68769,2026-08-19,32717,손절,1,-3485,-0.05068,0.052805,-0.059165,0.093949,36746290350.0,0.025373,12136971957.5,2.546487,0.014771,0.05968,-0.015493,0.090508,위,5일 상승,3) +5% ~ +10%,2) 300억 ~ 500억,2) +2% ~ +5%,2) 2배 ~ 3배,양봉
2026,2026-09,2026-09-10,목,183300,코미코,28979,3,86937,2026-09-11,27273,손절,1,-5308,-0.061052,-0.037232,-0.07174,0.048913,43815564450.0,0.043962,14009830107.5,2.825195,0.048913,0.0,-0.002513,0.069069,위,5일 상승,2) +3% ~ +5%,2) 300억 ~ 500억,2) +2% ~ +5%,2) 2배 ~ 3배,양봉
2026,2026-09,2026-09-16,수,126340,비나텍,75275,1,75275,,,보유중,5,11323,0.153102,0.162401,0.016271,0.153374,40498809600.0,0.082014,4873004515.0,7.111943,0.075823,0.013298,0.013687,-0.047318,아래,5일 하락,5) +15% ~ +20%,2) 300억 ~ 500억,3) +5% ~ +10%,4) 5배 ~ 10배,양봉
2026,2026-09,2026-09-16,수,195870,해성디에스,57457,1,57457,2026-09-17,54645,손절,1,-2938,-0.051137,-0.013182,-0.060173,0.190871,33448472400.0,0.025,4328430215.0,7.004179,0.182286,0.001742,0.013687,-0.047318,아래,5일 하락,5) +15% ~ +20%,2) 300억 ~ 500억,2) +2% ~ +5%,4) 5배 ~ 10배,양봉
2026,2026-09,2026-09-16,수,138080,오이솔루션,25826,3,77477,,,보유중,5,7374,0.097739,0.132588,-0.012615,0.090909,26485583400.0,0.034068,5895561552.5,4.052474,0.015748,0.007752,0.013687,-0.047318,아래,5일 하락,3) +5% ~ +10%,1) 300억 미만,2) +2% ~ +5%,3) 3배 ~ 5배,양봉
2026,2026-09,2026-09-17,목,043260,성호전자,21622,4,86486,2026-09-18,25950,익절,1,17077,0.197458,0.297314,0.003626,0.163793,318888122400.0,0.113402,26113656177.0,9.919737,0.121495,0.0625,-0.000381,-0.045282,아래,5일 하락,5) +15% ~ +20%,"5) 2,000억 이상",4) +10% 이상,4) 5배 ~ 10배,양봉
2026,2026-09,2026-09-17,목,027360,아주IB투자,3859,25,96471,,,보유중,4,3793,0.04176,0.097476,-0.013956,0.101429,104822307300.0,0.04898,5742788089.25,15.814309,0.073816,0.071336,-0.000381,-0.045282,아래,5일 하락,4) +10% ~ +15%,"4) 1,000억 ~ 2,000억",2) +2% ~ +5%,5) 10배 이상,양봉
2026,2026-09,2026-09-17,목,321370,센서뷰,1688,58,97886,2026-09-23,2030,익절,4,19586,0.200094,0.20283,-0.041291,0.206872,57539292084.0,0.173278,3712923085.1,11.887627,0.208602,0.067616,-0.000381,-0.045282,아래,5일 하락,6) +20% 이상,"3) 500억 ~ 1,000억",4) +10% 이상,5) 10배 이상,양봉
2026,2026-09,2026-09-17,목,100790,미래에셋벤처투자,17107,5,85535,,,보유중,4,3306,0.041089,0.069732,-0.028473,0.042073,35757629170.0,0.011841,9224301183.0,3.568406,0.013642,0.043885,-0.000381,-0.045282,아래,5일 하락,2) +3% ~ +5%,2) 300억 ~ 500억,1) +2% 미만,3) 3배 ~ 5배,양봉
2026,2026-09,2026-09-18,금,125490,한라캐스트,12062,8,96496,,,보유중,3,156,0.003975,0.106777,-0.031674,0.077818,103338185150.0,0.064488,12408324072.5,7.539381,0.025532,0.072199,0.026628,-0.002269,위,5일 하락,3) +5% ~ +10%,"4) 1,000억 ~ 2,000억",3) +5% ~ +10%,4) 5배 ~ 10배,양봉
2026,2026-09,2026-09-18,금,272210,한화시스템,80080,1,80080,2026-09-21,76224,손절,1,-4032,-0.050352,0.036464,-0.05969,0.032258,97733760000.0,0.026958,27990334950.0,3.184385,0.030928,0.01875,0.026628,-0.002269,위,5일 하락,2) +3% ~ +5%,"3) 500억 ~ 1,000억",2) +2% ~ +5%,3) 3배 ~ 5배,양봉
2026,2026-09,2026-09-18,금,119850,지엔씨에너지,54254,1,54254,2026-09-21,51648,손절,1,-2725,-0.050228,-0.021274,-0.058137,0.05653,80578381200.0,0.038314,30730841837.5,2.319955,0.040307,0.046125,0.026628,-0.002269,위,5일 하락,3) +5% ~ +10%,"3) 500억 ~ 1,000억",2) +2% ~ +5%,2) 2배 ~ 3배,양봉
2026,2026-09,2026-09-18,금,347700,스피어,24174,4,96697,2026-09-21,22977,손절,1,-5001,-0.051715,-0.000999,-0.065117,0.016842,52480195950.0,0.016842,18759495656.5,2.526125,0.014706,0.018634,0.026628,-0.002269,위,5일 하락,1) +3% 미만,"3) 500억 ~ 1,000억",1) +2% 미만,2) 2배 ~ 3배,양봉
2026,2026-09,2026-09-18,금,078350,한양디지텍,25576,3,76727,,,보유중,3,6029,0.081111,0.157355,-0.016639,0.143177,45014398800.0,0.133038,4628351830.5,7.983451,0.15873,0.011742,0.026628,-0.002269,위,5일 하락,4) +10% ~ +15%,2) 300억 ~ 500억,4) +10% 이상,4) 5배 ~ 10배,양봉
2026,2026-09,2026-09-18,금,332570,PS일렉트로닉스,9109,10,91091,2026-09-23,8671,손절,3,-4578,-0.050256,0.074749,-0.048205,0.056911,41319450900.0,0.014493,22520269813.5,1.624383,0.043578,0.013187,0.026628,-0.002269,위,5일 하락,3) +5% ~ +10%,2) 300억 ~ 500억,1) +2% 미만,1) 2배 미만,양봉
2026,2026-09,2026-09-18,금,050890,쏠리드,9770,10,97698,2026-09-21,9301,손절,1,-4905,-0.050209,0.022543,-0.058319,0.044968,37891823840.0,0.044968,8257889986.5,4.20008,0.037194,0.052254,0.026628,-0.002269,위,5일 하락,2) +3% ~ +5%,2) 300억 ~ 500억,2) +2% ~ +5%,3) 3배 ~ 5배,양봉
2026,2026-09,2026-09-18,금,125020,티씨머티리얼즈,6547,15,98198,2026-09-21,6224,손절,1,-5057,-0.051498,-0.014747,-0.060572,0.116041,22107397440.0,0.043062,4696474141.0,4.259036,0.09916,0.025994,0.026628,-0.002269,위,5일 하락,4) +10% ~ +15%,1) 300억 미만,2) +2% ~ +5%,3) 3배 ~ 5배,양봉
