연도,매수일,종목코드,종목명,매수가,결과,매도일,수익률,손익(원),코스피 종가,코스피 20일선,이격(종가/20일선),20일선 위치,20일선 기울기(1일),20일선 기울기(5일),기울기,구분
2024,2024-01-02,222800,심텍,42242,손절,2024-01-03,-0.0501,-4234,2669.81,2559.45,0.0431,위,0.00263,0.0113,상승,위 · 상승
2024,2024-01-02,094360,칩스앤미디어,34384,손절,2024-01-03,-0.0505,-3472,2669.81,2559.45,0.0431,위,0.00263,0.0113,상승,위 · 상승
2024,2024-01-02,034220,LG디스플레이,12352,손절,2024-01-31,-0.0501,-4947,2669.81,2559.45,0.0431,위,0.00263,0.0113,상승,위 · 상승
2024,2024-01-03,445180,퓨릿,13994,손절,2024-01-04,-0.0504,-4938,2607.31,2564.56,0.0167,위,0.002,0.0113,상승,위 · 상승
2024,2024-01-03,065350,신성델타테크,43293,익절,2024-01-04,0.1986,17198,2607.31,2564.56,0.0167,위,0.002,0.0113,상승,위 · 상승
2024,2024-01-03,189300,인텔리안테크,81081,손절,2024-01-05,-0.0508,-4121,2607.31,2564.56,0.0167,위,0.002,0.0113,상승,위 · 상승
2024,2024-01-03,182400,엔케이젠바이오텍코리아,13750,손절,2024-01-04,-0.0503,-4838,2607.31,2564.56,0.0167,위,0.002,0.0113,상승,위 · 상승
2024,2024-01-03,033100,제룡전기,22072,손절,2024-01-29,-0.0515,-4549,2607.31,2564.56,0.0167,위,0.002,0.0113,상승,위 · 상승
2024,2024-01-03,336260,두산퓨얼셀,24524,손절,2024-01-04,-0.0508,-4988,2607.31,2564.56,0.0167,위,0.002,0.0113,상승,위 · 상승
2024,2024-01-04,047310,파워로직스,7638,손절,2024-01-05,-0.0511,-5073,2587.02,2568.17,0.0073,위,0.00141,0.0105,상승,위 · 상승
2024,2024-01-04,110990,디아이티,21371,손절,2024-01-05,-0.0507,-4338,2587.02,2568.17,0.0073,위,0.00141,0.0105,상승,위 · 상승
2024,2024-01-04,214680,디알텍,23073,손절,2024-01-15,-0.0516,-4765,2587.02,2568.17,0.0073,위,0.00141,0.0105,상승,위 · 상승
2024,2024-01-04,335890,비올,9409,손절,2024-01-15,-0.0507,-4772,2587.02,2568.17,0.0073,위,0.00141,0.0105,상승,위 · 상승
2024,2024-01-04,267260,HD현대일렉트릭,87187,익절,2024-01-25,0.1984,17296,2587.02,2568.17,0.0073,위,0.00141,0.0105,상승,위 · 상승
2024,2024-01-05,117730,티로보틱스,21421,손절,2024-01-08,-0.0506,-4339,2578.08,2572.36,0.0022,위,0.00163,0.0104,상승,위 · 상승
2024,2024-01-05,304100,솔트룩스,31481,손절,2024-01-16,-0.05,-4724,2578.08,2572.36,0.0022,위,0.00163,0.0104,상승,위 · 상승
2024,2024-01-05,108860,셀바스AI,22222,손절,2024-01-11,-0.0512,-4552,2578.08,2572.36,0.0022,위,0.00163,0.0104,상승,위 · 상승
2024,2024-01-05,377480,마음AI,29379,손절,2024-01-17,-0.0516,-4548,2578.08,2572.36,0.0022,위,0.00163,0.0104,상승,위 · 상승
2024,2024-01-08,250060,모비스,4830,손절,2024-01-10,-0.0505,-4882,2567.82,2575.98,-0.0032,아래,0.00141,0.0091,상승,아래 · 상승
2024,2024-01-09,355390,크라우드웍스,15741,익절,2024-01-15,0.1976,18660,2561.24,2579.44,-0.0071,아래,0.00134,0.0078,상승,아래 · 상승
2024,2024-01-10,235980,메드팩토,7668,익절,2024-01-16,0.1987,18279,2541.98,2580.64,-0.015,아래,0.00047,0.0063,상승,아래 · 상승
2024,2024-01-11,060250,NHN KCP,12613,손절,2024-01-12,-0.0507,-4479,2540.27,2581.39,-0.0159,아래,0.00029,0.0051,상승,아래 · 상승
2024,2024-01-12,058970,엠로,76476,손절,2024-01-17,-0.051,-3902,2525.05,2580.88,-0.0216,아래,-0.0002,0.0033,상승,아래 · 상승
2024,2024-01-17,403490,우듬지팜,14239,손절,2024-01-19,-0.0507,-4328,2435.9,2572.93,-0.0533,아래,-0.00247,-0.003,하락,아래 · 하락
2024,2024-01-18,103590,일진전기,12462,손절,2024-01-23,-0.0505,-4405,2440.04,2566.59,-0.0493,아래,-0.00246,-0.0057,하락,아래 · 하락
2024,2024-01-18,161390,한국타이어앤테크놀로지,47147,익절,2024-02-20,0.198,18671,2440.04,2566.59,-0.0493,아래,-0.00246,-0.0057,하락,아래 · 하락
2024,2024-01-19,317330,덕산테코피아,21622,손절,2024-01-22,-0.0502,-4342,2472.74,2561.8,-0.0348,아래,-0.00187,-0.0074,하락,아래 · 하락
2024,2024-01-22,007660,이수페타시스,33099,손절,2024-01-23,-0.0513,-5090,2464.35,2554.3,-0.0352,아래,-0.00293,-0.0106,하락,아래 · 하락
2024,2024-01-22,095340,ISC,89289,손절,2024-01-23,-0.051,-4553,2464.35,2554.3,-0.0352,아래,-0.00293,-0.0106,하락,아래 · 하락
2024,2024-01-22,124500,아이티센글로벌,10330,손절,2024-01-23,-0.0504,-4688,2464.35,2554.3,-0.0352,아래,-0.00293,-0.0106,하락,아래 · 하락
2024,2024-01-22,420770,기가비스,78979,손절,2024-01-26,-0.0508,-4012,2464.35,2554.3,-0.0352,아래,-0.00293,-0.0106,하락,아래 · 하락
2024,2024-01-23,396470,워트,11151,손절,2024-01-26,-0.0971,-8661,2478.61,2548.23,-0.0273,아래,-0.00238,-0.0121,하락,아래 · 하락
2024,2024-01-23,064350,현대로템,27828,익절,2024-02-22,0.1977,16509,2478.61,2548.23,-0.0273,아래,-0.00238,-0.0121,하락,아래 · 하락
2024,2024-01-24,001440,대한전선,9812,손절,2024-01-30,-0.05,-4906,2469.69,2541.74,-0.0283,아래,-0.00255,-0.0121,하락,아래 · 하락
2024,2024-01-24,018290,브이티,17748,손절,2024-01-26,-0.0502,-4451,2469.69,2541.74,-0.0283,아래,-0.00255,-0.0121,하락,아래 · 하락
2024,2024-01-24,299900,위지윅스튜디오,4124,손절,2024-01-25,-0.05,-4952,2469.69,2541.74,-0.0283,아래,-0.00255,-0.0121,하락,아래 · 하락
2024,2024-01-25,451220,아이엠티,24124,손절,2024-01-26,-0.062,-5979,2470.34,2535.13,-0.0256,아래,-0.0026,-0.0123,하락,아래 · 하락
2024,2024-01-25,036930,주성엔지니어링,35135,손절,2024-01-26,-0.0509,-3578,2470.34,2535.13,-0.0256,아래,-0.0026,-0.0123,하락,아래 · 하락
2024,2024-01-26,067630,HLB생명과학,11481,익절,2024-01-29,0.1978,18164,2478.56,2528.38,-0.0197,아래,-0.00266,-0.013,하락,아래 · 하락
2024,2024-01-26,030200,KT,34835,익절,2024-02-19,0.1989,13857,2478.56,2528.38,-0.0197,아래,-0.00266,-0.013,하락,아래 · 하락
2024,2024-01-26,006800,미래에셋증권,7688,손절,2024-04-17,-0.0508,-4685,2478.56,2528.38,-0.0197,아래,-0.00266,-0.013,하락,아래 · 하락
2024,2024-01-29,047920,HLB제약,15284,익절,2024-02-05,0.2123,19471,2500.65,2520.65,-0.0079,아래,-0.00306,-0.0132,하락,아래 · 하락
2024,2024-01-29,139480,이마트,80981,손절,2024-01-30,-0.0509,-4120,2500.65,2520.65,-0.0079,아래,-0.00306,-0.0132,하락,아래 · 하락
2024,2024-01-29,015760,한국전력,19940,익절,2024-02-20,0.1986,15842,2500.65,2520.65,-0.0079,아래,-0.00306,-0.0132,하락,아래 · 하락
2024,2024-01-29,036460,한국가스공사,26326,익절,2024-02-26,0.1978,15624,2500.65,2520.65,-0.0079,아래,-0.00306,-0.0132,하락,아래 · 하락
2024,2024-01-30,088350,한화생명,3013,익절,2024-02-05,0.199,19783,2498.81,2512.1,-0.0053,아래,-0.00339,-0.0142,하락,아래 · 하락
2024,2024-01-30,000880,한화,32085,익절,2024-02-02,0.199,19156,2498.81,2512.1,-0.0053,아래,-0.00339,-0.0142,하락,아래 · 하락
2024,2024-01-31,003550,LG,82082,익절,2024-02-19,0.1975,16214,2497.09,2506.59,-0.0038,아래,-0.00219,-0.0138,하락,아래 · 하락
2024,2024-02-02,200880,서연이화,22472,손절,2024-02-15,-0.0507,-4556,2615.31,2506.22,0.0435,위,0.00074,-0.0088,하락,위 · 하락
2024,2024-02-05,267850,아시아나IDT,23273,손절,2024-02-06,-0.0512,-4768,2591.31,2507.4,0.0335,위,0.00047,-0.0053,하락,위 · 하락
2024,2024-02-05,010950,S-Oil,69870,익절,2024-04-05,0.1983,13856,2591.31,2507.4,0.0335,위,0.00047,-0.0053,하락,위 · 하락
2024,2024-02-06,042700,한미반도체,61061,익절,2024-02-08,0.1979,12087,2576.2,2508.15,0.0271,위,0.0003,-0.0016,하락,위 · 하락
2024,2024-02-08,039440,에스티아이,30530,익절,2024-02-23,0.1979,18130,2620.32,2515.53,0.0417,위,0.00159,0.0045,상승,위 · 상승
2024,2024-02-15,041190,우리기술투자,8539,손절,2024-02-23,-0.0508,-4772,2613.8,2532.29,0.0322,위,0.0023,0.0096,상승,위 · 상승
2024,2024-02-19,084690,대상홀딩스,11211,손절,2024-02-20,-0.0503,-4515,2680.26,2554.95,0.049,위,0.00472,0.0157,상승,위 · 상승
2024,2024-02-19,141080,리가켐바이오,53453,익절,2024-03-06,0.1986,10613,2680.26,2554.95,0.049,위,0.00472,0.0157,상승,위 · 상승
2024,2024-02-20,452260,한화갤러리아,1668,손절,2024-02-22,-0.0501,-4932,2657.79,2564.2,0.0365,위,0.00362,0.0168,상승,위 · 상승
2024,2024-02-20,273060,와이즈버즈,7237,손절,2024-02-29,-0.0509,-4792,2657.79,2564.2,0.0365,위,0.00362,0.0168,상승,위 · 상승
2024,2024-02-20,372170,윤성에프앤씨,94895,손절,2024-03-05,-0.0503,-4776,2657.79,2564.2,0.0365,위,0.00362,0.0168,상승,위 · 상승
2024,2024-02-22,445090,에이직랜드,60060,익절,2024-02-23,0.198,11890,2664.27,2582.93,0.0315,위,0.00361,0.02,상승,위 · 상승
2024,2024-02-22,402490,그린리소스,16126,손절,2024-02-23,-0.0504,-4880,2664.27,2582.93,0.0315,위,0.00361,0.02,상승,위 · 상승
2024,2024-02-23,000250,삼천당제약,73573,손절,2024-02-27,-0.0502,-3691,2667.7,2592.83,0.0289,위,0.00383,0.0196,상승,위 · 상승
2024,2024-02-26,005950,이수화학,14224,손절,2024-03-26,-0.0504,-4298,2647.08,2601.67,0.0175,위,0.00341,0.0183,상승,위 · 상승
2024,2024-02-26,079370,제우스,20571,손절,2024-03-12,-0.0501,-4126,2647.08,2601.67,0.0175,위,0.00341,0.0183,상승,위 · 상승
2024,2024-02-26,298380,에이비엘바이오,23473,익절,2024-03-06,0.1989,18672,2647.08,2601.67,0.0175,위,0.00341,0.0183,상승,위 · 상승
2024,2024-02-26,087010,펩트론,28666,손절,2024-02-27,-0.0506,-4353,2647.08,2601.67,0.0175,위,0.00341,0.0183,상승,위 · 상승
2024,2024-02-27,090360,로보스타,35936,손절,2024-02-29,-0.0513,-3684,2625.05,2608.99,0.0062,위,0.00282,0.0175,상승,위 · 상승
2024,2024-02-27,272210,한화시스템,17177,손절,2024-04-16,-0.0505,-4340,2625.05,2608.99,0.0062,위,0.00282,0.0175,상승,위 · 상승
2024,2024-02-29,041020,폴라리스오피스,7948,손절,2024-03-08,-0.0505,-4817,2642.36,2623.75,0.0071,위,0.00274,0.0158,상승,위 · 상승
2024,2024-02-29,013990,아가방컴퍼니,6456,손절,2024-03-05,-0.0504,-4883,2642.36,2623.75,0.0071,위,0.00274,0.0158,상승,위 · 상승
2024,2024-03-05,010120,LS ELECTRIC,15576,익절,2024-03-21,0.1981,18514,2649.4,2637.96,0.0043,위,0.00203,0.0139,상승,위 · 상승
2024,2024-03-05,117730,티로보틱스,21872,손절,2024-03-06,-0.052,-4546,2649.4,2637.96,0.0043,위,0.00203,0.0139,상승,위 · 상승
2024,2024-03-06,356860,티엘비,13459,손절,2024-03-11,-0.0571,-5377,2641.49,2639.27,0.0008,위,0.0005,0.0116,상승,위 · 상승
2024,2024-03-06,005290,동진쎄미켐,41541,손절,2024-03-11,-0.0629,-5226,2641.49,2639.27,0.0008,위,0.0005,0.0116,상승,위 · 상승
2024,2024-03-06,388870,파로스아이바이오,15465,익절,2024-03-22,0.1976,18336,2641.49,2639.27,0.0008,위,0.0005,0.0116,상승,위 · 상승
2024,2024-03-08,042670,HD현대인프라코어,8308,손절,2024-03-11,-0.0509,-4652,2680.35,2647.29,0.0125,위,0.00197,0.009,상승,위 · 상승
2024,2024-03-11,454910,두산로보틱스,89089,손절,2024-04-01,-0.05,-4453,2659.84,2649.8,0.0038,위,0.00095,0.0065,상승,위 · 상승
2024,2024-03-11,058470,리노공업,48605,손절,2024-03-13,-0.0504,-4897,2659.84,2649.8,0.0038,위,0.00095,0.0065,상승,위 · 상승
2024,2024-03-11,112040,위메이드,55055,익절,2024-03-13,0.1981,10908,2659.84,2649.8,0.0038,위,0.00095,0.0065,상승,위 · 상승
2024,2024-03-12,004560,현대비앤지스틸,20921,손절,2024-03-13,-0.0503,-4211,2681.81,2652.88,0.0109,위,0.00116,0.0057,상승,위 · 상승
2024,2024-03-13,067630,HLB생명과학,18377,익절,2024-03-25,0.2001,18384,2693.57,2655.07,0.0145,위,0.00083,0.006,상승,위 · 상승
2024,2024-03-13,335890,비올,8488,익절,2024-03-15,0.2168,20241,2693.57,2655.07,0.0145,위,0.00083,0.006,상승,위 · 상승
2024,2024-03-13,078150,HB테크놀러지,2447,손절,2024-03-15,-0.0509,-4987,2693.57,2655.07,0.0145,위,0.00083,0.006,상승,위 · 상승
2024,2024-03-15,304100,솔트룩스,29830,손절,2024-03-18,-0.0509,-4554,2666.84,2662.64,0.0016,위,0.001,0.0058,상승,위 · 상승
2024,2024-03-15,109610,에스와이,4850,손절,2024-03-19,-0.0617,-5981,2666.84,2662.64,0.0016,위,0.001,0.0058,상승,위 · 상승
2024,2024-03-19,264850,이랜시스,8709,손절,2024-03-20,-0.051,-4889,2656.17,2663.29,-0.0027,아래,-0.00045,0.0039,상승,아래 · 상승
2024,2024-03-19,140670,알에스오토메이션,18076,익절,2024-03-21,0.198,17893,2656.17,2663.29,-0.0027,아래,-0.00045,0.0039,상승,아래 · 상승
2024,2024-03-20,005930,삼성전자,76977,손절,2024-08-05,-0.0507,-3905,2690.14,2664.91,0.0095,위,0.00061,0.0037,상승,위 · 상승
2024,2024-03-21,004830,덕성,10500,손절,2024-03-26,-0.0506,-4784,2754.86,2669.99,0.0318,위,0.00191,0.0038,상승,위 · 상승
2024,2024-03-21,084370,유진테크,41491,손절,2024-03-22,-0.051,-4228,2754.86,2669.99,0.0318,위,0.00191,0.0038,상승,위 · 상승
2024,2024-03-22,019170,신풍제약,16276,익절,2024-03-25,0.198,19339,2748.56,2674.2,0.0278,위,0.00158,0.0043,상승,위 · 상승
2024,2024-03-22,090710,휴림로봇,3468,손절,2024-03-25,-0.0501,-4864,2748.56,2674.2,0.0278,위,0.00158,0.0043,상승,위 · 상승
2024,2024-03-25,336570,원텍,9900,손절,2024-03-27,-0.0504,-4992,2737.57,2677.69,0.0224,위,0.00131,0.005,상승,위 · 상승
2024,2024-03-25,003580,HLB글로벌,8118,손절,2024-04-02,-0.0508,-4945,2737.57,2677.69,0.0224,위,0.00131,0.005,상승,위 · 상승
2024,2024-03-25,214450,파마리서치,98799,익절,2024-04-05,0.1979,19555,2737.57,2677.69,0.0224,위,0.00131,0.005,상승,위 · 상승
2024,2024-03-26,356680,엑스게이트,6787,손절,2024-03-27,-0.0511,-4856,2757.09,2683.19,0.0275,위,0.00205,0.0075,상승,위 · 상승
2024,2024-03-26,089890,코세스,18569,손절,2024-03-27,-0.0503,-4667,2757.09,2683.19,0.0275,위,0.00205,0.0075,상승,위 · 상승
2024,2024-03-27,003280,흥아해운,2918,손절,2024-03-28,-0.0502,-4983,2755.11,2689.7,0.0243,위,0.00242,0.0093,상승,위 · 상승
2024,2024-03-27,064350,현대로템,34334,익절,2024-04-09,0.1989,13660,2755.11,2689.7,0.0243,위,0.00242,0.0093,상승,위 · 상승
2024,2024-03-28,008930,한미사이언스,44394,손절,2024-03-29,-0.058,-5149,2745.82,2694.37,0.0191,위,0.00174,0.0091,상승,위 · 상승
2024,2024-03-28,451760,컨텍,18759,손절,2024-04-11,-0.0503,-4721,2745.82,2694.37,0.0191,위,0.00174,0.0091,상승,위 · 상승
2024,2024-03-29,080220,제주반도체,29529,손절,2024-04-02,-0.0514,-4550,2746.63,2699.59,0.0174,위,0.00193,0.0095,상승,위 · 상승
2024,2024-04-01,112610,씨에스윈드,57157,손절,2024-04-03,-0.0512,-2926,2747.86,2703.27,0.0165,위,0.00136,0.0096,상승,위 · 상승
2024,2024-04-02,102120,어보브반도체,18338,손절,2024-04-03,-0.0503,-4613,2753.16,2708.45,0.0165,위,0.00192,0.0094,상승,위 · 상승
2024,2024-04-03,006360,GS건설,15646,손절,2024-04-08,-0.05,-4692,2706.97,2711.73,-0.0018,아래,0.00121,0.0082,상승,아래 · 상승
2024,2024-04-04,012510,더존비즈온,53353,손절,2024-04-05,-0.0508,-2711,2742.0,2716.45,0.0094,위,0.00174,0.0082,상승,위 · 상승
2024,2024-04-04,036930,주성엔지니어링,37437,손절,2024-04-09,-0.0507,-3796,2742.0,2716.45,0.0094,위,0.00174,0.0082,상승,위 · 상승
2024,2024-04-08,083500,에프엔에스테크,15235,손절,2024-04-09,-0.0512,-4682,2717.65,2721.03,-0.0012,아래,0.00106,0.0066,상승,아래 · 상승
2024,2024-04-08,000880,한화,35389,손절,2024-04-09,-0.0507,-3588,2717.65,2721.03,-0.0012,아래,0.00106,0.0066,상승,아래 · 상승
2024,2024-04-11,049950,미래컴퍼니,32833,손절,2024-04-12,-0.0512,-5040,2706.96,2722.87,-0.0058,아래,0.00025,0.0041,상승,아래 · 상승
2024,2024-04-11,396470,워트,11381,손절,2024-04-15,-0.0505,-4600,2706.96,2722.87,-0.0058,아래,0.00025,0.0041,상승,아래 · 상승
2024,2024-04-12,053800,안랩,69269,손절,2024-04-16,-0.0559,-3873,2681.82,2721.02,-0.0144,아래,-0.00068,0.0017,상승,아래 · 상승
2024,2024-04-12,229640,LS에코에너지,19059,손절,2024-04-16,-0.0501,-4777,2681.82,2721.02,-0.0144,아래,-0.00068,0.0017,상승,아래 · 상승
2024,2024-04-15,206650,유바이오로직스,13914,손절,2024-04-16,-0.0507,-4935,2670.43,2721.2,-0.0187,아래,7e-05,0.0011,상승,아래 · 상승
2024,2024-04-15,200710,에이디테크놀로지,43694,손절,2024-04-16,-0.0509,-4446,2670.43,2721.2,-0.0187,아래,7e-05,0.0011,상승,아래 · 상승
2024,2024-04-15,110990,디아이티,22923,손절,2024-04-16,-0.0519,-4762,2670.43,2721.2,-0.0187,아래,7e-05,0.0011,상승,아래 · 상승
2024,2024-04-16,006220,제주은행,14785,손절,2024-05-02,-0.0506,-4491,2609.63,2717.39,-0.0397,아래,-0.0014,-0.0013,하락,아래 · 하락
2024,2024-04-16,065450,빅텍,5255,손절,2024-04-17,-0.0515,-4874,2609.63,2717.39,-0.0397,아래,-0.0014,-0.0013,하락,아래 · 하락
2024,2024-04-16,028050,삼성E&A,26176,손절,2024-04-17,-0.0517,-4060,2609.63,2717.39,-0.0397,아래,-0.0014,-0.0013,하락,아래 · 하락
2024,2024-04-17,440110,파두,20771,손절,2024-04-19,-0.0502,-4169,2584.18,2713.79,-0.0478,아래,-0.00132,-0.0031,하락,아래 · 하락
2024,2024-04-18,039440,에스티아이,42042,손절,2024-04-19,-0.0503,-4233,2634.7,2711.02,-0.0282,아래,-0.00102,-0.0044,하락,아래 · 하락
2024,2024-04-18,171090,선익시스템,42993,손절,2024-04-19,-0.0505,-4340,2634.7,2711.02,-0.0282,아래,-0.00102,-0.0044,하락,아래 · 하락
2024,2024-04-22,011200,HMM,16136,손절,2024-04-23,-0.0504,-4883,2629.44,2696.91,-0.025,아래,-0.0022,-0.0089,하락,아래 · 하락
2024,2024-04-22,067080,대화제약,11562,손절,2024-04-25,-0.0524,-4845,2629.44,2696.91,-0.025,아래,-0.0022,-0.0089,하락,아래 · 하락
2024,2024-04-22,402490,그린리소스,15525,손절,2024-04-24,-0.0503,-4684,2629.44,2696.91,-0.025,아래,-0.0022,-0.0089,하락,아래 · 하락
2024,2024-04-23,030520,한컴,24825,손절,2024-04-29,-0.0503,-4993,2623.02,2691.18,-0.0253,아래,-0.00212,-0.0096,하락,아래 · 하락
2024,2024-04-23,138930,BNK금융지주,8278,익절,2024-08-20,0.1982,19693,2623.02,2691.18,-0.0253,아래,-0.00212,-0.0096,하락,아래 · 하락
2024,2024-04-23,195940,HK이노엔,40240,손절,2024-04-25,-0.0512,-4118,2623.02,2691.18,-0.0253,아래,-0.00212,-0.0096,하락,아래 · 하락
2024,2024-04-24,237820,플레이디,7357,손절,2024-05-13,-0.0502,-4799,2675.75,2687.12,-0.0042,아래,-0.00151,-0.0098,하락,아래 · 하락
2024,2024-04-24,047810,한국항공우주,52653,손절,2024-07-02,-0.0514,-2708,2675.75,2687.12,-0.0042,아래,-0.00151,-0.0098,하락,아래 · 하락
2024,2024-04-26,105560,KB금융,76076,손절,2024-05-02,-0.05,-3801,2656.33,2676.32,-0.0075,아래,-0.00167,-0.0098,하락,아래 · 하락
2024,2024-04-26,140670,알에스오토메이션,20603,손절,2024-04-29,-0.0502,-4135,2656.33,2676.32,-0.0075,아래,-0.00167,-0.0098,하락,아래 · 하락
2024,2024-04-26,086790,하나금융지주,60060,손절,2024-05-02,-0.0506,-3038,2656.33,2676.32,-0.0075,아래,-0.00167,-0.0098,하락,아래 · 하락
2024,2024-04-29,278470,에이피알,54054,익절,2024-05-09,0.1982,10711,2687.44,2673.36,0.0053,위,-0.00111,-0.0087,하락,위 · 하락
2024,2024-04-29,204320,HL만도,38388,손절,2024-05-17,-0.0508,-3904,2687.44,2673.36,0.0053,위,-0.00111,-0.0087,하락,위 · 하락
2024,2024-04-29,055550,신한지주,46897,손절,2024-06-05,-0.0509,-4771,2687.44,2673.36,0.0053,위,-0.00111,-0.0087,하락,위 · 하락
2024,2024-05-02,039980,폴라리스AI,11444,익절,2024-05-03,0.1981,18139,2683.65,2667.09,0.0062,위,-0.0013,-0.0075,하락,위 · 하락
2024,2024-05-02,317330,덕산테코피아,44544,손절,2024-05-03,-0.05,-4453,2683.65,2667.09,0.0062,위,-0.0013,-0.0075,하락,위 · 하락
2024,2024-05-02,085670,뉴프렉스,8078,손절,2024-05-16,-0.051,-4943,2683.65,2667.09,0.0062,위,-0.0013,-0.0075,하락,위 · 하락
2024,2024-05-03,090460,비에이치,20721,익절,2024-05-29,0.1992,16511,2676.63,2665.58,0.0041,위,-0.00057,-0.0057,하락,위 · 하락
2024,2024-05-03,024910,경창산업,2833,손절,2024-05-13,-0.0569,-5640,2676.63,2665.58,0.0041,위,-0.00057,-0.0057,하락,위 · 하락
2024,2024-05-09,335890,비올,11011,손절,2024-05-13,-0.0503,-4982,2712.14,2666.46,0.0171,위,-0.0001,-0.0015,하락,위 · 하락
2024,2024-05-14,210980,SK디앤디,8997,손절,2024-05-17,-0.0576,-5703,2730.34,2671.02,0.0222,위,0.00091,0.0022,상승,위 · 상승
2024,2024-05-14,051370,인터플렉스,15636,손절,2024-06-11,-0.05,-4691,2730.34,2671.02,0.0222,위,0.00091,0.0022,상승,위 · 상승
2024,2024-05-14,030200,KT,36587,익절,2024-10-18,0.1988,14545,2730.34,2671.02,0.0222,위,0.00091,0.0022,상승,위 · 상승
2024,2024-05-16,000100,유한양행,74074,손절,2024-05-22,-0.0512,-3793,2753.0,2675.15,0.0291,위,0.00155,0.0032,상승,위 · 상승
2024,2024-05-17,351330,이삭엔지니어링,13013,익절,2024-05-24,0.1978,18022,2724.62,2680.9,0.0163,위,0.00215,0.0054,상승,위 · 상승
2024,2024-05-17,079370,제우스,18669,손절,2024-05-27,-0.05,-4669,2724.62,2680.9,0.0163,위,0.00215,0.0054,상승,위 · 상승
2024,2024-05-22,051980,중앙첨단소재,6016,익절,2024-05-23,0.1976,19024,2723.46,2699.85,0.0087,위,0.00244,0.0108,상승,위 · 상승
2024,2024-05-23,041510,에스엠,90891,손절,2024-05-29,-0.0502,-4560,2721.81,2704.47,0.0064,위,0.00171,0.011,상승,위 · 상승
2024,2024-05-27,006110,삼아알미늄,81982,손절,2024-06-24,-0.0503,-4124,2722.99,2710.06,0.0048,위,0.00087,0.0079,상승,위 · 상승
2024,2024-05-28,403870,HPSP,45245,손절,2024-05-30,-0.0515,-4658,2722.85,2714.77,0.003,위,0.00174,0.008,상승,위 · 상승
2024,2024-05-29,036200,유니셈,11952,손절,2024-05-30,-0.05,-4778,2677.3,2715.82,-0.0142,아래,0.00039,0.0059,상승,아래 · 상승
2024,2024-05-31,003160,디아이,21021,손절,2024-06-03,-0.0515,-4332,2636.52,2710.45,-0.0273,아래,-0.00102,0.001,상승,아래 · 상승
2024,2024-05-31,032350,롯데관광개발,10851,손절,2024-06-03,-0.05,-4887,2636.52,2710.45,-0.0273,아래,-0.00102,0.001,상승,아래 · 상승
2024,2024-06-03,432430,와이랩,16527,손절,2024-06-05,-0.0505,-5012,2682.52,2710.39,-0.0103,아래,-2e-05,0.0001,상승,아래 · 상승
2024,2024-06-03,065450,빅텍,4905,익절,2024-06-10,0.1983,19458,2682.52,2710.39,-0.0103,아래,-2e-05,0.0001,상승,아래 · 상승
2024,2024-06-05,253590,네오셈,11291,손절,2024-06-11,-0.05,-4518,2689.5,2707.42,-0.0066,아래,-0.00083,-0.0031,하락,아래 · 하락
2024,2024-06-05,101360,에코앤드림,35778,익절,2024-06-07,0.198,14167,2689.5,2707.42,-0.0066,아래,-0.00083,-0.0031,하락,아래 · 하락
2024,2024-06-05,002710,TCC스틸,54554,손절,2024-06-25,-0.0516,-2816,2689.5,2707.42,-0.0066,아래,-0.00083,-0.0031,하락,아래 · 하락
2024,2024-06-07,036930,주성엔지니어링,35535,손절,2024-06-10,-0.0504,-3581,2722.67,2706.3,0.006,위,-0.00041,-0.0026,하락,위 · 하락
2024,2024-06-10,204270,제이앤티씨,20170,손절,2024-06-12,-0.0501,-4039,2701.17,2705.75,-0.0017,아래,-0.0002,-0.0017,하락,아래 · 하락
2024,2024-06-10,457190,이수스페셜티케미컬,57658,손절,2024-06-14,-0.0508,-2928,2701.17,2705.75,-0.0017,아래,-0.0002,-0.0017,하락,아래 · 하락
2024,2024-06-11,101670,하이드로리튬,6597,손절,2024-06-12,-0.051,-5041,2705.32,2704.64,0.0003,위,-0.00041,-0.0021,하락,위 · 하락
2024,2024-06-11,009520,포스코엠텍,22573,손절,2024-06-17,-0.0505,-4557,2705.32,2704.64,0.0003,위,-0.00041,-0.0021,하락,위 · 하락
2024,2024-06-12,022100,포스코DX,41091,손절,2024-06-21,-0.0502,-4125,2728.17,2704.68,0.0087,위,2e-05,-0.0018,하락,위 · 하락
2024,2024-06-12,228760,지노믹트리,21822,손절,2024-06-18,-0.0521,-4545,2728.17,2704.68,0.0087,위,2e-05,-0.0018,하락,위 · 하락
2024,2024-06-14,166090,하나머티리얼즈,58859,손절,2024-06-25,-0.0515,-3033,2758.42,2706.18,0.0193,위,0.0001,-0.0,하락,위 · 하락
2024,2024-06-17,064350,현대로템,42643,손절,2024-06-18,-0.0509,-4337,2744.1,2707.16,0.0136,위,0.00036,0.0005,상승,위 · 상승
2024,2024-06-18,087260,모바일어플라이언스,3008,손절,2024-06-21,-0.0555,-5506,2763.92,2708.25,0.0206,위,0.0004,0.0013,상승,위 · 상승
2024,2024-06-18,039440,에스티아이,37187,손절,2024-07-10,-0.051,-3794,2763.92,2708.25,0.0206,위,0.0004,0.0013,상승,위 · 상승
2024,2024-06-21,017510,세명전기,5776,손절,2024-06-25,-0.0611,-5995,2784.26,2719.24,0.0239,위,0.00115,0.0048,상승,위 · 상승
2024,2024-06-21,017670,SK텔레콤,52252,보유중,,0.6669,34648,2784.26,2719.24,0.0239,위,0.00115,0.0048,상승,위 · 상승
2024,2024-06-24,017860,DS단석,40990,손절,2024-07-02,-0.0503,-4123,2764.73,2723.09,0.0153,위,0.00142,0.0059,상승,위 · 상승
2024,2024-06-25,028300,HLB,72873,손절,2024-06-26,-0.0506,-3688,2774.39,2725.66,0.0179,위,0.00094,0.0064,상승,위 · 상승
2024,2024-06-25,016360,삼성증권,38338,익절,2024-07-17,0.1987,15232,2774.39,2725.66,0.0179,위,0.00094,0.0064,상승,위 · 상승
2024,2024-06-26,095610,테스,26526,손절,2024-07-02,-0.0511,-4065,2792.05,2729.12,0.0231,위,0.00127,0.0063,상승,위 · 상승
2024,2024-06-26,078150,HB테크놀러지,3609,익절,2024-07-09,0.1988,19370,2792.05,2729.12,0.0231,위,0.00127,0.0063,상승,위 · 상승
2024,2024-07-02,105560,KB금융,83283,손절,2024-08-05,-0.0735,-6124,2780.86,2755.88,0.0091,위,0.00179,0.0111,상승,위 · 상승
2024,2024-07-02,439580,블루엠텍,5171,손절,2024-07-04,-0.0506,-4974,2780.86,2755.88,0.0091,위,0.00179,0.0111,상승,위 · 상승
2024,2024-07-02,086790,하나금융지주,62963,손절,2024-08-05,-0.0579,-3648,2780.86,2755.88,0.0091,위,0.00179,0.0111,상승,위 · 상승
2024,2024-07-04,335890,비올,11341,손절,2024-07-10,-0.0595,-5397,2824.94,2769.25,0.0201,위,0.00245,0.0127,상승,위 · 상승
2024,2024-07-09,034020,두산에너빌리티,22272,손절,2024-07-12,-0.069,-6148,2867.38,2792.16,0.0269,위,0.00291,0.0132,상승,위 · 상승
2024,2024-07-10,251270,넷마블,58258,익절,2024-08-09,0.2333,13593,2867.99,2799.15,0.0246,위,0.0025,0.0133,상승,위 · 상승
2024,2024-07-10,010120,LS ELECTRIC,44945,손절,2024-07-18,-0.0507,-4556,2867.99,2799.15,0.0246,위,0.0025,0.0133,상승,위 · 상승
2024,2024-07-12,241560,두산밥캣,54655,손절,2024-07-15,-0.0515,-2816,2857.0,2810.91,0.0164,위,0.00176,0.0125,상승,위 · 상승
2024,2024-07-15,041190,우리기술투자,8508,손절,2024-08-02,-0.051,-4770,2860.92,2816.75,0.0157,위,0.00208,0.0117,상승,위 · 상승
2024,2024-07-17,383220,F&F,74074,손절,2024-07-18,-0.0579,-4291,2843.29,2824.15,0.0068,위,0.00081,0.0089,상승,위 · 상승
2024,2024-07-18,035900,JYP Ent.,57958,손절,2024-07-24,-0.0505,-2929,2824.35,2824.99,-0.0002,아래,0.0003,0.0068,상승,아래 · 상승
2024,2024-07-19,039610,화성밸브,9289,익절,2024-07-23,0.1978,18376,2795.46,2825.55,-0.0106,아래,0.0002,0.0052,상승,아래 · 상승
2024,2024-07-23,082740,한화엔진,16917,손절,2024-07-24,-0.0501,-4235,2774.29,2825.48,-0.0181,아래,-0.0,0.0013,상승,아래 · 상승
2024,2024-07-25,002720,국제약품,6627,손절,2024-07-26,-0.0507,-5043,2710.65,2820.15,-0.0388,아래,-0.0013,-0.0017,하락,아래 · 하락
2024,2024-07-26,445680,큐리옥스바이오시스템즈,25783,손절,2024-07-29,-0.0508,-3927,2731.9,2816.85,-0.0302,아래,-0.00117,-0.0031,하락,아래 · 하락
2024,2024-07-29,232140,와이씨,18278,손절,2024-07-30,-0.0505,-4612,2765.53,2814.91,-0.0175,아래,-0.00069,-0.0037,하락,아래 · 하락
2024,2024-07-29,047810,한국항공우주,54655,손절,2024-08-05,-0.0515,-2816,2765.53,2814.91,-0.0175,아래,-0.00069,-0.0037,하락,아래 · 하락
2024,2024-07-31,004090,한국석유,20370,익절,2024-08-05,0.1978,16116,2770.69,2811.61,-0.0146,아래,-0.00041,-0.0043,하락,아래 · 하락
2024,2024-08-07,019170,신풍제약,12512,익절,2024-08-12,0.1979,17334,2568.41,2746.9,-0.065,아래,-0.00542,-0.023,하락,아래 · 하락
2024,2024-08-09,439580,블루엠텍,6233,손절,2024-08-19,-0.05,-4674,2588.43,2716.74,-0.0472,아래,-0.00492,-0.0297,하락,아래 · 하락
2024,2024-08-09,014710,사조씨푸드,7758,손절,2024-08-13,-0.0504,-4688,2588.43,2716.74,-0.0472,아래,-0.00492,-0.0297,하락,아래 · 하락
2024,2024-08-12,036460,한국가스공사,46246,손절,2024-09-11,-0.0504,-4666,2618.3,2704.6,-0.0319,아래,-0.00447,-0.0268,하락,아래 · 하락
2024,2024-08-13,453450,그리드위즈,33734,손절,2024-08-16,-0.0647,-4364,2621.5,2692.38,-0.0263,아래,-0.00452,-0.0252,하락,아래 · 하락
2024,2024-08-13,222080,SFA넥셀,10581,손절,2024-09-04,-0.0578,-5505,2621.5,2692.38,-0.0263,아래,-0.00452,-0.0252,하락,아래 · 하락
2024,2024-08-13,137400,피엔티,57858,손절,2024-08-19,-0.0506,-2929,2621.5,2692.38,-0.0263,아래,-0.00452,-0.0252,하락,아래 · 하락
2024,2024-08-13,452190,한빛레이저,4915,손절,2024-08-14,-0.0558,-5487,2621.5,2692.38,-0.0263,아래,-0.00452,-0.0252,하락,아래 · 하락
2024,2024-08-13,028300,HLB,84785,손절,2024-10-10,-0.0511,-4335,2621.5,2692.38,-0.0263,아래,-0.00452,-0.0252,하락,아래 · 하락
2024,2024-08-14,024840,KBI메탈,3068,손절,2024-08-23,-0.0658,-6464,2644.5,2682.44,-0.0141,아래,-0.00369,-0.0235,하락,아래 · 하락
2024,2024-08-16,462510,라메디텍,14114,손절,2024-08-19,-0.05,-4941,2697.23,2676.08,0.0079,위,-0.00237,-0.0198,하락,위 · 하락
2024,2024-08-19,003220,대원제약,17848,손절,2024-08-20,-0.0505,-4503,2674.36,2670.02,0.0016,위,-0.00226,-0.0172,하락,위 · 하락
2024,2024-08-19,294090,이오플로우,12714,손절,2024-08-20,-0.0504,-4489,2674.36,2670.02,0.0016,위,-0.00226,-0.0172,하락,위 · 하락
2024,2024-08-19,457190,이수스페셜티케미컬,40290,익절,2024-08-20,0.1976,15919,2674.36,2670.02,0.0016,위,-0.00226,-0.0172,하락,위 · 하락
2024,2024-08-20,039980,폴라리스AI,14349,손절,2024-08-21,-0.0503,-4329,2696.63,2666.68,0.0112,위,-0.00125,-0.014,하락,위 · 하락
2024,2024-08-20,024900,디와이덕양,4249,손절,2024-08-23,-0.051,-4987,2696.63,2666.68,0.0112,위,-0.00125,-0.014,하락,위 · 하락
2024,2024-08-20,271560,오리온,93694,손절,2024-09-04,-0.0637,-5967,2696.63,2666.68,0.0112,위,-0.00125,-0.014,하락,위 · 하락
2024,2024-08-20,016360,삼성증권,47848,손절,2024-09-09,-0.051,-4879,2696.63,2666.68,0.0112,위,-0.00125,-0.014,하락,위 · 하락
2024,2024-08-21,086790,하나금융지주,65566,손절,2024-08-29,-0.0512,-3359,2701.13,2663.02,0.0143,위,-0.00137,-0.0109,하락,위 · 하락
2024,2024-08-23,199820,제일일렉트릭,7998,손절,2024-08-28,-0.0502,-4820,2701.69,2660.02,0.0157,위,-0.00017,-0.006,하락,위 · 하락
2024,2024-08-26,053080,케이엔솔,17988,손절,2024-08-29,-0.0501,-4506,2698.01,2658.33,0.0149,위,-0.00064,-0.0044,하락,위 · 하락
2024,2024-08-28,378340,필에너지,16967,익절,2024-09-03,0.1998,16954,2689.83,2652.1,0.0142,위,-0.00091,-0.0041,하락,위 · 하락
2024,2024-08-29,450080,에코프로머티,89790,익절,2024-09-20,0.1981,17787,2662.28,2646.68,0.0059,위,-0.00204,-0.0052,하락,위 · 하락
2024,2024-08-29,464080,에스오에스랩,6587,익절,2024-09-04,0.1984,19605,2662.28,2646.68,0.0059,위,-0.00204,-0.0052,하락,위 · 하락
2024,2024-09-03,094480,갤럭시아머니트리,9610,손절,2024-09-04,-0.0508,-4880,2664.63,2652.9,0.0044,위,0.00422,-0.0006,하락,위 · 하락
2024,2024-09-04,130660,한전산업,15746,손절,2024-09-05,-0.0522,-4933,2580.8,2655.83,-0.0283,아래,0.00111,0.0014,상승,아래 · 상승
2024,2024-09-04,048870,시너지이노베이션,3173,손절,2024-09-11,-0.0512,-5039,2580.8,2655.83,-0.0283,아래,0.00111,0.0014,상승,아래 · 상승
2024,2024-09-06,451250,삐아,14454,손절,2024-09-10,-0.0503,-4363,2544.28,2655.57,-0.0419,아래,-0.00023,0.0053,상승,아래 · 상승
2024,2024-09-11,161580,필옵틱스,18919,손절,2024-09-20,-0.0505,-4774,2513.37,2642.79,-0.049,아래,-0.00204,-0.0049,하락,아래 · 하락
2024,2024-09-11,112290,와이씨켐,8888,손절,2024-09-13,-0.0511,-4993,2513.37,2642.79,-0.049,아래,-0.00204,-0.0049,하락,아래 · 하락
2024,2024-09-12,018290,브이티,35235,손절,2024-09-25,-0.0508,-3579,2572.09,2639.17,-0.0254,아래,-0.00137,-0.0064,하락,아래 · 하락
2024,2024-09-13,214260,라파스,22172,손절,2024-09-19,-0.0513,-4551,2575.41,2633.08,-0.0219,아래,-0.00231,-0.0085,하락,아래 · 하락
2024,2024-09-13,336570,원텍,6947,손절,2024-10-08,-0.05,-4865,2575.41,2633.08,-0.0219,아래,-0.00231,-0.0085,하락,아래 · 하락
2024,2024-09-19,034020,두산에너빌리티,18729,손절,2024-09-24,-0.0504,-4721,2580.8,2628.4,-0.0181,아래,-0.00178,-0.0092,하락,아래 · 하락
2024,2024-09-19,257720,실리콘투,45495,손절,2024-09-30,-0.0501,-4560,2580.8,2628.4,-0.0181,아래,-0.00178,-0.0092,하락,아래 · 하락
2024,2024-09-19,112610,씨에스윈드,69069,손절,2024-10-02,-0.0503,-3473,2580.8,2628.4,-0.0181,아래,-0.00178,-0.0092,하락,아래 · 하락
2024,2024-09-20,064350,현대로템,56156,손절,2024-09-27,-0.0503,-2822,2593.37,2623.24,-0.0114,아래,-0.00196,-0.0094,하락,아래 · 하락
2024,2024-09-20,024060,흥구석유,16567,익절,2024-10-02,0.1975,19633,2593.37,2623.24,-0.0114,아래,-0.00196,-0.0094,하락,아래 · 하락
2024,2024-09-24,086520,에코프로,90290,손절,2024-10-14,-0.0604,-5455,2631.68,2614.48,0.0066,위,-0.00145,-0.0094,하락,위 · 하락
2024,2024-09-25,412540,제일엠앤에스,13844,손절,2024-09-30,-0.0502,-4864,2596.32,2609.22,-0.0049,아래,-0.00202,-0.0091,하락,아래 · 하락
2024,2024-09-27,058850,KTcs,2948,익절,2024-09-30,0.1983,19295,2649.78,2605.92,0.0168,위,-0.00076,-0.0066,하락,위 · 하락
2024,2024-09-30,084650,랩지노믹스,16642,손절,2024-10-11,-0.0505,-4204,2593.27,2601.09,-0.003,아래,-0.00185,-0.0066,하락,아래 · 하락
2024,2024-09-30,337930,젝시믹스,12452,손절,2024-10-07,-0.0505,-4405,2593.27,2601.09,-0.003,아래,-0.00185,-0.0066,하락,아래 · 하락
2024,2024-09-30,040300,YTN,3574,손절,2024-10-04,-0.0501,-4837,2593.27,2601.09,-0.003,아래,-0.00185,-0.0066,하락,아래 · 하락
2024,2024-10-04,001440,대한전선,13293,손절,2024-10-08,-0.0506,-4708,2569.71,2590.83,-0.0082,아래,-0.00201,-0.007,하락,아래 · 하락
2024,2024-10-04,225190,LK삼양,1984,익절,2024-10-08,0.1994,19786,2569.71,2590.83,-0.0082,아래,-0.00201,-0.007,하락,아래 · 하락
2024,2024-10-07,051980,중앙첨단소재,12202,익절,2024-10-10,0.1981,19339,2610.38,2587.3,0.0089,위,-0.00136,-0.0079,하락,위 · 하락
2024,2024-10-07,462870,시프트업,64564,손절,2024-10-08,-0.0504,-3255,2610.38,2587.3,0.0089,위,-0.00136,-0.0079,하락,위 · 하락
2024,2024-10-08,087010,펩트론,61061,익절,2024-10-10,0.1979,12087,2594.36,2583.79,0.0041,위,-0.00136,-0.0085,하락,위 · 하락
2024,2024-10-08,105560,KB금융,89489,손절,2024-12-06,-0.0542,-4853,2594.36,2583.79,0.0041,위,-0.00136,-0.0085,하락,위 · 하락
2024,2024-10-08,402490,그린리소스,9886,손절,2024-10-11,-0.0501,-4950,2594.36,2583.79,0.0041,위,-0.00136,-0.0085,하락,위 · 하락
2024,2024-10-08,298380,에이비엘바이오,33934,익절,2024-10-11,0.1984,13463,2594.36,2583.79,0.0041,위,-0.00136,-0.0085,하락,위 · 하락
2024,2024-10-10,009420,한올바이오파마,42743,익절,2024-10-22,0.1977,16902,2599.16,2584.71,0.0056,위,0.00036,-0.0063,하락,위 · 하락
2024,2024-10-10,039200,오스코텍,38989,손절,2024-10-23,-0.0501,-3909,2599.16,2584.71,0.0056,위,0.00036,-0.0063,하락,위 · 하락
2024,2024-10-11,255220,SG,2679,손절,2024-10-14,-0.0512,-5077,2596.91,2585.78,0.0043,위,0.00041,-0.004,하락,위 · 하락
2024,2024-10-11,055550,신한지주,57557,손절,2024-10-30,-0.0509,-2928,2596.91,2585.78,0.0043,위,0.00041,-0.004,하락,위 · 하락
2024,2024-10-11,397030,에이프릴바이오,24324,손절,2024-10-23,-0.0512,-4985,2596.91,2585.78,0.0043,위,0.00041,-0.004,하락,위 · 하락
2024,2024-10-14,316140,우리금융지주,16557,손절,2024-10-30,-0.0505,-5013,2623.29,2589.73,0.013,위,0.00153,-0.0004,하락,위 · 하락
2024,2024-10-14,086790,하나금융지주,63864,손절,2024-10-31,-0.0509,-3253,2623.29,2589.73,0.013,위,0.00153,-0.0004,하락,위 · 하락
2024,2024-10-14,010120,LS ELECTRIC,33834,손절,2024-10-16,-0.0512,-3468,2623.29,2589.73,0.013,위,0.00153,-0.0004,하락,위 · 하락
2024,2024-10-16,335890,비올,9680,손절,2024-10-18,-0.0504,-4883,2610.36,2598.95,0.0044,위,0.00168,0.0059,상승,위 · 상승
2024,2024-10-18,241560,두산밥캣,43043,손절,2024-10-22,-0.0504,-4341,2593.82,2604.83,-0.0042,아래,0.00042,0.0074,상승,아래 · 상승
2024,2024-10-18,214610,롤링스톤,19849,손절,2024-10-23,-0.0503,-4988,2593.82,2604.83,-0.0042,아래,0.00042,0.0074,상승,아래 · 상승
2024,2024-10-22,272210,한화시스템,19319,손절,2024-10-31,-0.05,-4832,2570.7,2605.8,-0.0135,아래,-0.00019,0.0043,상승,아래 · 상승
2024,2024-10-23,388050,지투파워,7007,손절,2024-10-24,-0.0539,-5287,2599.62,2606.12,-0.0025,아래,0.00012,0.0028,상승,아래 · 상승
2024,2024-10-24,015760,한국전력,23073,손절,2024-11-08,-0.0516,-4765,2581.03,2605.07,-0.0092,아래,-0.0004,0.0005,상승,아래 · 상승
2024,2024-10-24,000080,하이트진로,21221,손절,2024-11-05,-0.0511,-4336,2581.03,2605.07,-0.0092,아래,-0.0004,0.0005,상승,아래 · 상승
2024,2024-10-25,138930,BNK금융지주,9920,손절,2024-10-30,-0.0503,-4993,2583.27,2602.65,-0.0074,아래,-0.00093,-0.0008,하락,아래 · 하락
2024,2024-10-29,163730,핑거,12643,손절,2024-10-31,-0.0506,-4480,2617.8,2600.76,0.0066,위,-0.00103,-0.0019,하락,위 · 하락
2024,2024-10-30,012510,더존비즈온,58959,손절,2024-11-04,-0.0514,-3033,2593.79,2597.96,-0.0016,아래,-0.00108,-0.0031,하락,아래 · 하락
2024,2024-10-31,140430,카티스,6758,손절,2024-11-01,-0.05,-4736,2556.15,2596.11,-0.0154,아래,-0.00071,-0.0034,하락,아래 · 하락
2024,2024-11-01,200710,에이디테크놀로지,19039,손절,2024-11-06,-0.0502,-4777,2542.36,2595.14,-0.0203,아래,-0.00037,-0.0029,하락,아래 · 하락
2024,2024-11-04,011200,HMM,17878,손절,2024-11-06,-0.0504,-4504,2588.97,2596.1,-0.0027,아래,0.00037,-0.0028,하락,아래 · 하락
2024,2024-11-05,222080,SFA넥셀,11271,손절,2024-11-06,-0.0501,-4517,2576.88,2594.43,-0.0068,아래,-0.00065,-0.0024,하락,아래 · 하락
2024,2024-11-05,161390,한국타이어앤테크놀로지,39439,손절,2024-11-08,-0.0509,-4012,2576.88,2594.43,-0.0068,아래,-0.00065,-0.0024,하락,아래 · 하락
2024,2024-11-06,062040,산일전기,54354,익절,2024-11-11,0.1989,10810,2563.51,2592.89,-0.0113,아래,-0.00059,-0.002,하락,아래 · 하락
2024,2024-11-06,094480,갤럭시아머니트리,9810,손절,2024-11-07,-0.0508,-4988,2563.51,2592.89,-0.0113,아래,-0.00059,-0.002,하락,아래 · 하락
2024,2024-11-06,000670,영풍,42022,익절,2024-11-12,0.1993,16746,2563.51,2592.89,-0.0113,아래,-0.00059,-0.002,하락,아래 · 하락
2024,2024-11-07,042660,한화오션,33884,익절,2024-11-15,0.1987,13463,2564.63,2591.16,-0.0102,아래,-0.00067,-0.0019,하락,아래 · 하락
2024,2024-11-07,010140,삼성중공업,10841,손절,2024-12-09,-0.0528,-5155,2564.63,2591.16,-0.0102,아래,-0.00067,-0.0019,하락,아래 · 하락
2024,2024-11-07,439090,마녀공장,21221,손절,2024-11-08,-0.0511,-4336,2564.63,2591.16,-0.0102,아래,-0.00067,-0.0019,하락,아래 · 하락
2024,2024-11-08,018290,브이티,34885,손절,2024-11-11,-0.0513,-3576,2561.15,2589.37,-0.0109,아래,-0.00069,-0.0022,하락,아래 · 하락
2024,2024-11-08,073570,리튬포어스,10860,손절,2024-11-12,-0.0637,-6229,2561.15,2589.37,-0.0109,아래,-0.00069,-0.0022,하락,아래 · 하락
2024,2024-11-12,378340,필에너지,20721,손절,2024-11-13,-0.0503,-4168,2482.57,2577.25,-0.0367,아래,-0.00292,-0.0066,하락,아래 · 하락
2024,2024-11-12,178320,서진시스템,30080,손절,2024-11-13,-0.0505,-4557,2482.57,2577.25,-0.0367,아래,-0.00292,-0.0066,하락,아래 · 하락
2024,2024-11-12,160190,하이젠알앤엠,8959,손절,2024-11-13,-0.0508,-5010,2482.57,2577.25,-0.0367,아래,-0.00292,-0.0066,하락,아래 · 하락
2024,2024-11-12,042000,카페24,28879,손절,2024-11-13,-0.0507,-4393,2482.57,2577.25,-0.0367,아래,-0.00292,-0.0066,하락,아래 · 하락
2024,2024-11-12,328130,루닛,19613,익절,2024-11-18,0.2974,29170,2482.57,2577.25,-0.0367,아래,-0.00292,-0.0066,하락,아래 · 하락
2024,2024-11-13,199820,제일일렉트릭,10260,손절,2024-11-28,-0.0507,-4685,2417.08,2567.58,-0.0586,아래,-0.00375,-0.0098,하락,아래 · 하락
2024,2024-11-15,041020,폴라리스오피스,5405,익절,2024-11-27,0.1982,19280,2416.86,2549.21,-0.0519,아래,-0.00346,-0.0155,하락,아래 · 하락
2024,2024-11-18,028300,HLB,78178,손절,2024-11-19,-0.05,-3909,2469.07,2542.42,-0.0289,아래,-0.00266,-0.0164,하락,아래 · 하락
2024,2024-11-18,065350,신성델타테크,49249,익절,2024-11-22,0.1975,19456,2469.07,2542.42,-0.0289,아래,-0.00266,-0.0164,하락,아래 · 하락
2024,2024-11-18,036460,한국가스공사,42142,손절,2024-12-02,-0.0502,-4234,2469.07,2542.42,-0.0289,아래,-0.00266,-0.0164,하락,아래 · 하락
2024,2024-11-18,108860,셀바스AI,11381,익절,2024-11-26,0.2363,21515,2469.07,2542.42,-0.0289,아래,-0.00266,-0.0164,하락,아래 · 하락
2024,2024-11-18,299660,셀리드,5014,손절,2024-11-19,-0.0507,-4830,2469.07,2542.42,-0.0289,아래,-0.00266,-0.0164,하락,아래 · 하락
2024,2024-11-19,064350,현대로템,66466,손절,2024-11-21,-0.0506,-3363,2471.95,2537.48,-0.0258,아래,-0.00194,-0.0154,하락,아래 · 하락
2024,2024-11-19,032820,우리기술,2392,손절,2024-11-21,-0.052,-5103,2471.95,2537.48,-0.0258,아래,-0.00194,-0.0154,하락,아래 · 하락
2024,2024-11-22,039610,화성밸브,11672,손절,2024-11-28,-0.0502,-4690,2501.24,2522.49,-0.0084,아래,-0.00162,-0.0105,하락,아래 · 하락
2024,2024-11-22,066570,LG전자,93393,손절,2024-12-02,-0.05,-4670,2501.24,2522.49,-0.0084,아래,-0.00162,-0.0105,하락,아래 · 하락
2024,2024-11-25,443670,에스피소프트,8609,손절,2024-12-04,-0.0504,-4775,2534.34,2518.59,0.0063,위,-0.00155,-0.0094,하락,위 · 하락
2024,2024-11-26,042670,HD현대인프라코어,7798,손절,2024-12-02,-0.0501,-4690,2520.36,2513.72,0.0026,위,-0.00193,-0.0094,하락,위 · 하락
2024,2024-11-27,035720,카카오,38388,익절,2024-12-04,0.1984,15232,2503.06,2509.18,-0.0024,아래,-0.0018,-0.0089,하락,아래 · 하락
2024,2024-12-02,356680,엑스게이트,6066,손절,2024-12-03,-0.0501,-4864,2454.48,2495.56,-0.0165,아래,-0.00269,-0.0091,하락,아래 · 하락
2024,2024-12-02,377300,카카오페이,26827,익절,2024-12-04,0.1978,15919,2454.48,2495.56,-0.0165,아래,-0.00269,-0.0091,하락,아래 · 하락
2024,2024-12-02,376930,노을,14343,익절,2024-12-04,0.1981,17047,2454.48,2495.56,-0.0165,아래,-0.00269,-0.0091,하락,아래 · 하락
2024,2024-12-02,323410,카카오뱅크,23373,손절,2024-12-06,-0.051,-4770,2454.48,2495.56,-0.0165,아래,-0.00269,-0.0091,하락,아래 · 하락
2024,2024-12-03,241560,두산밥캣,43393,손절,2024-12-05,-0.05,-4344,2500.1,2491.72,0.0034,위,-0.00154,-0.0088,하락,위 · 하락
2024,2024-12-03,139480,이마트,66867,손절,2024-12-06,-0.0503,-3365,2500.1,2491.72,0.0034,위,-0.00154,-0.0088,하락,위 · 하락
2024,2024-12-04,228760,지노믹트리,18338,익절,2024-12-12,0.1999,18330,2464.0,2486.75,-0.0091,아래,-0.002,-0.0089,하락,아래 · 하락
2024,2024-12-05,278470,에이피알,53654,손절,2024-12-06,-0.0506,-2712,2441.85,2480.61,-0.0156,아래,-0.00247,-0.0104,하락,아래 · 하락
2024,2024-12-10,004020,현대제철,22723,손절,2024-12-12,-0.0502,-4560,2417.84,2462.17,-0.018,아래,-0.00131,-0.0119,하락,아래 · 하락
2024,2024-12-11,302440,SK바이오사이언스,57557,손절,2024-12-12,-0.0509,-2928,2442.51,2463.44,-0.0085,아래,0.00052,-0.0094,하락,아래 · 하락
2024,2024-12-11,214610,롤링스톤,18859,손절,2024-12-12,-0.0501,-4725,2442.51,2463.44,-0.0085,아래,0.00052,-0.0094,하락,아래 · 하락
2024,2024-12-12,317330,덕산테코피아,35435,손절,2024-12-13,-0.0505,-3580,2482.12,2466.6,0.0063,위,0.00128,-0.0056,하락,위 · 하락
2024,2024-12-12,178320,서진시스템,30030,손절,2024-12-17,-0.0506,-4556,2482.12,2466.6,0.0063,위,0.00128,-0.0056,하락,위 · 하락
2024,2024-12-12,148150,세경하이테크,7728,익절,2024-12-19,0.1984,18396,2482.12,2466.6,0.0063,위,0.00128,-0.0056,하락,위 · 하락
2024,2024-12-13,257720,실리콘투,30130,손절,2024-12-19,-0.0537,-4857,2494.46,2470.48,0.0097,위,0.00157,-0.0014,하락,위 · 하락
2024,2024-12-13,010120,LS ELECTRIC,31491,손절,2024-12-20,-0.0503,-4754,2494.46,2470.48,0.0097,위,0.00157,-0.0014,하락,위 · 하락
2024,2024-12-13,103590,일진전기,25776,보유중,,2.1696,167222,2494.46,2470.48,0.0097,위,0.00157,-0.0014,하락,위 · 하락
2024,2024-12-13,462870,시프트업,63163,손절,2024-12-16,-0.0514,-3250,2494.46,2470.48,0.0097,위,0.00157,-0.0014,하락,위 · 하락
2024,2024-12-13,166480,코아스템켐온,12291,손절,2024-12-18,-0.2836,-27888,2494.46,2470.48,0.0097,위,0.00157,-0.0014,하락,위 · 하락
2024,2024-12-16,006340,대원전선,3213,손절,2024-12-20,-0.0677,-6527,2488.97,2471.48,0.0071,위,0.0004,0.0025,상승,위 · 상승
2024,2024-12-16,001440,대한전선,12052,손절,2024-12-19,-0.0546,-5260,2488.97,2471.48,0.0071,위,0.0004,0.0025,상승,위 · 상승
2024,2024-12-17,445090,에이직랜드,34885,손절,2024-12-26,-0.0513,-3576,2456.81,2470.72,-0.0056,아래,-0.00031,0.0035,상승,아래 · 상승
2024,2024-12-17,042700,한미반도체,86787,손절,2024-12-19,-0.0558,-4842,2456.81,2470.72,-0.0056,아래,-0.00031,0.0035,상승,아래 · 상승
2024,2024-12-18,321820,아티스트컴퍼니,20020,손절,2024-12-19,-0.0564,-4515,2484.43,2470.83,0.0055,위,4e-05,0.003,상승,위 · 상승
2024,2024-12-20,333430,일승,4595,손절,2024-12-24,-0.0508,-4897,2404.15,2463.74,-0.0242,아래,-0.00197,-0.0027,하락,아래 · 하락
2024,2024-12-20,389470,인벤티지랩,17437,익절,2024-12-30,0.1989,17346,2404.15,2463.74,-0.0242,아래,-0.00197,-0.0027,하락,아래 · 하락
2024,2024-12-23,232140,와이씨,10741,손절,2024-12-30,-0.0524,-5062,2442.01,2459.12,-0.007,아래,-0.00187,-0.005,하락,아래 · 하락
2024,2024-12-24,007660,이수페타시스,26966,보유중,,3.4093,275006,2440.52,2455.13,-0.0059,아래,-0.00162,-0.0063,하락,아래 · 하락
2024,2024-12-24,033100,제룡전기,47447,손절,2024-12-27,-0.0503,-4776,2440.52,2455.13,-0.0059,아래,-0.00162,-0.0063,하락,아래 · 하락
2024,2024-12-26,042660,한화오션,37788,보유중,,1.1065,83263,2429.67,2451.46,-0.0089,아래,-0.00149,-0.0078,하락,아래 · 하락
2024,2024-12-26,160190,하이젠알앤엠,12773,손절,2024-12-27,-0.0502,-4484,2429.67,2451.46,-0.0089,아래,-0.00149,-0.0078,하락,아래 · 하락
2024,2024-12-26,115450,HLB테라퓨틱스,10485,보유중,,-0.8105,-76535,2429.67,2451.46,-0.0089,아래,-0.00149,-0.0078,하락,아래 · 하락
2024,2024-12-27,437730,삼현,9019,보유중,,4.7545,470420,2404.77,2446.46,-0.017,아래,-0.00204,-0.009,하락,아래 · 하락
2024,2024-12-27,466100,클로봇,7888,보유중,,1.922,181315,2404.77,2446.46,-0.017,아래,-0.00204,-0.009,하락,아래 · 하락
2024,2024-12-27,003160,디아이,13834,보유중,,1.6565,159833,2404.77,2446.46,-0.017,아래,-0.00204,-0.009,하락,아래 · 하락
2024,2024-12-30,009420,한올바이오파마,38689,보유중,,0.2045,15606,2399.49,2443.64,-0.0181,아래,-0.00115,-0.0082,하락,아래 · 하락
2025,2025-01-02,454910,두산로보틱스,67067,손절,2025-01-03,-0.0499,-3346,2398.94,2440.87,-0.0172,아래,-0.00114,-0.0074,하락,아래 · 하락
2025,2025-01-02,272210,한화시스템,23924,익절,2025-02-12,0.1996,19100,2398.94,2440.87,-0.0172,아래,-0.00114,-0.0074,하락,아래 · 하락
2025,2025-01-02,090710,휴림로봇,1748,손절,2025-01-08,-0.05,-4895,2398.94,2440.87,-0.0172,아래,-0.00114,-0.0074,하락,아래 · 하락
2025,2025-01-02,474170,루미르,11081,손절,2025-01-09,-0.0497,-4406,2398.94,2440.87,-0.0172,아래,-0.00114,-0.0074,하락,아래 · 하락
2025,2025-01-02,295310,에이치브이엠,27427,손절,2025-01-08,-0.0511,-4202,2398.94,2440.87,-0.0172,아래,-0.00114,-0.0074,하락,아래 · 하락
2025,2025-01-02,455900,엔젤로보틱스,26877,손절,2025-01-03,-0.0502,-4046,2398.94,2440.87,-0.0172,아래,-0.00114,-0.0074,하락,아래 · 하락
2025,2025-01-02,030530,원익홀딩스,2813,손절,2025-01-03,-0.0499,-4912,2398.94,2440.87,-0.0172,아래,-0.00114,-0.0074,하락,아래 · 하락
2025,2025-01-02,378800,샤페론,3408,익절,2025-01-14,0.198,19567,2398.94,2440.87,-0.0172,아래,-0.00114,-0.0074,하락,아래 · 하락
2025,2025-01-03,009830,한화솔루션,16882,익절,2025-02-06,0.2003,16910,2441.92,2437.96,0.0016,위,-0.00119,-0.007,하락,위 · 하락
2025,2025-01-03,028300,HLB,75776,익절,2025-02-27,0.1988,15063,2441.92,2437.96,0.0016,위,-0.00119,-0.007,하락,위 · 하락
2025,2025-01-03,089030,테크윙,42242,익절,2025-01-10,0.1981,16736,2441.92,2437.96,0.0016,위,-0.00119,-0.007,하락,위 · 하락
2025,2025-01-03,084650,랩지노믹스,13539,익절,2025-01-06,0.1981,18778,2441.92,2437.96,0.0016,위,-0.00119,-0.007,하락,위 · 하락
2025,2025-01-03,403870,HPSP,28078,익절,2025-01-24,0.1981,16686,2441.92,2437.96,0.0016,위,-0.00119,-0.007,하락,위 · 하락
2025,2025-01-06,096530,씨젠,27878,손절,2025-01-07,-0.0503,-4207,2488.64,2439.19,0.0203,위,0.00051,-0.005,하락,위 · 하락
2025,2025-01-07,010140,삼성중공업,11842,익절,2025-02-19,0.1987,18823,2492.1,2441.7,0.0206,위,0.00103,-0.0019,하락,위 · 하락
2025,2025-01-08,005930,삼성전자,57357,손절,2025-01-13,-0.0507,-2911,2521.05,2446.35,0.0305,위,0.0019,0.0011,상승,위 · 상승
2025,2025-01-09,204270,제이앤티씨,23273,손절,2025-01-10,-0.0509,-4742,2521.9,2454.41,0.0275,위,0.0033,0.0055,상승,위 · 상승
2025,2025-01-09,323280,태성,28679,손절,2025-01-13,-0.0507,-4366,2521.9,2454.41,0.0275,위,0.0033,0.0055,상승,위 · 상승
2025,2025-01-10,105560,KB금융,87888,손절,2025-02-06,-0.0503,-4423,2515.78,2459.31,0.023,위,0.002,0.0088,상승,위 · 상승
2025,2025-01-10,032820,우리기술,1838,익절,2025-01-22,0.2004,19885,2515.78,2459.31,0.023,위,0.002,0.0088,상승,위 · 상승
2025,2025-01-14,078600,대주전자재료,95095,익절,2025-02-19,0.1988,18902,2497.4,2462.43,0.0142,위,0.00031,0.0085,상승,위 · 상승
2025,2025-01-14,351870,차이커뮤니케이션,12723,손절,2025-01-20,-0.05,-4457,2497.4,2462.43,0.0142,위,0.00031,0.0085,상승,위 · 상승
2025,2025-01-14,035900,JYP Ent.,75876,손절,2025-03-11,-0.059,-4477,2497.4,2462.43,0.0142,위,0.00031,0.0085,상승,위 · 상승
2025,2025-01-20,443670,에스피소프트,9930,손절,2025-01-23,-0.05,-4965,2520.05,2469.59,0.0204,위,0.00072,0.0032,상승,위 · 상승
2025,2025-01-22,042000,카페24,40490,손절,2025-01-24,-0.0506,-4097,2547.06,2480.84,0.0267,위,0.00289,0.0074,상승,위 · 상승
2025,2025-01-23,328130,루닛,33033,손절,2025-01-31,-0.0506,-5013,2515.49,2484.51,0.0125,위,0.00148,0.0081,상승,위 · 상승
2025,2025-01-31,003780,진양산업,11291,손절,2025-02-04,-0.0497,-4492,2517.37,2493.71,0.0095,위,0.00176,0.0098,상승,위 · 상승
2025,2025-01-31,304100,솔트룩스,27678,익절,2025-02-05,0.1992,16540,2517.37,2493.71,0.0095,위,0.00176,0.0098,상승,위 · 상승
2025,2025-01-31,394800,쓰리빌리언,5566,익절,2025-02-06,0.1981,18744,2517.37,2493.71,0.0095,위,0.00176,0.0098,상승,위 · 상승
2025,2025-02-05,047560,이스트소프트,26226,손절,2025-02-07,-0.0513,-4039,2509.27,2505.8,0.0014,위,0.00221,0.0086,상승,위 · 상승
2025,2025-02-05,323410,카카오뱅크,22873,손절,2025-04-02,-0.0518,-4736,2509.27,2505.8,0.0014,위,0.00221,0.0086,상승,위 · 상승
2025,2025-02-06,267250,HD현대,86787,손절,2025-02-07,-0.0498,-4319,2536.75,2510.54,0.0104,위,0.00189,0.0085,상승,위 · 상승
2025,2025-02-06,034220,LG디스플레이,9690,손절,2025-02-10,-0.0501,-4856,2536.75,2510.54,0.0104,위,0.00189,0.0085,상승,위 · 상승
2025,2025-02-06,375500,DL이앤씨,35185,익절,2025-02-26,0.1987,13980,2536.75,2510.54,0.0104,위,0.00189,0.0085,상승,위 · 상승
2025,2025-02-07,464080,에스오에스랩,15425,손절,2025-02-12,-0.0497,-4600,2521.92,2512.2,0.0039,위,0.00066,0.0074,상승,위 · 상승
2025,2025-02-07,000990,DB하이텍,38939,익절,2025-02-20,0.1985,15456,2521.92,2512.2,0.0039,위,0.00066,0.0074,상승,위 · 상승
2025,2025-02-10,424960,스마트레이더시스템,14114,손절,2025-03-05,-0.0497,-4913,2521.27,2513.66,0.003,위,0.00058,0.007,상승,위 · 상승
2025,2025-02-12,288330,파라택시스코리아,5455,손절,2025-02-14,-0.0513,-5040,2548.39,2515.88,0.0129,위,0.00053,0.004,상승,위 · 상승
2025,2025-02-13,047810,한국항공우주,55055,익절,2025-02-20,0.1985,10928,2583.17,2519.25,0.0254,위,0.00134,0.0035,상승,위 · 상승
2025,2025-02-14,005930,삼성전자,56056,손절,2025-03-07,-0.0501,-2806,2591.05,2524.33,0.0264,위,0.00201,0.0048,상승,위 · 상승
2025,2025-02-19,047050,포스코인터내셔널,43844,익절,2025-02-26,0.1999,17525,2671.52,2543.68,0.0503,위,0.00284,0.011,상승,위 · 상승
2025,2025-02-19,082740,한화엔진,26627,손절,2025-02-20,-0.0506,-4043,2671.52,2543.68,0.0503,위,0.00284,0.011,상승,위 · 상승
2025,2025-02-20,094480,갤럭시아머니트리,8398,손절,2025-02-21,-0.0798,-7372,2654.06,2550.21,0.0407,위,0.00257,0.0123,상승,위 · 상승
2025,2025-02-21,086520,에코프로,67267,손절,2025-02-28,-0.0498,-3347,2654.58,2556.93,0.0382,위,0.00264,0.0129,상승,위 · 상승
2025,2025-02-21,456070,이엔셀,20721,손절,2025-02-25,-0.0534,-4424,2654.58,2556.93,0.0382,위,0.00264,0.0129,상승,위 · 상승
2025,2025-02-21,439090,마녀공장,18889,손절,2025-04-07,-0.0497,-4697,2654.58,2556.93,0.0382,위,0.00264,0.0129,상승,위 · 상승
2025,2025-02-25,018290,브이티,37437,손절,2025-02-26,-0.0504,-3775,2630.29,2567.46,0.0245,위,0.00162,0.0122,상승,위 · 상승
2025,2025-02-26,068760,셀트리온제약,56356,손절,2025-03-04,-0.0498,-2807,2641.09,2573.74,0.0262,위,0.00245,0.0118,상승,위 · 상승
2025,2025-02-27,459100,위츠,9329,손절,2025-02-28,-0.0498,-4643,2621.75,2577.98,0.017,위,0.00165,0.0109,상승,위 · 상승
2025,2025-02-27,086960,MDS테크,3304,손절,2025-02-28,-0.0507,-5027,2621.75,2577.98,0.017,위,0.00165,0.0109,상승,위 · 상승
2025,2025-02-28,005010,휴스틸,4900,익절,2025-03-04,0.1979,19393,2532.78,2578.75,-0.0178,아래,0.0003,0.0085,상승,아래 · 상승
2025,2025-02-28,253840,수젠텍,6887,손절,2025-03-04,-0.0501,-4834,2532.78,2578.75,-0.0178,아래,0.0003,0.0085,상승,아래 · 상승
2025,2025-02-28,161890,한국콜마,61461,익절,2025-04-16,0.1986,12208,2532.78,2578.75,-0.0178,아래,0.0003,0.0085,상승,아래 · 상승
2025,2025-03-05,333430,일승,5105,손절,2025-03-07,-0.0497,-4821,2558.13,2586.32,-0.0109,아래,0.00148,0.0073,상승,아래 · 상승
2025,2025-03-05,452280,한선엔지니어링,8529,손절,2025-03-06,-0.0506,-4744,2558.13,2586.32,-0.0109,아래,0.00148,0.0073,상승,아래 · 상승
2025,2025-03-10,035720,카카오,45445,손절,2025-03-13,-0.0499,-4534,2570.39,2593.43,-0.0089,아래,0.00094,0.0057,상승,아래 · 상승
2025,2025-03-10,010950,S-Oil,62262,손절,2025-03-14,-0.0502,-3129,2570.39,2593.43,-0.0089,아래,0.00094,0.0057,상승,아래 · 상승
2025,2025-03-10,035250,강원랜드,16987,손절,2025-04-03,-0.0948,-8052,2570.39,2593.43,-0.0089,아래,0.00094,0.0057,상승,아래 · 상승
2025,2025-03-11,000270,기아,98498,손절,2025-03-18,-0.0554,-5460,2537.6,2594.25,-0.0218,아래,0.00031,0.0045,상승,아래 · 상승
2025,2025-03-12,352480,씨앤씨인터내셔널,41491,손절,2025-03-28,-0.0507,-4205,2574.82,2596.03,-0.0082,아래,0.00069,0.0038,상승,아래 · 상승
2025,2025-03-12,001450,현대해상,24775,손절,2025-03-13,-0.0501,-4964,2574.82,2596.03,-0.0082,아래,0.00069,0.0038,상승,아래 · 상승
2025,2025-03-12,241560,두산밥캣,51351,손절,2025-03-27,-0.0504,-2589,2574.82,2596.03,-0.0082,아래,0.00069,0.0038,상승,아래 · 상승
2025,2025-03-13,115500,케이씨에스,12462,손절,2025-03-21,-0.0798,-6963,2573.64,2597.3,-0.0091,아래,0.00049,0.0029,상승,아래 · 상승
2025,2025-03-13,452190,한빛레이저,6837,손절,2025-03-20,-0.0505,-4831,2573.64,2597.3,-0.0091,아래,0.00049,0.0029,상승,아래 · 상승
2025,2025-03-14,356680,엑스게이트,9439,손절,2025-03-19,-0.0503,-4747,2566.36,2596.46,-0.0116,아래,-0.00032,0.0021,상승,아래 · 상승
2025,2025-03-18,290690,아리바이오홀딩스,4915,손절,2025-03-19,-0.0505,-4961,2612.34,2597.53,0.0057,위,4e-05,0.0013,상승,위 · 상승
2025,2025-03-19,450140,코오롱모빌리티그룹,3093,익절,2025-03-25,0.1989,19690,2628.62,2597.62,0.0119,위,3e-05,0.0006,상승,위 · 상승
2025,2025-03-21,067310,하나마이크론,13493,손절,2025-03-25,-0.0504,-4757,2643.13,2595.36,0.0184,위,-0.00021,-0.0004,하락,위 · 하락
2025,2025-03-21,356860,티엘비,10977,손절,2025-03-27,-0.0498,-4918,2643.13,2595.36,0.0184,위,-0.00021,-0.0004,하락,위 · 하락
2025,2025-03-21,055550,신한지주,47848,손절,2025-04-07,-0.0622,-5948,2643.13,2595.36,0.0184,위,-0.00021,-0.0004,하락,위 · 하락
2025,2025-03-25,086790,하나금융지주,62663,손절,2025-03-31,-0.05,-3130,2615.81,2592.76,0.0089,위,-0.00057,-0.0018,하락,위 · 하락
2025,2025-03-26,066570,LG전자,84885,손절,2025-03-28,-0.0508,-4312,2643.94,2593.44,0.0195,위,0.00026,-0.0016,하락,위 · 하락
2025,2025-03-27,084690,대상홀딩스,12983,손절,2025-03-28,-0.0499,-4534,2607.15,2591.74,0.0059,위,-0.00065,-0.0016,하락,위 · 하락
2025,2025-03-27,088340,유라클,12002,익절,2025-04-01,0.1985,19059,2607.15,2591.74,0.0059,위,-0.00065,-0.0016,하락,위 · 하락
2025,2025-03-31,000720,현대건설,35986,손절,2025-04-07,-0.0509,-3664,2481.12,2585.97,-0.0405,아래,-0.001,-0.0032,하락,아래 · 하락
2025,2025-04-02,388720,유일로보틱스,72372,익절,2025-04-03,0.1986,14373,2505.86,2582.98,-0.0299,아래,-0.00101,-0.004,하락,아래 · 하락
2025,2025-04-03,017960,한국카본,16567,익절,2025-04-24,0.1979,19669,2486.7,2578.51,-0.0356,아래,-0.00173,-0.0051,하락,아래 · 하락
2025,2025-04-04,014160,대영포장,1777,익절,2025-04-08,0.1995,19848,2465.42,2573.61,-0.042,아래,-0.0019,-0.0058,하락,아래 · 하락
2025,2025-04-04,007110,일신석재,2217,손절,2025-05-02,-0.051,-4978,2465.42,2573.61,-0.042,아래,-0.0019,-0.0058,하락,아래 · 하락
2025,2025-04-07,304100,솔트룩스,28478,익절,2025-04-11,0.1988,16983,2328.2,2561.5,-0.0911,아래,-0.00471,-0.0095,하락,아래 · 하락
2025,2025-04-07,000910,유니온,6006,익절,2025-04-09,0.1983,19059,2328.2,2561.5,-0.0911,아래,-0.00471,-0.0095,하락,아래 · 하락
2025,2025-04-07,094480,갤럭시아머니트리,8348,손절,2025-04-09,-0.0504,-4627,2328.2,2561.5,-0.0911,아래,-0.00471,-0.0095,하락,아래 · 하락
2025,2025-04-08,241520,DSC인베스트먼트,5896,익절,2025-04-14,0.4239,39990,2334.23,2551.33,-0.0851,아래,-0.00397,-0.0133,하락,아래 · 하락
2025,2025-04-09,047560,이스트소프트,19740,익절,2025-04-14,0.2339,23085,2293.7,2537.27,-0.096,아래,-0.00551,-0.0177,하락,아래 · 하락
2025,2025-04-10,257720,실리콘투,29529,익절,2025-04-28,0.2017,17872,2445.06,2530.84,-0.0339,아래,-0.00253,-0.0185,하락,아래 · 하락
2025,2025-04-10,015760,한국전력,22973,익절,2025-05-16,0.1993,18312,2445.06,2530.84,-0.0339,아래,-0.00253,-0.0185,하락,아래 · 하락
2025,2025-04-11,097230,HJ중공업,8258,손절,2025-04-15,-0.0497,-4924,2432.72,2524.16,-0.0362,아래,-0.00264,-0.0192,하락,아래 · 하락
2025,2025-04-11,071970,HD현대마린엔진,31231,익절,2025-04-28,0.2034,19056,2432.72,2524.16,-0.0362,아래,-0.00264,-0.0192,하락,아래 · 하락
2025,2025-04-14,382150,온코크로스,12643,익절,2025-04-18,0.1986,17573,2455.89,2516.42,-0.0241,아래,-0.00307,-0.0176,하락,아래 · 하락
2025,2025-04-14,408900,스튜디오미르,3789,손절,2025-04-18,-0.0499,-4912,2455.89,2516.42,-0.0241,아래,-0.00307,-0.0176,하락,아래 · 하락
2025,2025-04-14,030520,한컴,22072,손절,2025-04-16,-0.0512,-4524,2455.89,2516.42,-0.0241,아래,-0.00307,-0.0176,하락,아래 · 하락
2025,2025-04-15,090710,휴림로봇,2147,손절,2025-04-16,-0.0502,-4963,2477.41,2509.68,-0.0129,아래,-0.00268,-0.0163,하락,아래 · 하락
2025,2025-04-16,411080,샌즈랩,8789,손절,2025-04-18,-0.0503,-4865,2447.43,2500.62,-0.0213,아래,-0.00361,-0.0144,하락,아래 · 하락
2025,2025-04-16,017670,SK텔레콤,57858,손절,2025-04-28,-0.0503,-2912,2447.43,2500.62,-0.0213,아래,-0.00361,-0.0144,하락,아래 · 하락
2025,2025-04-17,009830,한화솔루션,20867,익절,2025-04-24,0.1984,16556,2470.41,2492.28,-0.0088,아래,-0.00333,-0.0152,하락,아래 · 하락
2025,2025-04-18,347850,디앤디파마텍,14880,익절,2025-05-02,0.1982,17691,2483.42,2484.3,-0.0004,아래,-0.0032,-0.0158,하락,아래 · 하락
2025,2025-04-18,105560,KB금융,82482,익절,2025-05-23,0.1981,16342,2483.42,2484.3,-0.0004,아래,-0.0032,-0.0158,하락,아래 · 하락
2025,2025-04-18,052690,한전기술,62562,손절,2025-05-07,-0.05,-3130,2483.42,2484.3,-0.0004,아래,-0.0032,-0.0158,하락,아래 · 하락
2025,2025-04-24,042660,한화오션,80981,손절,2025-04-30,-0.0506,-4097,2522.33,2460.49,0.0251,위,-0.00172,-0.0128,하락,위 · 하락
2025,2025-04-24,034020,두산에너빌리티,26927,손절,2025-05-07,-0.0686,-5543,2522.33,2460.49,0.0251,위,-0.00172,-0.0128,하락,위 · 하락
2025,2025-04-28,489790,한화비전,60060,손절,2025-04-29,-0.0503,-3020,2548.86,2463.3,0.0347,위,0.00138,-0.0056,하락,위 · 하락
2025,2025-04-28,008770,호텔신라,44144,익절,2025-06-11,0.1985,17524,2548.86,2463.3,0.0347,위,0.00138,-0.0056,하락,위 · 하락
2025,2025-04-28,086790,하나금융지주,62062,익절,2025-06-04,0.1983,12306,2548.86,2463.3,0.0347,위,0.00138,-0.0056,하락,위 · 하락
2025,2025-04-29,098460,고영,13904,익절,2025-05-08,0.1983,19295,2565.42,2465.5,0.0405,위,0.00089,-0.0021,하락,위 · 하락
2025,2025-05-02,007660,이수페타시스,36737,익절,2025-06-11,0.1983,14570,2559.79,2471.69,0.0356,위,0.00148,0.0046,상승,위 · 상승
2025,2025-05-07,003490,대한항공,22673,손절,2025-06-13,-0.05,-4533,2573.8,2477.11,0.039,위,0.00219,0.007,상승,위 · 상승
2025,2025-05-07,028300,HLB,58859,손절,2025-05-16,-0.0512,-3016,2573.8,2477.11,0.039,위,0.00219,0.007,상승,위 · 상승
2025,2025-05-07,402340,SK스퀘어,92392,익절,2025-05-28,0.1982,18311,2573.8,2477.11,0.039,위,0.00219,0.007,상승,위 · 상승
2025,2025-05-08,451250,삐아,12452,손절,2025-05-12,-0.0502,-4380,2579.48,2489.67,0.0361,위,0.00507,0.0107,상승,위 · 상승
2025,2025-05-08,028050,삼성E&A,20020,익절,2025-07-04,0.1992,15949,2579.48,2489.67,0.0361,위,0.00507,0.0107,상승,위 · 상승
2025,2025-05-12,005930,삼성전자,57658,손절,2025-05-22,-0.0505,-2912,2607.33,2517.51,0.0357,위,0.00627,0.02,상승,위 · 상승
2025,2025-05-22,241710,코스메카코리아,49600,익절,2025-06-18,0.1995,19789,2593.67,2578.55,0.0059,위,0.00205,0.0134,상승,위 · 상승
2025,2025-05-26,092790,넥스틸,15465,손절,2025-05-30,-0.0502,-4661,2644.4,2589.77,0.0211,위,0.0023,0.0118,상승,위 · 상승
2025,2025-05-26,010950,S-Oil,53654,익절,2025-06-13,0.1982,10632,2644.4,2589.77,0.0211,위,0.0023,0.0118,상승,위 · 상승
2025,2025-05-27,298380,에이비엘바이오,82683,손절,2025-05-29,-0.0508,-4203,2637.22,2595.51,0.0161,위,0.00222,0.0114,상승,위 · 상승
2025,2025-05-30,226950,올릭스,54354,손절,2025-06-02,-0.0515,-2799,2697.67,2616.91,0.0309,위,0.00253,0.0128,상승,위 · 상승
2025,2025-05-30,234920,자이글,4865,손절,2025-06-02,-0.0499,-4857,2697.67,2616.91,0.0309,위,0.00253,0.0128,상승,위 · 상승
2025,2025-06-02,304100,솔트룩스,34885,익절,2025-06-04,0.199,13882,2698.97,2624.02,0.0286,위,0.00272,0.0132,상승,위 · 상승
2025,2025-06-02,000990,DB하이텍,42342,익절,2025-09-10,0.2,16935,2698.97,2624.02,0.0286,위,0.00272,0.0132,상승,위 · 상승
2025,2025-06-04,088340,유라클,27227,익절,2025-06-05,0.1989,16244,2770.84,2634.58,0.0517,위,0.00402,0.0151,상승,위 · 상승
2025,2025-06-04,294570,쿠콘,27527,익절,2025-06-05,0.1985,16392,2770.84,2634.58,0.0517,위,0.00402,0.0151,상승,위 · 상승
2025,2025-06-04,108860,셀바스AI,14765,손절,2025-07-14,-0.0497,-4405,2770.84,2634.58,0.0517,위,0.00402,0.0151,상승,위 · 상승
2025,2025-06-05,007110,일신석재,2658,손절,2025-06-23,-0.0601,-5908,2812.05,2646.49,0.0626,위,0.00452,0.0172,상승,위 · 상승
2025,2025-06-05,052690,한전기술,73273,손절,2025-06-10,-0.0501,-3669,2812.05,2646.49,0.0626,위,0.00452,0.0172,상승,위 · 상승
2025,2025-06-10,417180,핑거스토리,14749,손절,2025-06-13,-0.0501,-4431,2871.85,2675.03,0.0736,위,0.00554,0.0222,상승,위 · 상승
2025,2025-06-11,017670,SK텔레콤,53754,보유중,,0.6204,33147,2907.04,2690.02,0.0807,위,0.0056,0.0251,상승,위 · 상승
2025,2025-06-11,403870,HPSP,27728,손절,2025-07-08,-0.0506,-4205,2907.04,2690.02,0.0807,위,0.0056,0.0251,상승,위 · 상승
2025,2025-06-13,047810,한국항공우주,97798,손절,2025-06-24,-0.0538,-5258,2894.62,2718.3,0.0649,위,0.00469,0.0271,상승,위 · 상승
2025,2025-06-13,082740,한화엔진,29379,손절,2025-06-25,-0.0513,-4523,2894.62,2718.3,0.0649,위,0.00469,0.0271,상승,위 · 상승
2025,2025-06-13,462860,더즌,3654,익절,2025-06-17,0.198,19536,2894.62,2718.3,0.0649,위,0.00469,0.0271,상승,위 · 상승
2025,2025-06-17,011790,SKC,98228,손절,2025-07-17,-0.0498,-4890,2950.3,2750.74,0.0725,위,0.00591,0.0283,상승,위 · 상승
2025,2025-06-18,041020,폴라리스오피스,6136,손절,2025-07-29,-0.0509,-5000,2972.19,2769.18,0.0733,위,0.0067,0.0294,상승,위 · 상승
2025,2025-06-23,466100,클로봇,18413,익절,2025-06-24,0.1981,18240,3014.47,2828.83,0.0656,위,0.00749,0.0345,상승,위 · 상승
2025,2025-06-24,086520,에코프로,48949,손절,2025-06-27,-0.0507,-4959,3103.64,2854.4,0.0873,위,0.00904,0.0377,상승,위 · 상승
2025,2025-06-24,450080,에코프로머티,49499,손절,2025-06-26,-0.0501,-4963,3103.64,2854.4,0.0873,위,0.00904,0.0377,상승,위 · 상승
2025,2025-06-25,095340,ISC,62062,손절,2025-06-27,-0.0504,-3128,3108.25,2877.6,0.0802,위,0.00813,0.0392,상승,위 · 상승
2025,2025-06-26,446540,메가터치,4264,손절,2025-06-27,-0.0506,-4960,3079.56,2899.71,0.062,위,0.00769,0.0401,상승,위 · 상승
2025,2025-07-01,139480,이마트,95195,손절,2025-07-02,-0.0499,-4750,3089.65,2956.16,0.0452,위,0.00667,0.0356,상승,위 · 상승
2025,2025-07-02,161000,애경케미칼,12292,손절,2025-07-03,-0.05,-4921,3075.06,2974.96,0.0336,위,0.00636,0.0338,상승,위 · 상승
2025,2025-07-03,005070,코스모신소재,38639,손절,2025-07-07,-0.0503,-3884,3116.27,2992.23,0.0415,위,0.00581,0.0319,상승,위 · 상승
2025,2025-07-03,100090,SK오션플랜트,21271,손절,2025-07-07,-0.053,-4512,3116.27,2992.23,0.0415,위,0.00581,0.0319,상승,위 · 상승
2025,2025-07-03,204320,HL만도,34935,손절,2025-07-08,-0.0509,-3556,3116.27,2992.23,0.0415,위,0.00581,0.0319,상승,위 · 상승
2025,2025-07-07,005180,빙그레,92592,손절,2025-07-16,-0.0501,-4640,3059.47,3014.53,0.0149,위,0.00339,0.0266,상승,위 · 상승
2025,2025-07-08,014970,삼륭물산,8198,손절,2025-07-10,-0.05,-4921,3114.95,3026.68,0.0292,위,0.00403,0.0239,상승,위 · 상승
2025,2025-07-08,071090,하이스틸,4504,손절,2025-07-10,-0.0503,-4984,3114.95,3026.68,0.0292,위,0.00403,0.0239,상승,위 · 상승
2025,2025-07-09,004990,롯데지주,35235,손절,2025-07-10,-0.0505,-3559,3133.74,3038.02,0.0315,위,0.00375,0.0212,상승,위 · 상승
2025,2025-07-09,294570,쿠콘,36787,익절,2025-07-14,0.198,14570,3133.74,3038.02,0.0315,위,0.00375,0.0212,상승,위 · 상승
2025,2025-07-10,041190,우리기술투자,10380,익절,2025-07-14,0.1982,18518,3183.23,3051.18,0.0433,위,0.00433,0.0197,상승,위 · 상승
2025,2025-07-11,066970,엘앤에프,58058,손절,2025-07-14,-0.0502,-2913,3175.77,3065.24,0.0361,위,0.00461,0.0203,상승,위 · 상승
2025,2025-07-11,489790,한화비전,55555,손절,2025-07-14,-0.0505,-2804,3175.77,3065.24,0.0361,위,0.00461,0.0203,상승,위 · 상승
2025,2025-07-14,008770,호텔신라,52352,손절,2025-07-28,-0.0505,-2642,3202.03,3078.0,0.0403,위,0.00417,0.0211,상승,위 · 상승
2025,2025-07-15,010140,삼성중공업,18058,익절,2025-08-27,0.1995,18017,3215.28,3091.25,0.0401,위,0.0043,0.0213,상승,위 · 상승
2025,2025-07-16,213420,덕산네오룩스,41341,손절,2025-07-17,-0.0508,-4203,3186.38,3101.96,0.0272,위,0.00346,0.021,상승,위 · 상승
2025,2025-07-17,068330,일신바이오,2172,손절,2025-07-18,-0.0497,-4859,3192.29,3112.69,0.0256,위,0.00346,0.0202,상승,위 · 상승
2025,2025-07-17,298380,에이비엘바이오,73073,익절,2025-07-24,0.198,14471,3192.29,3112.69,0.0256,위,0.00346,0.0202,상승,위 · 상승
2025,2025-07-17,009420,한올바이오파마,29930,손절,2025-07-21,-0.0504,-4530,3192.29,3112.69,0.0256,위,0.00346,0.0202,상승,위 · 상승
2025,2025-07-17,028300,HLB,54054,손절,2025-07-21,-0.0499,-2698,3192.29,3112.69,0.0256,위,0.00346,0.0202,상승,위 · 상승
2025,2025-07-17,053030,바이넥스,17698,손절,2025-07-22,-0.05,-4425,3192.29,3112.69,0.0256,위,0.00346,0.0202,상승,위 · 상승
2025,2025-07-18,476040,오가노이드사이언스,40240,손절,2025-07-21,-0.0509,-4095,3188.07,3121.0,0.0215,위,0.00267,0.0182,상승,위 · 상승
2025,2025-07-21,009830,한화솔루션,35785,손절,2025-07-30,-0.0498,-3561,3210.81,3130.82,0.0255,위,0.00315,0.0172,상승,위 · 상승
2025,2025-07-21,051980,중앙첨단소재,2813,익절,2025-07-24,0.1995,19642,3210.81,3130.82,0.0255,위,0.00315,0.0172,상승,위 · 상승
2025,2025-07-21,112610,씨에스윈드,51652,손절,2025-07-23,-0.0501,-2590,3210.81,3130.82,0.0255,위,0.00315,0.0172,상승,위 · 상승
2025,2025-07-22,200670,휴메딕스,73073,손절,2025-07-23,-0.0502,-3668,3169.94,3134.13,0.0114,위,0.00106,0.0139,상승,위 · 상승
2025,2025-07-24,042660,한화오션,88889,익절,2025-07-31,0.1982,17622,3190.45,3143.45,0.015,위,0.00177,0.0099,상승,위 · 상승
2025,2025-07-24,098070,한텍,39790,손절,2025-07-25,-0.0502,-3992,3190.45,3143.45,0.015,위,0.00177,0.0099,상승,위 · 상승
2025,2025-07-24,323280,태성,29980,익절,2025-07-28,0.1987,17868,3190.45,3143.45,0.015,위,0.00177,0.0099,상승,위 · 상승
2025,2025-07-24,348370,엔켐,64665,손절,2025-07-25,-0.0501,-3237,3190.45,3143.45,0.015,위,0.00177,0.0099,상승,위 · 상승
2025,2025-07-25,234340,헥토파이낸셜,20270,손절,2025-07-29,-0.05,-4058,3196.05,3150.46,0.0145,위,0.00223,0.0094,상승,위 · 상승
2025,2025-07-25,475150,SK이터닉스,24975,손절,2025-07-30,-0.0497,-3725,3196.05,3150.46,0.0145,위,0.00223,0.0094,상승,위 · 상승
2025,2025-07-28,015760,한국전력,39840,손절,2025-08-01,-0.0526,-4192,3209.52,3157.35,0.0165,위,0.00219,0.0085,상승,위 · 상승
2025,2025-07-28,083650,비에이치아이,42943,손절,2025-07-30,-0.0502,-4315,3209.52,3157.35,0.0165,위,0.00219,0.0085,상승,위 · 상승
2025,2025-07-29,290690,아리바이오홀딩스,5776,손절,2025-07-30,-0.0504,-4950,3230.57,3164.4,0.0209,위,0.00223,0.0097,상승,위 · 상승
2025,2025-07-29,033500,동성화인텍,27978,손절,2025-08-01,-0.0501,-4208,3230.57,3164.4,0.0209,위,0.00223,0.0097,상승,위 · 상승
2025,2025-07-30,067310,하나마이크론,12683,손절,2025-08-04,-0.0526,-4665,3254.47,3173.37,0.0256,위,0.00283,0.0113,상승,위 · 상승
2025,2025-07-31,272210,한화시스템,59459,손절,2025-08-04,-0.0508,-3018,3245.44,3179.83,0.0206,위,0.00204,0.0116,상승,위 · 상승
2025,2025-07-31,025980,아난티,9960,손절,2025-08-29,-0.0499,-4966,3245.44,3179.83,0.0206,위,0.00204,0.0116,상승,위 · 상승
2025,2025-07-31,033340,좋은사람들,1847,익절,2025-08-08,0.1999,19568,3245.44,3179.83,0.0206,위,0.00204,0.0116,상승,위 · 상승
2025,2025-08-01,253840,수젠텍,7257,손절,2025-08-05,-0.0505,-4766,3119.41,3183.08,-0.02,아래,0.00102,0.0104,상승,아래 · 상승
2025,2025-08-01,033230,인성정보,2237,손절,2025-08-22,-0.0506,-4981,3119.41,3183.08,-0.02,아래,0.00102,0.0104,상승,아래 · 상승
2025,2025-08-04,100090,SK오션플랜트,22172,손절,2025-08-06,-0.051,-4525,3147.75,3187.5,-0.0125,아래,0.00139,0.0095,상승,아래 · 상승
2025,2025-08-05,001440,대한전선,16466,손절,2025-08-20,-0.0571,-5641,3198.0,3191.65,0.002,위,0.0013,0.0086,상승,위 · 상승
2025,2025-08-06,052690,한전기술,96396,손절,2025-08-19,-0.0504,-4854,3198.14,3194.87,0.001,위,0.00101,0.0068,상승,위 · 상승
2025,2025-08-07,035720,카카오,63664,손절,2025-09-01,-0.0508,-3234,3227.68,3197.09,0.0096,위,0.0007,0.0054,상승,위 · 상승
2025,2025-08-08,009270,신원,1901,손절,2025-08-20,-0.05,-4939,3210.01,3198.8,0.0035,위,0.00054,0.0049,상승,위 · 상승
2025,2025-08-08,122870,와이지엔터테인먼트,93293,손절,2025-11-04,-0.0498,-4643,3210.01,3198.8,0.0035,위,0.00054,0.0049,상승,위 · 상승
2025,2025-08-19,377300,카카오페이,67567,손절,2025-08-20,-0.051,-3448,3151.56,3197.84,-0.0145,아래,-0.00093,-0.0004,하락,아래 · 하락
2025,2025-08-20,201490,미투온,6366,손절,2025-08-21,-0.0508,-4850,3130.09,3195.84,-0.0206,아래,-0.00062,-0.0006,하락,아래 · 하락
2025,2025-08-20,249420,일동제약,22823,손절,2025-09-02,-0.0497,-4535,3130.09,3195.84,-0.0206,아래,-0.00062,-0.0006,하락,아래 · 하락
2025,2025-08-21,047040,대우건설,4159,손절,2025-08-26,-0.0506,-4836,3141.74,3193.74,-0.0163,아래,-0.00066,-0.0019,하락,아래 · 하락
2025,2025-08-21,018290,브이티,39189,손절,2025-08-26,-0.0509,-3988,3141.74,3193.74,-0.0163,아래,-0.00066,-0.0019,하락,아래 · 하락
2025,2025-08-25,032820,우리기술,3919,손절,2025-09-01,-0.0509,-4985,3209.86,3193.35,0.0052,위,0.00022,-0.0023,하락,위 · 하락
2025,2025-08-26,441270,파인엠텍,11511,손절,2025-09-02,-0.0497,-4578,3179.36,3191.84,-0.0039,아래,-0.00047,-0.0019,하락,아래 · 하락
2025,2025-08-26,376300,디어유,57257,손절,2025-08-27,-0.0508,-2910,3179.36,3191.84,-0.0039,아래,-0.00047,-0.0019,하락,아래 · 하락
2025,2025-08-27,012510,더존비즈온,77277,익절,2025-09-19,0.213,16456,3187.16,3189.67,-0.0008,아래,-0.00068,-0.0019,하락,아래 · 하락
2025,2025-08-28,024720,콜마홀딩스,14464,손절,2025-09-01,-0.05,-4339,3196.32,3186.76,0.003,위,-0.00091,-0.0022,하락,위 · 하락
2025,2025-08-29,347850,디앤디파마텍,39429,손절,2025-09-01,-0.0503,-3969,3186.01,3183.79,0.0007,위,-0.00093,-0.0028,하락,위 · 하락
2025,2025-09-01,064260,다날,8649,익절,2025-09-19,0.1981,18842,3142.93,3184.97,-0.0132,아래,0.00037,-0.0026,하락,아래 · 하락
2025,2025-09-01,459510,나우로보틱스,18318,손절,2025-09-05,-0.0501,-4586,3142.93,3184.97,-0.0132,아래,0.00037,-0.0026,하락,아래 · 하락
2025,2025-09-02,082850,우리바이오,12337,손절,2025-09-24,-0.0503,-4962,3172.35,3186.2,-0.0043,아래,0.00039,-0.0018,하락,아래 · 하락
2025,2025-09-02,090710,휴림로봇,2718,손절,2025-09-04,-0.0515,-5039,3172.35,3186.2,-0.0043,아래,0.00039,-0.0018,하락,아래 · 하락
2025,2025-09-04,100090,SK오션플랜트,22773,익절,2025-09-08,0.1989,18115,3200.83,3185.65,0.0048,위,4e-05,-0.0003,하락,위 · 하락
2025,2025-09-04,006730,서부T&D,10661,손절,2025-09-08,-0.0506,-4852,3200.83,3185.65,0.0048,위,4e-05,-0.0003,하락,위 · 하락
2025,2025-09-05,475580,에이럭스,11592,손절,2025-10-21,-0.0503,-4660,3205.12,3184.52,0.0065,위,-0.00035,0.0002,상승,위 · 상승
2025,2025-09-05,004020,현대제철,34835,손절,2025-10-01,-0.051,-3556,3205.12,3184.52,0.0065,위,-0.00035,0.0002,상승,위 · 상승
2025,2025-09-08,058470,리노공업,48999,익절,2025-10-14,0.1979,19393,3219.59,3185.0,0.0109,위,0.00015,0.0,상승,위 · 상승
2025,2025-09-08,322000,HD현대에너지솔루션,52452,손절,2025-09-10,-0.0504,-2643,3219.59,3185.0,0.0109,위,0.00015,0.0,상승,위 · 상승
2025,2025-09-10,005930,삼성전자,72673,익절,2025-10-02,0.2266,16469,3314.53,3193.9,0.0378,위,0.00195,0.0026,상승,위 · 상승
2025,2025-09-10,086790,하나금융지주,87187,보유중,,0.5266,45607,3314.53,3193.9,0.0378,위,0.00195,0.0026,상승,위 · 상승
2025,2025-09-19,060250,NHN KCP,16206,손절,2025-09-22,-0.05,-4857,3445.24,3278.76,0.0508,위,0.00423,0.0219,상승,위 · 상승
2025,2025-09-19,439580,블루엠텍,6326,손절,2025-09-24,-0.0511,-4848,3445.24,3278.76,0.0508,위,0.00423,0.0219,상승,위 · 상승
2025,2025-09-23,457190,이수스페셜티케미컬,51251,손절,2025-09-24,-0.0505,-2588,3486.19,3307.04,0.0542,위,0.00466,0.0223,상승,위 · 상승
2025,2025-09-24,034020,두산에너빌리티,65966,손절,2025-09-26,-0.0507,-3342,3472.14,3321.29,0.0454,위,0.00431,0.0223,상승,위 · 상승
2025,2025-09-25,010950,S-Oil,61261,익절,2025-10-23,0.2091,12807,3471.11,3335.03,0.0408,위,0.00414,0.0215,상승,위 · 상승
2025,2025-09-26,006220,제주은행,15475,손절,2025-09-30,-0.0502,-4661,3386.05,3345.03,0.0123,위,0.003,0.0202,상승,위 · 상승
2025,2025-09-30,419530,SAMG엔터,61762,손절,2025-10-01,-0.0506,-3127,3424.6,3372.06,0.0156,위,0.00375,0.0197,상승,위 · 상승
2025,2025-10-01,082740,한화엔진,49600,손절,2025-10-10,-0.05,-4964,3455.83,3385.63,0.0207,위,0.00402,0.0194,상승,위 · 상승
2025,2025-10-01,257720,실리콘투,47447,손절,2025-10-10,-0.05,-4748,3455.83,3385.63,0.0207,위,0.00402,0.0194,상승,위 · 상승
2025,2025-10-10,083650,비에이치아이,54054,손절,2025-10-17,-0.0591,-3197,3610.6,3423.32,0.0547,위,0.00596,0.0234,상승,위 · 상승
2025,2025-10-10,103590,일진전기,39139,익절,2025-10-24,0.1987,15555,3610.6,3423.32,0.0547,위,0.00596,0.0234,상승,위 · 상승
2025,2025-10-10,187660,페니트리움바이오,2757,익절,2025-10-13,0.1986,19711,3610.6,3423.32,0.0547,위,0.00596,0.0234,상승,위 · 상승
2025,2025-10-10,241560,두산밥캣,57157,손절,2025-11-19,-0.0509,-2910,3610.6,3423.32,0.0547,위,0.00596,0.0234,상승,위 · 상승
2025,2025-10-13,001440,대한전선,18158,손절,2025-10-14,-0.0499,-4533,3584.55,3441.57,0.0415,위,0.00533,0.0244,상승,위 · 상승
2025,2025-10-14,005070,코스모신소재,46496,익절,2025-10-21,0.198,18409,3561.81,3456.65,0.0304,위,0.00438,0.0251,상승,위 · 상승
2025,2025-10-14,066970,엘앤에프,82582,익절,2025-10-17,0.2341,19337,3561.81,3456.65,0.0304,위,0.00438,0.0251,상승,위 · 상승
2025,2025-10-17,054540,삼영엠텍,15275,손절,2025-10-20,-0.0502,-4597,3748.89,3511.67,0.0676,위,0.00506,0.0258,상승,위 · 상승
2025,2025-10-17,018880,한온시스템,3489,익절,2025-10-30,0.3164,30908,3748.89,3511.67,0.0676,위,0.00506,0.0258,상승,위 · 상승
2025,2025-10-20,010120,LS ELECTRIC,63964,익절,2025-10-27,0.1985,12700,3814.69,3532.04,0.08,위,0.0058,0.0263,상승,위 · 상승
2025,2025-10-21,014940,오리엔탈정공,11511,손절,2025-10-22,-0.0497,-4578,3823.84,3550.75,0.0769,위,0.0053,0.0272,상승,위 · 상승
2025,2025-10-21,005690,파미셀,13483,익절,2025-10-27,0.1986,18745,3823.84,3550.75,0.0769,위,0.0053,0.0272,상승,위 · 상승
2025,2025-10-22,003550,LG,80180,보유중,,0.3956,31462,3883.68,3574.26,0.0866,위,0.00662,0.0289,상승,위 · 상승
2025,2025-10-23,017510,세명전기,11271,손절,2025-11-10,-0.0498,-4491,3845.56,3593.48,0.0702,위,0.00538,0.0285,상승,위 · 상승
2025,2025-10-24,000720,현대건설,66667,손절,2025-11-05,-0.0502,-3345,3941.59,3618.29,0.0894,위,0.00691,0.0304,상승,위 · 상승
2025,2025-10-27,097230,HJ중공업,31582,손절,2025-10-28,-0.0512,-4848,4042.83,3647.0,0.1085,위,0.00793,0.0325,상승,위 · 상승
2025,2025-10-27,0008Z0,에스엔시스,45495,손절,2025-10-29,-0.0498,-4534,4042.83,3647.0,0.1085,위,0.00793,0.0325,상승,위 · 상승
2025,2025-10-28,035720,카카오,63764,손절,2025-11-05,-0.0507,-3234,4010.41,3673.21,0.0918,위,0.00719,0.0345,상승,위 · 상승
2025,2025-10-29,218410,RFHIC,34184,손절,2025-11-06,-0.0505,-3451,4081.15,3703.66,0.1019,위,0.00829,0.0362,상승,위 · 상승
2025,2025-10-30,347850,디앤디파마텍,55611,익절,2025-10-31,0.1991,11070,4086.89,3734.45,0.0944,위,0.00831,0.0392,상승,위 · 상승
2025,2025-10-31,317830,에스피시스템스,10991,손절,2025-11-05,-0.0501,-4953,4107.5,3770.52,0.0894,위,0.00966,0.0421,상승,위 · 상승
2025,2025-11-04,316140,우리금융지주,26276,보유중,,0.3453,26976,4121.74,3844.91,0.072,위,0.00915,0.0467,상승,위 · 상승
2025,2025-11-06,249420,일동제약,30631,손절,2025-11-07,-0.051,-4687,4026.45,3896.21,0.0334,위,0.00616,0.0433,상승,위 · 상승
2025,2025-11-06,452450,피아이이,9219,손절,2025-11-11,-0.0503,-4638,4026.45,3896.21,0.0334,위,0.00616,0.0433,상승,위 · 상승
2025,2025-11-06,024110,기업은행,20120,보유중,,0.0139,928,4026.45,3896.21,0.0334,위,0.00616,0.0433,상승,위 · 상승
2025,2025-11-06,001450,현대해상,29229,손절,2025-11-07,-0.0499,-4372,4026.45,3896.21,0.0334,위,0.00616,0.0433,상승,위 · 상승
2025,2025-11-07,241710,코스메카코리아,76977,손절,2025-11-10,-0.0504,-3883,3953.76,3913.36,0.0103,위,0.0044,0.0379,상승,위 · 상승
2025,2025-11-07,082270,젬백스,54554,손절,2025-11-10,-0.2287,-12474,3953.76,3913.36,0.0103,위,0.0044,0.0379,상승,위 · 상승
2025,2025-11-10,456160,지투지바이오,74775,손절,2025-11-11,-0.0505,-3774,4073.24,3937.8,0.0344,위,0.00624,0.0335,상승,위 · 상승
2025,2025-11-10,005940,NH투자증권,21972,손절,2025-11-18,-0.0515,-4522,4073.24,3937.8,0.0344,위,0.00624,0.0335,상승,위 · 상승
2025,2025-11-10,000120,CJ대한통운,91191,보유중,,-0.2346,-21558,4073.24,3937.8,0.0344,위,0.00624,0.0335,상승,위 · 상승
2025,2025-11-11,214150,클래시스,54254,손절,2025-11-26,-0.0498,-2699,4106.39,3965.03,0.0357,위,0.00691,0.0312,상승,위 · 상승
2025,2025-11-11,281820,케이씨텍,43543,손절,2025-11-12,-0.0507,-4420,4106.39,3965.03,0.0357,위,0.00691,0.0312,상승,위 · 상승
2025,2025-11-12,950160,코오롱티슈진,51251,익절,2025-11-21,0.1998,10239,4150.39,3989.68,0.0403,위,0.00622,0.0303,상승,위 · 상승
2025,2025-11-18,204620,글로벌텍스프리,5956,익절,2025-11-21,0.1983,18902,3953.62,4044.15,-0.0224,아래,0.00161,0.02,상승,아래 · 상승
2025,2025-11-19,257720,실리콘투,46546,손절,2025-11-26,-0.0499,-4642,3929.51,4046.44,-0.0289,아래,0.00057,0.0142,상승,아래 · 상승
2025,2025-11-21,389500,에스비비테크,31031,손절,2025-11-25,-0.0504,-4692,3853.26,4049.99,-0.0486,아래,-0.00109,0.0065,상승,아래 · 상승
2025,2025-11-24,014280,금강공업,6176,손절,2025-11-25,-0.0506,-5003,3846.06,4040.15,-0.048,아래,-0.00243,0.0006,상승,아래 · 상승
2025,2025-11-25,488280,에스투더블유,27878,손절,2025-11-26,-0.0503,-4207,3857.78,4032.52,-0.0433,아래,-0.00189,-0.0029,하락,아래 · 하락
2025,2025-11-26,017800,현대엘리베이터,82082,보유중,,-0.1021,-8556,3960.87,4026.5,-0.0163,아래,-0.00149,-0.0049,하락,아래 · 하락
2025,2025-11-27,125490,한라캐스트,12533,익절,2025-12-01,0.1979,17365,3986.91,4021.5,-0.0086,아래,-0.00124,-0.0081,하락,아래 · 하락
2025,2025-11-27,476060,온코닉테라퓨틱스,17768,익절,2025-11-28,0.1995,17722,3986.91,4021.5,-0.0086,아래,-0.00124,-0.0081,하락,아래 · 하락
2025,2025-11-27,105840,우진,16316,손절,2025-12-01,-0.0503,-4919,3986.91,4021.5,-0.0086,아래,-0.00124,-0.0081,하락,아래 · 하락
2025,2025-11-28,475960,토모큐브,47798,손절,2025-12-01,-0.0497,-4751,3926.59,4012.46,-0.0214,아래,-0.00225,-0.0093,하락,아래 · 하락
2025,2025-12-01,356890,싸이버원,4575,손절,2025-12-02,-0.0507,-4868,3920.37,3997.38,-0.0193,아래,-0.00376,-0.0106,하락,아래 · 하락
2025,2025-12-02,439260,대한조선,72172,손절,2025-12-26,-0.0508,-3665,3994.93,3991.04,0.001,위,-0.00159,-0.0103,하락,위 · 하락
2025,2025-12-02,474650,링크솔루션,37638,익절,2025-12-03,0.1988,14964,3994.93,3991.04,0.001,위,-0.00159,-0.0103,하락,위 · 하락
2025,2025-12-02,047050,포스코인터내셔널,55656,손절,2025-12-15,-0.0504,-2804,3994.93,3991.04,0.001,위,-0.00159,-0.0103,하락,위 · 하락
2025,2025-12-03,000720,현대건설,70570,손절,2025-12-04,-0.0504,-3559,4036.3,3992.64,0.0109,위,0.0004,-0.0084,하락,위 · 하락
2025,2025-12-04,466100,클로봇,42382,손절,2025-12-05,-0.0506,-4290,4028.51,3992.74,0.009,위,3e-05,-0.0072,하락,위 · 하락
2025,2025-12-05,086520,에코프로,96997,익절,2025-12-08,0.1979,19196,4100.05,4000.05,0.025,위,0.00183,-0.0031,하락,위 · 하락
2025,2025-12-08,022100,포스코DX,28478,손절,2025-12-11,-0.0511,-4363,4154.85,4004.13,0.0376,위,0.00102,0.0017,상승,위 · 상승
2025,2025-12-12,006340,대원전선,4164,손절,2025-12-15,-0.0505,-4837,4167.16,4010.0,0.0392,위,0.00194,0.0025,상승,위 · 상승
2025,2025-12-15,030530,원익홀딩스,37537,손절,2025-12-16,-0.0503,-3776,4090.59,4010.07,0.0201,위,2e-05,0.0015,상승,위 · 상승
2025,2025-12-15,161580,필옵틱스,47598,손절,2025-12-16,-0.0499,-4750,4090.59,4010.07,0.0201,위,2e-05,0.0015,상승,위 · 상승
2025,2025-12-16,021240,코웨이,90090,손절,2025-12-29,-0.0503,-4531,3999.13,4012.34,-0.0033,아래,0.00057,0.0016,상승,아래 · 상승
2025,2025-12-17,195870,해성디에스,58558,손절,2025-12-18,-0.0498,-2915,4056.41,4018.69,0.0094,위,0.00158,0.0034,상승,위 · 상승
2025,2025-12-19,006800,미래에셋증권,22723,보유중,,0.4193,37812,4020.55,4026.54,-0.0015,아래,0.00208,0.0041,상승,아래 · 상승
2025,2025-12-26,080220,제주반도체,21121,익절,2025-12-30,0.1981,16736,4129.68,4067.03,0.0154,위,0.00176,0.0122,상승,위 · 상승
2025,2025-12-29,347850,디앤디파마텍,97798,손절,2025-12-30,-0.0497,-4859,4220.56,4081.73,0.034,위,0.00361,0.0137,상승,위 · 상승
2025,2025-12-30,486990,노타,46346,보유중,,-0.5609,-52096,4214.17,4096.42,0.0287,위,0.0036,0.0141,상승,위 · 상승
2025,2025-12-30,067310,하나마이크론,25776,보유중,,0.7924,60956,4214.17,4096.42,0.0287,위,0.0036,0.0141,상승,위 · 상승
2026,2026-01-02,035720,카카오,62162,손절,2026-01-07,-0.0508,-3158,4309.63,4112.16,0.048,위,0.00384,0.0147,상승,위 · 상승
2026,2026-01-02,010170,대한광통신,2686,익절,2026-01-05,0.198,19678,4309.63,4112.16,0.048,위,0.00384,0.0147,상승,위 · 상승
2026,2026-01-02,089030,테크윙,50951,손절,2026-01-09,-0.0503,-2561,4309.63,4112.16,0.048,위,0.00384,0.0147,상승,위 · 상승
2026,2026-01-02,084370,유진테크,85686,손절,2026-01-09,-0.0508,-4355,4309.63,4112.16,0.048,위,0.00384,0.0147,상승,위 · 상승
2026,2026-01-02,005290,동진쎄미켐,39690,익절,2026-01-28,0.1978,15704,4309.63,4112.16,0.048,위,0.00384,0.0147,상승,위 · 상승
2026,2026-01-02,003160,디아이,24124,익절,2026-01-06,0.1973,19040,4309.63,4112.16,0.048,위,0.00384,0.0147,상승,위 · 상승
2026,2026-01-05,034020,두산에너빌리티,83283,익절,2026-02-19,0.204,16988,4457.52,4133.22,0.0785,위,0.00512,0.0181,상승,위 · 상승
2026,2026-01-05,001440,대한전선,25726,익절,2026-02-03,0.1984,15312,4457.52,4133.22,0.0785,위,0.00512,0.0181,상승,위 · 상승
2026,2026-01-05,036930,주성엔지니어링,31231,익절,2026-01-28,0.198,18550,4457.52,4133.22,0.0785,위,0.00512,0.0181,상승,위 · 상승
2026,2026-01-05,101490,에스앤에스텍,54054,손절,2026-01-09,-0.0504,-2724,4457.52,4133.22,0.0785,위,0.00512,0.0181,상승,위 · 상승
2026,2026-01-05,166090,하나머티리얼즈,48298,손절,2026-01-09,-0.0507,-4901,4457.52,4133.22,0.0785,위,0.00512,0.0181,상승,위 · 상승
2026,2026-01-06,024060,흥구석유,12833,손절,2026-01-08,-0.0509,-4572,4525.48,4158.07,0.0884,위,0.00601,0.0224,상승,위 · 상승
2026,2026-01-07,195940,HK이노엔,54855,손절,2026-01-08,-0.0515,-2827,4551.06,4180.62,0.0886,위,0.00542,0.0242,상승,위 · 상승
2026,2026-01-08,456160,지투지바이오,80881,손절,2026-01-09,-0.0511,-4135,4552.37,4200.49,0.0838,위,0.00475,0.0254,상승,위 · 상승
2026,2026-01-08,009420,한올바이오파마,52653,손절,2026-01-09,-0.0516,-2718,4552.37,4200.49,0.0838,위,0.00475,0.0254,상승,위 · 상승
2026,2026-01-09,234030,싸이닉솔루션,11491,손절,2026-01-13,-0.0503,-4621,4586.32,4222.63,0.0861,위,0.00527,0.0269,상승,위 · 상승
2026,2026-01-09,448900,한국피아이엠,63964,익절,2026-01-12,0.1979,12661,4586.32,4222.63,0.0861,위,0.00527,0.0269,상승,위 · 상승
2026,2026-01-09,257720,실리콘투,43694,손절,2026-01-12,-0.0511,-4462,4586.32,4222.63,0.0861,위,0.00527,0.0269,상승,위 · 상승
2026,2026-01-12,010950,S-Oil,87187,익절,2026-01-30,0.1981,17275,4624.79,4247.12,0.0889,위,0.0058,0.0276,상승,위 · 상승
2026,2026-01-13,098460,고영,29780,손절,2026-01-14,-0.0512,-4570,4692.64,4276.22,0.0974,위,0.00685,0.0284,상승,위 · 상승
2026,2026-01-13,015760,한국전력,55756,손절,2026-01-14,-0.0508,-2831,4692.64,4276.22,0.0974,위,0.00685,0.0284,상승,위 · 상승
2026,2026-01-13,017670,SK텔레콤,54354,익절,2026-01-27,0.1986,10797,4692.64,4276.22,0.0974,위,0.00685,0.0284,상승,위 · 상승
2026,2026-01-13,009830,한화솔루션,26862,손절,2026-01-21,-0.052,-4190,4692.64,4276.22,0.0974,위,0.00685,0.0284,상승,위 · 상승
2026,2026-01-13,336260,두산퓨얼셀,34034,손절,2026-02-02,-0.0512,-3482,4692.64,4276.22,0.0974,위,0.00685,0.0284,상승,위 · 상승
2026,2026-01-14,086790,하나금융지주,96196,익절,2026-02-05,0.1979,19041,4723.1,4304.02,0.0974,위,0.0065,0.0295,상승,위 · 상승
2026,2026-01-14,016360,삼성증권,81081,익절,2026-02-10,0.1973,15998,4723.1,4304.02,0.0974,위,0.0065,0.0295,상승,위 · 상승
2026,2026-01-21,099440,스맥,7207,손절,2026-01-22,-0.0513,-4808,4909.93,4512.89,0.088,위,0.00995,0.0485,상승,위 · 상승
2026,2026-01-22,114190,강원에너지,17658,손절,2026-01-23,-0.0506,-4466,4952.53,4555.22,0.0872,위,0.00938,0.0497,상승,위 · 상승
2026,2026-01-23,950160,코오롱티슈진,83183,익절,2026-01-27,0.1982,16490,4990.07,4598.86,0.0851,위,0.00958,0.0496,상승,위 · 상승
2026,2026-01-27,439260,대한조선,73573,손절,2026-01-30,-0.0504,-3705,5084.85,4688.67,0.0845,위,0.01029,0.0493,상승,위 · 상승
2026,2026-01-27,100790,미래에셋벤처투자,15415,손절,2026-01-29,-0.0502,-4644,5084.85,4688.67,0.0845,위,0.01029,0.0493,상승,위 · 상승
2026,2026-01-28,003620,KG모빌리티,3984,손절,2026-01-29,-0.0506,-5038,5170.81,4736.18,0.0918,위,0.01013,0.0495,상승,위 · 상승
2026,2026-01-29,081180,쎄크,16817,손절,2026-02-06,-0.0991,-8336,5221.25,4786.53,0.0908,위,0.01063,0.0508,상승,위 · 상승
2026,2026-01-29,499790,GS피앤엘,48949,익절,2026-02-05,0.1985,19435,5221.25,4786.53,0.0908,위,0.01063,0.0508,상승,위 · 상승
2026,2026-01-30,125490,한라캐스트,24024,손절,2026-02-02,-0.052,-4998,5224.36,4832.27,0.0811,위,0.00956,0.0508,상승,위 · 상승
2026,2026-01-30,009070,KCTC,6747,손절,2026-02-02,-0.0516,-4871,5224.36,4832.27,0.0811,위,0.00956,0.0508,상승,위 · 상승
2026,2026-01-30,128820,대성산업,7357,익절,2026-02-02,0.1974,18883,5224.36,4832.27,0.0811,위,0.00956,0.0508,상승,위 · 상승
2026,2026-02-03,008830,대동기어,13477,손절,2026-02-04,-0.0541,-5102,5288.08,4895.01,0.0803,위,0.00785,0.044,상승,위 · 상승
2026,2026-02-03,021240,코웨이,84785,손절,2026-02-06,-0.0513,-4351,5288.08,4895.01,0.0803,위,0.00785,0.044,상승,위 · 상승
2026,2026-02-03,006360,GS건설,19219,익절,2026-02-20,0.1992,19141,5288.08,4895.01,0.0803,위,0.00785,0.044,상승,위 · 상승
2026,2026-02-04,0015N0,아로마티카,11612,익절,2026-02-05,0.1978,18373,5371.1,4936.01,0.0881,위,0.00838,0.0422,상승,위 · 상승
2026,2026-02-04,475150,SK이터닉스,21071,손절,2026-02-05,-0.0516,-4349,5371.1,4936.01,0.0881,위,0.00838,0.0422,상승,위 · 상승
2026,2026-02-05,376300,디어유,43393,손절,2026-02-06,-0.0502,-4360,5163.57,4966.57,0.0397,위,0.00619,0.0376,상승,위 · 상승
2026,2026-02-09,209640,와이제이링크,4855,익절,2026-02-11,0.1981,19238,5298.04,5025.37,0.0543,위,0.00674,0.0347,상승,위 · 상승
2026,2026-02-09,073240,금호타이어,6917,손절,2026-03-04,-0.0821,-7952,5298.04,5025.37,0.0543,위,0.00674,0.0347,상승,위 · 상승
2026,2026-02-09,089970,브이엠,31181,익절,2026-02-24,0.1983,18551,5298.04,5025.37,0.0543,위,0.00674,0.0347,상승,위 · 상승
2026,2026-02-09,005690,파미셀,14725,익절,2026-02-12,0.1973,17431,5298.04,5025.37,0.0543,위,0.00674,0.0347,상승,위 · 상승
2026,2026-02-10,441270,파인엠텍,10951,손절,2026-02-20,-0.0507,-4999,5301.69,5055.82,0.0486,위,0.00606,0.0329,상승,위 · 상승
2026,2026-02-11,052710,아모텍,10240,손절,2026-02-12,-0.051,-4696,5354.49,5087.39,0.0525,위,0.00624,0.0307,상승,위 · 상승
2026,2026-02-11,331740,아우토크립트,18869,손절,2026-02-19,-0.0503,-4741,5354.49,5087.39,0.0525,위,0.00624,0.0307,상승,위 · 상승
2026,2026-02-12,088980,맥쿼리인프라,11471,손절,2026-06-01,-0.0504,-4621,5522.27,5123.63,0.0778,위,0.00712,0.0316,상승,위 · 상승
2026,2026-02-19,017960,한국카본,36787,익절,2026-02-25,0.1974,14526,5677.25,5195.57,0.0927,위,0.00749,0.0339,상승,위 · 상승
2026,2026-02-20,460930,현대힘스,19980,손절,2026-02-24,-0.0502,-4012,5808.53,5241.71,0.1081,위,0.00888,0.0368,상승,위 · 상승
2026,2026-02-23,457550,우진엔텍,31732,손절,2026-02-26,-0.0514,-4895,5846.09,5288.52,0.1054,위,0.00893,0.0395,상승,위 · 상승
2026,2026-02-23,000500,가온전선,54178,익절,2026-02-25,0.227,12297,5846.09,5288.52,0.1054,위,0.00893,0.0395,상승,위 · 상승
2026,2026-02-23,053700,삼보모터스,8358,손절,2026-02-24,-0.0508,-4671,5846.09,5288.52,0.1054,위,0.00893,0.0395,상승,위 · 상승
2026,2026-02-24,147830,제룡산업,8639,손절,2026-02-26,-0.0505,-4794,5969.64,5339.38,0.118,위,0.00962,0.0421,상승,위 · 상승
2026,2026-02-24,448900,한국피아이엠,93093,익절,2026-02-26,0.1982,18453,5969.64,5339.38,0.118,위,0.00962,0.0421,상승,위 · 상승
2026,2026-02-25,015760,한국전력,64364,손절,2026-02-27,-0.0508,-3267,6083.86,5394.06,0.1279,위,0.01024,0.046,상승,위 · 상승
2026,2026-02-25,319400,현대무벡스,35586,손절,2026-02-26,-0.0505,-3595,6083.86,5394.06,0.1279,위,0.01024,0.046,상승,위 · 상승
2026,2026-02-25,005850,에스엘,72272,손절,2026-02-26,-0.0512,-3700,6083.86,5394.06,0.1279,위,0.01024,0.046,상승,위 · 상승
2026,2026-02-25,011210,현대위아,92292,익절,2026-03-03,0.2,18455,6083.86,5394.06,0.1279,위,0.01024,0.046,상승,위 · 상승
2026,2026-02-25,083450,GST,30631,손절,2026-03-04,-0.0889,-8170,6083.86,5394.06,0.1279,위,0.01024,0.046,상승,위 · 상승
2026,2026-02-26,064400,LG씨엔에스,74374,손절,2026-03-03,-0.0512,-3808,6307.27,5461.95,0.1548,위,0.01258,0.0513,상승,위 · 상승
2026,2026-02-26,336260,두산퓨얼셀,39840,손절,2026-03-03,-0.0506,-4030,6307.27,5461.95,0.1548,위,0.01258,0.0513,상승,위 · 상승
2026,2026-02-26,389470,인벤티지랩,82883,익절,2026-03-03,0.1978,16391,6307.27,5461.95,0.1548,위,0.01258,0.0513,상승,위 · 상승
2026,2026-02-26,322310,오로스테크놀로지,29179,손절,2026-02-27,-0.0504,-4413,6307.27,5461.95,0.1548,위,0.01258,0.0513,상승,위 · 상승
2026,2026-02-26,380540,옵티코어,8388,손절,2026-03-03,-0.0506,-4673,6307.27,5461.95,0.1548,위,0.01258,0.0513,상승,위 · 상승
2026,2026-02-27,035720,카카오,62362,손절,2026-03-03,-0.0506,-3159,6244.13,5519.91,0.1312,위,0.01061,0.0531,상승,위 · 상승
2026,2026-02-27,0009K0,에임드바이오,61561,손절,2026-03-04,-0.0513,-3155,6244.13,5519.91,0.1312,위,0.01061,0.0531,상승,위 · 상승
2026,2026-03-03,089030,테크윙,51351,손절,2026-03-04,-0.0509,-2613,5791.91,5550.97,0.0434,위,0.00563,0.0496,상승,위 · 상승
2026,2026-03-03,484590,삼양컴텍,15475,손절,2026-03-04,-0.0507,-4705,5791.91,5550.97,0.0434,위,0.00563,0.0496,상승,위 · 상승
2026,2026-03-06,174900,앱클론,66566,손절,2026-03-09,-0.0926,-6167,5584.87,5594.32,-0.0017,아래,0.00571,0.0242,상승,아래 · 상승
2026,2026-03-10,253590,네오셈,18689,손절,2026-03-23,-0.0502,-4688,5532.59,5600.58,-0.0121,아래,0.00144,0.0089,상승,아래 · 상승
2026,2026-03-10,017860,DS단석,20070,손절,2026-03-24,-0.0505,-4053,5532.59,5600.58,-0.0121,아래,0.00144,0.0089,상승,아래 · 상승
2026,2026-03-11,033160,엠케이전자,12903,익절,2026-03-16,0.1978,17863,5609.95,5622.9,-0.0023,아래,0.00399,0.0141,상승,아래 · 상승
2026,2026-03-11,475400,씨메스로보틱스,42542,손절,2026-03-13,-0.0512,-4353,5609.95,5622.9,-0.0023,아래,0.00399,0.0141,상승,아래 · 상승
2026,2026-03-11,368770,파이버프로,16567,익절,2026-03-16,0.1973,19609,5609.95,5622.9,-0.0023,아래,0.00399,0.0141,상승,아래 · 상승
2026,2026-03-11,474610,RF시스템즈,8258,손절,2026-03-12,-0.0502,-4971,5609.95,5622.9,-0.0023,아래,0.00399,0.0141,상승,아래 · 상승
2026,2026-03-12,010140,삼성중공업,30881,손절,2026-03-16,-0.0511,-4734,5583.25,5647.61,-0.0114,아래,0.00439,0.0153,상승,아래 · 상승
2026,2026-03-12,486990,노타,44494,손절,2026-03-13,-0.0502,-4469,5583.25,5647.61,-0.0114,아래,0.00439,0.0153,상승,아래 · 상승
2026,2026-03-12,069540,빛과전자,1366,손절,2026-03-13,-0.0503,-4944,5583.25,5647.61,-0.0114,아래,0.00439,0.0153,상승,아래 · 상승
2026,2026-03-12,389260,대명에너지,21922,손절,2026-03-13,-0.052,-4563,5583.25,5647.61,-0.0114,아래,0.00439,0.0153,상승,아래 · 상승
2026,2026-03-13,097230,HJ중공업,26927,손절,2026-03-26,-0.0506,-4085,5487.24,5657.07,-0.03,아래,0.00168,0.0112,상승,아래 · 상승
2026,2026-03-13,321370,센서뷰,3426,익절,2026-03-16,0.1984,19710,5487.24,5657.07,-0.03,아래,0.00168,0.0112,상승,아래 · 상승
2026,2026-03-13,322510,제이엘케이,9009,손절,2026-03-16,-0.0508,-5031,5487.24,5657.07,-0.03,아래,0.00168,0.0112,상승,아래 · 상승
2026,2026-03-13,089890,코세스,28879,손절,2026-03-16,-0.0509,-4409,5487.24,5657.07,-0.03,아래,0.00168,0.0112,상승,아래 · 상승
2026,2026-03-16,018470,조일알미늄,6727,손절,2026-03-17,-0.0502,-4731,5549.85,5669.48,-0.0211,아래,0.00219,0.0138,상승,아래 · 상승
2026,2026-03-16,458870,씨어스,56554,손절,2026-03-24,-0.0518,-2932,5549.85,5669.48,-0.0211,아래,0.00219,0.0138,상승,아래 · 상승
2026,2026-03-17,000390,SP삼화,11011,손절,2026-03-19,-0.0505,-5001,5640.48,5683.78,-0.0076,아래,0.00252,0.0149,상승,아래 · 상승
2026,2026-03-17,425040,티이엠씨,10280,손절,2026-03-27,-0.0508,-4704,5640.48,5683.78,-0.0076,아래,0.00252,0.0149,상승,아래 · 상승
2026,2026-03-17,183300,코미코,23904,손절,2026-03-23,-0.0514,-4916,5640.48,5683.78,-0.0076,아래,0.00252,0.0149,상승,아래 · 상승
2026,2026-03-18,100790,미래에셋벤처투자,24074,손절,2026-03-19,-0.0519,-4999,5925.03,5703.91,0.0388,위,0.00354,0.0144,상승,위 · 상승
2026,2026-03-18,490470,세미파이브,29179,손절,2026-03-27,-0.0795,-6955,5925.03,5703.91,0.0388,위,0.00354,0.0144,상승,위 · 상승
2026,2026-03-19,007810,코리아써키트,62162,익절,2026-03-25,0.1974,12268,5763.22,5716.72,0.0081,위,0.00225,0.0122,상승,위 · 상승
2026,2026-03-19,076610,해성옵틱스,1451,익절,2026-03-24,0.1974,19488,5763.22,5716.72,0.0081,위,0.00225,0.0122,상승,위 · 상승
2026,2026-03-24,460930,현대힘스,22422,손절,2026-03-25,-0.051,-4572,5553.92,5687.17,-0.0234,아래,-0.00256,0.0006,상승,아래 · 상승
2026,2026-03-24,108860,셀바스AI,13173,익절,2026-03-26,0.1974,18206,5553.92,5687.17,-0.0234,아래,-0.00256,0.0006,상승,아래 · 상승
2026,2026-03-24,361390,제노코,31081,손절,2026-03-31,-0.0508,-4737,5553.92,5687.17,-0.0234,아래,-0.00256,0.0006,상승,아래 · 상승
2026,2026-03-25,215600,신라젠,3949,손절,2026-03-27,-0.051,-5034,5642.21,5670.8,-0.005,아래,-0.00288,-0.0058,하락,아래 · 하락
2026,2026-03-25,274090,켄코아에어로스페이스,24324,손절,2026-03-27,-0.0514,-5003,5642.21,5670.8,-0.005,아래,-0.00288,-0.0058,하락,아래 · 하락
2026,2026-03-25,211270,AP위성,18899,손절,2026-03-27,-0.0502,-4742,5642.21,5670.8,-0.005,아래,-0.00288,-0.0058,하락,아래 · 하락
2026,2026-03-25,077970,STX엔진,36386,손절,2026-03-27,-0.0632,-4599,5642.21,5670.8,-0.005,아래,-0.00288,-0.0058,하락,아래 · 하락
2026,2026-03-26,009420,한올바이오파마,64464,손절,2026-03-27,-0.0507,-3267,5460.46,5639.63,-0.0318,아래,-0.0055,-0.0135,하락,아래 · 하락
2026,2026-03-27,450080,에코프로머티,73473,손절,2026-03-31,-0.0504,-3705,5438.87,5596.21,-0.0281,아래,-0.0077,-0.022,하락,아래 · 하락
2026,2026-03-27,060280,큐렉소,17477,손절,2026-03-30,-0.0505,-4412,5438.87,5596.21,-0.0281,아래,-0.0077,-0.022,하락,아래 · 하락
2026,2026-03-27,424870,이뮨온시아,9399,손절,2026-03-30,-0.0512,-4815,5438.87,5596.21,-0.0281,아래,-0.0077,-0.022,하락,아래 · 하락
2026,2026-03-27,086450,동국제약,22322,익절,2026-04-01,0.1979,17667,5438.87,5596.21,-0.0281,아래,-0.0077,-0.022,하락,아래 · 하락
2026,2026-04-01,028050,삼성E&A,37938,손절,2026-04-02,-0.0503,-3815,5478.7,5530.16,-0.0093,아래,0.00349,-0.0248,하락,아래 · 하락
2026,2026-04-01,001120,LX인터내셔널,51051,손절,2026-04-08,-0.0502,-2562,5478.7,5530.16,-0.0093,아래,0.00349,-0.0248,하락,아래 · 하락
2026,2026-04-01,372320,큐로셀,55856,손절,2026-04-02,-0.0507,-2832,5478.7,5530.16,-0.0093,아래,0.00349,-0.0248,하락,아래 · 하락
2026,2026-04-03,092790,넥스틸,14935,손절,2026-04-06,-0.0503,-4512,5377.3,5502.28,-0.0227,아래,-0.00188,-0.0168,하락,아래 · 하락
2026,2026-04-03,000990,DB하이텍,90691,손절,2026-04-07,-0.0505,-4576,5377.3,5502.28,-0.0227,아래,-0.00188,-0.0168,하락,아래 · 하락
2026,2026-04-03,014620,성광벤드,39640,손절,2026-04-07,-0.0508,-4029,5377.3,5502.28,-0.0227,아래,-0.00188,-0.0168,하락,아래 · 하락
2026,2026-04-07,021240,코웨이,77878,손절,2026-04-10,-0.0504,-3923,5494.78,5510.32,-0.0028,아래,-0.00034,-0.0001,하락,아래 · 하락
2026,2026-04-07,017670,SK텔레콤,81682,익절,2026-04-09,0.1983,16195,5494.78,5510.32,-0.0028,아래,-0.00034,-0.0001,하락,아래 · 하락
2026,2026-04-07,011170,롯데케미칼,88088,익절,2026-04-29,0.1983,17471,5494.78,5510.32,-0.0028,아래,-0.00034,-0.0001,하락,아래 · 하락
2026,2026-04-07,138360,앤로보틱스,2272,손절,2026-04-13,-0.0504,-4920,5494.78,5510.32,-0.0028,아래,-0.00034,-0.0001,하락,아래 · 하락
2026,2026-04-07,365340,성일하이텍,66566,손절,2026-04-13,-0.0507,-3376,5494.78,5510.32,-0.0028,아래,-0.00034,-0.0001,하락,아래 · 하락
2026,2026-04-08,001440,대한전선,31431,익절,2026-04-15,0.1983,18698,5872.34,5523.44,0.0632,위,0.00238,-0.0012,하락,위 · 하락
2026,2026-04-08,028300,HLB,54955,익절,2026-04-15,0.1983,10895,5872.34,5523.44,0.0632,위,0.00238,-0.0012,하락,위 · 하락
2026,2026-04-08,161390,한국타이어앤테크놀로지,61561,손절,2026-05-12,-0.0513,-3155,5872.34,5523.44,0.0632,위,0.00238,-0.0012,하락,위 · 하락
2026,2026-04-08,095610,테스,69169,익절,2026-04-10,0.1987,13742,5872.34,5523.44,0.0632,위,0.00238,-0.0012,하락,위 · 하락
2026,2026-04-09,008970,KBI동양철관,2000,손절,2026-04-23,-0.0506,-4963,5778.01,5533.18,0.0442,위,0.00176,0.0037,상승,위 · 상승
2026,2026-04-10,034220,LG디스플레이,12673,익절,2026-04-22,0.1975,17519,5858.87,5551.76,0.0553,위,0.00336,0.009,상승,위 · 상승
2026,2026-04-10,139130,iM금융지주,18098,손절,2026-05-29,-0.0506,-4575,5858.87,5551.76,0.0553,위,0.00336,0.009,상승,위 · 상승
2026,2026-04-13,025860,남해화학,9399,손절,2026-04-15,-0.051,-4790,5808.62,5564.7,0.0438,위,0.00233,0.0095,상승,위 · 상승
2026,2026-04-13,005290,동진쎄미켐,52252,익절,2026-04-23,0.1991,10405,5808.62,5564.7,0.0438,위,0.00233,0.0095,상승,위 · 상승
2026,2026-04-15,006340,대원전선,6547,손절,2026-04-17,-0.0515,-5057,6091.39,5589.38,0.0898,위,0.00149,0.0119,상승,위 · 상승
2026,2026-04-15,125020,티씨머티리얼즈,6256,손절,2026-04-17,-0.0505,-4739,6091.39,5589.38,0.0898,위,0.00149,0.0119,상승,위 · 상승
2026,2026-04-15,187660,페니트리움바이오,16384,손절,2026-04-16,-0.0504,-4954,6091.39,5589.38,0.0898,위,0.00149,0.0119,상승,위 · 상승
2026,2026-04-16,010140,삼성중공업,28729,익절,2026-04-23,0.1982,17078,6226.05,5612.52,0.1093,위,0.00414,0.0143,상승,위 · 상승
2026,2026-04-17,098460,고영,33033,손절,2026-04-20,-0.0511,-5061,6191.92,5633.05,0.0992,위,0.00366,0.0146,상승,위 · 상승
2026,2026-04-17,082740,한화엔진,56156,익절,2026-04-22,0.1975,11091,6191.92,5633.05,0.0992,위,0.00366,0.0146,상승,위 · 상승
2026,2026-04-20,067310,하나마이크론,38739,손절,2026-04-23,-0.0506,-3921,6219.09,5673.72,0.0961,위,0.00722,0.0196,상승,위 · 상승
2026,2026-04-22,417200,LS머트리얼즈,25175,익절,2026-04-29,0.1988,15018,6417.93,5754.23,0.1153,위,0.00679,0.0295,상승,위 · 상승
2026,2026-04-22,440110,파두,65465,익절,2026-04-27,0.1979,12956,6417.93,5754.23,0.1153,위,0.00679,0.0295,상승,위 · 상승
2026,2026-04-23,403870,HPSP,51051,손절,2026-05-15,-0.0502,-2562,6475.81,5805.0,0.1156,위,0.00882,0.0343,상승,위 · 상승
2026,2026-04-23,006910,보성파워텍,11882,익절,2026-05-04,0.1974,18766,6475.81,5805.0,0.1156,위,0.00882,0.0343,상승,위 · 상승
2026,2026-04-23,012200,계양전기,6692,손절,2026-04-24,-0.0513,-4806,6475.81,5805.0,0.1156,위,0.00882,0.0343,상승,위 · 상승
2026,2026-04-23,130660,한전산업,20971,손절,2026-05-07,-0.0504,-4228,6475.81,5805.0,0.1156,위,0.00882,0.0343,상승,위 · 상승
2026,2026-04-24,090710,휴림로봇,13263,손절,2026-04-27,-0.0509,-4725,6475.63,5856.84,0.1057,위,0.00893,0.0397,상승,위 · 상승
2026,2026-04-27,489790,한화비전,88889,손절,2026-04-28,-0.0503,-4469,6615.03,5923.73,0.1167,위,0.01142,0.0441,상승,위 · 상승
2026,2026-04-27,466100,클로봇,51579,손절,2026-04-29,-0.0502,-2591,6615.03,5923.73,0.1167,위,0.01142,0.0441,상승,위 · 상승
2026,2026-04-29,0001A0,덕양에너젠,19519,손절,2026-05-11,-0.0503,-4905,6690.9,6063.76,0.1034,위,0.0101,0.0538,상승,위 · 상승
2026,2026-04-29,088350,한화생명,5085,손절,2026-05-08,-0.0504,-4866,6690.9,6063.76,0.1034,위,0.0101,0.0538,상승,위 · 상승
2026,2026-04-29,491000,리브스메드,72572,손절,2026-05-06,-0.051,-3701,6690.9,6063.76,0.1034,위,0.0101,0.0538,상승,위 · 상승
2026,2026-04-29,004990,롯데지주,31331,손절,2026-05-06,-0.0504,-4740,6690.9,6063.76,0.1034,위,0.0101,0.0538,상승,위 · 상승
2026,2026-05-04,230240,에치에프알,36637,손절,2026-05-06,-0.0505,-3704,6936.99,6209.99,0.1171,위,0.01272,0.0603,상승,위 · 상승
2026,2026-05-06,046120,오르비텍,12512,손절,2026-05-07,-0.0505,-4423,7384.56,6306.7,0.1709,위,0.01557,0.0647,상승,위 · 상승
2026,2026-05-12,065440,이루온,4850,손절,2026-05-13,-0.0505,-4902,7643.15,6679.17,0.1443,위,0.01354,0.0756,상승,위 · 상승
2026,2026-05-12,092200,디아이씨,8759,손절,2026-05-14,-0.051,-4909,7643.15,6679.17,0.1443,위,0.01354,0.0756,상승,위 · 상승
2026,2026-05-14,001450,현대해상,32783,익절,2026-05-18,0.1976,19433,7981.41,6881.63,0.1598,위,0.01485,0.0742,상승,위 · 상승
2026,2026-05-18,347700,스피어,48198,손절,2026-05-19,-0.0508,-4900,7516.04,7016.21,0.0712,위,0.00928,0.0647,상승,위 · 상승
2026,2026-05-18,211270,AP위성,18038,손절,2026-05-19,-0.0502,-4524,7516.04,7016.21,0.0712,위,0.00928,0.0647,상승,위 · 상승
2026,2026-05-19,321370,센서뷰,3470,손절,2026-05-20,-0.0506,-4913,7271.66,7070.2,0.0285,위,0.00769,0.0585,상승,위 · 상승
2026,2026-05-21,017900,광전자,13714,손절,2026-05-22,-0.0508,-4878,7815.59,7191.05,0.0868,위,0.01002,0.045,상승,위 · 상승
2026,2026-05-22,456010,아이씨티케이,26577,익절,2026-05-26,0.1976,15753,7847.71,7262.54,0.0806,위,0.00994,0.0447,상승,위 · 상승
2026,2026-05-22,009420,한올바이오파마,57057,익절,2026-05-27,0.1978,11287,7847.71,7262.54,0.0806,위,0.00994,0.0447,상승,위 · 상승
2026,2026-05-26,034220,LG디스플레이,15646,손절,2026-05-27,-0.0502,-4709,8047.51,7341.12,0.0962,위,0.01082,0.0463,상승,위 · 상승
2026,2026-05-26,046970,우리로,10400,손절,2026-05-27,-0.0503,-4708,8047.51,7341.12,0.0962,위,0.01082,0.0463,상승,위 · 상승
2026,2026-05-26,242040,나무AX,6296,익절,2026-05-28,0.198,18698,8047.51,7341.12,0.0962,위,0.01082,0.0463,상승,위 · 상승
2026,2026-05-26,215790,이노인스트루먼트,2357,손절,2026-05-27,-0.0508,-5031,8047.51,7341.12,0.0962,위,0.01082,0.0463,상승,위 · 상승
2026,2026-05-26,290650,엘앤씨바이오,70288,익절,2026-06-04,0.198,13920,8047.51,7341.12,0.0962,위,0.01082,0.0463,상승,위 · 상승
2026,2026-05-27,042520,한스바이오메드,34835,손절,2026-05-28,-0.0515,-3589,8228.7,7428.78,0.1077,위,0.01194,0.0507,상승,위 · 상승
2026,2026-05-29,486990,노타,38538,손절,2026-06-02,-0.0509,-3920,8476.15,7599.05,0.1154,위,0.01222,0.0567,상승,위 · 상승
2026,2026-05-29,161390,한국타이어앤테크놀로지,66867,손절,2026-06-08,-0.0505,-3377,8476.15,7599.05,0.1154,위,0.01222,0.0567,상승,위 · 상승
2026,2026-05-29,181710,NHN,50951,익절,2026-06-01,0.1984,10110,8476.15,7599.05,0.1154,위,0.01222,0.0567,상승,위 · 상승
2026,2026-06-01,022100,포스코DX,38739,손절,2026-06-02,-0.0506,-3921,8788.38,7703.92,0.1408,위,0.0138,0.0608,상승,위 · 상승
2026,2026-06-04,043260,성호전자,51451,손절,2026-06-05,-0.0508,-2613,8639.41,7899.17,0.0937,위,0.01089,0.0633,상승,위 · 상승
2026,2026-06-08,388790,라이콤,6757,익절,2026-06-09,0.1976,18687,7484.41,7937.69,-0.0571,아래,-4e-05,0.0446,상승,아래 · 상승
2026,2026-06-09,089030,테크윙,59760,손절,2026-06-10,-0.051,-3048,8096.93,7967.64,0.0162,위,0.00377,0.0342,상승,위 · 상승
2026,2026-06-09,323410,카카오뱅크,24424,손절,2026-06-11,-0.0512,-5005,8096.93,7967.64,0.0162,위,0.00377,0.0342,상승,위 · 상승
2026,2026-06-09,160980,싸이맥스,43493,손절,2026-06-10,-0.0513,-4461,8096.93,7967.64,0.0162,위,0.00377,0.0342,상승,위 · 상승
2026,2026-06-09,170920,엘티씨,51051,손절,2026-06-10,-0.0502,-2562,8096.93,7967.64,0.0162,위,0.00377,0.0342,상승,위 · 상승
2026,2026-06-10,093370,후성,16256,손절,2026-06-11,-0.0503,-4905,7730.82,7963.07,-0.0292,아래,-0.00057,0.0191,상승,아래 · 상승
2026,2026-06-10,279570,케이뱅크,6036,손절,2026-06-11,-0.0505,-4881,7730.82,7963.07,-0.0292,아래,-0.00057,0.0191,상승,아래 · 상승
2026,2026-06-10,006220,제주은행,12763,손절,2026-06-11,-0.0504,-4501,7730.82,7963.07,-0.0292,아래,-0.00057,0.0191,상승,아래 · 상승
2026,2026-06-11,081660,미스토홀딩스,43944,손절,2026-06-16,-0.0508,-4464,7763.95,7969.11,-0.0257,아래,0.00076,0.0089,상승,아래 · 상승
2026,2026-06-12,074600,원익QnC,42192,손절,2026-06-16,-0.0504,-4250,8123.62,7983.09,0.0176,위,0.00175,0.0057,상승,위 · 상승
2026,2026-06-12,024110,기업은행,21822,손절,2026-06-22,-0.0523,-4562,8123.62,7983.09,0.0176,위,0.00175,0.0057,상승,위 · 상승
2026,2026-06-12,030000,제일기획,20470,손절,2026-06-18,-0.0506,-4140,8123.62,7983.09,0.0176,위,0.00175,0.0057,상승,위 · 상승
2026,2026-06-12,029780,삼성카드,51551,손절,2026-06-18,-0.0507,-2614,8123.62,7983.09,0.0176,위,0.00175,0.0057,상승,위 · 상승
2026,2026-06-15,018880,한온시스템,5686,손절,2026-06-16,-0.0516,-4991,8545.98,8011.32,0.0667,위,0.00354,0.0093,상승,위 · 상승
2026,2026-06-15,015760,한국전력,41441,손절,2026-06-18,-0.0512,-4244,8545.98,8011.32,0.0667,위,0.00354,0.0093,상승,위 · 상승
2026,2026-06-15,316140,우리금융지주,32583,손절,2026-06-19,-0.0502,-4906,8545.98,8011.32,0.0667,위,0.00354,0.0093,상승,위 · 상승
2026,2026-06-15,011200,HMM,21321,손절,2026-06-19,-0.051,-4354,8545.98,8011.32,0.0667,위,0.00354,0.0093,상승,위 · 상승
2026,2026-06-15,138930,BNK금융지주,18038,손절,2026-06-22,-0.0502,-4524,8545.98,8011.32,0.0667,위,0.00354,0.0093,상승,위 · 상승
2026,2026-06-16,475150,SK이터닉스,55856,손절,2026-06-17,-0.0507,-2832,8726.6,8072.99,0.081,위,0.0077,0.0132,상승,위 · 상승
2026,2026-06-16,028050,삼성E&A,56757,손절,2026-06-17,-0.0517,-2935,8726.6,8072.99,0.081,위,0.0077,0.0132,상승,위 · 상승
2026,2026-06-16,375500,DL이앤씨,89489,손절,2026-06-17,-0.0511,-4571,8726.6,8072.99,0.081,위,0.0077,0.0132,상승,위 · 상승
2026,2026-06-17,004310,현대약품,8118,손절,2026-06-23,-0.051,-4964,8864.24,8140.4,0.0889,위,0.00835,0.0223,상승,위 · 상승
2026,2026-06-17,097230,HJ중공업,23924,손절,2026-06-19,-0.0522,-4996,8864.24,8140.4,0.0889,위,0.00835,0.0223,상승,위 · 상승
2026,2026-06-22,204270,제이앤티씨,22873,손절,2026-06-23,-0.0522,-4779,9114.55,8387.13,0.0867,위,0.0078,0.0469,상승,위 · 상승
2026,2026-06-24,290690,아리바이오홀딩스,5786,손절,2026-06-26,-0.0508,-4998,8471.02,8426.11,0.0053,위,0.00252,0.0351,상승,위 · 상승
2026,2026-06-26,161890,한국콜마,90791,익절,2026-07-02,0.1978,17961,8411.21,8472.49,-0.0072,아래,0.00134,0.0181,상승,아래 · 상승
2026,2026-06-29,009420,한올바이오파마,69069,손절,2026-06-30,-0.0505,-3486,8394.65,8468.41,-0.0087,아래,-0.00048,0.0097,상승,아래 · 상승
2026,2026-07-01,119850,지엔씨에너지,27878,손절,2026-07-02,-0.0508,-4247,8303.41,8427.91,-0.0148,아래,-0.00295,0.0002,상승,아래 · 상승
2026,2026-07-01,037350,성도이엔지,11211,손절,2026-07-02,-0.0621,-5569,8303.41,8427.91,-0.0148,아래,-0.00295,0.0002,상승,아래 · 상승
2026,2026-07-01,021240,코웨이,95095,손절,2026-07-08,-0.0504,-4794,8303.41,8427.91,-0.0148,아래,-0.00295,0.0002,상승,아래 · 상승
2026,2026-07-02,042940,상지건설,8239,손절,2026-07-03,-0.0504,-4984,7648.09,8378.35,-0.0872,아래,-0.00588,-0.0098,하락,아래 · 하락
2026,2026-07-03,257720,실리콘투,36136,손절,2026-07-20,-0.0512,-3700,8088.34,8374.73,-0.0342,아래,-0.00043,-0.0115,하락,아래 · 하락
2026,2026-07-06,005940,NH투자증권,33133,손절,2026-07-07,-0.0509,-5062,8051.33,8403.08,-0.0419,아래,0.00338,-0.0077,하락,아래 · 하락
2026,2026-07-09,028300,HLB,52252,손절,2026-07-10,-0.3019,-15775,7291.91,8333.25,-0.125,아래,-0.00282,-0.0054,하락,아래 · 하락
2026,2026-07-13,024060,흥구석유,11652,익절,2026-07-14,0.198,18452,6806.93,8213.91,-0.1713,아래,-0.01048,-0.0225,하락,아래 · 하락
2026,2026-07-15,376900,로킷헬스케어,53253,손절,2026-07-16,-0.0511,-2721,7284.41,8041.43,-0.0941,아래,-0.00973,-0.0377,하락,아래 · 하락
2026,2026-07-15,252990,샘씨엔에스,15706,손절,2026-07-16,-0.0506,-4771,7284.41,8041.43,-0.0941,아래,-0.00973,-0.0377,하락,아래 · 하락
2026,2026-07-16,006660,삼성공조,13594,손절,2026-07-20,-0.0505,-4805,6820.6,7929.27,-0.1398,아래,-0.01395,-0.0485,하락,아래 · 하락
2026,2026-07-20,049080,기가레인,13003,손절,2026-07-21,-0.0503,-4578,6516.27,7802.46,-0.1648,아래,-0.01599,-0.06,하락,아래 · 하락
2026,2026-07-21,003280,흥아해운,1872,손절,2026-07-27,-0.0522,-5181,6747.95,7684.13,-0.1218,아래,-0.01517,-0.0645,하락,아래 · 하락
2026,2026-07-22,017670,SK텔레콤,94194,손절,2026-07-28,-0.0509,-4791,6797.7,7613.82,-0.1072,아래,-0.00915,-0.0624,하락,아래 · 하락
2026,2026-07-22,058610,에스피지,82683,손절,2026-07-24,-0.0513,-4243,6797.7,7613.82,-0.1072,아래,-0.00915,-0.0624,하락,아래 · 하락
2026,2026-07-22,011200,HMM,20320,보유중,,0.0236,1724,6797.7,7613.82,-0.1072,아래,-0.00915,-0.0624,하락,아래 · 하락
2026,2026-07-23,006360,GS건설,34434,손절,2026-07-24,-0.0506,-3486,7096.89,7545.12,-0.0594,아래,-0.00902,-0.0617,하락,아래 · 하락
2026,2026-07-23,100090,SK오션플랜트,17277,손절,2026-07-24,-0.0505,-4358,7096.89,7545.12,-0.0594,아래,-0.00902,-0.0617,하락,아래 · 하락
2026,2026-07-23,035720,카카오,37187,손절,2026-07-28,-0.0512,-3808,7096.89,7545.12,-0.0594,아래,-0.00902,-0.0617,하락,아래 · 하락
2026,2026-07-23,047050,포스코인터내셔널,56657,손절,2026-07-27,-0.0518,-2935,7096.89,7545.12,-0.0594,아래,-0.00902,-0.0617,하락,아래 · 하락
2026,2026-07-23,377300,카카오페이,43393,손절,2026-07-24,-0.0502,-4360,7096.89,7545.12,-0.0594,아래,-0.00902,-0.0617,하락,아래 · 하락
2026,2026-07-23,005950,이수화학,14865,손절,2026-07-24,-0.0506,-4510,7096.89,7545.12,-0.0594,아래,-0.00902,-0.0617,하락,아래 · 하락
2026,2026-07-24,460930,현대힘스,15966,손절,2026-07-27,-0.0505,-4837,6690.62,7433.13,-0.0999,아래,-0.01484,-0.0626,하락,아래 · 하락
2026,2026-07-24,000100,유한양행,74975,손절,2026-07-28,-0.0561,-4210,6690.62,7433.13,-0.0999,아래,-0.01484,-0.0626,하락,아래 · 하락
2026,2026-07-27,316140,우리금융지주,33133,손절,2026-07-28,-0.0509,-5062,6755.75,7350.36,-0.0809,아래,-0.01114,-0.0579,하락,아래 · 하락
2026,2026-07-30,032640,LG유플러스,15375,손절,2026-08-03,-0.0503,-4643,5593.56,6955.66,-0.1958,아래,-0.01911,-0.0781,하락,아래 · 하락
2026,2026-07-31,103140,풍산,71271,손절,2026-08-03,-0.0504,-3596,6595.45,6903.02,-0.0446,아래,-0.00757,-0.0713,하락,아래 · 하락
2026,2026-08-03,439960,코스모로보틱스,17898,손절,2026-08-04,-0.0533,-4770,6257.45,6811.48,-0.0813,아래,-0.01326,-0.0733,하락,아래 · 하락
2026,2026-08-03,437730,삼현,40591,손절,2026-08-04,-0.0755,-6130,6257.45,6811.48,-0.0813,아래,-0.01326,-0.0733,하락,아래 · 하락
2026,2026-08-04,319400,현대무벡스,23724,익절,2026-08-14,0.1986,18846,6358.95,6726.86,-0.0547,아래,-0.01242,-0.0698,하락,아래 · 하락
2026,2026-08-04,098460,고영,29930,손절,2026-08-21,-0.0509,-4572,6358.95,6726.86,-0.0547,아래,-0.01242,-0.0698,하락,아래 · 하락
2026,2026-08-05,028050,삼성E&A,49149,손절,2026-08-19,-0.0692,-6802,6598.26,6673.96,-0.0113,아래,-0.00786,-0.0588,하락,아래 · 하락
2026,2026-08-05,042660,한화오션,91992,손절,2026-08-07,-0.0509,-4681,6598.26,6673.96,-0.0113,아래,-0.00786,-0.0588,하락,아래 · 하락
2026,2026-08-05,017900,광전자,7067,손절,2026-08-06,-0.0508,-5030,6598.26,6673.96,-0.0113,아래,-0.00786,-0.0588,하락,아래 · 하락
2026,2026-08-05,032820,우리기술,11742,손절,2026-08-06,-0.051,-4789,6598.26,6673.96,-0.0113,아래,-0.00786,-0.0588,하락,아래 · 하락
2026,2026-08-05,217590,티엠씨,13764,손절,2026-08-06,-0.0506,-4880,6598.26,6673.96,-0.0113,아래,-0.00786,-0.0588,하락,아래 · 하락
2026,2026-08-05,204320,HL만도,50651,손절,2026-08-31,-0.0505,-2560,6598.26,6673.96,-0.0113,아래,-0.00786,-0.0588,하락,아래 · 하락
2026,2026-08-05,375500,DL이앤씨,70971,손절,2026-08-19,-0.0535,-3794,6598.26,6673.96,-0.0113,아래,-0.00786,-0.0588,하락,아래 · 하락
2026,2026-08-06,477850,마키나락스,31932,손절,2026-08-07,-0.0511,-4897,6296.38,6626.44,-0.0498,아래,-0.00712,-0.0473,하락,아래 · 하락
2026,2026-08-06,067290,JW신약,2332,손절,2026-08-07,-0.0513,-5026,6296.38,6626.44,-0.0498,아래,-0.00712,-0.0473,하락,아래 · 하락
2026,2026-08-06,476060,온코닉테라퓨틱스,15956,손절,2026-08-07,-0.0693,-6631,6296.38,6626.44,-0.0498,아래,-0.00712,-0.0473,하락,아래 · 하락
2026,2026-08-07,009830,한화솔루션,33934,손절,2026-08-19,-0.0513,-3481,6258.77,6574.78,-0.0481,아래,-0.0078,-0.0476,하락,아래 · 하락
2026,2026-08-07,347700,스피어,23073,익절,2026-08-13,0.2108,19453,6258.77,6574.78,-0.0481,아래,-0.0078,-0.0476,하락,아래 · 하락
2026,2026-08-07,295310,에이치브이엠,50250,손절,2026-08-19,-0.0678,-3406,6258.77,6574.78,-0.0481,아래,-0.0078,-0.0476,하락,아래 · 하락
2026,2026-08-10,010170,대한광통신,14054,손절,2026-08-11,-0.0766,-7540,6299.66,6515.97,-0.0332,아래,-0.00895,-0.0434,하락,아래 · 하락
2026,2026-08-11,080220,제주반도체,90490,손절,2026-08-12,-0.0506,-4575,6345.53,6492.9,-0.0227,아래,-0.00354,-0.0348,하락,아래 · 하락
2026,2026-08-12,103590,일진전기,72572,손절,2026-08-19,-0.0661,-4797,6579.04,6479.01,0.0154,위,-0.00214,-0.0292,하락,위 · 하락
2026,2026-08-13,043260,성호전자,21021,손절,2026-08-14,-0.0517,-4348,6813.34,6455.45,0.0554,위,-0.00364,-0.0258,하락,위 · 하락
2026,2026-08-14,093370,후성,12412,손절,2026-08-21,-0.0509,-5052,6977.94,6463.32,0.0796,위,0.00122,-0.017,하락,위 · 하락
2026,2026-08-14,066430,아이로보틱스,2497,손절,2026-08-18,-0.0502,-4889,6977.94,6463.32,0.0796,위,0.00122,-0.017,하락,위 · 하락
2026,2026-08-18,403870,HPSP,42693,손절,2026-08-19,-0.0545,-4653,6869.83,6481.0,0.06,위,0.00274,-0.0054,하락,위 · 하락
2026,2026-08-19,321370,센서뷰,1560,손절,2026-08-20,-0.0503,-4944,6471.17,6467.16,0.0006,위,-0.00214,-0.004,하락,위 · 하락
2026,2026-08-20,089030,테크윙,51151,손절,2026-08-21,-0.0511,-2612,6852.58,6469.9,0.0591,위,0.00042,-0.0014,하락,위 · 하락
2026,2026-08-25,336260,두산퓨얼셀,42392,손절,2026-09-02,-0.0513,-4351,6742.74,6460.37,0.0437,위,-0.0001,-0.0032,하락,위 · 하락
2026,2026-08-25,005290,동진쎄미켐,43694,손절,2026-08-26,-0.0511,-4462,6742.74,6460.37,0.0437,위,-0.0001,-0.0032,하락,위 · 하락
2026,2026-08-26,003490,대한항공,28178,보유중,,0.1179,9745,6808.21,6499.6,0.0475,위,0.00607,0.005,상승,위 · 상승
2026,2026-08-27,178320,서진시스템,41391,손절,2026-08-28,-0.0513,-4243,6912.37,6562.06,0.0534,위,0.00961,0.0142,상승,위 · 상승
2026,2026-09-02,024060,흥구석유,11582,손절,2026-09-03,-0.0508,-4704,6562.72,6672.16,-0.0164,아래,0.00153,0.0265,상승,아래 · 상승
2026,2026-09-02,058730,다스코,3944,손절,2026-09-03,-0.0511,-5034,6562.72,6672.16,-0.0164,아래,0.00153,0.0265,상승,아래 · 상승
2026,2026-09-03,004710,한솔테크닉스,8498,익절,2026-09-22,0.1975,18461,6579.48,6671.22,-0.0138,아래,-0.00014,0.0166,상승,아래 · 상승
2026,2026-09-04,064290,인텍플러스,40190,익절,2026-09-10,0.1978,15900,6687.21,6690.76,-0.0005,아래,0.00293,0.0104,상승,아래 · 상승
2026,2026-09-07,440110,파두,69970,손절,2026-09-14,-0.0599,-4188,6995.39,6727.59,0.0398,위,0.0055,0.0143,상승,위 · 상승
2026,2026-09-09,327260,RF머트리얼즈,42342,익절,2026-09-21,0.1994,16884,7051.64,6795.64,0.0377,위,0.00522,0.0185,상승,위 · 상승
2026,2026-09-09,001440,대한전선,31131,손절,2026-09-10,-0.0507,-4737,7051.64,6795.64,0.0377,위,0.00522,0.0185,상승,위 · 상승
2026,2026-09-09,082740,한화엔진,49199,손절,2026-09-10,-0.0509,-5008,7051.64,6795.64,0.0377,위,0.00522,0.0185,상승,위 · 상승
2026,2026-09-09,047050,포스코인터내셔널,58058,손절,2026-09-15,-0.0507,-2941,7051.64,6795.64,0.0377,위,0.00522,0.0185,상승,위 · 상승
2026,2026-09-09,011170,롯데케미칼,67868,손절,2026-09-11,-0.0513,-3481,7051.64,6795.64,0.0377,위,0.00522,0.0185,상승,위 · 상승
2026,2026-09-10,0039P0,매드업,9680,손절,2026-09-11,-0.0506,-4901,7033.92,6818.38,0.0316,위,0.00335,0.0221,상승,위 · 상승
2026,2026-09-10,131970,두산테스나,89189,손절,2026-09-11,-0.0512,-4570,7033.92,6818.38,0.0316,위,0.00335,0.0221,상승,위 · 상승
2026,2026-09-10,475040,스트라드비젼,3814,손절,2026-09-14,-0.0513,-5091,7033.92,6818.38,0.0316,위,0.00335,0.0221,상승,위 · 상승
2026,2026-09-11,316140,우리금융지주,35135,보유중,,0.0061,264,6909.91,6823.21,0.0127,위,0.00071,0.0198,상승,위 · 상승
2026,2026-09-11,437730,삼현,42342,손절,2026-09-14,-0.0608,-5149,6909.91,6823.21,0.0127,위,0.00071,0.0198,상승,위 · 상승
2026,2026-09-15,456010,아이씨티케이,18478,익절,2026-09-18,0.2203,20351,6627.26,6796.41,-0.0249,아래,-0.00178,0.0053,상승,아래 · 상승
2026,2026-09-15,417200,LS머트리얼즈,12212,보유중,,0.0956,9092,6627.26,6796.41,-0.0249,아래,-0.00178,0.0053,상승,아래 · 상승
2026,2026-09-16,452280,한선엔지니어링,13013,보유중,,0.0267,2210,6717.97,6808.74,-0.0133,아래,0.00182,0.0019,상승,아래 · 상승
2026,2026-09-16,217590,티엠씨,13173,익절,2026-09-21,0.1974,18206,6717.97,6808.74,-0.0133,아래,0.00182,0.0019,상승,아래 · 상승
2026,2026-09-16,218410,RFHIC,52753,익절,2026-09-21,0.2067,10902,6717.97,6808.74,-0.0133,아래,0.00182,0.0019,상승,아래 · 상승
2026,2026-09-18,005690,파미셀,12543,보유중,,-0.0002,-224,6894.23,6800.95,0.0137,위,-0.00014,-0.0033,하락,위 · 하락
2026,2026-09-21,067310,하나마이크론,44845,보유중,,0.0302,2494,7007.72,6816.49,0.0281,위,0.00228,0.0012,상승,위 · 상승
2026,2026-09-21,328130,루닛,10460,손절,2026-09-22,-0.051,-4800,7007.72,6816.49,0.0281,위,0.00228,0.0012,상승,위 · 상승
2026,2026-09-22,007810,코리아써키트,65666,손절,2026-09-23,-0.0514,-3372,7017.91,6830.25,0.0275,위,0.00202,0.005,상승,위 · 상승
2026,2026-09-22,058470,리노공업,75075,손절,2026-09-23,-0.0508,-3811,7017.91,6830.25,0.0275,위,0.00202,0.005,상승,위 · 상승
2026,2026-09-22,016360,삼성증권,90791,보유중,,0.0034,95,7017.91,6830.25,0.0275,위,0.00202,0.005,상승,위 · 상승
2026,2026-09-23,089970,브이엠,62462,보유중,,-0.001,-209,7080.92,6843.88,0.0346,위,0.002,0.0052,상승,위 · 상승
2026,2026-09-23,005290,동진쎄미켐,46847,보유중,,-0.001,-314,7080.92,6843.88,0.0346,위,0.002,0.0052,상승,위 · 상승
