code,date,pages
000050,2026-03-06,4
000050,2026-03-12,4
000120,2025-11-11,4
000210,2026-03-23,4
000210,2026-07-24,4
000210,2026-08-05,4
000210,2026-09-04,4
000230,2025-12-12,4
000240,2026-06-10,4
000370,2026-02-11,4
000370,2026-02-23,4
000370,2026-03-06,4
000370,2026-05-19,4
000370,2026-06-10,4
000390,2025-12-22,4
000390,2026-01-02,4
000390,2026-02-10,4
000390,2026-02-11,4
000390,2026-03-09,4
000390,2026-03-18,4
000400,2026-03-06,4
000440,2026-03-04,4
000440,2026-03-05,4
000440,2026-03-10,4
000490,2026-03-06,4
000490,2026-08-14,4
0004V0,2026-03-03,4
0004V0,2026-03-27,4
0004V0,2026-06-16,4
000500,2025-10-31,4
000500,2025-12-15,4
000500,2025-12-30,4
000500,2026-01-07,4
000500,2026-02-24,4
000500,2026-02-26,4
000500,2026-03-19,4
000500,2026-04-16,4
000500,2026-04-17,4
000520,2026-02-05,4
000540,2026-03-06,4
000670,2026-03-23,4
000680,2026-05-19,4
000720,2025-10-27,4
000720,2026-01-13,4
000720,2026-08-03,4
0007C0,2026-01-26,4
0007C0,2026-01-29,4
0007C0,2026-02-03,4
0007C0,2026-02-11,4
0007C0,2026-02-12,4
0007C0,2026-03-06,4
0007C0,2026-03-16,4
0007C0,2026-04-08,4
0007C0,2026-06-10,4
0007C0,2026-06-30,4
000850,2026-07-13,4
000890,2026-06-24,4
000890,2026-06-25,4
000890,2026-07-02,4
000990,2025-11-11,4
000990,2025-11-12,4
000990,2026-01-15,4
000990,2026-03-06,4
000990,2026-04-06,4
000990,2026-04-09,4
000990,2026-08-03,4
000990,2026-08-11,4
0009K0,2026-01-27,4
0009K0,2026-03-03,4
0009K0,2026-03-06,4
0009K0,2026-03-13,4
0009K0,2026-05-27,4
0009K0,2026-06-10,4
0009K0,2026-06-30,4
0009K0,2026-07-02,4
0009K0,2026-07-24,4
0009K0,2026-08-03,4
0009K0,2026-08-05,4
001060,2026-02-04,4
001060,2026-03-06,4
001120,2026-04-02,4
001120,2026-07-24,4
0011T0,2026-06-30,4
001200,2026-02-04,4
001200,2026-02-20,4
001200,2026-03-06,4
001200,2026-06-10,4
001210,2026-01-14,4
001210,2026-01-19,4
001210,2026-07-02,4
001210,2026-07-07,4
001210,2026-07-09,4
001210,2026-08-12,4
001210,2026-08-13,4
001210,2026-08-14,4
001210,2026-08-21,4
001210,2026-08-31,4
001210,2026-09-01,4
001250,2026-04-07,4
001250,2026-04-23,4
001250,2026-04-28,4
001250,2026-07-02,4
001260,2026-07-07,4
001270,2025-11-07,4
001270,2026-03-06,4
001290,2026-02-20,4
001290,2026-02-27,4
001290,2026-03-06,4
001290,2026-03-23,4
001340,2026-03-06,4
001360,2025-12-12,4
0013V0,2026-02-13,4
0013V0,2026-03-06,4
001430,2025-12-15,4
001430,2025-12-23,4
001430,2026-01-05,4
001430,2026-01-13,4
001430,2026-07-16,4
001430,2026-07-24,4
001430,2026-08-06,4
001440,2025-10-30,4
001440,2025-12-15,4
001440,2026-01-21,4
001440,2026-02-04,4
001440,2026-03-06,4
001440,2026-04-16,4
001440,2026-08-03,4
001440,2026-08-06,4
001450,2026-05-19,4
001450,2026-06-10,4
001450,2026-08-12,4
001450,2026-08-19,4
001500,2026-02-20,4
001500,2026-03-06,4
001510,2026-01-30,4
001510,2026-02-19,4
001510,2026-02-20,4
001510,2026-02-23,4
001510,2026-02-27,4
001510,2026-03-06,4
001510,2026-03-19,4
001510,2026-03-20,4
001510,2026-03-23,4
001510,2026-04-02,4
001510,2026-04-28,4
001510,2026-04-29,4
001510,2026-05-07,4
001510,2026-06-15,4
001510,2026-08-03,4
001510,2026-08-21,4
001520,2025-10-15,4
001530,2026-05-14,4
001550,2026-03-06,4
001550,2026-03-10,4
001550,2026-04-14,4
0015G0,2025-12-30,4
0015G0,2026-01-06,4
0015G0,2026-01-07,4
0015G0,2026-01-13,4
0015G0,2026-01-21,4
0015G0,2026-02-26,4
0015G0,2026-03-06,4
0015N0,2026-02-04,4
0015N0,2026-02-05,4
0015N0,2026-02-13,4
0015N0,2026-02-23,4
0015N0,2026-03-06,4
0015N0,2026-08-19,4
0015N0,2026-08-31,4
0015S0,2026-01-23,4
0015S0,2026-02-12,4
0015S0,2026-03-06,4
001740,2026-05-15,4
001740,2026-05-18,4
001740,2026-05-27,4
001740,2026-06-04,4
001740,2026-06-09,4
001780,2026-04-07,4
001780,2026-04-14,4
001780,2026-04-29,4
0017J0,2026-08-03,4
001800,2026-06-12,4
001820,2026-02-12,4
001820,2026-02-20,4
001820,2026-02-24,4
001820,2026-03-19,4
001820,2026-04-02,4
001820,2026-04-09,4
001820,2026-04-13,4
001820,2026-05-21,4
001820,2026-08-03,4
002020,2026-02-27,4
002020,2026-04-29,4
002020,2026-05-11,4
002020,2026-06-10,4
002140,2026-07-31,4
002230,2026-01-19,4
002230,2026-01-20,4
002230,2026-03-09,4
002310,2026-02-20,4
002700,2026-07-14,4
002710,2026-03-06,4
002710,2026-04-29,4
002780,2026-03-23,4
002790,2025-11-20,4
002790,2026-02-10,4
002900,2026-03-06,4
002990,2026-06-29,4
002990,2026-06-30,4
002990,2026-07-01,4
002990,2026-07-02,4
002990,2026-07-07,4
002990,2026-07-10,4
002990,2026-07-31,4
002990,2026-08-12,4
002990,2026-08-13,4
002990,2026-08-21,4
003000,2026-02-20,4
003000,2026-03-06,4
003000,2026-03-12,4
003000,2026-03-13,4
003000,2026-03-25,4
003000,2026-03-26,4
003010,2026-08-12,4
003010,2026-08-18,4
003010,2026-08-19,4
003010,2026-08-25,4
003160,2025-10-02,4
003160,2025-10-23,4
003160,2026-01-07,4
003160,2026-01-09,4
003160,2026-02-10,4
003160,2026-03-06,4
003160,2026-05-22,4
003160,2026-06-10,4
003160,2026-08-03,4
003160,2026-08-26,4
003160,2026-09-02,4
003160,2026-09-03,4
003160,2026-09-22,4
003220,2026-06-30,4
003280,2026-03-04,4
003280,2026-03-05,4
003280,2026-03-17,4
003280,2026-03-24,4
003280,2026-04-01,4
003280,2026-04-03,4
003280,2026-08-19,4
003310,2025-12-30,4
003310,2026-01-19,4
003310,2026-02-03,4
003310,2026-03-12,4
003350,2026-08-25,4
003350,2026-08-26,4
003350,2026-09-14,4
003380,2025-12-12,4
003380,2026-02-04,4
003380,2026-02-05,4
003380,2026-03-06,4
003380,2026-03-23,4
003380,2026-07-24,4
003380,2026-08-03,4
003470,2026-02-20,4
003470,2026-03-06,4
003470,2026-05-07,4
003490,2026-05-08,4
003490,2026-08-27,4
003520,2026-03-06,4
003530,2026-01-30,4
003530,2026-02-04,4
003530,2026-02-20,4
003530,2026-03-06,4
003530,2026-06-30,4
003530,2026-08-03,4
003540,2026-03-06,4
003570,2025-12-09,4
003570,2026-01-06,4
003620,2025-12-15,4
003620,2026-02-20,4
003620,2026-03-06,4
003680,2026-07-15,4
003680,2026-07-20,4
003690,2026-05-19,4
003720,2025-11-11,4
003720,2026-02-12,4
003720,2026-03-06,4
003720,2026-05-27,4
003850,2026-03-06,4
0039P0,2026-08-07,4
0039P0,2026-08-20,4
0039P0,2026-09-02,4
0039P0,2026-09-08,4
0039P0,2026-09-29,4
004020,2026-03-03,4
004020,2026-07-24,4
004060,2026-02-23,4
004060,2026-02-24,4
004060,2026-03-12,4
004090,2026-02-23,4
004090,2026-03-04,4
004090,2026-03-05,4
004100,2026-06-10,4
004310,2025-12-09,4
004310,2025-12-29,4
004310,2026-01-16,4
004310,2026-01-19,4
004310,2026-07-15,4
004310,2026-07-22,4
004310,2026-09-02,4
004310,2026-09-09,4
004410,2026-02-24,4
004410,2026-02-26,4
004410,2026-03-09,4
004410,2026-03-12,4
004490,2026-06-17,4
004560,2026-02-13,4
004560,2026-02-24,4
004560,2026-03-03,4
004560,2026-03-06,4
004650,2026-04-08,4
004710,2026-04-28,4
004710,2026-05-08,4
004710,2026-05-11,4
004710,2026-05-12,4
004710,2026-06-05,4
004710,2026-06-18,4
004710,2026-06-23,4
004710,2026-07-13,4
004710,2026-07-16,4
004710,2026-08-03,4
004710,2026-09-29,4
004770,2026-09-04,4
004800,2025-10-15,4
004870,2026-06-05,4
004870,2026-06-16,4
004870,2026-07-31,4
004870,2026-08-04,4
004870,2026-08-05,4
004960,2026-03-06,4
004960,2026-04-09,4
004990,2025-11-13,4
005010,2026-04-29,4
005070,2025-12-09,4
005070,2026-01-27,4
005070,2026-03-06,4
005070,2026-06-30,4
005070,2026-08-03,4
005070,2026-08-11,4
005090,2026-02-20,4
005090,2026-03-06,4
005090,2026-03-09,4
005090,2026-03-13,4
005090,2026-03-23,4
005090,2026-04-13,4
005090,2026-04-23,4
005090,2026-04-24,4
005090,2026-05-08,4
005090,2026-08-03,4
005090,2026-08-10,4
005090,2026-09-10,4
005180,2026-08-21,4
005290,2026-04-02,4
005290,2026-04-09,4
005290,2026-05-22,4
005290,2026-06-05,4
005290,2026-06-10,4
005290,2026-08-03,4
005360,2026-07-15,4
005360,2026-07-16,4
005360,2026-08-12,4
005420,2026-06-10,4
005440,2026-02-13,4
005440,2026-02-24,4
005440,2026-02-25,4
005440,2026-06-10,4
005440,2026-06-26,4
005690,2025-10-30,4
005690,2025-11-04,4
005690,2025-11-18,4
005690,2026-02-13,4
005690,2026-03-06,4
005690,2026-03-12,4
005690,2026-04-09,4
005690,2026-06-10,4
005690,2026-08-03,4
005810,2026-04-08,4
005850,2026-01-22,4
005850,2026-02-26,4
005850,2026-03-06,4
005850,2026-05-22,4
005860,2026-03-05,4
005880,2026-03-04,4
005880,2026-03-17,4
005880,2026-04-13,4
005880,2026-08-03,4
005940,2025-11-11,4
005940,2026-02-20,4
005940,2026-03-06,4
005940,2026-04-09,4
005950,2025-10-27,4
005950,2025-11-18,4
005950,2025-12-09,4
005950,2026-03-06,4
005950,2026-04-30,4
005950,2026-05-21,4
005950,2026-05-22,4
005950,2026-06-12,4
005950,2026-07-13,4
005950,2026-07-24,4
005950,2026-08-03,4
005960,2026-04-09,4
006110,2026-03-06,4
006110,2026-04-01,4
006110,2026-04-09,4
006110,2026-04-10,4
006110,2026-04-23,4
006110,2026-05-15,4
006110,2026-05-26,4
006110,2026-06-30,4
006110,2026-08-03,4
006110,2026-08-04,4
006110,2026-08-10,4
006110,2026-08-11,4
006110,2026-08-25,4
006110,2026-09-29,4
006140,2026-01-13,4
006220,2026-02-03,4
006220,2026-03-06,4
006220,2026-06-10,4
006340,2025-11-04,4
006340,2025-11-21,4
006340,2025-12-15,4
006340,2026-02-24,4
006340,2026-02-25,4
006340,2026-03-06,4
006340,2026-03-13,4
006340,2026-03-19,4
006340,2026-04-16,4
006340,2026-04-24,4
006340,2026-04-30,4
006340,2026-05-06,4
006340,2026-07-02,4
006340,2026-07-13,4
006340,2026-07-15,4
006340,2026-07-24,4
006340,2026-08-03,4
006340,2026-08-06,4
006360,2026-03-12,4
006360,2026-03-19,4
006360,2026-03-23,4
006360,2026-04-09,4
006360,2026-07-02,4
006360,2026-07-07,4
006360,2026-07-13,4
006360,2026-07-24,4
006360,2026-08-05,4
006360,2026-08-06,4
006360,2026-08-11,4
006360,2026-08-27,4
006650,2026-08-31,4
006660,2026-05-28,4
006660,2026-05-29,4
006660,2026-07-20,4
006660,2026-08-19,4
006730,2025-11-18,4
006730,2025-11-21,4
006730,2025-12-12,4
006730,2026-06-30,4
006730,2026-07-08,4
006800,2025-10-21,4
006800,2026-01-26,4
006800,2026-01-30,4
006800,2026-02-04,4
006800,2026-02-19,4
006800,2026-02-26,4
006800,2026-03-06,4
006800,2026-04-09,4
006800,2026-05-07,4
006890,2026-03-31,4
006910,2025-10-13,4
006910,2026-01-21,4
006910,2026-02-12,4
006910,2026-02-23,4
006910,2026-03-06,4
006910,2026-03-12,4
006910,2026-04-24,4
006910,2026-05-06,4
006910,2026-06-10,4
006910,2026-08-03,4
006910,2026-08-06,4
006910,2026-08-11,4
006920,2026-03-06,4
006920,2026-03-12,4
006920,2026-04-09,4
006920,2026-04-15,4
006920,2026-06-24,4
006920,2026-06-25,4
006920,2026-06-30,4
006920,2026-07-08,4
007070,2025-11-10,4
007070,2026-05-11,4
007070,2026-05-15,4
007070,2026-08-10,4
007110,2026-03-06,4
007340,2026-02-13,4
007340,2026-03-17,4
007340,2026-05-04,4
007340,2026-06-16,4
007340,2026-07-16,4
007340,2026-08-06,4
007340,2026-08-18,4
007340,2026-08-25,4
007390,2025-10-21,4
007390,2026-03-06,4
007390,2026-05-26,4
007390,2026-05-27,4
007390,2026-05-28,4
007390,2026-07-06,4
007390,2026-07-10,4
007460,2026-02-25,4
007460,2026-03-06,4
007460,2026-05-13,4
007460,2026-05-14,4
007540,2026-03-06,4
007610,2026-07-02,4
007610,2026-07-03,4
007610,2026-07-13,4
007610,2026-08-06,4
007660,2026-08-03,4
007810,2025-11-13,4
007810,2025-11-18,4
007810,2025-12-02,4
007810,2025-12-23,4
007810,2026-01-16,4
007810,2026-03-06,4
007810,2026-03-19,4
007810,2026-03-26,4
007810,2026-04-09,4
007810,2026-08-03,4
007810,2026-09-23,4
007810,2026-09-30,4
007820,2026-01-21,4
007820,2026-02-04,4
008350,2026-03-06,4
008350,2026-03-17,4
008350,2026-04-01,4
008350,2026-04-07,4
008350,2026-04-14,4
008500,2025-11-06,4
008770,2026-06-10,4
008830,2026-02-04,4
008830,2026-02-06,4
008830,2026-02-11,4
008830,2026-03-06,4
008830,2026-04-09,4
0088M0,2026-05-29,4
008930,2026-02-04,4
008930,2026-02-25,4
008930,2026-03-06,4
008930,2026-06-30,4
008930,2026-08-05,4
008930,2026-08-07,4
008930,2026-08-25,4
009070,2026-02-05,4
009190,2026-06-23,4
009240,2026-06-11,4
009290,2026-03-06,4
009420,2025-11-03,4
009420,2025-11-06,4
009420,2025-11-27,4
009420,2025-12-02,4
009420,2026-01-06,4
009420,2026-02-04,4
009420,2026-03-06,4
009420,2026-05-22,4
009420,2026-05-28,4
009420,2026-06-18,4
009420,2026-06-25,4
009420,2026-06-30,4
009420,2026-07-08,4
009420,2026-07-16,4
009420,2026-08-05,4
009420,2026-08-14,4
009450,2026-03-06,4
009450,2026-06-10,4
009470,2026-01-30,4
009470,2026-02-04,4
009470,2026-03-06,4
009470,2026-05-26,4
009470,2026-06-10,4
009470,2026-06-19,4
009520,2025-10-14,4
009520,2026-01-16,4
009580,2026-04-17,4
009830,2026-02-05,4
009830,2026-02-09,4
009830,2026-02-20,4
009830,2026-03-09,4
009830,2026-04-09,4
009830,2026-06-30,4
009830,2026-08-06,4
009830,2026-08-10,4
009830,2026-09-29,4
009900,2026-03-13,4
009900,2026-04-28,4
010100,2026-01-20,4
010100,2026-03-06,4
010120,2025-10-24,4
010120,2026-01-05,4
010140,2025-10-28,4
010140,2026-03-06,4
010140,2026-07-24,4
010170,2025-10-16,4
010170,2025-10-27,4
010170,2025-11-04,4
010170,2025-11-06,4
010170,2025-11-28,4
010170,2026-01-05,4
010170,2026-01-06,4
010170,2026-01-30,4
010170,2026-02-24,4
010170,2026-03-06,4
010170,2026-03-11,4
010170,2026-03-12,4
010170,2026-03-13,4
010170,2026-04-02,4
010170,2026-04-06,4
010170,2026-04-09,4
010170,2026-04-13,4
010170,2026-04-28,4
010170,2026-05-06,4
010170,2026-05-08,4
010170,2026-05-12,4
010170,2026-07-13,4
010170,2026-08-03,4
010170,2026-08-06,4
010170,2026-08-11,4
010170,2026-08-25,4
010170,2026-08-28,4
010580,2025-10-23,4
010580,2025-12-29,4
010580,2026-09-16,4
010580,2026-09-22,4
010600,2026-01-21,4
010660,2026-02-04,4
010660,2026-03-06,4
010690,2026-03-06,4
010690,2026-05-13,4
010690,2026-06-09,4
010690,2026-06-17,4
010690,2026-06-22,4
010690,2026-08-03,4
010780,2026-02-10,4
010780,2026-03-13,4
010780,2026-05-15,4
010780,2026-05-26,4
010820,2026-02-23,4
010820,2026-02-24,4
010820,2026-03-04,4
010820,2026-03-06,4
010820,2026-03-09,4
010820,2026-04-06,4
010820,2026-04-10,4
010820,2026-04-13,4
010820,2026-04-21,4
010820,2026-08-03,4
010950,2026-01-23,4
010960,2026-07-07,4
011000,2026-03-06,4
011000,2026-05-11,4
011000,2026-05-20,4
011000,2026-05-21,4
011080,2025-10-28,4
011080,2025-11-06,4
011170,2025-11-11,4
011170,2025-11-13,4
011170,2026-03-19,4
011170,2026-09-10,4
011210,2025-12-18,4
011210,2026-03-06,4
011210,2026-05-22,4
011210,2026-08-03,4
011230,2026-06-16,4
011230,2026-06-17,4
011230,2026-06-19,4
011230,2026-07-01,4
011230,2026-07-06,4
011230,2026-08-03,4
011330,2026-03-12,4
011500,2026-01-23,4
011500,2026-03-06,4
011690,2025-12-09,4
011690,2026-01-27,4
011690,2026-02-19,4
011690,2026-03-11,4
011690,2026-04-21,4
011700,2026-03-06,4
011790,2026-03-06,4
011790,2026-08-03,4
011930,2026-03-06,4
011930,2026-03-18,4
011930,2026-04-06,4
011930,2026-04-13,4
011930,2026-08-03,4
011930,2026-08-11,4
012030,2026-03-06,4
012030,2026-06-10,4
0120G0,2026-01-15,4
0120G0,2026-01-21,4
0120G0,2026-01-23,4
0120G0,2026-03-06,4
012200,2025-12-29,4
012200,2026-01-02,4
012200,2026-01-05,4
012200,2026-01-09,4
012200,2026-01-12,4
012200,2026-02-26,4
012200,2026-04-24,4
012200,2026-05-11,4
012200,2026-05-13,4
012200,2026-06-25,4
012200,2026-07-13,4
012210,2026-02-02,4
012210,2026-02-03,4
012210,2026-03-06,4
012210,2026-05-06,4
012210,2026-09-08,4
012210,2026-09-10,4
012210,2026-09-23,4
012320,2026-02-23,4
012320,2026-02-27,4
012320,2026-03-06,4
012510,2025-11-13,4
012610,2025-12-10,4
012630,2026-02-04,4
012630,2026-03-06,4
012630,2026-03-23,4
012750,2026-06-12,4
012750,2026-06-15,4
012800,2026-03-06,4
012860,2026-01-12,4
012860,2026-01-14,4
012860,2026-01-16,4
012860,2026-01-19,4
012860,2026-02-26,4
012860,2026-03-06,4
012860,2026-05-13,4
012860,2026-05-22,4
013030,2025-10-16,4
013030,2026-03-06,4
013120,2026-07-13,4
013310,2026-01-21,4
013360,2025-12-08,4
013360,2025-12-12,4
013360,2026-07-07,4
013580,2026-04-15,4
014160,2026-04-07,4
014200,2025-11-19,4
014200,2025-11-24,4
014530,2026-03-05,4
014620,2026-02-20,4
014620,2026-03-06,4
014620,2026-03-23,4
014620,2026-04-27,4
014620,2026-06-16,4
014620,2026-06-30,4
014620,2026-07-02,4
014620,2026-07-24,4
014620,2026-08-27,4
014910,2026-01-09,4
014910,2026-01-13,4
014910,2026-05-21,4
014910,2026-06-17,4
014910,2026-06-23,4
014910,2026-07-01,4
014910,2026-07-06,4
014910,2026-08-03,4
014950,2026-01-08,4
014950,2026-01-09,4
014950,2026-06-22,4
014950,2026-07-16,4
014950,2026-07-20,4
014950,2026-08-06,4
014950,2026-09-07,4
014950,2026-09-08,4
014950,2026-09-15,4
014950,2026-09-16,4
014950,2026-09-29,4
014970,2025-11-20,4
014970,2025-12-10,4
014990,2026-09-21,4
015260,2026-03-25,4
015260,2026-03-27,4
015590,2026-05-26,4
015710,2026-03-06,4
015750,2026-03-06,4
015750,2026-03-11,4
015760,2026-01-21,4
016360,2026-03-06,4
016360,2026-08-21,4
016600,2026-03-06,4
016610,2026-03-06,4
016880,2025-11-14,4
016880,2026-03-23,4
017510,2026-03-06,4
017510,2026-04-28,4
017550,2026-04-22,4
017550,2026-05-08,4
017550,2026-06-10,4
017550,2026-06-15,4
017670,2026-07-23,4
017860,2026-04-23,4
017900,2026-04-02,4
017900,2026-04-06,4
017900,2026-04-07,4
017900,2026-04-08,4
017900,2026-04-13,4
017900,2026-04-15,4
017900,2026-04-16,4
017900,2026-04-20,4
017900,2026-04-28,4
017900,2026-05-12,4
017900,2026-05-21,4
017900,2026-06-10,4
017900,2026-06-17,4
017900,2026-07-13,4
017900,2026-08-03,4
017900,2026-08-06,4
017900,2026-08-10,4
017900,2026-09-09,4
017900,2026-09-15,4
017960,2026-01-07,4
017960,2026-01-12,4
017960,2026-03-09,4
017960,2026-03-10,4
017960,2026-03-12,4
017960,2026-08-03,4
018000,2026-03-09,4
018000,2026-03-23,4
018000,2026-07-01,4
018000,2026-07-13,4
018290,2026-01-27,4
018290,2026-03-06,4
018290,2026-06-10,4
018470,2026-04-01,4
018470,2026-04-07,4
018470,2026-04-14,4
018880,2026-02-11,4
018880,2026-02-20,4
018880,2026-03-06,4
018880,2026-05-12,4
018880,2026-06-16,4
019180,2026-01-14,4
019180,2026-03-06,4
019210,2026-02-04,4
019210,2026-03-11,4
019210,2026-03-16,4
019210,2026-04-15,4
019210,2026-05-19,4
019210,2026-06-30,4
019210,2026-07-07,4
019210,2026-07-16,4
019210,2026-08-03,4
019570,2026-03-13,4
019990,2026-02-24,4
019990,2026-03-06,4
020000,2026-02-11,4
020120,2026-03-06,4
020120,2026-09-07,4
020120,2026-09-10,4
020120,2026-09-15,4
020150,2025-11-11,4
020150,2025-11-13,4
020150,2025-11-21,4
020150,2025-12-02,4
020150,2026-01-23,4
020150,2026-02-05,4
020150,2026-04-07,4
020150,2026-04-13,4
020150,2026-05-06,4
020150,2026-06-15,4
020150,2026-08-03,4
020150,2026-08-11,4
020150,2026-09-01,4
020150,2026-09-10,4
020400,2026-04-13,4
020400,2026-04-14,4
021050,2026-05-06,4
021880,2026-05-27,4
022100,2025-12-09,4
022100,2026-01-16,4
022100,2026-01-19,4
022100,2026-03-06,4
022100,2026-06-02,4
022100,2026-08-03,4
023160,2026-02-20,4
023160,2026-03-06,4
023160,2026-03-23,4
023160,2026-04-13,4
023410,2026-07-02,4
023410,2026-07-07,4
023530,2026-02-04,4
023590,2026-02-10,4
023590,2026-03-06,4
023790,2025-10-24,4
023790,2025-11-17,4
023790,2026-05-26,4
023790,2026-06-18,4
023790,2026-06-23,4
023900,2026-03-31,4
024060,2026-01-13,4
024060,2026-02-23,4
024060,2026-02-24,4
024060,2026-03-04,4
024060,2026-03-05,4
024060,2026-04-03,4
024060,2026-07-15,4
024060,2026-07-21,4
024060,2026-07-23,4
024060,2026-09-03,4
024060,2026-09-11,4
024740,2026-03-09,4
024740,2026-03-17,4
024740,2026-04-10,4
024740,2026-04-14,4
024740,2026-04-21,4
024840,2026-04-16,4
024840,2026-04-30,4
024840,2026-05-04,4
024840,2026-05-06,4
024840,2026-05-07,4
024840,2026-05-12,4
024840,2026-05-22,4
024840,2026-06-10,4
024840,2026-06-18,4
024840,2026-07-02,4
024840,2026-07-13,4
024840,2026-07-24,4
024840,2026-08-03,4
024840,2026-08-06,4
024840,2026-09-21,4
024850,2026-03-04,4
024850,2026-03-17,4
024850,2026-03-19,4
024850,2026-03-26,4
024850,2026-08-04,4
024850,2026-09-29,4
025320,2026-01-29,4
025320,2026-03-06,4
025320,2026-06-30,4
025320,2026-07-01,4
025320,2026-08-03,4
025560,2026-05-19,4
025560,2026-05-26,4
025560,2026-06-10,4
025560,2026-06-15,4
025560,2026-07-01,4
025560,2026-07-28,4
025560,2026-08-03,4
025560,2026-08-11,4
025560,2026-08-14,4
025620,2025-10-20,4
025820,2026-05-14,4
025860,2026-03-10,4
025860,2026-04-14,4
025860,2026-05-04,4
025950,2026-01-02,4
025950,2026-07-07,4
025980,2026-03-06,4
025980,2026-06-16,4
025980,2026-06-30,4
025980,2026-08-20,4
026940,2026-04-29,4
026940,2026-07-07,4
027040,2026-05-29,4
027360,2025-12-19,4
027360,2026-01-05,4
027360,2026-01-30,4
027360,2026-03-03,4
027360,2026-03-06,4
027360,2026-03-12,4
027360,2026-03-18,4
027360,2026-03-26,4
027360,2026-04-02,4
027360,2026-04-15,4
027360,2026-04-20,4
027360,2026-04-23,4
027360,2026-04-27,4
027360,2026-05-19,4
027360,2026-08-03,4
027360,2026-08-14,4
027360,2026-09-18,4
028050,2026-03-06,4
028050,2026-04-06,4
028050,2026-05-08,4
028050,2026-06-30,4
028300,2026-01-27,4
028300,2026-03-06,4
028300,2026-07-16,4
028300,2026-08-11,4
028300,2026-09-29,4
028670,2026-03-04,4
028670,2026-03-06,4
028670,2026-05-08,4
028670,2026-06-10,4
028670,2026-08-25,4
028670,2026-09-04,4
030210,2026-03-06,4
030520,2026-03-06,4
030520,2026-06-30,4
030530,2025-10-13,4
030530,2025-10-14,4
030530,2025-10-21,4
030530,2025-11-05,4
030530,2025-12-05,4
030530,2025-12-16,4
030530,2025-12-30,4
030530,2026-03-06,4
030530,2026-05-22,4
030530,2026-06-10,4
030530,2026-06-12,4
030530,2026-08-04,4
030530,2026-09-07,4
030610,2026-03-06,4
031210,2026-06-10,4
031310,2026-04-09,4
031330,2026-03-06,4
031330,2026-04-09,4
031330,2026-04-13,4
031330,2026-05-15,4
031330,2026-05-18,4
031330,2026-05-19,4
031330,2026-05-27,4
031330,2026-06-05,4
031330,2026-08-03,4
031330,2026-08-06,4
031330,2026-08-11,4
031430,2026-06-10,4
031980,2025-10-13,4
031980,2025-11-14,4
031980,2026-01-19,4
031980,2026-01-27,4
031980,2026-02-20,4
031980,2026-08-03,4
032190,2026-02-10,4
032190,2026-03-06,4
032350,2025-11-11,4
032350,2025-11-21,4
032350,2026-08-18,4
032500,2026-03-06,4
032500,2026-03-12,4
032500,2026-03-26,4
032500,2026-04-13,4
032500,2026-04-16,4
032500,2026-07-13,4
032500,2026-07-24,4
032500,2026-08-03,4
032580,2026-05-19,4
032580,2026-05-22,4
032580,2026-05-27,4
032580,2026-05-29,4
032580,2026-07-02,4
032580,2026-07-07,4
032580,2026-08-03,4
032580,2026-08-06,4
032580,2026-08-31,4
032580,2026-09-21,4
032580,2026-09-28,4
032580,2026-09-30,4
032640,2026-04-13,4
032820,2025-10-13,4
032820,2026-01-19,4
032820,2026-01-20,4
032820,2026-01-21,4
032820,2026-01-27,4
032820,2026-02-12,4
032820,2026-03-06,4
032820,2026-03-11,4
032820,2026-03-19,4
032820,2026-04-09,4
032820,2026-06-15,4
032820,2026-08-03,4
032820,2026-09-10,4
032940,2025-10-13,4
032940,2026-01-05,4
032940,2026-02-04,4
032940,2026-03-06,4
032940,2026-09-04,4
032940,2026-09-07,4
033100,2026-02-04,4
033100,2026-02-05,4
033100,2026-03-06,4
033100,2026-05-06,4
033100,2026-07-24,4
033100,2026-08-03,4
033100,2026-08-11,4
033160,2026-03-06,4
033160,2026-03-12,4
033160,2026-03-20,4
033160,2026-04-02,4
033160,2026-04-09,4
033160,2026-04-15,4
033160,2026-05-20,4
033160,2026-05-22,4
033160,2026-06-12,4
033160,2026-07-16,4
033160,2026-08-03,4
033160,2026-08-06,4
033240,2025-10-16,4
033240,2025-12-11,4
033240,2025-12-12,4
033240,2026-01-30,4
033240,2026-03-06,4
033240,2026-04-20,4
033240,2026-05-18,4
033340,2026-03-06,4
033340,2026-09-02,4
033340,2026-09-04,4
033340,2026-09-08,4
033500,2026-01-12,4
033500,2026-03-06,4
033530,2026-03-06,4
033640,2026-03-06,4
033640,2026-03-23,4
033640,2026-04-02,4
033640,2026-04-13,4
033640,2026-04-27,4
033640,2026-05-22,4
033640,2026-06-04,4
033640,2026-06-10,4
033640,2026-06-17,4
033640,2026-08-03,4
033640,2026-08-28,4
033640,2026-09-30,4
033790,2025-12-15,4
033790,2026-03-31,4
033790,2026-04-03,4
033790,2026-04-24,4
033790,2026-05-06,4
033790,2026-06-30,4
033790,2026-08-25,4
033790,2026-09-01,4
033790,2026-09-07,4
034020,2026-03-06,4
034220,2026-04-13,4
034220,2026-05-22,4
034220,2026-08-03,4
034230,2025-11-21,4
034230,2026-06-30,4
034940,2026-07-06,4
034940,2026-07-22,4
034940,2026-07-27,4
035460,2026-04-13,4
035460,2026-04-14,4
035720,2026-03-06,4
035720,2026-06-30,4
035760,2026-06-30,4
035890,2026-05-29,4
035900,2026-06-30,4
036010,2026-05-27,4
036010,2026-06-10,4
036010,2026-06-16,4
036170,2026-03-04,4
036170,2026-03-09,4
036170,2026-03-11,4
036170,2026-03-13,4
036170,2026-03-27,4
036170,2026-04-09,4
036170,2026-04-14,4
036170,2026-04-20,4
036170,2026-06-05,4
036200,2025-11-18,4
036200,2026-01-06,4
036200,2026-03-06,4
036200,2026-06-10,4
036200,2026-06-15,4
036200,2026-06-30,4
036200,2026-07-13,4
036540,2026-01-06,4
036540,2026-01-30,4
036540,2026-02-10,4
036540,2026-02-27,4
036540,2026-03-06,4
036540,2026-04-09,4
036540,2026-04-27,4
036540,2026-05-22,4
036540,2026-06-10,4
036540,2026-08-03,4
036540,2026-08-12,4
036540,2026-09-08,4
036540,2026-09-10,4
036540,2026-09-11,4
036540,2026-09-16,4
036540,2026-09-22,4
036620,2025-11-21,4
036620,2026-03-06,4
036620,2026-03-26,4
036620,2026-06-10,4
036710,2025-10-10,4
036710,2025-10-13,4
036710,2026-05-22,4
036710,2026-05-26,4
036710,2026-06-10,4
036810,2025-11-13,4
036810,2025-12-23,4
036810,2026-01-23,4
036810,2026-01-29,4
036810,2026-03-06,4
036810,2026-03-13,4
036810,2026-04-09,4
036810,2026-06-10,4
036810,2026-08-26,4
036810,2026-09-01,4
036830,2026-03-06,4
036830,2026-03-11,4
036830,2026-03-12,4
036830,2026-04-13,4
036830,2026-04-28,4
036830,2026-04-29,4
036830,2026-06-30,4
036890,2026-03-06,4
036890,2026-03-11,4
036890,2026-05-08,4
036890,2026-06-10,4
036930,2026-03-06,4
036930,2026-03-11,4
036930,2026-03-23,4
036930,2026-03-25,4
036930,2026-04-21,4
037030,2026-03-20,4
037030,2026-03-24,4
037030,2026-03-30,4
037030,2026-03-31,4
037030,2026-04-09,4
037030,2026-04-15,4
037030,2026-05-06,4
037030,2026-05-07,4
037030,2026-05-13,4
037070,2026-07-14,4
037070,2026-07-27,4
037230,2026-03-27,4
037230,2026-03-31,4
037230,2026-04-10,4
037230,2026-04-14,4
037270,2026-03-06,4
037350,2026-03-06,4
037350,2026-03-19,4
037350,2026-04-13,4
037440,2026-05-08,4
037440,2026-06-15,4
037460,2026-03-06,4
037460,2026-03-26,4
037460,2026-05-18,4
037460,2026-07-13,4
037710,2026-06-29,4
037710,2026-07-07,4
037710,2026-07-13,4
038060,2026-05-07,4
038110,2026-03-27,4
038110,2026-04-03,4
038460,2026-02-03,4
038500,2025-12-12,4
038500,2025-12-15,4
038500,2026-01-29,4
038500,2026-02-02,4
038500,2026-02-03,4
038500,2026-02-04,4
038500,2026-02-06,4
038500,2026-03-03,4
038500,2026-03-06,4
038500,2026-03-12,4
038500,2026-04-09,4
038500,2026-06-10,4
038500,2026-08-03,4
038530,2026-02-12,4
038530,2026-02-13,4
038530,2026-03-06,4
038680,2026-04-14,4
038680,2026-04-17,4
039200,2025-10-01,4
039200,2025-11-21,4
039200,2026-01-27,4
039200,2026-03-06,4
039200,2026-03-16,4
039200,2026-06-18,4
039200,2026-08-11,4
039440,2026-02-27,4
039440,2026-03-06,4
039440,2026-06-10,4
039440,2026-08-03,4
039560,2026-03-23,4
039560,2026-04-02,4
039560,2026-04-13,4
039830,2025-10-02,4
039830,2026-05-22,4
039830,2026-05-26,4
039860,2026-02-25,4
039860,2026-03-06,4
039980,2026-03-16,4
039980,2026-04-30,4
039980,2026-08-10,4
039980,2026-08-24,4
040300,2025-12-01,4
040350,2026-06-23,4
041020,2026-03-06,4
041020,2026-05-22,4
041190,2025-11-21,4
041190,2026-02-04,4
041190,2026-03-06,4
041190,2026-06-30,4
041190,2026-08-26,4
041440,2026-03-06,4
041510,2026-06-12,4
041510,2026-06-30,4
041510,2026-07-03,4
041830,2026-06-10,4
041830,2026-06-11,4
041830,2026-06-30,4
041830,2026-07-01,4
041830,2026-07-02,4
041830,2026-08-04,4
041830,2026-08-07,4
041910,2026-05-08,4
041920,2025-12-15,4
041920,2026-01-06,4
041920,2026-01-23,4
041920,2026-01-27,4
041920,2026-02-02,4
041920,2026-02-04,4
041920,2026-02-09,4
041920,2026-03-06,4
041920,2026-04-13,4
041920,2026-04-30,4
042000,2026-01-27,4
042000,2026-02-20,4
042000,2026-03-06,4
042370,2026-01-12,4
042370,2026-04-16,4
042500,2026-04-28,4
042510,2026-09-15,4
042510,2026-09-16,4
042520,2025-10-01,4
042520,2025-10-16,4
042520,2025-10-17,4
042520,2025-10-22,4
042520,2025-10-24,4
042520,2025-11-05,4
042520,2025-11-06,4
042520,2025-11-18,4
042520,2025-12-01,4
042520,2026-01-23,4
042520,2026-01-27,4
042520,2026-01-30,4
042520,2026-02-02,4
042520,2026-02-20,4
042520,2026-03-06,4
042520,2026-03-19,4
042520,2026-05-15,4
042520,2026-05-27,4
042520,2026-06-25,4
042520,2026-07-02,4
042520,2026-07-08,4
042520,2026-08-05,4
042940,2025-12-12,4
042940,2026-01-02,4
043200,2026-03-09,4
043260,2025-10-24,4
043260,2025-12-10,4
043260,2025-12-11,4
043260,2025-12-18,4
043260,2025-12-22,4
043260,2025-12-30,4
043260,2026-01-05,4
043260,2026-01-06,4
043260,2026-01-13,4
043260,2026-01-15,4
043260,2026-02-04,4
043260,2026-02-10,4
043260,2026-03-06,4
043260,2026-03-09,4
043260,2026-03-11,4
043260,2026-03-23,4
043260,2026-04-02,4
043260,2026-04-13,4
043260,2026-06-02,4
043260,2026-06-04,4
043260,2026-06-05,4
043260,2026-08-03,4
043260,2026-08-11,4
043260,2026-09-18,4
043260,2026-09-21,4
044340,2026-07-27,4
044340,2026-08-04,4
044490,2025-12-15,4
044490,2026-03-06,4
044490,2026-03-11,4
044490,2026-03-23,4
044490,2026-04-06,4
044490,2026-04-24,4
044490,2026-06-17,4
044490,2026-06-30,4
044490,2026-07-13,4
044490,2026-07-16,4
044490,2026-07-24,4
044490,2026-09-03,4
045100,2026-01-30,4
045100,2026-03-06,4
045100,2026-06-10,4
045100,2026-07-02,4
045100,2026-08-11,4
045390,2026-03-06,4
045390,2026-06-16,4
045390,2026-09-02,4
045970,2025-10-13,4
046120,2026-02-12,4
046120,2026-02-19,4
046120,2026-03-11,4
046120,2026-03-13,4
046120,2026-03-17,4
046120,2026-03-23,4
046120,2026-06-30,4
046890,2026-02-25,4
046890,2026-02-26,4
046890,2026-03-06,4
046890,2026-04-08,4
046890,2026-04-28,4
046890,2026-05-04,4
046890,2026-05-14,4
046890,2026-06-10,4
046890,2026-06-30,4
046890,2026-08-03,4
046940,2026-08-03,4
046970,2026-03-23,4
046970,2026-03-24,4
046970,2026-03-25,4
046970,2026-03-27,4
046970,2026-03-30,4
046970,2026-04-14,4
046970,2026-04-15,4
046970,2026-04-17,4
046970,2026-06-19,4
046970,2026-08-31,4
046970,2026-09-10,4
046970,2026-09-14,4
046970,2026-09-21,4
047040,2026-01-29,4
047040,2026-02-05,4
047040,2026-02-11,4
047040,2026-02-20,4
047040,2026-03-16,4
047040,2026-03-19,4
047040,2026-03-23,4
047040,2026-03-30,4
047040,2026-04-02,4
047040,2026-04-09,4
047040,2026-04-16,4
047040,2026-04-22,4
047040,2026-06-17,4
047040,2026-07-13,4
047040,2026-08-03,4
047040,2026-08-27,4
047050,2026-01-14,4
047050,2026-01-20,4
047050,2026-02-23,4
047050,2026-04-06,4
047050,2026-06-30,4
047050,2026-07-24,4
047310,2026-01-20,4
047310,2026-02-04,4
047310,2026-03-06,4
047770,2025-10-10,4
047770,2025-10-15,4
047770,2025-10-22,4
047770,2025-11-06,4
047770,2026-03-03,4
047770,2026-03-06,4
047770,2026-05-06,4
047770,2026-06-16,4
047770,2026-06-19,4
047770,2026-08-27,4
048410,2026-01-28,4
048410,2026-01-29,4
048410,2026-01-30,4
048410,2026-02-11,4
048410,2026-02-13,4
048410,2026-02-24,4
048410,2026-03-06,4
048410,2026-04-09,4
048410,2026-05-26,4
048410,2026-07-24,4
048410,2026-08-03,4
048410,2026-08-11,4
048530,2026-03-04,4
048530,2026-03-05,4
048770,2026-01-29,4
048770,2026-02-04,4
048770,2026-02-06,4
048770,2026-03-06,4
048770,2026-05-14,4
048770,2026-05-15,4
049070,2026-05-22,4
049080,2026-03-30,4
049080,2026-03-31,4
049080,2026-04-02,4
049080,2026-04-06,4
049080,2026-04-07,4
049080,2026-04-20,4
049080,2026-04-24,4
049080,2026-05-12,4
049080,2026-07-13,4
049080,2026-07-14,4
049080,2026-07-15,4
049080,2026-07-16,4
049080,2026-07-21,4
049080,2026-08-05,4
049080,2026-08-06,4
049080,2026-08-28,4
049080,2026-09-17,4
049180,2026-01-07,4
049180,2026-01-08,4
049180,2026-01-09,4
049180,2026-01-19,4
049180,2026-01-20,4
049180,2026-02-10,4
049630,2025-10-24,4
049630,2025-11-04,4
049630,2025-11-05,4
049630,2025-11-13,4
049630,2025-12-11,4
049630,2025-12-29,4
049630,2026-01-05,4
049630,2026-01-20,4
049630,2026-03-06,4
049630,2026-05-04,4
050890,2025-10-30,4
050890,2026-03-06,4
050890,2026-03-12,4
050890,2026-03-26,4
050890,2026-04-02,4
050890,2026-04-13,4
050890,2026-05-26,4
050890,2026-07-13,4
050890,2026-08-03,4
051370,2026-03-06,4
051600,2026-03-13,4
051600,2026-06-15,4
051780,2025-10-15,4
051780,2025-10-17,4
051980,2025-10-17,4
051980,2025-10-27,4
051980,2026-01-23,4
051980,2026-03-26,4
051980,2026-04-22,4
052020,2026-03-06,4
052020,2026-03-09,4
052020,2026-03-11,4
052020,2026-03-13,4
052020,2026-03-16,4
052020,2026-03-30,4
052020,2026-04-28,4
052020,2026-04-30,4
052400,2026-01-26,4
052400,2026-02-10,4
052400,2026-03-06,4
052400,2026-03-11,4
052400,2026-04-17,4
052400,2026-06-10,4
052400,2026-06-30,4
052400,2026-07-13,4
052420,2025-10-01,4
052460,2026-08-05,4
052460,2026-08-07,4
052460,2026-08-31,4
052690,2026-08-03,4
052710,2026-02-12,4
052710,2026-02-24,4
052710,2026-04-02,4
052710,2026-04-09,4
052710,2026-04-13,4
052710,2026-05-26,4
052710,2026-05-27,4
052710,2026-06-05,4
052710,2026-06-10,4
052710,2026-07-02,4
052710,2026-07-16,4
052710,2026-08-03,4
052710,2026-08-11,4
052710,2026-09-10,4
052710,2026-09-14,4
052900,2026-03-06,4
052900,2026-05-20,4
052900,2026-06-05,4
052900,2026-06-30,4
053050,2026-03-20,4
053080,2026-03-06,4
053080,2026-05-07,4
053080,2026-06-10,4
053260,2026-04-21,4
053260,2026-04-29,4
053260,2026-08-21,4
053260,2026-09-04,4
053260,2026-09-10,4
053300,2026-03-06,4
053610,2026-02-04,4
053610,2026-03-06,4
053610,2026-05-22,4
053610,2026-06-10,4
053610,2026-07-16,4
053690,2026-03-06,4
053690,2026-03-23,4
053690,2026-03-31,4
053690,2026-04-02,4
053690,2026-04-09,4
053690,2026-06-30,4
053700,2026-01-06,4
053700,2026-01-14,4
053950,2025-11-06,4
053950,2025-11-12,4
053950,2026-03-06,4
054210,2026-02-25,4
054210,2026-03-06,4
054210,2026-05-22,4
054540,2025-10-14,4
054540,2025-10-22,4
054540,2025-11-17,4
054540,2025-12-24,4
054540,2026-03-06,4
054540,2026-08-03,4
054540,2026-08-11,4
054620,2026-03-06,4
054620,2026-03-11,4
054620,2026-04-09,4
054920,2025-12-26,4
054920,2026-01-28,4
054920,2026-01-30,4
054920,2026-03-06,4
054920,2026-04-16,4
054920,2026-04-21,4
054920,2026-05-07,4
056080,2025-10-13,4
056080,2025-10-21,4
056080,2026-01-09,4
056080,2026-01-15,4
056080,2026-01-19,4
056080,2026-01-20,4
056080,2026-02-10,4
056080,2026-02-11,4
056080,2026-03-06,4
056080,2026-08-03,4
056080,2026-08-06,4
056090,2026-02-05,4
056090,2026-02-24,4
056090,2026-03-04,4
056090,2026-03-12,4
056190,2026-01-27,4
056190,2026-03-06,4
056360,2026-04-02,4
056360,2026-04-09,4
056360,2026-04-14,4
056360,2026-05-27,4
056360,2026-06-10,4
057050,2026-02-25,4
058430,2026-03-06,4
058430,2026-04-29,4
058430,2026-06-18,4
058470,2026-06-10,4
058470,2026-08-03,4
058610,2025-11-20,4
058610,2025-11-21,4
058610,2025-12-01,4
058610,2025-12-09,4
058610,2025-12-22,4
058610,2026-07-10,4
058610,2026-07-23,4
058610,2026-07-30,4
058610,2026-08-03,4
058730,2026-06-26,4
058730,2026-06-30,4
058730,2026-07-09,4
058730,2026-07-16,4
058730,2026-08-12,4
058730,2026-09-03,4
059090,2025-12-23,4
059090,2026-03-06,4
059090,2026-04-09,4
059090,2026-04-17,4
059090,2026-04-21,4
059090,2026-05-06,4
059090,2026-05-14,4
059090,2026-06-04,4
059090,2026-06-10,4
059090,2026-07-13,4
059090,2026-08-03,4
059090,2026-08-26,4
059090,2026-09-23,4
059120,2026-01-15,4
059120,2026-01-29,4
059120,2026-03-06,4
059120,2026-05-06,4
059120,2026-05-08,4
059120,2026-07-28,4
059120,2026-08-12,4
059270,2025-10-13,4
059270,2026-01-13,4
059270,2026-01-22,4
059270,2026-01-23,4
059270,2026-03-06,4
060250,2026-01-26,4
060250,2026-01-27,4
060250,2026-01-30,4
060250,2026-02-10,4
060250,2026-03-06,4
060250,2026-04-09,4
060250,2026-04-17,4
060250,2026-08-03,4
060250,2026-08-25,4
060280,2025-12-01,4
060280,2026-03-06,4
060280,2026-03-27,4
060280,2026-06-30,4
060310,2026-05-28,4
060370,2025-12-15,4
060370,2026-02-20,4
060370,2026-03-06,4
060370,2026-03-16,4
060370,2026-04-24,4
060370,2026-05-06,4
060370,2026-07-02,4
060370,2026-07-24,4
060370,2026-08-03,4
060720,2026-02-02,4
060720,2026-03-06,4
061040,2026-06-04,4
061090,2026-05-26,4
061090,2026-06-01,4
061090,2026-06-30,4
062970,2025-10-15,4
062970,2026-04-02,4
062970,2026-04-06,4
062970,2026-05-26,4
062970,2026-05-27,4
062970,2026-09-15,4
062970,2026-09-16,4
063170,2026-03-06,4
064260,2025-12-11,4
064260,2026-01-26,4
064260,2026-01-27,4
064260,2026-03-06,4
064260,2026-04-07,4
064260,2026-04-13,4
064260,2026-06-30,4
064260,2026-08-11,4
064290,2026-04-02,4
064290,2026-04-09,4
064290,2026-05-22,4
064290,2026-05-26,4
064290,2026-05-27,4
064290,2026-06-10,4
064290,2026-07-01,4
064290,2026-07-06,4
064290,2026-07-13,4
064290,2026-08-03,4
064290,2026-08-06,4
064290,2026-08-12,4
064290,2026-08-19,4
064290,2026-08-26,4
064290,2026-09-07,4
064290,2026-09-10,4
064290,2026-09-11,4
064400,2026-03-06,4
064400,2026-04-09,4
064400,2026-05-15,4
064400,2026-05-22,4
064400,2026-08-03,4
064400,2026-08-06,4
064550,2026-09-02,4
064820,2025-10-22,4
064850,2026-03-06,4
064850,2026-03-26,4
064850,2026-04-13,4
064850,2026-06-10,4
064960,2026-05-22,4
065170,2026-02-10,4
065170,2026-02-19,4
065170,2026-02-26,4
065170,2026-03-11,4
065170,2026-03-18,4
065170,2026-07-01,4
065170,2026-07-03,4
065170,2026-07-07,4
065170,2026-07-10,4
065170,2026-07-22,4
065350,2026-01-14,4
065350,2026-01-30,4
065350,2026-03-06,4
065350,2026-06-30,4
065350,2026-07-24,4
065350,2026-08-03,4
065350,2026-08-04,4
065420,2026-04-21,4
065440,2026-04-02,4
065440,2026-04-09,4
065440,2026-04-10,4
065440,2026-05-04,4
065440,2026-05-13,4
065450,2026-03-04,4
065450,2026-04-03,4
065530,2026-04-02,4
065530,2026-04-09,4
065680,2026-06-10,4
065770,2026-04-08,4
065770,2026-05-27,4
066310,2026-03-25,4
066310,2026-04-09,4
066310,2026-04-16,4
066310,2026-06-10,4
066430,2025-12-29,4
066430,2026-01-13,4
066430,2026-01-20,4
066430,2026-01-22,4
066430,2026-02-04,4
066430,2026-02-06,4
066430,2026-03-06,4
066430,2026-05-18,4
066430,2026-05-19,4
066430,2026-05-20,4
066430,2026-06-08,4
066430,2026-06-09,4
066430,2026-06-15,4
066590,2026-07-28,4
066910,2026-08-05,4
066970,2025-10-17,4
066970,2026-08-03,4
066970,2026-08-10,4
066980,2026-05-29,4
066980,2026-06-10,4
066980,2026-06-17,4
066980,2026-06-30,4
066980,2026-07-01,4
066980,2026-08-03,4
067000,2025-11-28,4
067000,2026-02-09,4
067000,2026-03-06,4
067000,2026-03-11,4
067080,2025-12-09,4
067080,2026-03-06,4
067160,2026-06-30,4
067170,2026-05-27,4
067170,2026-06-12,4
067170,2026-06-25,4
067170,2026-07-08,4
067290,2026-06-18,4
067290,2026-06-23,4
067290,2026-07-16,4
067290,2026-07-31,4
067290,2026-08-07,4
067290,2026-09-02,4
067310,2026-01-28,4
067310,2026-02-27,4
067310,2026-03-06,4
067310,2026-03-19,4
067310,2026-05-18,4
067310,2026-05-22,4
067310,2026-06-10,4
067310,2026-06-23,4
067310,2026-08-03,4
067310,2026-08-11,4
067310,2026-08-19,4
067310,2026-08-26,4
067310,2026-09-22,4
067830,2025-12-19,4
068240,2026-02-23,4
068240,2026-02-25,4
068330,2025-11-24,4
068760,2026-01-27,4
069460,2026-03-17,4
069540,2026-01-12,4
069540,2026-01-20,4
069540,2026-01-30,4
069540,2026-03-06,4
069540,2026-03-13,4
069540,2026-03-17,4
069540,2026-03-23,4
069540,2026-03-24,4
069540,2026-03-26,4
069540,2026-04-02,4
069540,2026-04-10,4
069540,2026-04-14,4
069540,2026-04-16,4
069540,2026-04-20,4
069540,2026-05-12,4
069540,2026-05-26,4
069540,2026-07-13,4
069540,2026-07-16,4
069540,2026-08-03,4
069540,2026-08-06,4
069540,2026-08-25,4
069540,2026-09-09,4
069920,2025-10-16,4
069960,2026-01-08,4
071090,2026-04-29,4
071670,2026-01-20,4
071970,2026-01-07,4
071970,2026-03-06,4
071970,2026-04-06,4
071970,2026-07-02,4
071970,2026-07-23,4
071970,2026-08-06,4
072470,2026-03-03,4
072470,2026-03-06,4
072950,2026-04-09,4
072950,2026-04-13,4
072950,2026-04-14,4
072950,2026-04-15,4
072950,2026-04-16,4
072950,2026-05-08,4
072950,2026-05-15,4
072950,2026-06-30,4
072950,2026-08-13,4
072950,2026-09-17,4
072950,2026-09-28,4
073010,2026-04-29,4
073240,2025-11-11,4
073240,2026-07-07,4
073240,2026-07-13,4
073240,2026-08-03,4
073240,2026-08-07,4
073490,2026-03-11,4
073490,2026-03-12,4
073490,2026-04-02,4
073490,2026-04-22,4
073540,2026-04-15,4
073570,2026-05-29,4
074600,2026-02-04,4
074600,2026-03-06,4
074600,2026-03-09,4
074600,2026-06-05,4
074600,2026-06-10,4
074600,2026-06-15,4
074600,2026-08-03,4
074600,2026-08-11,4
075580,2025-10-22,4
075580,2026-08-03,4
076610,2026-01-23,4
076610,2026-01-28,4
076610,2026-02-24,4
076610,2026-02-25,4
076610,2026-03-18,4
076610,2026-03-25,4
076610,2026-04-13,4
076610,2026-05-04,4
076610,2026-05-07,4
076610,2026-05-11,4
077360,2025-10-10,4
077360,2026-02-05,4
077360,2026-03-06,4
077360,2026-03-12,4
077360,2026-04-09,4
077360,2026-04-17,4
077360,2026-04-24,4
077360,2026-06-05,4
077360,2026-06-10,4
077360,2026-07-02,4
077360,2026-07-13,4
077360,2026-07-16,4
077360,2026-08-03,4
077360,2026-09-10,4
077360,2026-09-30,4
077500,2026-06-10,4
077970,2026-03-06,4
077970,2026-04-06,4
077970,2026-04-20,4
077970,2026-04-22,4
077970,2026-06-16,4
077970,2026-07-24,4
077970,2026-08-03,4
077970,2026-08-06,4
078020,2026-03-06,4
078070,2026-03-26,4
078150,2026-03-06,4
078150,2026-05-07,4
078150,2026-05-08,4
078150,2026-06-10,4
078160,2026-03-06,4
078160,2026-04-14,4
078340,2026-09-11,4
078340,2026-09-29,4
078350,2025-10-16,4
078350,2025-11-14,4
078350,2025-12-23,4
078350,2026-01-28,4
078350,2026-03-30,4
078350,2026-04-24,4
078350,2026-05-15,4
078350,2026-05-26,4
078350,2026-06-10,4
078350,2026-09-21,4
078350,2026-09-22,4
078520,2025-11-21,4
078520,2025-12-16,4
078520,2025-12-17,4
078590,2025-11-03,4
078590,2025-11-18,4
078590,2026-01-23,4
078590,2026-03-06,4
078600,2026-01-27,4
078600,2026-02-10,4
078600,2026-03-06,4
078600,2026-06-30,4
078600,2026-08-03,4
078600,2026-08-05,4
078600,2026-08-11,4
078600,2026-08-28,4
078890,2026-05-08,4
078890,2026-05-12,4
078890,2026-05-20,4
078930,2025-11-11,4
078930,2026-04-24,4
078930,2026-07-02,4
078930,2026-07-24,4
078930,2026-08-05,4
079190,2026-05-18,4
079370,2026-01-28,4
079370,2026-03-06,4
079370,2026-04-09,4
079370,2026-06-10,4
079370,2026-06-30,4
079650,2026-06-22,4
079650,2026-06-23,4
079650,2026-06-25,4
079650,2026-07-07,4
079650,2026-07-08,4
079650,2026-07-09,4
079650,2026-07-13,4
079650,2026-07-31,4
079650,2026-08-12,4
079650,2026-08-13,4
079650,2026-08-21,4
079650,2026-09-03,4
079650,2026-09-04,4
079810,2026-04-13,4
079810,2026-04-22,4
079900,2026-02-04,4
079900,2026-03-06,4
079900,2026-04-09,4
080220,2025-10-13,4
080220,2026-01-02,4
080220,2026-01-05,4
080220,2026-02-02,4
080220,2026-02-10,4
080220,2026-02-27,4
080220,2026-03-06,4
080220,2026-04-22,4
080220,2026-04-27,4
080220,2026-05-15,4
080220,2026-05-19,4
080220,2026-07-13,4
080220,2026-07-16,4
080220,2026-08-03,4
080220,2026-08-06,4
080220,2026-08-11,4
080580,2025-12-08,4
080580,2025-12-29,4
080580,2026-01-29,4
080580,2026-03-06,4
080580,2026-03-11,4
080580,2026-03-12,4
080580,2026-03-26,4
080580,2026-04-09,4
080580,2026-04-15,4
080580,2026-05-08,4
080580,2026-05-20,4
080580,2026-06-10,4
080580,2026-06-30,4
080580,2026-07-13,4
080580,2026-08-26,4
080580,2026-09-28,4
081180,2025-11-25,4
081180,2025-11-26,4
081180,2025-12-16,4
081180,2025-12-30,4
081180,2026-01-30,4
081180,2026-02-11,4
081180,2026-03-06,4
081180,2026-05-21,4
081180,2026-06-10,4
081660,2026-06-12,4
081660,2026-07-03,4
082270,2025-10-22,4
082270,2025-11-10,4
082270,2026-01-27,4
082270,2026-01-29,4
082270,2026-02-04,4
082270,2026-02-27,4
082270,2026-03-26,4
082270,2026-06-10,4
082270,2026-06-30,4
082640,2026-03-06,4
082640,2026-03-09,4
082740,2026-01-13,4
082740,2026-03-06,4
082740,2026-04-20,4
082740,2026-04-22,4
082740,2026-04-23,4
082740,2026-04-28,4
082740,2026-04-30,4
082740,2026-06-18,4
082740,2026-08-06,4
082740,2026-09-10,4
082800,2026-06-11,4
082800,2026-06-30,4
082800,2026-07-07,4
082920,2025-12-18,4
082920,2026-01-06,4
082920,2026-01-07,4
082920,2026-03-06,4
082920,2026-03-25,4
082920,2026-04-02,4
082920,2026-04-16,4
082920,2026-04-17,4
082920,2026-05-27,4
082920,2026-08-03,4
082920,2026-08-11,4
083310,2026-03-06,4
083310,2026-06-10,4
083450,2025-12-24,4
083450,2026-02-04,4
083450,2026-02-10,4
083450,2026-03-06,4
083450,2026-04-09,4
083450,2026-06-10,4
083450,2026-08-03,4
083450,2026-09-30,4
083500,2026-03-06,4
083500,2026-04-09,4
083500,2026-06-10,4
083640,2026-02-12,4
083650,2025-10-13,4
083650,2025-12-08,4
083650,2025-12-15,4
083650,2026-01-30,4
083650,2026-02-20,4
083650,2026-03-09,4
083650,2026-06-15,4
083650,2026-07-02,4
083650,2026-07-24,4
083650,2026-08-03,4
083650,2026-08-05,4
083650,2026-08-11,4
083930,2026-03-06,4
084110,2025-10-17,4
084110,2025-11-05,4
084110,2025-11-18,4
084110,2026-03-06,4
084110,2026-06-10,4
084370,2025-10-30,4
084370,2026-01-27,4
084650,2026-05-21,4
084650,2026-06-10,4
084650,2026-06-30,4
084670,2025-12-03,4
084670,2025-12-05,4
084670,2025-12-09,4
084670,2025-12-10,4
084670,2025-12-11,4
084670,2025-12-15,4
084670,2025-12-16,4
084670,2025-12-24,4
084670,2026-01-15,4
084670,2026-02-03,4
084670,2026-02-05,4
084670,2026-03-06,4
084670,2026-03-18,4
084670,2026-06-24,4
084990,2026-03-06,4
084990,2026-04-09,4
085310,2025-10-22,4
085310,2025-11-17,4
085620,2026-03-06,4
085620,2026-03-17,4
085620,2026-06-09,4
085620,2026-06-10,4
085620,2026-06-12,4
085620,2026-06-17,4
085620,2026-06-26,4
085620,2026-07-13,4
085620,2026-08-06,4
085620,2026-08-21,4
085620,2026-08-26,4
085660,2025-11-27,4
085660,2025-12-05,4
085660,2026-01-27,4
085660,2026-01-28,4
085660,2026-01-30,4
085660,2026-03-06,4
085660,2026-03-13,4
085910,2025-12-08,4
085910,2026-01-12,4
085910,2026-01-22,4
085910,2026-03-03,4
085910,2026-03-11,4
085910,2026-03-19,4
085910,2026-03-26,4
085910,2026-04-02,4
085910,2026-05-14,4
085910,2026-06-05,4
085910,2026-06-30,4
085910,2026-07-13,4
085910,2026-08-03,4
085910,2026-08-13,4
086390,2026-02-10,4
086390,2026-03-06,4
086390,2026-05-15,4
086450,2026-03-26,4
086450,2026-04-02,4
086450,2026-04-07,4
086450,2026-06-10,4
086450,2026-06-30,4
086450,2026-08-31,4
086520,2025-10-20,4
086520,2025-10-23,4
086520,2026-07-16,4
086520,2026-08-03,4
086520,2026-09-10,4
086820,2026-03-27,4
086960,2026-05-14,4
086960,2026-06-10,4
088130,2026-02-05,4
088130,2026-02-10,4
088130,2026-02-20,4
088130,2026-02-27,4
088130,2026-03-06,4
088130,2026-03-09,4
088130,2026-04-28,4
088130,2026-05-26,4
088280,2026-04-09,4
088280,2026-04-14,4
088280,2026-04-27,4
088280,2026-04-28,4
088280,2026-06-10,4
088340,2025-11-06,4
088350,2026-01-15,4
088350,2026-02-23,4
088350,2026-03-06,4
088350,2026-04-09,4
088350,2026-08-14,4
088350,2026-08-18,4
088350,2026-08-31,4
088390,2026-03-06,4
088800,2025-11-04,4
088800,2026-03-25,4
088800,2026-04-13,4
088800,2026-04-14,4
089010,2025-10-02,4
089010,2025-11-04,4
089010,2026-03-06,4
089010,2026-05-07,4
089030,2025-10-16,4
089030,2026-01-30,4
089030,2026-03-06,4
089030,2026-04-09,4
089030,2026-06-05,4
089030,2026-06-10,4
089030,2026-07-13,4
089030,2026-08-03,4
089230,2026-04-10,4
089230,2026-04-17,4
089790,2026-03-06,4
089860,2026-09-02,4
089890,2026-02-27,4
089890,2026-03-06,4
089890,2026-03-12,4
089890,2026-03-16,4
089890,2026-04-02,4
089890,2026-04-14,4
089890,2026-04-20,4
089890,2026-06-10,4
089890,2026-07-02,4
089890,2026-07-13,4
089890,2026-08-03,4
089890,2026-08-11,4
089890,2026-09-10,4
089890,2026-09-17,4
089970,2025-12-18,4
089970,2026-02-04,4
089970,2026-02-10,4
089970,2026-02-25,4
089970,2026-03-06,4
089970,2026-03-19,4
089970,2026-04-09,4
089970,2026-04-20,4
089970,2026-06-05,4
089970,2026-06-10,4
089970,2026-08-03,4
089970,2026-08-11,4
089970,2026-08-12,4
089980,2026-03-18,4
090350,2026-03-06,4
090360,2025-10-13,4
090360,2025-10-15,4
090360,2025-10-27,4
090360,2025-10-29,4
090360,2026-01-27,4
090360,2026-03-06,4
090360,2026-05-22,4
090360,2026-06-01,4
090360,2026-08-03,4
090370,2025-11-17,4
090370,2025-11-19,4
090460,2025-11-28,4
090460,2026-02-10,4
090460,2026-02-12,4
090460,2026-03-06,4
090460,2026-03-23,4
090460,2026-04-09,4
090460,2026-04-17,4
090460,2026-05-15,4
090460,2026-05-26,4
090460,2026-06-17,4
090460,2026-08-03,4
090460,2026-08-12,4
090460,2026-09-02,4
090710,2025-10-13,4
090710,2025-10-16,4
090710,2025-10-21,4
090710,2025-12-30,4
090710,2026-01-16,4
090710,2026-01-21,4
090710,2026-01-23,4
090710,2026-03-06,4
090710,2026-03-19,4
090710,2026-04-27,4
090710,2026-06-10,4
091580,2026-03-06,4
091580,2026-04-06,4
091580,2026-04-21,4
091580,2026-04-30,4
091580,2026-08-28,4
091590,2026-06-29,4
091590,2026-06-30,4
091590,2026-07-02,4
091590,2026-07-07,4
091590,2026-07-09,4
091590,2026-07-31,4
091590,2026-08-12,4
091590,2026-08-13,4
091590,2026-09-03,4
092040,2026-03-30,4
092070,2026-02-27,4
092070,2026-03-06,4
092190,2026-05-04,4
092190,2026-05-06,4
092190,2026-05-11,4
092190,2026-05-14,4
092190,2026-05-19,4
092190,2026-06-10,4
092200,2025-11-04,4
092200,2025-12-01,4
092200,2025-12-16,4
092200,2026-03-06,4
092200,2026-05-22,4
092200,2026-05-26,4
092220,2026-02-26,4
092220,2026-03-06,4
092220,2026-03-24,4
092220,2026-04-22,4
092220,2026-04-23,4
092220,2026-04-27,4
092220,2026-05-26,4
092220,2026-06-05,4
092460,2025-10-24,4
092600,2026-05-18,4
092790,2026-03-06,4
092790,2026-04-06,4
092790,2026-04-29,4
092790,2026-05-07,4
092790,2026-05-14,4
092790,2026-06-18,4
092790,2026-09-11,4
092870,2026-01-27,4
092870,2026-02-04,4
092870,2026-02-20,4
092870,2026-03-06,4
092870,2026-04-09,4
092870,2026-06-10,4
092870,2026-07-13,4
092870,2026-07-16,4
092870,2026-08-03,4
092870,2026-08-06,4
092870,2026-08-11,4
092870,2026-08-19,4
092870,2026-08-26,4
092870,2026-09-02,4
092870,2026-09-11,4
092870,2026-09-29,4
093240,2025-12-30,4
093240,2026-01-05,4
093240,2026-03-06,4
093370,2025-10-27,4
093370,2025-10-28,4
093370,2026-03-06,4
093370,2026-04-10,4
093370,2026-04-20,4
093370,2026-05-22,4
093370,2026-06-10,4
093370,2026-06-11,4
093370,2026-06-15,4
093370,2026-06-16,4
093370,2026-06-30,4
093370,2026-07-13,4
093370,2026-08-03,4
093520,2025-10-13,4
093520,2026-03-06,4
094170,2026-03-06,4
094170,2026-04-16,4
094170,2026-04-17,4
094170,2026-06-30,4
094170,2026-08-03,4
094170,2026-08-06,4
094360,2026-02-04,4
094360,2026-03-06,4
094480,2026-03-06,4
094480,2026-09-07,4
094820,2026-01-21,4
094820,2026-06-10,4
094850,2025-11-20,4
094940,2026-01-20,4
094940,2026-03-06,4
094940,2026-05-22,4
095340,2025-11-18,4
095500,2026-08-03,4
095610,2025-11-18,4
095610,2026-01-05,4
095610,2026-01-27,4
095610,2026-01-29,4
095610,2026-01-30,4
095610,2026-02-20,4
095610,2026-03-06,4
095610,2026-04-09,4
095610,2026-04-13,4
095660,2026-03-09,4
095910,2026-02-05,4
095910,2026-03-13,4
095910,2026-04-06,4
095910,2026-05-04,4
095910,2026-05-15,4
096350,2025-10-28,4
096350,2026-03-20,4
096530,2026-03-06,4
096530,2026-05-12,4
096530,2026-05-15,4
096530,2026-06-26,4
096530,2026-06-30,4
097230,2025-12-15,4
097230,2026-01-08,4
097230,2026-03-06,4
097230,2026-07-24,4
097230,2026-08-03,4
097800,2025-10-13,4
098070,2026-03-06,4
098070,2026-03-24,4
098120,2026-02-04,4
098120,2026-02-19,4
098120,2026-02-20,4
098120,2026-03-06,4
098120,2026-03-26,4
098120,2026-04-09,4
098120,2026-04-15,4
098120,2026-06-10,4
098120,2026-08-20,4
098460,2025-11-07,4
098460,2025-12-01,4
098460,2026-01-05,4
098460,2026-01-27,4
098460,2026-03-06,4
098460,2026-04-27,4
098460,2026-06-10,4
098460,2026-08-03,4
098460,2026-08-11,4
098460,2026-08-26,4
099190,2026-03-06,4
099190,2026-03-26,4
099320,2026-01-05,4
099320,2026-01-06,4
099320,2026-07-24,4
099320,2026-08-03,4
099320,2026-08-05,4
099410,2025-10-17,4
099440,2025-11-25,4
099440,2025-12-04,4
099440,2026-03-06,4
100090,2026-03-06,4
100090,2026-03-09,4
100090,2026-03-23,4
100090,2026-04-02,4
100090,2026-06-11,4
100090,2026-06-16,4
100090,2026-06-17,4
100090,2026-06-26,4
100090,2026-07-02,4
100090,2026-07-24,4
100120,2026-02-04,4
100590,2026-03-16,4
100590,2026-03-25,4
100590,2026-04-02,4
100590,2026-04-06,4
100590,2026-04-09,4
100590,2026-04-10,4
100590,2026-04-14,4
100590,2026-05-06,4
100590,2026-05-07,4
100590,2026-05-08,4
100590,2026-05-12,4
100790,2025-12-19,4
100790,2025-12-22,4
100790,2025-12-23,4
100790,2026-01-26,4
100790,2026-01-30,4
100790,2026-02-04,4
100790,2026-03-06,4
100790,2026-03-26,4
100790,2026-03-30,4
100790,2026-04-15,4
100790,2026-04-20,4
100790,2026-04-23,4
100790,2026-05-19,4
100790,2026-08-03,4
100790,2026-08-11,4
100790,2026-08-14,4
100790,2026-08-25,4
100840,2025-10-30,4
100840,2026-01-30,4
100840,2026-03-06,4
100840,2026-03-23,4
100840,2026-04-09,4
100840,2026-07-24,4
101000,2025-10-01,4
101000,2025-10-02,4
101000,2025-10-17,4
101000,2025-10-22,4
101000,2025-11-07,4
101160,2026-02-20,4
101160,2026-03-06,4
101160,2026-06-10,4
101160,2026-06-18,4
101160,2026-07-16,4
101160,2026-08-03,4
101170,2025-10-16,4
101170,2025-12-01,4
101170,2025-12-02,4
101170,2025-12-26,4
101170,2025-12-29,4
101170,2026-01-08,4
101170,2026-01-12,4
101170,2026-01-13,4
101170,2026-01-16,4
101170,2026-03-06,4
101330,2026-01-14,4
101330,2026-01-15,4
101330,2026-01-16,4
101330,2026-01-29,4
101330,2026-02-26,4
101330,2026-03-06,4
101390,2026-06-24,4
101400,2026-01-28,4
101400,2026-02-25,4
101490,2026-01-13,4
101490,2026-01-14,4
101490,2026-01-20,4
101490,2026-01-29,4
101490,2026-02-04,4
101490,2026-03-06,4
101490,2026-04-09,4
101490,2026-06-10,4
101490,2026-08-03,4
101490,2026-08-11,4
101730,2026-08-03,4
102120,2026-03-06,4
102120,2026-06-10,4
102280,2025-11-25,4
102280,2025-11-26,4
102710,2026-02-13,4
102710,2026-06-10,4
102710,2026-07-24,4
102710,2026-08-03,4
102940,2025-11-21,4
102940,2025-11-27,4
102940,2025-12-01,4
102940,2025-12-11,4
102940,2026-01-27,4
102940,2026-03-06,4
103140,2026-06-30,4
103140,2026-08-03,4
103590,2025-10-27,4
103590,2025-10-31,4
103590,2026-02-10,4
103590,2026-02-24,4
103590,2026-03-06,4
103590,2026-07-02,4
103590,2026-07-24,4
103590,2026-08-03,4
103590,2026-08-06,4
103590,2026-08-13,4
103590,2026-08-28,4
104480,2026-04-13,4
104620,2026-03-06,4
104830,2026-02-04,4
104830,2026-03-06,4
104830,2026-06-10,4
105840,2025-10-13,4
105840,2025-11-14,4
105840,2026-01-13,4
105840,2026-01-28,4
105840,2026-03-06,4
105840,2026-03-11,4
105840,2026-03-23,4
105840,2026-06-10,4
107600,2025-10-28,4
107640,2025-10-17,4
107640,2025-10-29,4
107640,2025-11-07,4
107640,2026-03-09,4
107640,2026-04-22,4
107640,2026-06-30,4
108320,2026-03-06,4
108320,2026-06-30,4
108320,2026-07-13,4
108320,2026-08-03,4
108380,2025-11-18,4
108860,2026-03-06,4
108860,2026-03-25,4
108860,2026-03-27,4
108860,2026-08-04,4
109070,2026-04-14,4
109070,2026-04-15,4
109080,2026-04-06,4
109080,2026-04-08,4
109080,2026-04-13,4
109080,2026-04-14,4
110990,2026-03-06,4
110990,2026-03-09,4
110990,2026-06-05,4
110990,2026-06-10,4
111710,2026-07-02,4
111710,2026-07-07,4
111770,2025-11-18,4
111770,2026-03-06,4
112040,2025-12-02,4
112040,2026-01-12,4
112040,2026-01-27,4
112040,2026-03-06,4
112040,2026-07-24,4
112040,2026-08-03,4
112290,2026-02-27,4
112290,2026-03-06,4
112290,2026-03-11,4
112290,2026-04-09,4
112290,2026-04-30,4
112290,2026-05-07,4
112610,2026-02-20,4
112610,2026-02-26,4
112610,2026-03-09,4
112610,2026-04-06,4
112610,2026-06-17,4
112610,2026-07-24,4
114090,2026-05-15,4
114190,2025-10-27,4
114190,2025-10-30,4
114190,2025-11-05,4
114190,2026-01-23,4
114450,2025-11-12,4
114450,2025-11-13,4
114450,2026-01-05,4
114450,2026-05-14,4
114810,2025-10-13,4
114810,2025-11-05,4
114810,2026-02-10,4
114810,2026-02-11,4
114810,2026-03-06,4
114810,2026-04-15,4
114810,2026-06-05,4
114810,2026-06-10,4
114810,2026-08-03,4
114810,2026-08-11,4
115180,2025-10-13,4
115180,2025-10-16,4
115180,2025-11-14,4
115180,2026-03-06,4
115180,2026-03-09,4
115180,2026-03-11,4
115180,2026-05-27,4
115180,2026-06-10,4
115180,2026-09-07,4
115440,2026-03-26,4
115440,2026-03-30,4
115440,2026-04-02,4
115440,2026-04-14,4
115440,2026-07-13,4
115440,2026-09-28,4
115500,2026-04-21,4
115500,2026-05-07,4
115500,2026-05-26,4
115500,2026-05-27,4
115610,2026-01-29,4
115610,2026-02-04,4
115610,2026-02-12,4
117580,2026-03-05,4
117580,2026-03-10,4
117730,2025-10-13,4
117730,2025-11-04,4
117730,2025-12-09,4
117730,2026-01-16,4
117730,2026-01-20,4
117730,2026-01-21,4
117730,2026-03-06,4
117730,2026-05-22,4
118990,2026-03-06,4
119500,2026-01-12,4
119830,2026-02-05,4
119830,2026-03-06,4
119830,2026-06-23,4
119850,2025-10-16,4
119850,2025-10-30,4
119850,2026-01-15,4
119850,2026-02-05,4
119850,2026-03-06,4
119850,2026-04-13,4
119850,2026-06-10,4
119850,2026-06-30,4
119850,2026-07-02,4
119850,2026-07-16,4
119850,2026-07-24,4
119850,2026-08-03,4
119850,2026-08-05,4
119850,2026-09-10,4
120110,2025-11-13,4
120110,2025-11-18,4
120110,2026-01-30,4
120110,2026-02-10,4
120110,2026-03-06,4
120110,2026-03-12,4
120110,2026-03-26,4
120110,2026-04-29,4
120110,2026-06-11,4
120110,2026-07-24,4
120110,2026-08-26,4
121600,2025-12-09,4
121600,2026-01-27,4
121600,2026-03-06,4
121600,2026-04-27,4
121600,2026-06-30,4
122350,2026-01-20,4
122350,2026-07-03,4
122350,2026-07-13,4
122350,2026-08-05,4
122350,2026-08-31,4
122640,2026-03-23,4
122640,2026-04-09,4
122640,2026-05-14,4
122640,2026-05-26,4
122640,2026-06-10,4
122640,2026-06-18,4
122640,2026-06-19,4
122640,2026-07-13,4
122640,2026-08-03,4
122640,2026-09-10,4
122690,2026-01-20,4
122870,2026-06-30,4
122870,2026-07-24,4
123010,2025-10-13,4
123010,2025-10-15,4
123010,2026-05-14,4
123010,2026-05-21,4
123040,2026-03-06,4
123330,2026-03-06,4
123330,2026-03-09,4
123330,2026-03-25,4
123330,2026-03-27,4
123330,2026-03-30,4
123330,2026-04-10,4
123330,2026-05-29,4
123330,2026-06-10,4
123330,2026-08-07,4
123330,2026-08-13,4
123330,2026-08-26,4
123410,2025-11-27,4
123410,2026-03-06,4
123690,2026-01-08,4
123690,2026-03-06,4
124500,2025-10-13,4
124500,2025-12-11,4
124500,2025-12-23,4
124500,2026-01-07,4
124500,2026-01-26,4
124500,2026-01-28,4
124500,2026-03-06,4
124500,2026-03-12,4
124500,2026-04-28,4
124500,2026-06-10,4
124500,2026-07-24,4
124500,2026-08-03,4
124500,2026-08-11,4
124500,2026-08-21,4
124500,2026-08-25,4
125020,2026-02-20,4
125020,2026-02-27,4
125020,2026-04-16,4
125020,2026-04-28,4
125020,2026-05-04,4
125020,2026-05-22,4
125020,2026-06-10,4
125020,2026-07-24,4
125210,2026-04-24,4
125210,2026-06-10,4
125490,2025-10-13,4
125490,2025-10-16,4
125490,2025-12-05,4
125490,2025-12-30,4
125490,2026-02-02,4
125490,2026-03-06,4
125490,2026-04-02,4
125490,2026-05-22,4
125490,2026-07-13,4
125490,2026-08-03,4
125490,2026-08-11,4
125490,2026-08-14,4
125490,2026-08-18,4
125490,2026-09-16,4
125490,2026-09-21,4
126340,2025-10-16,4
126340,2025-11-18,4
126340,2025-12-04,4
126340,2026-01-06,4
126340,2026-08-03,4
126340,2026-08-06,4
126340,2026-09-08,4
126340,2026-09-17,4
126640,2026-03-06,4
126640,2026-06-11,4
126640,2026-06-17,4
126640,2026-06-30,4
126640,2026-07-13,4
126640,2026-08-20,4
126700,2026-03-06,4
126730,2026-02-24,4
126730,2026-03-06,4
126730,2026-05-21,4
126730,2026-05-22,4
126730,2026-05-29,4
126730,2026-06-10,4
126730,2026-07-13,4
126730,2026-08-12,4
126730,2026-09-14,4
126730,2026-09-18,4
127120,2025-11-21,4
127120,2026-01-23,4
127120,2026-02-04,4
127120,2026-02-05,4
127120,2026-02-23,4
127120,2026-03-16,4
127120,2026-05-29,4
127120,2026-06-25,4
127120,2026-08-05,4
127120,2026-08-07,4
128660,2026-04-14,4
128820,2025-12-04,4
128820,2025-12-11,4
128820,2025-12-12,4
128820,2025-12-18,4
128820,2025-12-19,4
128820,2026-01-15,4
128820,2026-02-03,4
128820,2026-02-05,4
128820,2026-03-04,4
128820,2026-05-15,4
129920,2026-02-20,4
129920,2026-03-11,4
129920,2026-03-13,4
129920,2026-03-17,4
129920,2026-03-25,4
129920,2026-03-26,4
130660,2026-01-28,4
130660,2026-02-05,4
130660,2026-02-12,4
130660,2026-03-06,4
130660,2026-03-23,4
131030,2026-02-27,4
131030,2026-03-06,4
131030,2026-03-23,4
131030,2026-03-24,4
131030,2026-03-26,4
131030,2026-04-13,4
131030,2026-04-14,4
131290,2025-11-07,4
131290,2025-11-18,4
131290,2026-01-20,4
131290,2026-02-04,4
131400,2026-01-23,4
131400,2026-01-27,4
131760,2026-04-21,4
131760,2026-04-23,4
131760,2026-05-27,4
131970,2025-10-16,4
131970,2025-12-18,4
131970,2025-12-30,4
131970,2026-01-27,4
131970,2026-08-03,4
131970,2026-08-11,4
131970,2026-08-13,4
131970,2026-09-08,4
134580,2026-09-10,4
134580,2026-09-15,4
137400,2026-01-20,4
137400,2026-01-27,4
137400,2026-06-30,4
137400,2026-08-03,4
137950,2026-03-20,4
137950,2026-03-31,4
137950,2026-04-03,4
137950,2026-04-23,4
138080,2026-03-06,4
138080,2026-03-11,4
138080,2026-03-12,4
138080,2026-03-23,4
138080,2026-03-26,4
138080,2026-04-02,4
138080,2026-05-06,4
138080,2026-05-08,4
138080,2026-08-10,4
138080,2026-09-10,4
138360,2026-01-20,4
138360,2026-01-22,4
138360,2026-01-26,4
138360,2026-02-02,4
138360,2026-03-06,4
138360,2026-03-26,4
138360,2026-04-08,4
138360,2026-04-27,4
138360,2026-04-28,4
138610,2025-10-02,4
138610,2025-10-13,4
138610,2026-03-06,4
140410,2025-10-13,4
140410,2025-12-01,4
140410,2025-12-17,4
140410,2026-01-05,4
140410,2026-06-30,4
140410,2026-08-03,4
140410,2026-08-04,4
140410,2026-08-11,4
140430,2025-11-11,4
140430,2025-11-13,4
140430,2025-12-02,4
140430,2025-12-03,4
140430,2026-04-16,4
140670,2025-12-22,4
140670,2026-01-15,4
140670,2026-01-27,4
140670,2026-03-06,4
140670,2026-06-15,4
141000,2026-03-06,4
141080,2026-08-03,4
141080,2026-08-04,4
142210,2026-05-22,4
142210,2026-06-10,4
142210,2026-06-30,4
142280,2026-05-20,4
142280,2026-05-21,4
142280,2026-09-18,4
144960,2026-05-13,4
144960,2026-05-14,4
144960,2026-06-02,4
144960,2026-06-15,4
144960,2026-07-01,4
144960,2026-07-06,4
144960,2026-07-13,4
144960,2026-08-03,4
144960,2026-08-11,4
144960,2026-09-22,4
147760,2026-05-14,4
147760,2026-05-19,4
147760,2026-05-22,4
147760,2026-05-26,4
147760,2026-06-12,4
147830,2026-03-06,4
149950,2026-06-19,4
150900,2026-04-24,4
152550,2026-03-04,4
152550,2026-03-05,4
152550,2026-03-06,4
152550,2026-03-24,4
152550,2026-03-27,4
152550,2026-04-03,4
153890,2026-08-06,4
153890,2026-08-07,4
153890,2026-08-13,4
153890,2026-08-20,4
156100,2025-10-14,4
156100,2025-12-04,4
156100,2026-03-06,4
158430,2026-01-27,4
158430,2026-03-06,4
158430,2026-05-27,4
159010,2026-05-08,4
159010,2026-06-10,4
159010,2026-06-15,4
159010,2026-09-03,4
159010,2026-09-28,4
160190,2025-10-14,4
160190,2025-10-16,4
160190,2026-03-06,4
160190,2026-09-09,4
160190,2026-09-16,4
160980,2026-02-13,4
160980,2026-03-06,4
160980,2026-03-19,4
160980,2026-04-02,4
160980,2026-04-30,4
160980,2026-06-05,4
160980,2026-06-08,4
160980,2026-06-10,4
160980,2026-07-01,4
160980,2026-07-13,4
160980,2026-07-16,4
160980,2026-08-03,4
160980,2026-08-06,4
160980,2026-08-11,4
161000,2026-03-31,4
161000,2026-04-23,4
161000,2026-05-15,4
161000,2026-05-21,4
161390,2025-11-11,4
161390,2026-04-09,4
161390,2026-06-10,4
161390,2026-08-13,4
161580,2025-11-04,4
161580,2026-01-27,4
161580,2026-03-06,4
161580,2026-04-17,4
161580,2026-05-07,4
161580,2026-08-03,4
161580,2026-08-11,4
161580,2026-09-30,4
161890,2026-03-06,4
161890,2026-03-23,4
161890,2026-06-30,4
162300,2026-09-04,4
162300,2026-09-09,4
162300,2026-09-10,4
166090,2025-11-14,4
166090,2026-01-15,4
166090,2026-01-27,4
166090,2026-02-04,4
166090,2026-03-06,4
166090,2026-03-26,4
166090,2026-06-10,4
166090,2026-08-03,4
166090,2026-08-11,4
166480,2026-02-11,4
166480,2026-03-06,4
166480,2026-05-28,4
168360,2025-11-18,4
168360,2026-02-27,4
168360,2026-03-06,4
168360,2026-04-09,4
168360,2026-05-12,4
168360,2026-06-10,4
168360,2026-06-15,4
170920,2025-10-28,4
170920,2026-02-04,4
170920,2026-02-10,4
170920,2026-03-06,4
170920,2026-03-19,4
170920,2026-04-22,4
170920,2026-04-24,4
170920,2026-05-20,4
170920,2026-06-05,4
170920,2026-06-10,4
170920,2026-06-12,4
170920,2026-07-13,4
170920,2026-08-03,4
170920,2026-08-11,4
170920,2026-09-28,4
171090,2026-01-27,4
171090,2026-02-05,4
171090,2026-02-09,4
171090,2026-05-26,4
171090,2026-07-16,4
171090,2026-08-03,4
172670,2026-02-20,4
172670,2026-03-06,4
174900,2025-11-18,4
174900,2025-11-21,4
174900,2026-01-05,4
174900,2026-01-26,4
174900,2026-03-06,4
174900,2026-03-27,4
174900,2026-06-25,4
174900,2026-06-30,4
174900,2026-08-11,4
175330,2026-06-30,4
177900,2026-04-28,4
178320,2025-10-21,4
178320,2026-01-30,4
178320,2026-03-03,4
178320,2026-03-06,4
178320,2026-05-19,4
178320,2026-06-10,4
178320,2026-07-02,4
178320,2026-07-16,4
178320,2026-07-24,4
178320,2026-08-03,4
178320,2026-08-11,4
178320,2026-08-28,4
178320,2026-09-29,4
178920,2026-03-06,4
178920,2026-03-18,4
178920,2026-05-06,4
178920,2026-06-30,4
179900,2025-11-21,4
179900,2026-01-05,4
179900,2026-02-20,4
179900,2026-06-30,4
181710,2026-02-20,4
181710,2026-05-29,4
181710,2026-06-01,4
181710,2026-06-02,4
181710,2026-06-30,4
181710,2026-07-28,4
181710,2026-08-03,4
181710,2026-08-05,4
181710,2026-08-12,4
181710,2026-08-14,4
181710,2026-08-18,4
181710,2026-08-28,4
181710,2026-09-07,4
183300,2025-10-13,4
183300,2026-01-27,4
183300,2026-04-09,4
183300,2026-04-13,4
183300,2026-04-17,4
183300,2026-05-14,4
183300,2026-06-05,4
183300,2026-06-12,4
183300,2026-08-24,4
183300,2026-09-30,4
184230,2026-05-26,4
187660,2025-10-13,4
187660,2026-02-02,4
187660,2026-02-11,4
187660,2026-02-13,4
187660,2026-02-19,4
187660,2026-02-20,4
187660,2026-02-24,4
187660,2026-02-26,4
187660,2026-02-27,4
187660,2026-03-06,4
187660,2026-03-09,4
187660,2026-04-07,4
187660,2026-04-09,4
187660,2026-09-01,4
187660,2026-09-08,4
187660,2026-09-10,4
187660,2026-09-30,4
187790,2025-12-01,4
187790,2025-12-05,4
187790,2026-04-27,4
187790,2026-05-26,4
187870,2026-04-20,4
187870,2026-04-27,4
187870,2026-05-14,4
187870,2026-06-10,4
189300,2025-12-23,4
189300,2026-01-05,4
189300,2026-01-21,4
189300,2026-08-03,4
189300,2026-08-07,4
189300,2026-08-11,4
189330,2026-05-13,4
189330,2026-06-01,4
189330,2026-06-30,4
189330,2026-07-02,4
189330,2026-08-05,4
189330,2026-08-10,4
189330,2026-08-11,4
189330,2026-08-12,4
189330,2026-08-14,4
189860,2026-05-06,4
189860,2026-05-07,4
190510,2026-01-07,4
190510,2026-03-06,4
191410,2025-12-18,4
191410,2025-12-24,4
191410,2026-01-19,4
191410,2026-02-03,4
192080,2026-04-29,4
192650,2026-06-30,4
194480,2026-02-24,4
194480,2026-03-06,4
194480,2026-03-26,4
195870,2025-10-02,4
195870,2025-10-13,4
195870,2025-12-18,4
195870,2026-03-19,4
195870,2026-03-26,4
195870,2026-04-02,4
195870,2026-05-08,4
195870,2026-06-10,4
195870,2026-06-23,4
195870,2026-08-03,4
195870,2026-09-17,4
195940,2026-03-06,4
195940,2026-04-16,4
195990,2025-11-13,4
195990,2025-11-14,4
198440,2026-07-02,4
198440,2026-07-08,4
198440,2026-07-13,4
198440,2026-07-31,4
198940,2026-06-16,4
198940,2026-06-19,4
199430,2025-10-13,4
199430,2025-10-14,4
199430,2025-10-16,4
199430,2025-11-04,4
199430,2026-01-15,4
199430,2026-01-22,4
199430,2026-02-20,4
199430,2026-03-06,4
199430,2026-08-04,4
199430,2026-08-12,4
199430,2026-08-26,4
199430,2026-09-01,4
199430,2026-09-07,4
199430,2026-09-16,4
199800,2025-10-10,4
199800,2025-10-13,4
199800,2025-11-07,4
199800,2026-04-17,4
199800,2026-06-18,4
199800,2026-06-25,4
199820,2026-03-06,4
199820,2026-03-19,4
199820,2026-04-30,4
199820,2026-05-06,4
200470,2025-10-16,4
200470,2026-01-29,4
200470,2026-03-06,4
200470,2026-03-23,4
200470,2026-04-27,4
200470,2026-06-10,4
200470,2026-08-03,4
200470,2026-08-06,4
200470,2026-08-11,4
200670,2026-03-06,4
200710,2025-11-18,4
200710,2025-12-01,4
200710,2025-12-29,4
200710,2026-02-10,4
200710,2026-02-20,4
200710,2026-03-06,4
200710,2026-03-12,4
200710,2026-03-25,4
200710,2026-04-06,4
200710,2026-05-22,4
200710,2026-06-10,4
200710,2026-07-06,4
200710,2026-08-03,4
200880,2026-03-06,4
201490,2026-01-27,4
201490,2026-01-30,4
201490,2026-03-06,4
201490,2026-09-15,4
201490,2026-09-17,4
201490,2026-09-18,4
203400,2025-12-02,4
203400,2025-12-03,4
203400,2025-12-30,4
203400,2026-03-06,4
203650,2026-04-16,4
203650,2026-04-17,4
203650,2026-04-21,4
203650,2026-05-07,4
203650,2026-05-27,4
203650,2026-08-03,4
203650,2026-08-06,4
204270,2025-10-16,4
204270,2026-01-23,4
204270,2026-02-10,4
204270,2026-02-24,4
204270,2026-03-06,4
204270,2026-05-07,4
204270,2026-05-19,4
204270,2026-06-22,4
204270,2026-06-23,4
204270,2026-08-03,4
204270,2026-08-04,4
204270,2026-08-13,4
204270,2026-08-26,4
204320,2026-03-06,4
204320,2026-06-15,4
204320,2026-06-17,4
204320,2026-08-03,4
204620,2025-11-21,4
204620,2026-05-15,4
204620,2026-07-02,4
204620,2026-08-31,4
206650,2026-02-25,4
208340,2026-01-23,4
208370,2025-12-11,4
208370,2025-12-23,4
208370,2026-01-12,4
208370,2026-03-06,4
208710,2025-10-15,4
208710,2025-10-16,4
208710,2026-04-23,4
209640,2025-12-09,4
209640,2026-02-10,4
209640,2026-02-11,4
209640,2026-03-06,4
209640,2026-03-18,4
209640,2026-04-20,4
209640,2026-04-27,4
209640,2026-04-28,4
209640,2026-05-22,4
209640,2026-06-26,4
210120,2025-11-25,4
211270,2026-01-09,4
211270,2026-01-21,4
211270,2026-05-19,4
212560,2026-01-05,4
212560,2026-01-20,4
212560,2026-05-22,4
212560,2026-09-08,4
212710,2025-10-13,4
212710,2026-03-06,4
213420,2026-02-10,4
213420,2026-03-06,4
213420,2026-03-23,4
213420,2026-04-13,4
213420,2026-06-30,4
213420,2026-07-16,4
213420,2026-08-03,4
213420,2026-08-11,4
214150,2025-10-27,4
214150,2025-11-12,4
214150,2026-03-06,4
214150,2026-08-03,4
214180,2026-02-10,4
214180,2026-02-13,4
214180,2026-03-06,4
214370,2025-10-28,4
214370,2025-11-24,4
214370,2025-12-01,4
214370,2025-12-30,4
214370,2026-06-10,4
214370,2026-07-02,4
214370,2026-08-03,4
214390,2026-03-26,4
214430,2025-11-20,4
214430,2026-01-21,4
214430,2026-04-06,4
214430,2026-06-30,4
215100,2025-10-21,4
215100,2025-10-27,4
215100,2026-01-22,4
215100,2026-01-23,4
215100,2026-03-06,4
215600,2026-01-30,4
215600,2026-03-06,4
215790,2026-04-02,4
215790,2026-04-06,4
215790,2026-04-07,4
215790,2026-04-09,4
215790,2026-04-10,4
215790,2026-04-13,4
215790,2026-04-16,4
215790,2026-04-28,4
215790,2026-05-12,4
215790,2026-05-13,4
215790,2026-05-21,4
215790,2026-06-05,4
215790,2026-06-10,4
216080,2026-01-30,4
216080,2026-03-06,4
217330,2025-12-22,4
217330,2025-12-23,4
217330,2025-12-26,4
217500,2026-01-20,4
217500,2026-01-21,4
217500,2026-03-06,4
217590,2026-01-21,4
217590,2026-02-05,4
217590,2026-03-06,4
217590,2026-03-13,4
217590,2026-03-18,4
217590,2026-03-23,4
217590,2026-03-24,4
217590,2026-04-13,4
217590,2026-04-14,4
217590,2026-05-20,4
217590,2026-06-11,4
217590,2026-07-13,4
217590,2026-07-16,4
217590,2026-08-03,4
217590,2026-08-05,4
217590,2026-08-06,4
217590,2026-09-15,4
217730,2026-04-02,4
217730,2026-04-13,4
218410,2025-10-30,4
218410,2026-02-20,4
218410,2026-03-06,4
218410,2026-03-11,4
218410,2026-03-12,4
218410,2026-03-26,4
218410,2026-04-02,4
218410,2026-04-13,4
218410,2026-08-03,4
219130,2026-03-06,4
219130,2026-03-13,4
219130,2026-06-10,4
219130,2026-06-12,4
219130,2026-07-02,4
219130,2026-08-03,4
219130,2026-08-06,4
219130,2026-09-10,4
220100,2025-11-13,4
220100,2026-03-06,4
220260,2025-12-09,4
220260,2025-12-18,4
221800,2025-11-12,4
221800,2025-11-19,4
221800,2026-02-11,4
221800,2026-02-12,4
221800,2026-02-13,4
221800,2026-02-19,4
221800,2026-02-23,4
221800,2026-02-24,4
221800,2026-02-26,4
221800,2026-03-11,4
221800,2026-03-31,4
221800,2026-04-02,4
221800,2026-04-24,4
221800,2026-04-27,4
222040,2026-05-20,4
222080,2026-01-27,4
222080,2026-02-05,4
222080,2026-02-20,4
222080,2026-02-25,4
222080,2026-03-06,4
222080,2026-03-09,4
222080,2026-04-22,4
222080,2026-06-30,4
222080,2026-08-03,4
222420,2026-01-30,4
222800,2025-10-24,4
222800,2026-03-06,4
222800,2026-03-26,4
222800,2026-04-09,4
222800,2026-04-16,4
222800,2026-04-17,4
222800,2026-08-03,4
223250,2025-12-19,4
223250,2026-02-04,4
223250,2026-05-27,4
224060,2026-09-29,4
225190,2025-10-31,4
225190,2025-12-23,4
225190,2026-02-04,4
225190,2026-02-05,4
225190,2026-02-09,4
225190,2026-03-06,4
225190,2026-04-15,4
225190,2026-09-01,4
225430,2026-04-02,4
225430,2026-05-21,4
225430,2026-06-04,4
226340,2026-08-27,4
226590,2026-02-04,4
226590,2026-02-24,4
226590,2026-02-27,4
226590,2026-03-06,4
226590,2026-03-19,4
226590,2026-04-09,4
227950,2026-03-06,4
228340,2026-07-07,4
228340,2026-07-09,4
228340,2026-07-24,4
228340,2026-07-31,4
228340,2026-08-21,4
228340,2026-09-03,4
228670,2026-04-16,4
228670,2026-04-29,4
228670,2026-04-30,4
228670,2026-05-15,4
228760,2026-01-28,4
228760,2026-03-06,4
229000,2026-02-25,4
229000,2026-02-26,4
229000,2026-02-27,4
229000,2026-03-03,4
229000,2026-03-06,4
229000,2026-05-28,4
229000,2026-06-18,4
229640,2026-03-06,4
229640,2026-03-13,4
229640,2026-04-30,4
229640,2026-05-22,4
229640,2026-07-02,4
229640,2026-07-24,4
229640,2026-08-03,4
229640,2026-08-06,4
229640,2026-08-28,4
229640,2026-09-28,4
230240,2025-11-11,4
230240,2026-02-27,4
230240,2026-03-06,4
230240,2026-03-12,4
230240,2026-03-13,4
230240,2026-03-26,4
230240,2026-04-02,4
230240,2026-04-13,4
230240,2026-04-30,4
230240,2026-05-06,4
230240,2026-06-01,4
230240,2026-07-13,4
232140,2026-02-10,4
232140,2026-03-06,4
232140,2026-04-13,4
232140,2026-05-22,4
232140,2026-06-10,4
232140,2026-08-03,4
232140,2026-08-11,4
232140,2026-08-26,4
232140,2026-09-22,4
232680,2026-01-29,4
232680,2026-01-30,4
232680,2026-03-06,4
232680,2026-05-22,4
232680,2026-05-28,4
232680,2026-06-10,4
234030,2025-11-04,4
234030,2025-11-10,4
234030,2026-01-12,4
234030,2026-03-06,4
234340,2026-01-26,4
234340,2026-01-27,4
234340,2026-02-10,4
234340,2026-02-27,4
234340,2026-03-06,4
234340,2026-04-16,4
234340,2026-08-03,4
234340,2026-08-11,4
234340,2026-08-21,4
234340,2026-08-26,4
234340,2026-09-07,4
234690,2026-03-26,4
234690,2026-04-20,4
235980,2025-11-20,4
235980,2026-02-10,4
236200,2026-03-06,4
240810,2025-10-10,4
240810,2025-10-30,4
240810,2025-12-23,4
240810,2026-01-05,4
240810,2026-01-27,4
240810,2026-08-03,4
240810,2026-08-11,4
241520,2025-10-28,4
241520,2026-02-11,4
241520,2026-02-20,4
241520,2026-02-24,4
241520,2026-03-06,4
241560,2025-10-30,4
241560,2026-02-04,4
241560,2026-03-06,4
241710,2025-11-10,4
241710,2025-12-01,4
241710,2025-12-17,4
241710,2026-01-21,4
241710,2026-05-12,4
241710,2026-06-30,4
241710,2026-07-02,4
241710,2026-07-24,4
241710,2026-07-28,4
241710,2026-08-05,4
241710,2026-08-07,4
242040,2026-01-22,4
242040,2026-02-11,4
242040,2026-02-26,4
242040,2026-02-27,4
242040,2026-03-06,4
242040,2026-03-09,4
242040,2026-03-17,4
242040,2026-04-09,4
242040,2026-05-27,4
242040,2026-06-01,4
242040,2026-06-08,4
243070,2026-05-20,4
243070,2026-06-10,4
246690,2026-07-24,4
246710,2025-12-11,4
246710,2025-12-23,4
246710,2026-01-06,4
246710,2026-01-07,4
246710,2026-02-04,4
249420,2025-11-04,4
249420,2025-11-07,4
249420,2025-12-12,4
249420,2026-01-08,4
249420,2026-03-06,4
250060,2025-12-22,4
250060,2026-01-14,4
250060,2026-01-20,4
250060,2026-01-21,4
250060,2026-01-22,4
250060,2026-02-12,4
250060,2026-02-13,4
250060,2026-03-06,4
250060,2026-03-11,4
250060,2026-04-16,4
251270,2026-03-09,4
251370,2025-11-07,4
251370,2026-03-06,4
251370,2026-04-09,4
251370,2026-05-06,4
251970,2026-07-28,4
251970,2026-08-13,4
251970,2026-09-15,4
252990,2026-01-28,4
252990,2026-04-09,4
252990,2026-04-20,4
252990,2026-06-10,4
252990,2026-07-16,4
252990,2026-08-03,4
252990,2026-08-11,4
252990,2026-09-14,4
252990,2026-09-30,4
253590,2026-01-29,4
253590,2026-02-04,4
253590,2026-03-06,4
253590,2026-03-09,4
253590,2026-04-09,4
253590,2026-06-10,4
253590,2026-08-03,4
253590,2026-08-26,4
253840,2025-11-17,4
253840,2026-05-11,4
253840,2026-05-21,4
254490,2026-02-04,4
254490,2026-03-06,4
254490,2026-05-06,4
254490,2026-05-12,4
255220,2025-12-15,4
255220,2026-01-29,4
255220,2026-02-04,4
255220,2026-03-06,4
255440,2026-08-06,4
255440,2026-08-19,4
256840,2025-11-05,4
256840,2026-01-06,4
256840,2026-03-06,4
256840,2026-09-29,4
257720,2026-01-21,4
257720,2026-01-22,4
257720,2026-03-06,4
257720,2026-06-30,4
257720,2026-07-02,4
257720,2026-07-28,4
257720,2026-08-05,4
257720,2026-08-31,4
259630,2025-10-15,4
259630,2025-10-23,4
259630,2026-03-06,4
259630,2026-04-22,4
261520,2026-02-13,4
261520,2026-03-06,4
261520,2026-03-13,4
261780,2026-03-24,4
261780,2026-05-15,4
261780,2026-05-28,4
262260,2026-05-13,4
263750,2025-11-13,4
263750,2026-02-20,4
263750,2026-03-09,4
263750,2026-03-26,4
263750,2026-03-30,4
263750,2026-03-31,4
263750,2026-07-28,4
263800,2025-10-30,4
263800,2026-07-22,4
263800,2026-08-03,4
263800,2026-08-12,4
264450,2026-03-26,4
264450,2026-04-09,4
264660,2026-03-06,4
264660,2026-04-28,4
264660,2026-06-10,4
264850,2025-12-23,4
264850,2026-07-28,4
264850,2026-08-06,4
265520,2026-03-06,4
265520,2026-05-11,4
265520,2026-06-10,4
265740,2026-03-09,4
265740,2026-03-23,4
265740,2026-08-31,4
265740,2026-09-21,4
267320,2025-10-16,4
267320,2026-02-11,4
267320,2026-03-06,4
270660,2025-10-21,4
270660,2026-01-16,4
270660,2026-03-06,4
271830,2026-06-09,4
272110,2025-11-18,4
272110,2026-02-10,4
272110,2026-03-06,4
272110,2026-04-29,4
272110,2026-06-10,4
272210,2025-12-15,4
272210,2026-01-12,4
272210,2026-01-14,4
272210,2026-08-03,4
272290,2026-02-10,4
272290,2026-03-06,4
272290,2026-04-09,4
274090,2025-12-26,4
274090,2026-01-06,4
274090,2026-01-21,4
274090,2026-01-30,4
274090,2026-03-06,4
274090,2026-03-26,4
274090,2026-05-19,4
274090,2026-05-27,4
278280,2025-10-27,4
278280,2025-10-28,4
278280,2026-01-27,4
278280,2026-03-30,4
278280,2026-04-14,4
278280,2026-06-30,4
278650,2025-11-14,4
279570,2026-07-20,4
281740,2026-01-20,4
281740,2026-01-23,4
281740,2026-01-27,4
281740,2026-02-05,4
281740,2026-08-03,4
281740,2026-08-11,4
281820,2025-11-18,4
281820,2026-02-02,4
281820,2026-02-04,4
281820,2026-03-06,4
281820,2026-03-26,4
281820,2026-06-05,4
281820,2026-06-10,4
281820,2026-06-12,4
281820,2026-07-13,4
281820,2026-08-03,4
281820,2026-08-11,4
281820,2026-09-28,4
282720,2026-03-11,4
282720,2026-03-13,4
282720,2026-03-31,4
282880,2026-01-16,4
285130,2025-12-16,4
285130,2026-03-06,4
285490,2026-01-20,4
285490,2026-01-30,4
285800,2026-04-07,4
285800,2026-04-14,4
287840,2025-10-21,4
287840,2026-01-06,4
287840,2026-03-06,4
289080,2026-03-06,4
289080,2026-03-30,4
289930,2026-02-10,4
289930,2026-03-06,4
290550,2026-02-05,4
290550,2026-02-10,4
290550,2026-02-24,4
290550,2026-03-06,4
290550,2026-03-09,4
290550,2026-03-11,4
290550,2026-03-12,4
290550,2026-05-11,4
290550,2026-06-23,4
290550,2026-06-30,4
290550,2026-07-13,4
290550,2026-07-16,4
290550,2026-08-03,4
290550,2026-09-07,4
290550,2026-09-16,4
290650,2026-01-27,4
290650,2026-01-29,4
290650,2026-02-02,4
290650,2026-03-06,4
290650,2026-04-13,4
290650,2026-06-12,4
290650,2026-06-25,4
290650,2026-08-05,4
290660,2026-02-25,4
290660,2026-03-06,4
290660,2026-03-11,4
290660,2026-03-25,4
290660,2026-06-25,4
290690,2026-06-25,4
290690,2026-07-10,4
290740,2025-12-30,4
290740,2026-01-08,4
290740,2026-02-04,4
290740,2026-03-03,4
290740,2026-03-11,4
290740,2026-03-12,4
293490,2026-06-30,4
293580,2026-03-06,4
293580,2026-04-29,4
294570,2026-03-06,4
294630,2026-02-12,4
294630,2026-02-13,4
294630,2026-03-06,4
294870,2026-04-09,4
294870,2026-06-30,4
294870,2026-07-21,4
295310,2025-11-04,4
295310,2025-12-16,4
295310,2025-12-19,4
295310,2025-12-23,4
295310,2025-12-30,4
295310,2026-01-21,4
295310,2026-01-30,4
295310,2026-03-06,4
295310,2026-03-11,4
295310,2026-04-02,4
295310,2026-08-03,4
295310,2026-08-05,4
295310,2026-08-11,4
295310,2026-09-07,4
297090,2026-03-06,4
297090,2026-03-09,4
298000,2026-06-18,4
298000,2026-07-08,4
298380,2026-06-25,4
298380,2026-07-24,4
298380,2026-08-03,4
298380,2026-08-05,4
298830,2025-12-09,4
298830,2026-01-08,4
298830,2026-01-23,4
298830,2026-03-06,4
298830,2026-04-09,4
299170,2025-11-25,4
299170,2025-12-15,4
299170,2026-01-02,4
299170,2026-01-12,4
299170,2026-03-06,4
299660,2026-05-11,4
299660,2026-05-21,4
299660,2026-08-21,4
299660,2026-08-25,4
299660,2026-09-01,4
299660,2026-09-23,4
300080,2025-10-29,4
302430,2026-09-09,4
302430,2026-09-10,4
302440,2025-10-28,4
302440,2025-11-05,4
302550,2026-03-06,4
303810,2026-09-29,4
304100,2026-03-06,4
304100,2026-08-11,4
304360,2025-10-24,4
304360,2025-11-14,4
304360,2026-02-10,4
304360,2026-03-06,4
306040,2026-01-19,4
306040,2026-01-20,4
306040,2026-02-02,4
306040,2026-03-06,4
306040,2026-03-12,4
306620,2026-03-06,4
306620,2026-04-13,4
306620,2026-05-22,4
306620,2026-06-22,4
307180,2026-01-06,4
307180,2026-02-13,4
307180,2026-02-26,4
307180,2026-02-27,4
307180,2026-03-06,4
307180,2026-03-12,4
307180,2026-03-18,4
307180,2026-03-19,4
307180,2026-04-23,4
307180,2026-05-06,4
307180,2026-05-13,4
307180,2026-05-22,4
307750,2026-03-18,4
307930,2026-03-06,4
307930,2026-05-06,4
308080,2025-12-05,4
308080,2025-12-10,4
308080,2025-12-11,4
308080,2025-12-18,4
308080,2026-02-26,4
308080,2026-03-06,4
308080,2026-04-27,4
308080,2026-05-27,4
308430,2026-01-16,4
308430,2026-01-30,4
308430,2026-02-10,4
308430,2026-02-11,4
308430,2026-02-20,4
308430,2026-03-23,4
309710,2025-10-21,4
309710,2025-11-05,4
309710,2025-11-21,4
309710,2025-12-01,4
309710,2025-12-02,4
309710,2025-12-04,4
309710,2026-02-26,4
309710,2026-03-06,4
309710,2026-03-09,4
309710,2026-03-10,4
309960,2026-03-06,4
314130,2025-12-04,4
314130,2025-12-08,4
314130,2025-12-15,4
314130,2025-12-22,4
314130,2025-12-30,4
314130,2026-02-13,4
314130,2026-03-12,4
314130,2026-04-30,4
314130,2026-06-10,4
314930,2026-03-06,4
316140,2026-07-28,4
317120,2026-04-21,4
317240,2026-01-13,4
317240,2026-01-19,4
317330,2026-02-04,4
317330,2026-03-06,4
317330,2026-04-17,4
317330,2026-05-08,4
317330,2026-06-10,4
317400,2026-08-03,4
317400,2026-08-14,4
317400,2026-08-20,4
317400,2026-09-14,4
317770,2026-02-13,4
317770,2026-03-06,4
317830,2025-12-09,4
317830,2025-12-26,4
317830,2025-12-30,4
317830,2026-03-06,4
318060,2025-10-28,4
318060,2025-11-10,4
318060,2025-11-27,4
318060,2025-12-26,4
318060,2026-01-05,4
318060,2026-01-13,4
318060,2026-01-27,4
318060,2026-02-02,4
318060,2026-03-19,4
318060,2026-06-10,4
318060,2026-06-30,4
319400,2025-10-15,4
319400,2025-10-16,4
319400,2025-12-09,4
319400,2025-12-15,4
319400,2025-12-23,4
319400,2026-01-05,4
319400,2026-01-20,4
319400,2026-01-21,4
319400,2026-01-23,4
319400,2026-02-25,4
319400,2026-03-06,4
319400,2026-03-12,4
319400,2026-04-09,4
319400,2026-05-11,4
319400,2026-05-22,4
319400,2026-06-12,4
319400,2026-07-28,4
319400,2026-07-30,4
319400,2026-08-04,4
319660,2025-12-18,4
319660,2026-01-06,4
319660,2026-02-02,4
319660,2026-02-04,4
319660,2026-02-20,4
319660,2026-02-27,4
319660,2026-03-06,4
319660,2026-03-17,4
319660,2026-04-09,4
319660,2026-04-16,4
320000,2026-05-27,4
320000,2026-06-04,4
320000,2026-06-19,4
320000,2026-06-22,4
320000,2026-06-23,4
320000,2026-07-21,4
321260,2026-04-08,4
321260,2026-04-20,4
321260,2026-05-06,4
321260,2026-05-11,4
321260,2026-05-12,4
321260,2026-05-27,4
321260,2026-06-12,4
321370,2026-01-06,4
321370,2026-01-20,4
321370,2026-01-21,4
321370,2026-01-23,4
321370,2026-03-06,4
321370,2026-03-09,4
321370,2026-03-12,4
321370,2026-03-17,4
321370,2026-04-02,4
321370,2026-05-06,4
321370,2026-05-19,4
321370,2026-06-05,4
321370,2026-08-20,4
321370,2026-09-17,4
321370,2026-09-18,4
321370,2026-09-21,4
321550,2026-03-23,4
321550,2026-03-24,4
321550,2026-04-02,4
321550,2026-04-24,4
322000,2025-10-28,4
322000,2025-11-04,4
322000,2026-01-14,4
322000,2026-02-05,4
322000,2026-02-06,4
322000,2026-02-20,4
322000,2026-03-06,4
322180,2025-11-13,4
322180,2026-01-05,4
322310,2026-02-27,4
322310,2026-03-06,4
322310,2026-03-13,4
322310,2026-03-25,4
322310,2026-04-09,4
322310,2026-05-06,4
322310,2026-06-10,4
322310,2026-06-30,4
322510,2026-01-05,4
322510,2026-03-06,4
322510,2026-03-16,4
323280,2025-11-05,4
323280,2025-11-12,4
323280,2025-12-12,4
323280,2026-01-29,4
323280,2026-03-03,4
323280,2026-03-06,4
323280,2026-04-28,4
323280,2026-06-23,4
323280,2026-07-13,4
323280,2026-08-03,4
323280,2026-08-04,4
323280,2026-08-11,4
323280,2026-08-12,4
323280,2026-09-30,4
323350,2026-01-23,4
323350,2026-02-05,4
323350,2026-02-10,4
323350,2026-02-20,4
323350,2026-02-23,4
323350,2026-03-23,4
323350,2026-04-02,4
323350,2026-04-13,4
323350,2026-05-18,4
323410,2026-03-06,4
323410,2026-06-10,4
323410,2026-06-30,4
327260,2025-10-16,4
327260,2025-10-24,4
327260,2025-11-26,4
327260,2025-12-23,4
327260,2026-02-23,4
327260,2026-03-04,4
327260,2026-03-06,4
327260,2026-03-11,4
327260,2026-03-12,4
327260,2026-03-23,4
327260,2026-04-13,4
327260,2026-05-06,4
327260,2026-07-13,4
327260,2026-08-03,4
327260,2026-08-05,4
327260,2026-08-11,4
327260,2026-09-10,4
328130,2026-01-27,4
328130,2026-02-10,4
328130,2026-03-06,4
328130,2026-04-02,4
328130,2026-04-30,4
328130,2026-05-26,4
328130,2026-06-30,4
328130,2026-09-22,4
328130,2026-09-29,4
330350,2026-02-26,4
330350,2026-03-06,4
330350,2026-06-22,4
330860,2026-03-06,4
330860,2026-03-26,4
330860,2026-04-27,4
330860,2026-05-12,4
330860,2026-05-14,4
330860,2026-05-27,4
330860,2026-06-05,4
330860,2026-06-10,4
330860,2026-06-16,4
330860,2026-07-13,4
330860,2026-08-03,4
330860,2026-08-06,4
330860,2026-08-11,4
330860,2026-09-30,4
331740,2025-12-18,4
331740,2026-02-12,4
331740,2026-03-11,4
331920,2026-04-01,4
331920,2026-04-20,4
331920,2026-05-19,4
332570,2026-03-06,4
332570,2026-04-14,4
332570,2026-05-06,4
332570,2026-05-14,4
332570,2026-07-09,4
332570,2026-07-22,4
332570,2026-08-03,4
332570,2026-08-14,4
332570,2026-08-21,4
333430,2026-07-31,4
333430,2026-08-03,4
336260,2025-10-29,4
336260,2026-01-14,4
336260,2026-03-06,4
336260,2026-03-19,4
336260,2026-04-15,4
336260,2026-05-07,4
336260,2026-05-26,4
336260,2026-07-13,4
336260,2026-08-03,4
336260,2026-08-06,4
336260,2026-08-11,4
336260,2026-08-27,4
336260,2026-09-16,4
336370,2025-11-13,4
336370,2026-03-06,4
336370,2026-04-22,4
336370,2026-06-01,4
336570,2026-03-06,4
336570,2026-05-11,4
336570,2026-05-22,4
336570,2026-06-05,4
336570,2026-06-30,4
337930,2026-03-06,4
338840,2026-01-08,4
338840,2026-01-27,4
338840,2026-03-06,4
338840,2026-03-17,4
340440,2026-03-27,4
340440,2026-04-03,4
340440,2026-04-07,4
340440,2026-04-14,4
340810,2026-01-28,4
340930,2025-10-28,4
340930,2025-10-29,4
340930,2025-11-05,4
340930,2025-11-13,4
340930,2025-12-05,4
340930,2026-01-06,4
340930,2026-01-08,4
340930,2026-01-23,4
340930,2026-01-26,4
340930,2026-01-30,4
347700,2025-12-15,4
347700,2026-01-05,4
347700,2026-02-09,4
347700,2026-02-19,4
347700,2026-03-06,4
347700,2026-03-27,4
347700,2026-04-15,4
347700,2026-06-12,4
347700,2026-06-25,4
347700,2026-06-30,4
347700,2026-07-02,4
347700,2026-07-13,4
347700,2026-08-03,4
347700,2026-08-05,4
347700,2026-08-11,4
347700,2026-09-18,4
347850,2025-10-28,4
347850,2025-11-03,4
347850,2025-11-14,4
347850,2026-01-27,4
347850,2026-03-06,4
347850,2026-03-16,4
347850,2026-04-13,4
347850,2026-05-27,4
347850,2026-05-28,4
347850,2026-06-10,4
347850,2026-06-30,4
347850,2026-07-08,4
347850,2026-07-24,4
347850,2026-08-03,4
347850,2026-08-04,4
347850,2026-08-11,4
348210,2025-10-21,4
348210,2025-11-28,4
348210,2025-12-03,4
348210,2026-01-27,4
348210,2026-02-27,4
348210,2026-03-06,4
348210,2026-04-09,4
348210,2026-08-03,4
348210,2026-08-11,4
348340,2025-11-03,4
348340,2026-01-14,4
348340,2026-01-15,4
348340,2026-01-19,4
348340,2026-01-21,4
348340,2026-01-22,4
348340,2026-02-06,4
348340,2026-03-06,4
348340,2026-05-22,4
348340,2026-08-18,4
348370,2025-12-01,4
348370,2026-01-27,4
348370,2026-01-29,4
348370,2026-02-10,4
348370,2026-03-26,4
348370,2026-03-27,4
348370,2026-04-22,4
348370,2026-06-30,4
348370,2026-08-03,4
348370,2026-08-10,4
348370,2026-08-28,4
348370,2026-09-10,4
351320,2026-09-10,4
351330,2025-10-21,4
353200,2025-10-13,4
353200,2025-11-18,4
353200,2026-02-02,4
353200,2026-03-06,4
353200,2026-03-19,4
353200,2026-03-23,4
353200,2026-03-26,4
353200,2026-04-09,4
353200,2026-08-03,4
354200,2026-03-06,4
354320,2026-01-12,4
354320,2026-01-14,4
354320,2026-03-06,4
354320,2026-03-11,4
354320,2026-03-26,4
354320,2026-04-02,4
354320,2026-04-14,4
354320,2026-07-13,4
354320,2026-09-23,4
355150,2026-02-27,4
355150,2026-03-13,4
355150,2026-03-16,4
355150,2026-04-06,4
355150,2026-04-24,4
355150,2026-05-04,4
355150,2026-05-19,4
356680,2025-10-24,4
356680,2026-04-16,4
356680,2026-04-17,4
356680,2026-05-07,4
356680,2026-05-14,4
356680,2026-05-20,4
356680,2026-05-26,4
356680,2026-05-27,4
356680,2026-06-24,4
356680,2026-07-13,4
356680,2026-08-03,4
356680,2026-08-11,4
356680,2026-09-14,4
356860,2025-10-16,4
356860,2025-11-12,4
356860,2025-11-18,4
356860,2025-12-18,4
356860,2026-03-06,4
356860,2026-03-19,4
356860,2026-03-20,4
356860,2026-04-02,4
356860,2026-04-10,4
356860,2026-05-14,4
356860,2026-06-05,4
356860,2026-06-10,4
356860,2026-07-06,4
356860,2026-07-16,4
356860,2026-08-03,4
356860,2026-08-19,4
356860,2026-08-25,4
356860,2026-09-23,4
356890,2025-10-22,4
356890,2025-10-23,4
356890,2025-12-02,4
357580,2026-02-12,4
357580,2026-02-25,4
357580,2026-02-27,4
357580,2026-03-12,4
357580,2026-03-13,4
357580,2026-04-02,4
357580,2026-04-13,4
357880,2026-02-25,4
357880,2026-03-06,4
357880,2026-03-13,4
357880,2026-03-16,4
357880,2026-04-09,4
357880,2026-05-20,4
357880,2026-06-30,4
358570,2026-01-26,4
358570,2026-01-27,4
358570,2026-02-10,4
358570,2026-03-06,4
358570,2026-05-26,4
358570,2026-06-10,4
358570,2026-06-12,4
358570,2026-06-18,4
358570,2026-06-30,4
358570,2026-07-24,4
358570,2026-08-03,4
358570,2026-08-05,4
358570,2026-08-11,4
358570,2026-09-08,4
361390,2026-01-21,4
361390,2026-03-06,4
361390,2026-03-27,4
361610,2026-03-06,4
361610,2026-06-12,4
361610,2026-06-30,4
361610,2026-09-10,4
364950,2025-10-17,4
365270,2026-02-02,4
365270,2026-02-04,4
365270,2026-02-23,4
365270,2026-03-06,4
365270,2026-06-16,4
365270,2026-06-30,4
365330,2026-02-04,4
365340,2026-01-23,4
365340,2026-01-27,4
365340,2026-03-06,4
365340,2026-03-26,4
365340,2026-04-20,4
365340,2026-04-30,4
368770,2026-01-05,4
368770,2026-01-21,4
368770,2026-01-22,4
368770,2026-03-13,4
368770,2026-03-25,4
368770,2026-04-02,4
370090,2025-12-26,4
371950,2026-03-06,4
371950,2026-03-16,4
372320,2026-01-08,4
372320,2026-02-04,4
372320,2026-03-06,4
372320,2026-03-23,4
372320,2026-03-26,4
375500,2026-03-06,4
375500,2026-03-19,4
375500,2026-03-23,4
375500,2026-04-09,4
375500,2026-06-30,4
375500,2026-07-24,4
375500,2026-08-03,4
376270,2026-01-28,4
376300,2025-12-17,4
376300,2026-03-06,4
376900,2025-10-02,4
376900,2025-10-13,4
376900,2025-10-17,4
376900,2025-10-23,4
376900,2025-11-14,4
376900,2025-11-18,4
376900,2025-11-21,4
376900,2025-12-03,4
376900,2026-01-19,4
376900,2026-01-27,4
376900,2026-02-12,4
376900,2026-03-04,4
376900,2026-03-12,4
376900,2026-05-27,4
376900,2026-06-25,4
376900,2026-07-15,4
376900,2026-07-16,4
376900,2026-07-21,4
376900,2026-08-03,4
376900,2026-08-11,4
376930,2025-11-13,4
377300,2026-01-26,4
377300,2026-03-06,4
377300,2026-04-09,4
377480,2026-06-05,4
378340,2026-01-27,4
380540,2026-01-05,4
380540,2026-01-19,4
380540,2026-01-20,4
380540,2026-01-21,4
380540,2026-03-06,4
380540,2026-03-11,4
380540,2026-03-13,4
380550,2025-12-01,4
380550,2026-02-02,4
380550,2026-02-03,4
380550,2026-03-06,4
380550,2026-04-10,4
381620,2025-10-21,4
381620,2025-10-23,4
381620,2025-11-03,4
381620,2025-11-14,4
381620,2026-03-06,4
381620,2026-05-27,4
382150,2025-11-13,4
382150,2025-11-20,4
382150,2025-12-02,4
382150,2026-03-06,4
382150,2026-04-06,4
382150,2026-04-21,4
382480,2026-03-06,4
382800,2026-03-06,4
382800,2026-03-30,4
382800,2026-04-09,4
382800,2026-04-13,4
382800,2026-04-27,4
382800,2026-05-13,4
382840,2026-03-06,4
382840,2026-06-30,4
382900,2025-10-29,4
383220,2025-11-12,4
383220,2026-03-12,4
383220,2026-05-06,4
383310,2026-01-29,4
383310,2026-01-30,4
383310,2026-02-10,4
383310,2026-03-06,4
383310,2026-06-10,4
383310,2026-06-30,4
383310,2026-07-13,4
383310,2026-08-03,4
383310,2026-08-11,4
387690,2026-08-19,4
387690,2026-08-21,4
387690,2026-08-31,4
387690,2026-09-01,4
387690,2026-09-03,4
387690,2026-09-08,4
387690,2026-09-28,4
387690,2026-09-29,4
388050,2026-03-23,4
388210,2026-08-03,4
388210,2026-08-11,4
388720,2025-10-13,4
388720,2025-11-04,4
388720,2025-12-11,4
388720,2025-12-15,4
388720,2026-05-22,4
388790,2026-03-04,4
388790,2026-03-11,4
388790,2026-03-26,4
388790,2026-04-02,4
388790,2026-04-13,4
388790,2026-04-14,4
388790,2026-05-27,4
388790,2026-06-05,4
388790,2026-06-08,4
388790,2026-06-12,4
388790,2026-07-10,4
388870,2025-12-01,4
388870,2025-12-02,4
388870,2025-12-05,4
388870,2025-12-11,4
388870,2026-01-06,4
388870,2026-01-14,4
389020,2026-02-04,4
389020,2026-02-20,4
389020,2026-02-24,4
389020,2026-03-06,4
389020,2026-03-12,4
389020,2026-04-15,4
389030,2025-12-15,4
389030,2026-03-12,4
389030,2026-04-15,4
389140,2025-10-28,4
389140,2026-02-11,4
389140,2026-02-12,4
389140,2026-02-20,4
389140,2026-02-24,4
389140,2026-03-06,4
389140,2026-06-01,4
389140,2026-06-30,4
389260,2026-03-13,4
389260,2026-03-31,4
389260,2026-04-03,4
389260,2026-06-26,4
389260,2026-06-30,4
389260,2026-07-24,4
389470,2025-12-04,4
389470,2025-12-05,4
389470,2025-12-30,4
389470,2026-03-03,4
389470,2026-03-06,4
389470,2026-05-27,4
389470,2026-06-30,4
389470,2026-07-02,4
389500,2025-10-13,4
389500,2025-11-24,4
389500,2025-12-01,4
389500,2025-12-09,4
389500,2026-01-14,4
389500,2026-01-20,4
389500,2026-01-21,4
389500,2026-03-06,4
389500,2026-04-15,4
389500,2026-05-12,4
389500,2026-08-03,4
389650,2025-11-13,4
389650,2025-11-28,4
389650,2026-03-06,4
389650,2026-03-19,4
389650,2026-06-25,4
389650,2026-06-30,4
389680,2026-02-04,4
389680,2026-02-05,4
389680,2026-03-06,4
389680,2026-03-12,4
391710,2025-10-21,4
393210,2026-03-06,4
393890,2026-02-13,4
393890,2026-03-06,4
393890,2026-03-09,4
393890,2026-03-18,4
393890,2026-03-19,4
393890,2026-05-19,4
393890,2026-06-30,4
393890,2026-09-10,4
393970,2025-11-13,4
393970,2025-12-10,4
394280,2026-03-06,4
394280,2026-03-12,4
394420,2026-05-04,4
394420,2026-05-08,4
394420,2026-06-18,4
394420,2026-06-30,4
394800,2025-10-17,4
394800,2025-12-10,4
394800,2026-03-06,4
396270,2025-12-18,4
396270,2025-12-24,4
396270,2026-02-04,4
396270,2026-04-13,4
396270,2026-05-11,4
396270,2026-05-12,4
396300,2026-02-02,4
396300,2026-02-25,4
396300,2026-03-06,4
396300,2026-04-29,4
396300,2026-05-22,4
396300,2026-06-02,4
396300,2026-08-18,4
396300,2026-09-02,4
396300,2026-09-28,4
397030,2025-10-13,4
397030,2025-11-14,4
397030,2025-12-30,4
397030,2026-01-27,4
397030,2026-02-12,4
397030,2026-02-20,4
397030,2026-02-24,4
397030,2026-03-06,4
397030,2026-05-11,4
397030,2026-05-28,4
397030,2026-06-25,4
397030,2026-06-30,4
397030,2026-07-16,4
397030,2026-08-03,4
397030,2026-08-04,4
397030,2026-08-11,4
399720,2025-12-29,4
399720,2026-01-09,4
399720,2026-03-06,4
399720,2026-06-10,4
399720,2026-06-30,4
399720,2026-07-08,4
399720,2026-07-10,4
399720,2026-07-28,4
402490,2026-03-06,4
402490,2026-03-11,4
402490,2026-03-19,4
402490,2026-03-30,4
402490,2026-04-15,4
402490,2026-04-16,4
402490,2026-06-10,4
402490,2026-06-30,4
403850,2026-01-09,4
403870,2025-12-30,4
403870,2026-01-29,4
403870,2026-02-04,4
403870,2026-03-06,4
403870,2026-03-19,4
403870,2026-06-05,4
403870,2026-06-10,4
403870,2026-06-15,4
403870,2026-06-16,4
403870,2026-08-03,4
403870,2026-08-11,4
403870,2026-08-26,4
403870,2026-09-30,4
405100,2026-03-06,4
406820,2026-01-08,4
406820,2026-01-09,4
406820,2026-05-12,4
406820,2026-05-20,4
406820,2026-06-12,4
412350,2026-02-11,4
412350,2026-02-13,4
412350,2026-03-06,4
412350,2026-03-11,4
412350,2026-03-18,4
412350,2026-03-19,4
412350,2026-04-06,4
412350,2026-05-14,4
412350,2026-05-19,4
412350,2026-07-13,4
412350,2026-08-03,4
413390,2026-01-23,4
413630,2025-10-22,4
413630,2025-10-28,4
413630,2025-11-12,4
413630,2025-12-02,4
413630,2026-01-21,4
413630,2026-07-16,4
413630,2026-07-20,4
413630,2026-07-28,4
413630,2026-08-27,4
413630,2026-09-02,4
413630,2026-09-16,4
416180,2025-10-17,4
417010,2026-01-28,4
417010,2026-02-04,4
417010,2026-03-06,4
417010,2026-05-28,4
417010,2026-05-29,4
417010,2026-09-01,4
417200,2025-11-04,4
417200,2026-03-06,4
417200,2026-03-09,4
417200,2026-03-16,4
417200,2026-04-02,4
417200,2026-04-30,4
417200,2026-08-03,4
417500,2026-03-06,4
417500,2026-03-19,4
417500,2026-05-12,4
417500,2026-06-10,4
417840,2026-01-02,4
417840,2026-01-13,4
417840,2026-01-29,4
417840,2026-02-25,4
417840,2026-03-06,4
417840,2026-03-13,4
417840,2026-03-19,4
417840,2026-04-09,4
417840,2026-04-16,4
417840,2026-05-14,4
417840,2026-06-10,4
417840,2026-06-15,4
417840,2026-06-26,4
417840,2026-07-13,4
417840,2026-08-03,4
417840,2026-08-06,4
417840,2026-08-11,4
417840,2026-09-28,4
417860,2026-06-09,4
417860,2026-06-11,4
417970,2025-11-18,4
417970,2025-11-26,4
417970,2025-12-11,4
418420,2026-04-24,4
418420,2026-05-15,4
418420,2026-06-10,4
418550,2026-04-22,4
419050,2026-07-03,4
419050,2026-08-05,4
419050,2026-08-14,4
419080,2025-12-18,4
419530,2025-10-27,4
419530,2025-12-16,4
419530,2026-03-06,4
420770,2026-01-20,4
420770,2026-02-05,4
420770,2026-02-27,4
420770,2026-03-11,4
420770,2026-03-19,4
420770,2026-03-26,4
420770,2026-04-02,4
420770,2026-04-22,4
424870,2025-10-01,4
424870,2025-11-18,4
424870,2025-11-27,4
424870,2025-11-28,4
424870,2025-12-09,4
424870,2025-12-12,4
424870,2025-12-15,4
424870,2026-03-06,4
424870,2026-03-13,4
424870,2026-03-30,4
425040,2026-03-06,4
425040,2026-03-31,4
425040,2026-04-28,4
425420,2025-12-18,4
425420,2026-02-05,4
425420,2026-03-06,4
425420,2026-03-11,4
425420,2026-03-12,4
425420,2026-03-26,4
425420,2026-06-10,4
425420,2026-06-30,4
425420,2026-08-03,4
425420,2026-09-11,4
429270,2026-04-27,4
429270,2026-05-11,4
429270,2026-05-26,4
431190,2025-12-04,4
432470,2026-01-20,4
432470,2026-02-27,4
432470,2026-09-10,4
432720,2026-03-06,4
432720,2026-03-26,4
432720,2026-04-15,4
432720,2026-05-06,4
432720,2026-07-13,4
434480,2025-10-23,4
434480,2025-10-24,4
435570,2025-12-26,4
435570,2026-01-02,4
437730,2025-10-13,4
437730,2025-11-28,4
437730,2025-12-03,4
437730,2025-12-23,4
437730,2025-12-24,4
437730,2026-01-29,4
437730,2026-03-06,4
437730,2026-06-10,4
437730,2026-07-23,4
437730,2026-08-03,4
437730,2026-09-16,4
439090,2026-05-12,4
439260,2026-07-24,4
439960,2026-06-16,4
439960,2026-07-22,4
439960,2026-07-23,4
439960,2026-08-04,4
440110,2025-11-28,4
440110,2026-02-04,4
440110,2026-02-05,4
440110,2026-02-06,4
440110,2026-03-06,4
440110,2026-04-02,4
440110,2026-04-09,4
440110,2026-04-28,4
440110,2026-08-03,4
440110,2026-08-11,4
441270,2026-01-05,4
441270,2026-03-06,4
441270,2026-03-12,4
441270,2026-03-16,4
441270,2026-04-20,4
441270,2026-08-28,4
441270,2026-09-04,4
441270,2026-09-15,4
443670,2026-09-14,4
445090,2026-02-20,4
445090,2026-03-06,4
445090,2026-05-21,4
445090,2026-06-10,4
445090,2026-06-30,4
445090,2026-07-13,4
445090,2026-07-16,4
445090,2026-08-03,4
445680,2025-10-13,4
445680,2025-11-26,4
445680,2026-06-25,4
445680,2026-06-30,4
445680,2026-08-03,4
445680,2026-08-18,4
445680,2026-08-25,4
446540,2026-04-29,4
446540,2026-05-19,4
446540,2026-05-26,4
446540,2026-06-12,4
446540,2026-09-28,4
448900,2025-10-02,4
448900,2025-10-23,4
448900,2025-11-03,4
448900,2025-11-18,4
448900,2025-11-21,4
448900,2025-11-24,4
448900,2025-12-01,4
448900,2026-01-05,4
448900,2026-01-16,4
448900,2026-02-10,4
448900,2026-02-20,4
448900,2026-02-25,4
448900,2026-05-22,4
448900,2026-06-30,4
448900,2026-07-23,4
448900,2026-08-03,4
448900,2026-08-04,4
448900,2026-08-18,4
448900,2026-09-16,4
448900,2026-09-21,4
450080,2025-10-17,4
450080,2026-01-29,4
450080,2026-03-06,4
450080,2026-06-10,4
450080,2026-06-30,4
450080,2026-07-16,4
450080,2026-08-03,4
450080,2026-08-11,4
450140,2025-10-17,4
450140,2025-11-06,4
450140,2025-11-11,4
450140,2025-11-26,4
450140,2025-12-03,4
450140,2025-12-08,4
451220,2026-02-20,4
451220,2026-03-06,4
451220,2026-04-02,4
451220,2026-05-06,4
451760,2026-01-06,4
451760,2026-01-21,4
451760,2026-03-06,4
451760,2026-04-13,4
451760,2026-05-19,4
452190,2026-04-17,4
452190,2026-05-07,4
452190,2026-09-10,4
452190,2026-09-30,4
452260,2026-01-15,4
452260,2026-01-16,4
452260,2026-04-27,4
452260,2026-05-14,4
452280,2026-03-13,4
452280,2026-03-16,4
452280,2026-05-14,4
452280,2026-05-18,4
452280,2026-05-20,4
452280,2026-06-05,4
452280,2026-06-30,4
452280,2026-09-17,4
452300,2026-04-08,4
452430,2026-01-26,4
452450,2025-11-07,4
452450,2026-03-06,4
453450,2026-03-06,4
454910,2025-11-04,4
454910,2026-03-06,4
454910,2026-04-09,4
455180,2025-10-23,4
455900,2025-10-13,4
455900,2025-10-16,4
455900,2025-11-04,4
455900,2026-01-16,4
455900,2026-06-02,4
456010,2025-10-31,4
456010,2026-02-04,4
456010,2026-03-06,4
456010,2026-04-16,4
456010,2026-04-20,4
456010,2026-05-20,4
456010,2026-05-27,4
456010,2026-05-28,4
456010,2026-08-03,4
456010,2026-08-11,4
456010,2026-09-29,4
456040,2026-02-13,4
456040,2026-03-06,4
456040,2026-03-19,4
456040,2026-06-30,4
456040,2026-08-03,4
456070,2025-12-17,4
456070,2025-12-22,4
456070,2026-03-06,4
456160,2025-11-11,4
456160,2025-11-12,4
456160,2026-01-09,4
456160,2026-01-16,4
456160,2026-02-04,4
456160,2026-02-10,4
456160,2026-03-06,4
456160,2026-04-02,4
456160,2026-04-24,4
456160,2026-04-30,4
456160,2026-06-10,4
456160,2026-06-25,4
456160,2026-06-30,4
456160,2026-07-16,4
456160,2026-07-24,4
456160,2026-08-03,4
456160,2026-08-04,4
456160,2026-08-05,4
456160,2026-08-11,4
456160,2026-08-27,4
456160,2026-09-16,4
456160,2026-09-29,4
457190,2025-12-09,4
457190,2025-12-10,4
457190,2026-01-20,4
457190,2026-08-03,4
457370,2026-06-04,4
457370,2026-06-08,4
457370,2026-06-19,4
457370,2026-07-13,4
457370,2026-08-20,4
457370,2026-09-17,4
457370,2026-09-18,4
457550,2026-01-21,4
457550,2026-03-23,4
458650,2026-01-29,4
458870,2025-11-17,4
458870,2025-11-21,4
458870,2025-12-30,4
458870,2026-01-21,4
458870,2026-01-23,4
458870,2026-03-13,4
458870,2026-03-19,4
458870,2026-06-25,4
458870,2026-06-30,4
458870,2026-08-03,4
458870,2026-08-05,4
459510,2025-11-21,4
459510,2026-01-16,4
459510,2026-01-20,4
459510,2026-03-06,4
459510,2026-05-04,4
459550,2025-12-29,4
459550,2026-01-27,4
459550,2026-01-29,4
459550,2026-03-06,4
459550,2026-08-05,4
459550,2026-08-18,4
459550,2026-09-04,4
460860,2026-04-28,4
460930,2026-01-12,4
460930,2026-03-06,4
460930,2026-07-27,4
460940,2025-10-13,4
460940,2025-10-27,4
460940,2025-10-29,4
460940,2025-11-12,4
460940,2025-11-25,4
460940,2025-12-15,4
460940,2026-05-22,4
462350,2025-12-19,4
462350,2025-12-23,4
462350,2026-01-02,4
462350,2026-01-09,4
462350,2026-01-13,4
462350,2026-03-06,4
462350,2026-03-09,4
462860,2026-01-30,4
462860,2026-03-06,4
462860,2026-09-02,4
462860,2026-09-22,4
462870,2026-03-06,4
462870,2026-06-22,4
463020,2025-10-10,4
464080,2025-12-26,4
464080,2026-01-06,4
464080,2026-01-16,4
464080,2026-03-06,4
464080,2026-03-18,4
464080,2026-06-15,4
464080,2026-06-30,4
464490,2026-01-23,4
464490,2026-02-04,4
464490,2026-02-12,4
465770,2026-03-17,4
465770,2026-04-01,4
465770,2026-07-23,4
465770,2026-07-31,4
465770,2026-08-03,4
465770,2026-08-19,4
465770,2026-09-01,4
465770,2026-09-03,4
466100,2025-10-13,4
466100,2025-11-04,4
466100,2025-12-09,4
466100,2025-12-15,4
466100,2026-03-06,4
466100,2026-04-20,4
466100,2026-07-13,4
468530,2025-10-13,4
468530,2025-12-03,4
468530,2026-02-04,4
468530,2026-02-24,4
468530,2026-03-13,4
468530,2026-09-17,4
468530,2026-09-28,4
468530,2026-09-29,4
469610,2026-03-06,4
469610,2026-04-27,4
469610,2026-05-22,4
469610,2026-08-20,4
471820,2026-01-05,4
473980,2025-12-24,4
473980,2026-03-06,4
474170,2026-01-07,4
474170,2026-01-09,4
474170,2026-01-21,4
474170,2026-02-04,4
474170,2026-04-28,4
474610,2026-03-09,4
474610,2026-03-12,4
474610,2026-03-16,4
474610,2026-03-26,4
474610,2026-04-02,4
474610,2026-04-14,4
474610,2026-06-05,4
474610,2026-06-17,4
474610,2026-07-02,4
474650,2025-11-18,4
474650,2025-12-04,4
474650,2025-12-09,4
474650,2025-12-16,4
474650,2025-12-22,4
474650,2026-01-08,4
474650,2026-02-06,4
474650,2026-02-20,4
474650,2026-03-06,4
475040,2026-08-11,4
475040,2026-09-09,4
475040,2026-09-11,4
475150,2025-12-10,4
475150,2025-12-15,4
475150,2026-02-19,4
475150,2026-03-09,4
475150,2026-03-13,4
475150,2026-03-20,4
475150,2026-04-06,4
475150,2026-06-11,4
475150,2026-06-17,4
475150,2026-06-26,4
475150,2026-06-30,4
475150,2026-07-02,4
475150,2026-07-16,4
475150,2026-07-21,4
475150,2026-07-24,4
475150,2026-08-05,4
475230,2026-02-04,4
475400,2025-10-13,4
475400,2025-11-04,4
475400,2025-12-01,4
475400,2025-12-15,4
475400,2026-01-21,4
475400,2026-01-27,4
475400,2026-03-06,4
475400,2026-03-11,4
475400,2026-03-12,4
475400,2026-05-22,4
475430,2026-05-06,4
475430,2026-05-26,4
475430,2026-06-19,4
475430,2026-06-23,4
475430,2026-08-03,4
475580,2026-03-19,4
475580,2026-03-30,4
475830,2025-10-28,4
475830,2025-10-31,4
475830,2025-12-02,4
475830,2025-12-05,4
475830,2025-12-10,4
475830,2025-12-12,4
475830,2026-04-13,4
475830,2026-06-30,4
475830,2026-07-24,4
475830,2026-08-03,4
475830,2026-08-04,4
475830,2026-08-05,4
475830,2026-08-11,4
475830,2026-08-25,4
475960,2025-11-20,4
475960,2025-12-01,4
475960,2025-12-05,4
475960,2026-02-24,4
475960,2026-03-06,4
475960,2026-03-23,4
476040,2025-12-04,4
476060,2025-10-02,4
476060,2025-10-13,4
476060,2025-12-01,4
476060,2025-12-15,4
476060,2025-12-29,4
476060,2026-01-09,4
476060,2026-02-25,4
476060,2026-03-06,4
476060,2026-03-16,4
476060,2026-03-26,4
476060,2026-04-02,4
476060,2026-07-13,4
476060,2026-07-20,4
476060,2026-08-07,4
476060,2026-09-01,4
476080,2026-06-10,4
476080,2026-06-30,4
476830,2026-03-06,4
476830,2026-03-09,4
476830,2026-03-13,4
476830,2026-06-25,4
476830,2026-07-13,4
476830,2026-07-16,4
476830,2026-07-24,4
476830,2026-08-03,4
476830,2026-08-04,4
476830,2026-08-05,4
476830,2026-08-11,4
476830,2026-08-21,4
477850,2026-06-26,4
477850,2026-07-03,4
477850,2026-07-07,4
477850,2026-07-09,4
477850,2026-07-28,4
477850,2026-08-06,4
477850,2026-08-07,4
478340,2026-01-21,4
478340,2026-01-22,4
478340,2026-01-30,4
478340,2026-02-04,4
478340,2026-03-06,4
478340,2026-06-30,4
478340,2026-09-28,4
482630,2026-01-30,4
482630,2026-03-06,4
482630,2026-05-22,4
482630,2026-06-10,4
484590,2025-12-11,4
484590,2026-03-04,4
484590,2026-06-30,4
484590,2026-07-02,4
484590,2026-07-13,4
484810,2025-10-13,4
484810,2026-01-13,4
484810,2026-01-23,4
484810,2026-03-06,4
484810,2026-08-04,4
484870,2026-01-07,4
484870,2026-01-13,4
484870,2026-06-30,4
484870,2026-07-02,4
484870,2026-07-07,4
486990,2026-01-05,4
486990,2026-03-13,4
486990,2026-05-29,4
486990,2026-08-03,4
488280,2025-11-26,4
488280,2025-12-04,4
488280,2025-12-19,4
488280,2026-03-06,4
488280,2026-04-30,4
488280,2026-05-14,4
488280,2026-09-28,4
488900,2025-12-23,4
488900,2025-12-26,4
488900,2025-12-30,4
488900,2026-01-02,4
488900,2026-02-02,4
488900,2026-03-06,4
489500,2026-01-02,4
489500,2026-02-05,4
489500,2026-02-06,4
489500,2026-02-09,4
489500,2026-02-20,4
489500,2026-03-23,4
489790,2025-12-26,4
489790,2026-02-04,4
489790,2026-02-25,4
489790,2026-02-27,4
489790,2026-03-06,4
489790,2026-03-19,4
489790,2026-04-28,4
489790,2026-06-05,4
489790,2026-08-03,4
489790,2026-08-06,4
490470,2026-02-04,4
490470,2026-03-06,4
490470,2026-03-19,4
490470,2026-04-13,4
490470,2026-04-14,4
490470,2026-04-27,4
490470,2026-05-27,4
490470,2026-08-03,4
490470,2026-09-09,4
490470,2026-09-30,4
491000,2026-02-05,4
491000,2026-03-06,4
491000,2026-03-09,4
491000,2026-06-17,4
491000,2026-06-30,4
491000,2026-08-03,4
491000,2026-08-04,4
493280,2026-05-15,4
494120,2026-01-23,4
494120,2026-01-26,4
494120,2026-01-30,4
494120,2026-02-10,4
494120,2026-03-27,4
494120,2026-06-10,4
494120,2026-06-17,4
494120,2026-06-24,4
494120,2026-07-16,4
499790,2025-11-19,4
499790,2025-11-21,4
499790,2026-08-06,4
900290,2026-06-30,4
900300,2025-11-20,4
900300,2026-04-24,4
900300,2026-04-27,4
900300,2026-04-30,4
900300,2026-05-20,4
900300,2026-07-06,4
900300,2026-09-01,4
950160,2025-11-21,4
950160,2025-12-01,4
950160,2026-08-06,4
950160,2026-08-14,4
950220,2026-09-07,4
950250,2026-03-06,4
950250,2026-03-13,4
950250,2026-09-22,4
950250,2026-09-30,4
950260,2026-09-22,4
950260,2026-09-23,4
