trade_day,code,name,prev_change,level,entry_time,entry_price,exit_time,exit_price,reason,ret_pct
2025-10-01,039200,오스코텍,9.1,46850.0,09:44,46896.8,15:15,46253.7,TIME_EXIT,-1.549
2025-10-02,376900,로킷헬스케어,7.7,28050.0,09:07,28078.0,09:10,26647.5,STOP_LOSS,-5.266
2025-10-10,463020,뉴엔AI,8.7,25650.0,09:02,25675.6,15:15,25774.2,TIME_EXIT,0.203
2025-10-10,047770,코데즈컴바인,7.2,2310.0,10:33,2312.3,15:15,2282.7,TIME_EXIT,-1.458
2025-10-13,032820,우리기술,8.7,4395.0,09:01,4399.4,15:15,4300.7,TIME_EXIT,-2.419
2025-10-13,187660,페니트리움바이오,12.1,2753.8,09:01,2756.6,09:11,2949.6,TAKE_PROFIT,6.807
2025-10-13,376900,로킷헬스케어,11.7,30150.0,09:01,30180.1,09:02,32292.8,TAKE_PROFIT,6.807
2025-10-13,397030,에이프릴바이오,12.1,34350.0,09:02,34384.3,15:15,32767.2,TIME_EXIT,-4.875
2025-10-13,032940,원익,8.7,7990.0,09:03,7998.0,09:16,7590.5,STOP_LOSS,-5.266
2025-10-13,183300,코미코,7.7,22532.8,09:08,22555.3,14:49,24134.2,TAKE_PROFIT,6.807
2025-10-13,036710,심텍홀딩스,10.8,4220.0,09:08,4224.2,10:51,4009.0,STOP_LOSS,-5.266
2025-10-13,460940,피앤에스로보틱스,7.8,7830.0,09:19,7837.8,15:15,8076.9,TIME_EXIT,2.865
2025-10-13,212710,아이에스티이,12.7,13230.0,09:27,13243.2,15:15,14016.0,TIME_EXIT,5.645
2025-10-13,388720,유일로보틱스,9.5,74900.0,09:38,74974.9,15:15,75924.0,TIME_EXIT,1.084
2025-10-13,484810,티엑스알로보틱스,8.5,16560.0,09:42,16576.6,15:15,16263.7,TIME_EXIT,-2.064
2025-10-13,199800,툴젠,13.2,68700.0,09:44,68768.7,15:15,67869.1,TIME_EXIT,-1.486
2025-10-13,056080,유진로봇,7.7,11550.0,10:05,11561.5,15:15,11593.4,TIME_EXIT,0.095
2025-10-13,389500,에스비비테크,7.4,26100.0,10:07,26126.1,15:15,26073.9,TIME_EXIT,-0.379
2025-10-13,455900,엔젤로보틱스,10.5,26400.0,10:23,26426.4,15:15,26473.5,TIME_EXIT,-0.002
2025-10-13,195870,해성디에스,8.0,42450.0,10:45,42492.4,15:15,42407.6,TIME_EXIT,-0.379
2025-10-13,031980,피에스케이홀딩스,11.1,52500.0,10:48,52552.5,15:15,53346.6,TIME_EXIT,1.328
2025-10-14,054540,삼영엠텍,8.3,12390.0,09:03,12402.4,13:32,11770.5,STOP_LOSS,-5.266
2025-10-15,208710,포톤,14.4,3050.0,09:04,3053.0,09:14,3300.0,TAKE_PROFIT,7.894
2025-10-15,004800,효성,8.1,96000.0,09:58,96096.0,15:15,100399.5,TIME_EXIT,4.29
2025-10-15,259630,엠플러스,9.4,15000.0,10:38,15015.0,15:15,15384.6,TIME_EXIT,2.277
2025-10-16,033240,자화전자,10.3,22500.0,09:03,22522.5,15:15,23276.7,TIME_EXIT,3.163
2025-10-16,013030,하이록코리아,7.2,38500.0,09:03,38538.5,15:15,37212.8,TIME_EXIT,-3.614
2025-10-16,356860,티엘비,8.5,30275.9,09:05,30306.2,13:21,32427.6,TAKE_PROFIT,6.807
2025-10-16,267320,나인테크,13.3,3675.0,09:56,3678.7,15:15,3661.3,TIME_EXIT,-0.65
2025-10-16,208710,포톤,9.8,3350.0,11:10,3353.3,13:29,3182.5,STOP_LOSS,-5.266
2025-10-17,051780,큐로홀딩스,12.2,7685.0,09:01,7692.7,09:02,8231.2,TAKE_PROFIT,6.807
2025-10-17,394800,쓰리빌리언,12.1,8680.0,09:07,8688.7,14:25,9296.9,TAKE_PROFIT,6.807
2025-10-17,416180,신성에스티,8.1,48000.0,09:10,48048.0,15:15,47952.0,TIME_EXIT,-0.379
2025-10-20,025620,차AI헬스케어,9.9,15000.0,09:01,15015.0,09:04,16066.0,TAKE_PROFIT,6.807
2025-10-21,348210,넥스틴,8.1,55900.0,09:01,55955.9,09:15,59872.8,TAKE_PROFIT,6.807
2025-10-21,178320,서진시스템,7.8,26900.0,10:00,26926.9,15:15,26873.1,TIME_EXIT,-0.379
2025-10-21,351330,이삭엔지니어링,8.8,8800.0,14:06,8808.8,14:07,9425.4,TAKE_PROFIT,6.807
2025-10-22,047770,코데즈컴바인,14.3,3480.0,09:01,3483.5,09:12,3727.3,TAKE_PROFIT,6.807
2025-10-22,356890,싸이버원,9.6,4170.0,09:28,4174.2,12:11,4466.4,TAKE_PROFIT,6.807
2025-10-23,434480,모니터랩,7.2,4460.0,09:01,4464.5,09:02,4777.0,TAKE_PROFIT,6.807
2025-10-23,381620,제닉스로보틱스,7.2,17940.0,09:02,17957.9,15:15,18101.9,TIME_EXIT,0.62
2025-10-23,448900,한국피아이엠,8.5,25000.0,09:09,25025.0,15:15,25874.1,TIME_EXIT,3.207
2025-10-23,259630,엠플러스,8.5,15800.0,09:17,15815.8,15:15,15974.0,TIME_EXIT,0.819
2025-10-23,003160,디아이,12.5,24250.0,09:58,24274.2,15:15,23676.3,TIME_EXIT,-2.639
2025-10-23,455180,케이지에이,10.6,6150.0,12:13,6156.1,15:15,5914.1,TIME_EXIT,-4.105
2025-10-24,434480,모니터랩,8.3,4830.0,09:01,4834.8,13:35,4588.5,STOP_LOSS,-5.266
2025-10-24,327260,RF머트리얼즈,7.1,9668.4,09:02,9678.0,09:38,9185.0,STOP_LOSS,-5.266
2025-10-24,043260,성호전자,8.5,1707.0,09:02,1708.7,15:15,1783.2,TIME_EXIT,4.173
2025-10-24,010120,LS ELECTRIC,14.9,73400.0,09:03,73473.4,15:15,73426.5,TIME_EXIT,-0.244
2025-10-27,215100,로보로보,7.0,10190.0,09:01,10200.2,15:15,10109.9,TIME_EXIT,-1.064
2025-10-27,214150,클래시스,12.1,52400.0,09:03,52452.4,15:15,50549.4,TIME_EXIT,-3.801
2025-10-27,460940,피앤에스로보틱스,10.0,8795.0,09:04,8803.8,15:15,8981.0,TIME_EXIT,1.829
2025-10-28,347850,디앤디파마텍,14.8,48373.6,09:01,48421.9,15:15,46759.2,TIME_EXIT,-3.608
2025-10-28,302440,SK바이오사이언스,7.0,52600.0,09:01,52652.6,15:15,54245.7,TIME_EXIT,2.84
2025-10-28,214370,케어젠,7.9,64100.0,09:04,64164.1,11:42,68655.6,TAKE_PROFIT,6.807
2025-10-28,389140,포바이포,10.3,11250.0,09:23,11261.2,15:15,11019.0,TIME_EXIT,-2.328
2025-10-28,241520,DSC인베스트먼트,12.2,7700.0,09:24,7707.7,15:15,7742.2,TIME_EXIT,0.267
2025-10-28,278280,천보,14.3,78200.0,10:39,78278.2,15:15,79520.4,TIME_EXIT,1.404
2025-10-28,322000,HD현대에너지솔루션,11.8,58900.0,12:20,58958.9,15:15,58341.6,TIME_EXIT,-1.225
2025-10-29,340930,성원에너텍,13.0,1807.2,09:01,1809.0,09:02,1935.7,TAKE_PROFIT,6.807
2025-10-29,382900,범한퓨얼셀,14.8,36400.0,10:38,36436.4,15:15,36713.2,TIME_EXIT,0.578
2025-10-30,240810,원익IPS,8.2,65800.0,09:05,65865.8,15:15,64835.1,TIME_EXIT,-1.742
2025-10-30,241560,두산밥캣,7.7,65900.0,09:05,65965.9,15:15,63086.8,TIME_EXIT,-4.537
2025-10-30,263800,데이타솔루션,7.2,5800.0,09:08,5805.8,15:15,5614.4,TIME_EXIT,-3.471
2025-10-30,005690,파미셀,13.2,18560.0,09:22,18578.6,10:17,17632.0,STOP_LOSS,-5.266
2025-10-30,001440,대한전선,8.7,21700.0,10:03,21721.7,14:53,20615.0,STOP_LOSS,-5.266
2025-10-31,000500,가온전선,7.6,41120.7,09:02,41161.8,10:18,44043.1,TAKE_PROFIT,6.807
2025-10-31,456010,아이씨티케이,11.0,19950.0,09:19,19969.9,15:15,20329.7,TIME_EXIT,1.618
2025-10-31,475830,오름테라퓨틱,9.2,45500.0,09:52,45545.5,15:15,46003.9,TIME_EXIT,0.825
2025-11-04,005690,파미셀,7.2,18200.0,09:01,18218.2,15:15,18101.9,TIME_EXIT,-0.817
2025-11-04,199430,케이엔알시스템,9.9,29300.0,09:13,29329.3,15:15,30119.8,TIME_EXIT,2.511
2025-11-04,466100,클로봇,14.8,44139.0,09:15,44183.2,15:15,43054.9,TIME_EXIT,-2.729
2025-11-04,234030,싸이닉솔루션,9.5,8270.0,09:21,8278.3,15:15,8041.9,TIME_EXIT,-3.03
2025-11-04,295310,에이치브이엠,8.0,25050.0,09:25,25075.0,15:15,25174.8,TIME_EXIT,0.217
2025-11-04,475400,씨메스로보틱스,10.9,35050.0,09:27,35085.0,10:00,37541.0,TAKE_PROFIT,6.807
2025-11-04,388720,유일로보틱스,8.6,94900.0,09:50,94994.9,15:15,93206.7,TIME_EXIT,-2.059
2025-11-04,455900,엔젤로보틱스,8.4,33650.0,10:00,33683.6,15:15,32767.2,TIME_EXIT,-2.896
2025-11-05,309710,아이티켐,10.6,28650.0,09:02,28678.6,09:43,27217.5,STOP_LOSS,-5.266
2025-11-05,049630,재영솔루텍,9.4,7000.0,09:03,7007.0,10:14,6650.0,STOP_LOSS,-5.266
2025-11-05,030530,원익홀딩스,8.5,31300.0,11:18,31331.3,15:15,32167.8,TIME_EXIT,2.485
2025-11-05,323280,태성,11.4,30400.0,12:29,30430.4,15:15,30369.6,TIME_EXIT,-0.379
2025-11-06,011080,형지I&C,12.6,8728.1,09:01,8736.8,11:01,8291.6,STOP_LOSS,-5.266
2025-11-06,009420,한올바이오파마,7.4,44400.0,09:02,44444.4,09:20,47555.5,TAKE_PROFIT,6.807
2025-11-06,042520,한스바이오메드,9.3,30600.0,09:02,30630.6,09:10,29070.0,STOP_LOSS,-5.266
2025-11-06,047770,코데즈컴바인,12.9,2840.0,09:07,2842.8,09:48,3041.8,TAKE_PROFIT,6.807
2025-11-07,249420,일동제약,7.7,30600.0,09:02,30630.6,09:09,29070.0,STOP_LOSS,-5.266
2025-11-07,452450,피아이이,13.7,9210.0,09:02,9219.2,15:15,9070.9,TIME_EXIT,-1.786
2025-11-07,251370,와이엠티,7.1,13820.0,09:08,13833.8,15:15,13336.6,TIME_EXIT,-3.767
2025-11-07,001270,부국증권,8.4,69800.0,09:33,69869.8,12:30,66309.9,STOP_LOSS,-5.266
2025-11-10,318060,그래피,8.5,12050.0,09:01,12062.0,09:51,12906.4,TAKE_PROFIT,6.807
2025-11-10,007070,GS리테일,9.0,20150.0,09:06,20170.1,15:15,20729.2,TIME_EXIT,2.587
2025-11-11,456160,지투지바이오,14.7,74700.0,09:01,74774.7,09:22,70964.9,STOP_LOSS,-5.266
2025-11-11,230240,에치에프알,7.0,16790.0,09:02,16806.8,15:15,16873.1,TIME_EXIT,0.214
2025-11-11,011170,롯데케미칼,7.1,73700.0,09:02,73773.7,15:15,73326.6,TIME_EXIT,-0.785
2025-11-11,005940,NH투자증권,10.1,21950.0,09:03,21971.9,15:15,21278.7,TIME_EXIT,-3.329
2025-11-11,073240,금호타이어,7.8,5400.0,09:17,5405.4,15:15,5484.5,TIME_EXIT,1.281
2025-11-11,000120,CJ대한통운,9.2,91100.0,10:41,91191.1,15:15,92707.2,TIME_EXIT,1.48
2025-11-11,078930,GS,11.8,56900.0,12:58,56956.9,15:15,56543.4,TIME_EXIT,-0.905
2025-11-11,032350,롯데관광개발,7.3,19010.0,13:08,19029.0,15:15,18761.2,TIME_EXIT,-1.585
2025-11-12,000990,DB하이텍,11.8,69100.0,09:02,69169.1,15:15,71228.7,TIME_EXIT,2.792
2025-11-12,214150,클래시스,8.6,54200.0,09:02,54254.2,15:15,54245.7,TIME_EXIT,-0.196
2025-11-12,053950,경남제약,9.8,4385.0,09:03,4389.4,15:15,4360.6,TIME_EXIT,-0.834
2025-11-12,383220,F&F,14.0,72600.0,09:59,72672.6,15:15,74125.8,TIME_EXIT,1.816
2025-11-12,356860,티엘비,10.5,34233.2,10:18,34267.5,14:02,32521.5,STOP_LOSS,-5.266
2025-11-13,389650,넥스트바이오메디컬,7.4,62300.0,10:02,62362.3,15:15,63236.7,TIME_EXIT,1.22
2025-11-13,011170,롯데케미칼,14.9,84800.0,10:02,84884.8,15:15,86913.0,TIME_EXIT,2.205
2025-11-13,340930,성원에너텍,12.5,2112.3,10:05,2114.5,10:23,2262.5,TAKE_PROFIT,6.807
2025-11-13,036810,에프에스티,8.2,36800.0,10:05,36836.8,15:15,35616.3,TIME_EXIT,-3.487
2025-11-13,322180,LS티라유텍,14.8,7770.0,10:11,7777.8,15:15,7502.5,TIME_EXIT,-3.713
2025-11-13,004990,롯데지주,9.2,33750.0,10:21,33783.7,15:15,32767.2,TIME_EXIT,-3.184
2025-11-13,263750,펄어비스,8.4,38900.0,10:32,38938.9,15:15,38861.1,TIME_EXIT,-0.379
2025-11-14,397030,에이프릴바이오,8.4,38150.0,09:01,38188.1,15:15,38661.3,TIME_EXIT,1.057
2025-11-14,347850,디앤디파마텍,9.5,81800.0,09:04,81881.8,15:15,84715.2,TIME_EXIT,3.274
2025-11-14,278650,HLB바이오스텝,7.3,7945.0,09:05,7952.9,15:15,7707.3,TIME_EXIT,-3.263
2025-11-14,016880,웅진,8.0,4325.0,09:26,4329.3,15:15,4165.8,TIME_EXIT,-3.95
2025-11-14,304360,에스바이오메딕스,13.2,26200.0,09:53,26226.2,15:15,25974.0,TIME_EXIT,-1.14
2025-11-14,195990,루트K,7.6,6765.8,12:01,6806.8,14:01,6382.6,STOP_LOSS,-6.401
2025-11-14,031980,피에스케이홀딩스,8.3,49800.0,13:25,49849.8,15:15,48001.9,TIME_EXIT,-3.88
2025-11-17,253840,수젠텍,7.2,7700.0,09:09,7707.7,15:15,7632.4,TIME_EXIT,-1.156
2025-11-18,424870,이뮨온시아,9.1,6715.3,09:02,6722.0,15:15,6910.1,TIME_EXIT,2.613
2025-11-18,272110,케이엔제이,7.1,29250.0,09:02,29279.2,15:15,28721.2,TIME_EXIT,-2.082
2025-11-18,417970,모델솔루션,8.4,20500.0,09:03,20520.5,13:07,19475.0,STOP_LOSS,-5.266
2025-11-18,474650,링크솔루션,12.1,31000.0,09:04,31031.0,11:28,33203.2,TAKE_PROFIT,6.807
2025-11-18,005690,파미셀,10.3,19270.0,09:05,19289.3,15:15,18741.2,TIME_EXIT,-3.016
2025-11-18,448900,한국피아이엠,7.9,36800.0,09:06,36836.8,15:15,37162.8,TIME_EXIT,0.703
2025-11-18,174900,앱클론,8.2,29750.0,09:07,29779.7,15:15,31168.8,TIME_EXIT,4.476
2025-11-18,200710,에이디테크놀로지,10.3,23600.0,09:09,23623.6,15:15,23676.3,TIME_EXIT,0.043
2025-11-18,353200,대덕전자,8.5,51200.0,09:10,51251.2,15:15,50749.2,TIME_EXIT,-1.158
2025-11-18,356860,티엘비,12.8,34376.3,09:11,34410.6,10:06,32657.4,STOP_LOSS,-5.266
2025-11-18,036200,유니셈,11.9,10780.0,09:14,10790.8,15:15,10569.4,TIME_EXIT,-2.228
2025-11-18,281820,케이씨텍,10.7,45150.0,10:16,45195.1,13:07,42892.5,STOP_LOSS,-5.266
2025-11-19,499790,GS피앤엘,10.6,48850.0,09:01,48898.8,15:15,48151.8,TIME_EXIT,-1.705
2025-11-20,002790,아모레퍼시픽홀딩스,9.6,29550.0,09:01,29579.5,10:56,31650.1,TAKE_PROFIT,6.807
2025-11-20,214430,아이쓰리시스템,8.8,71900.0,09:02,71971.9,15:15,70829.1,TIME_EXIT,-1.765
2025-11-20,014970,삼륭물산,10.1,8260.0,09:02,8268.3,15:15,8161.8,TIME_EXIT,-1.465
2025-11-20,475960,토모큐브,7.3,41400.0,09:03,41441.4,15:15,43156.8,TIME_EXIT,3.952
2025-11-20,235980,메드팩토,12.1,7860.0,09:14,7867.9,10:30,7467.0,STOP_LOSS,-5.266
2025-11-20,900300,오가닉티코스메틱,7.5,17300.0,09:24,17317.3,09:40,18529.5,TAKE_PROFIT,6.807
2025-11-20,382150,온코크로스,9.7,12230.0,11:16,12242.2,15:15,12227.8,TIME_EXIT,-0.298
2025-11-21,006730,서부T&D,11.2,12480.0,09:01,12492.5,15:15,12557.4,TIME_EXIT,0.339
2025-11-21,499790,GS피앤엘,12.8,53600.0,09:01,53653.6,15:15,53346.6,TIME_EXIT,-0.751
2025-11-21,204620,글로벌텍스프리,14.8,6830.0,09:01,6836.8,15:15,6763.2,TIME_EXIT,-1.255
2025-11-21,376900,로킷헬스케어,14.8,59000.0,09:01,59059.0,10:10,63193.1,TAKE_PROFIT,6.807
2025-11-21,032350,롯데관광개발,15.0,22350.0,09:01,22372.3,15:15,21928.0,TIME_EXIT,-2.162
2025-11-21,034230,파라다이스,13.7,18400.0,09:02,18418.4,15:15,18071.9,TIME_EXIT,-2.058
2025-11-21,950160,코오롱티슈진,8.4,58300.0,09:03,58358.3,09:36,62443.4,TAKE_PROFIT,6.807
2025-11-21,179900,유티아이,13.0,27900.0,09:03,27927.9,15:15,27772.2,TIME_EXIT,-0.736
2025-11-21,041190,우리기술투자,11.4,8730.0,09:03,8738.7,15:15,8641.4,TIME_EXIT,-1.292
2025-11-21,448900,한국피아이엠,11.1,40600.0,09:05,40640.6,09:19,43485.4,TAKE_PROFIT,6.807
2025-11-21,458870,씨어스,7.5,44691.1,09:08,44735.8,15:15,43011.9,TIME_EXIT,-4.026
2025-11-21,058610,에스피지,10.8,42500.0,09:11,42542.5,10:32,45520.5,TAKE_PROFIT,6.807
2025-11-21,036620,감성코퍼레이션,9.1,6110.0,09:12,6116.1,15:15,6024.0,TIME_EXIT,-1.684
2025-11-21,039200,오스코텍,10.1,54300.0,09:18,54354.3,15:15,54345.6,TIME_EXIT,-0.196
2025-11-21,174900,앱클론,14.6,34450.0,09:30,34484.4,15:15,33616.3,TIME_EXIT,-2.693
2025-11-21,459510,나우로보틱스,7.9,21900.0,10:44,21921.9,15:15,21878.1,TIME_EXIT,-0.379
2025-11-21,309710,아이티켐,7.7,30200.0,11:27,30280.2,15:15,29970.0,TIME_EXIT,-1.203
2025-11-24,214370,케어젠,14.7,78200.0,09:01,78278.2,15:15,79520.4,TIME_EXIT,1.404
2025-11-25,210120,캔버스엔,9.9,2896.6,09:01,2899.5,09:03,3102.4,TAKE_PROFIT,6.807
2025-11-25,299170,더블유에스아이,9.3,2185.0,09:02,2187.2,11:28,2340.3,TAKE_PROFIT,6.807
2025-11-26,417970,모델솔루션,9.4,22200.0,09:02,22222.2,10:05,21090.0,STOP_LOSS,-5.266
2025-11-26,445680,큐리옥스바이오시스템즈,7.5,86500.0,09:19,86586.5,15:15,90709.2,TIME_EXIT,4.573
2025-11-27,009420,한올바이오파마,8.7,46350.0,09:07,46396.3,15:15,44805.2,TIME_EXIT,-3.603
2025-11-28,348210,넥스틴,9.7,65600.0,09:01,65665.6,15:15,65334.6,TIME_EXIT,-0.683
2025-11-28,389650,넥스트바이오메디컬,8.0,82800.0,09:02,82882.8,09:22,78659.9,STOP_LOSS,-5.266
2025-12-01,241710,코스메카코리아,7.5,75500.0,09:01,75575.5,12:40,71724.9,STOP_LOSS,-5.266
2025-12-01,475960,토모큐브,12.6,47750.0,09:03,47797.7,15:15,47702.2,TIME_EXIT,-0.379
2025-12-01,042520,한스바이오메드,7.3,31000.0,09:03,31031.0,09:39,29450.0,STOP_LOSS,-5.266
2025-12-01,187790,나노,9.5,3170.0,09:12,3173.2,15:16,3046.9,TIME_EXIT,-4.151
2025-12-02,356890,싸이버원,13.4,4570.0,09:02,4574.6,13:32,4340.7,STOP_LOSS,-5.284
2025-12-02,475830,오름테라퓨틱,9.6,62500.0,09:47,62562.5,10:22,66941.9,TAKE_PROFIT,6.807
2025-12-02,020150,롯데에너지머티리얼즈,7.7,42100.0,09:59,42142.1,15:15,41908.1,TIME_EXIT,-0.734
2025-12-02,382150,온코크로스,12.0,13550.0,13:38,13563.5,15:15,13436.5,TIME_EXIT,-1.115
2025-12-03,348210,넥스틴,7.2,70000.0,09:04,70070.0,15:15,71628.3,TIME_EXIT,2.04
2025-12-03,437730,삼현,10.1,44000.0,09:11,44044.0,15:15,44755.2,TIME_EXIT,1.432
2025-12-03,376900,로킷헬스케어,10.8,83900.0,13:49,83983.9,15:15,82817.1,TIME_EXIT,-1.567
2025-12-04,389470,인벤티지랩,11.1,78300.0,09:02,78378.3,09:07,83864.8,TAKE_PROFIT,6.807
2025-12-04,476040,오가노이드사이언스,10.7,38300.0,09:02,38338.3,09:17,41022.0,TAKE_PROFIT,6.807
2025-12-04,488280,에스투더블유,9.9,29400.0,09:02,29429.4,14:21,31489.5,TAKE_PROFIT,6.807
2025-12-04,309710,아이티켐,10.1,49700.0,09:31,49749.7,15:15,49700.2,TIME_EXIT,-0.279
2025-12-05,187790,나노,8.6,3715.0,09:02,3718.7,12:35,3979.0,TAKE_PROFIT,6.807
2025-12-09,011690,와이투솔루션,7.6,4680.0,09:02,4684.7,09:04,5012.6,TAKE_PROFIT,6.807
2025-12-09,466100,클로봇,8.7,43665.4,09:02,43709.1,11:31,46768.7,TAKE_PROFIT,6.807
2025-12-09,005070,코스모신소재,8.3,54800.0,09:03,54854.8,15:15,54845.1,TIME_EXIT,-0.198
2025-12-09,005950,이수화학,9.5,10140.0,09:03,10150.1,15:15,10040.0,TIME_EXIT,-1.264
2025-12-09,319400,현대무벡스,10.4,10940.0,09:07,10950.9,15:15,10649.3,TIME_EXIT,-2.929
2025-12-09,209640,와이제이링크,8.3,3315.0,09:07,3318.3,12:27,3550.6,TAKE_PROFIT,6.807
2025-12-09,022100,포스코DX,7.8,28450.0,09:20,28478.4,15:15,28121.8,TIME_EXIT,-1.43
2025-12-09,003570,SNT다이내믹스,10.5,47500.0,09:31,47547.5,15:15,48451.5,TIME_EXIT,1.718
2025-12-09,424870,이뮨온시아,7.4,11381.3,09:41,11392.7,10:34,10812.3,STOP_LOSS,-5.266
2025-12-09,058610,에스피지,12.6,75000.0,09:56,75075.0,15:15,75024.9,TIME_EXIT,-0.247
2025-12-09,220260,켐트로스,11.9,5930.0,10:31,5976.0,15:30,6014.0,TIME_EXIT,0.455
2025-12-10,457190,이수스페셜티케미컬,15.0,68400.0,09:02,68468.4,15:15,66833.1,TIME_EXIT,-2.564
2025-12-10,475150,SK이터닉스,9.3,21100.0,09:07,21121.1,15:15,20329.7,TIME_EXIT,-3.92
2025-12-10,475830,오름테라퓨틱,13.7,86100.0,11:19,86186.1,15:15,86213.7,TIME_EXIT,-0.148
2025-12-11,064260,다날,11.0,7160.0,09:02,7167.2,15:15,7167.8,TIME_EXIT,-0.171
2025-12-11,484590,삼양컴텍,13.9,13560.0,09:06,13573.6,15:15,13106.9,TIME_EXIT,-3.612
2025-12-11,033240,자화전자,10.0,22100.0,09:11,22122.1,09:39,23670.6,TAKE_PROFIT,6.807
2025-12-11,417970,모델솔루션,10.2,26900.0,09:20,26926.9,11:21,25555.0,STOP_LOSS,-5.266
2025-12-11,388720,유일로보틱스,7.8,92600.0,09:49,92692.6,15:15,91608.3,TIME_EXIT,-1.348
2025-12-12,323280,태성,7.0,53300.0,09:52,53353.3,15:15,51548.4,TIME_EXIT,-3.557
2025-12-12,475830,오름테라퓨틱,7.7,92300.0,10:09,92392.3,15:15,90659.2,TIME_EXIT,-2.052
2025-12-12,033240,자화전자,10.9,24500.0,10:19,24524.5,15:15,24575.4,TIME_EXIT,0.027
2025-12-12,001360,삼성제약,9.4,1920.0,10:24,1921.9,15:15,1864.1,TIME_EXIT,-3.181
2025-12-15,476060,온코닉테라퓨틱스,7.1,19280.0,09:01,19299.3,09:20,20650.2,TAKE_PROFIT,6.807
2025-12-15,388720,유일로보틱스,8.8,99400.0,09:02,99499.4,15:15,99800.1,TIME_EXIT,0.122
2025-12-15,299170,더블유에스아이,8.0,2625.0,09:03,2627.6,10:43,2493.7,STOP_LOSS,-5.266
2025-12-15,319400,현대무벡스,9.8,11290.0,09:04,11301.3,09:09,12092.4,TAKE_PROFIT,6.807
2025-12-15,033790,피노,7.8,6630.0,09:04,6636.6,11:06,7101.2,TAKE_PROFIT,6.807
2025-12-15,272210,한화시스템,10.5,53100.0,09:04,53153.1,09:35,56873.8,TAKE_PROFIT,6.807
2025-12-15,460940,피앤에스로보틱스,13.1,13700.0,09:05,13713.7,15:15,13256.7,TIME_EXIT,-3.506
2025-12-15,255220,SG,7.7,2564.3,09:07,2566.9,15:15,2547.4,TIME_EXIT,-0.935
2025-12-15,475400,씨메스로보틱스,14.1,39700.0,09:10,39739.7,15:15,38611.3,TIME_EXIT,-3.014
2025-12-15,003620,KG모빌리티,7.3,3680.0,09:12,3688.7,15:15,3776.2,TIME_EXIT,2.189
2025-12-15,001440,대한전선,7.6,24000.0,09:50,24024.0,15:15,24225.8,TIME_EXIT,0.658
2025-12-15,314130,지놈앤컴퍼니,11.1,5800.0,10:05,5805.8,15:15,6053.9,TIME_EXIT,4.086
2025-12-15,475150,SK이터닉스,7.0,22050.0,14:07,22072.0,15:15,21978.0,TIME_EXIT,-0.605
2025-12-15,424870,이뮨온시아,8.1,14710.1,14:07,14724.8,15:15,14975.0,TIME_EXIT,1.516
2025-12-15,000500,가온전선,9.8,46121.9,14:18,46168.0,15:15,48075.9,TIME_EXIT,3.945
2025-12-16,285130,SK케미칼,7.5,74900.0,09:04,74974.9,15:15,72927.0,TIME_EXIT,-2.907
2025-12-16,295310,에이치브이엠,10.2,36150.0,09:07,36186.1,09:24,38719.2,TAKE_PROFIT,6.807
2025-12-17,376300,디어유,7.2,35900.0,09:03,35935.9,15:15,36613.3,TIME_EXIT,1.702
2025-12-17,241710,코스메카코리아,7.9,71400.0,09:10,71471.4,15:15,71728.2,TIME_EXIT,0.179
2025-12-18,220260,켐트로스,12.0,6430.0,09:03,6436.4,10:00,6108.5,STOP_LOSS,-5.266
2025-12-18,425420,티에프이,8.2,36400.0,09:04,36436.4,15:15,35489.5,TIME_EXIT,-2.774
2025-12-18,011210,현대위아,9.5,73600.0,09:05,73673.6,15:15,73126.8,TIME_EXIT,-0.921
2025-12-18,043260,성호전자,12.2,6450.0,09:05,6456.4,09:19,6908.4,TAKE_PROFIT,6.807
2025-12-18,308080,바이젠셀,9.1,11980.0,09:07,11992.0,15:15,12127.9,TIME_EXIT,0.951
2025-12-18,356860,티엘비,10.0,29274.7,09:07,29303.9,15:15,28436.5,TIME_EXIT,-3.135
2025-12-18,319660,피에스케이,10.2,32500.0,09:07,32532.5,15:15,31768.2,TIME_EXIT,-2.525
2025-12-19,488280,에스투더블유,9.0,30350.0,09:02,30380.3,09:20,32507.0,TAKE_PROFIT,6.807
2025-12-22,000390,SP삼화,8.7,8620.0,09:02,8628.6,09:04,8189.0,STOP_LOSS,-5.266
2025-12-23,246710,티앤알바이오팹,10.9,4535.0,09:02,4539.5,09:27,4857.3,TAKE_PROFIT,6.807
2025-12-23,078350,한양디지텍,7.5,20900.0,09:02,20920.9,15:15,20579.4,TIME_EXIT,-1.809
2025-12-23,007810,코리아써키트,9.4,38400.0,09:02,38438.4,15:15,37362.6,TIME_EXIT,-2.974
2025-12-23,059090,미코,7.4,14280.0,09:03,14294.3,10:16,13566.0,STOP_LOSS,-5.266
2025-12-23,240810,원익IPS,9.4,63000.0,10:34,63063.0,15:15,62537.4,TIME_EXIT,-1.012
2025-12-24,437730,삼현,9.2,61800.0,09:11,61861.8,12:11,58709.9,STOP_LOSS,-5.266
2025-12-24,191410,육일씨엔에쓰,7.2,2820.0,09:12,2822.8,15:16,2787.2,TIME_EXIT,-1.439
2025-12-24,473980,노머스,11.6,26550.0,09:43,26576.5,15:15,26423.5,TIME_EXIT,-0.755
2025-12-24,396270,넥스트칩,7.3,3545.0,10:26,3548.5,11:02,3796.9,TAKE_PROFIT,6.807
2025-12-26,054920,한컴위드,7.1,4450.0,09:03,4454.4,09:20,4766.3,TAKE_PROFIT,6.807
2025-12-26,317830,에스피시스템스,10.9,13830.0,09:13,13843.8,10:38,14812.9,TAKE_PROFIT,6.807
2025-12-26,489790,한화비전,10.3,43500.0,09:56,43543.5,15:15,42707.2,TIME_EXIT,-2.097
2025-12-26,435570,에르코스,11.4,13010.0,11:46,13023.0,11:52,13934.6,TAKE_PROFIT,6.807
2025-12-29,459550,알트,7.4,3640.0,09:03,3643.6,11:42,3898.7,TAKE_PROFIT,6.807
2025-12-30,000500,가온전선,9.1,47233.2,09:01,47280.5,15:15,45688.3,TIME_EXIT,-3.541
2025-12-30,488900,비츠로넥스텍,10.8,16930.0,09:01,16946.9,09:07,18133.2,TAKE_PROFIT,6.807
2025-12-30,290740,액트로,10.1,15710.0,09:02,15725.7,15:15,16053.9,TIME_EXIT,1.903
2025-12-30,389470,인벤티지랩,14.9,83100.0,09:04,83183.1,10:06,78944.9,STOP_LOSS,-5.266
2025-12-30,0015G0,그린광학,8.8,16100.0,09:04,16116.1,13:18,15295.0,STOP_LOSS,-5.266
2025-12-30,203400,에이비온,8.7,3045.0,09:07,3048.0,15:15,3116.9,TIME_EXIT,2.074
2025-12-30,397030,에이프릴바이오,12.9,55100.0,09:07,55155.1,15:15,54745.2,TIME_EXIT,-0.922
2025-12-30,314130,지놈앤컴퍼니,12.4,7000.0,09:07,7007.0,15:15,6923.1,TIME_EXIT,-1.376
2025-12-30,317830,에스피시스템스,8.0,14590.0,09:08,14604.6,09:28,13860.5,STOP_LOSS,-5.266
2025-12-30,403870,HPSP,7.3,33200.0,09:09,33233.2,15:15,33466.5,TIME_EXIT,0.521
2025-12-30,458870,씨어스,8.0,42289.8,13:34,42332.1,15:15,42979.0,TIME_EXIT,1.345
2025-12-30,214370,케어젠,7.9,69500.0,14:16,69569.5,15:15,71028.9,TIME_EXIT,1.914
2026-01-02,000390,SP삼화,7.3,7760.0,10:01,7767.8,15:15,7742.2,TIME_EXIT,-0.558
2026-01-02,488900,비츠로넥스텍,13.7,19250.0,10:01,19269.2,10:12,20618.1,TAKE_PROFIT,6.754
2026-01-02,462350,이노스페이스,11.0,9430.4,10:02,9439.8,11:37,10100.6,TAKE_PROFIT,6.754
2026-01-02,435570,에르코스,11.2,14810.0,10:15,14824.8,15:15,14785.2,TIME_EXIT,-0.497
2026-01-02,417840,저스템,11.3,5810.0,10:31,5855.8,15:30,5574.4,TIME_EXIT,-5.025
2026-01-02,025950,동신건설,13.8,19970.0,10:43,19990.0,15:15,19510.5,TIME_EXIT,-2.623
2026-01-05,471820,셀로맥스사이언스,7.2,6970.0,09:02,6977.0,15:16,6823.2,TIME_EXIT,-2.429
2026-01-05,441270,파인엠텍,9.9,10800.0,09:02,10810.8,15:15,11298.7,TIME_EXIT,4.273
2026-01-05,010120,LS ELECTRIC,7.1,98500.0,09:02,98598.5,15:15,101298.6,TIME_EXIT,2.502
2026-01-05,189300,인텔리안테크,14.6,68200.0,09:06,68268.2,13:13,73047.0,TAKE_PROFIT,6.754
2026-01-05,049630,재영솔루텍,10.2,24850.0,11:02,24874.8,15:15,24300.7,TIME_EXIT,-2.533
2026-01-05,322510,제이엘케이,7.0,5950.0,12:26,5955.9,15:15,6004.0,TIME_EXIT,0.575
2026-01-05,001430,세아베스틸지주,11.4,55900.0,12:59,55955.9,15:15,56443.5,TIME_EXIT,0.639
2026-01-06,319660,피에스케이,7.2,41700.0,09:02,41741.7,15:15,44355.6,TIME_EXIT,6.018
2026-01-06,256840,한국비엔씨,12.3,5120.0,09:04,5125.1,15:15,4960.0,TIME_EXIT,-3.444
2026-01-06,009420,한올바이오파마,12.1,47300.0,09:05,47347.3,15:15,46253.7,TIME_EXIT,-2.534
2026-01-06,274090,켄코아에어로스페이스,9.3,20450.0,09:09,20470.4,10:29,21903.4,TAKE_PROFIT,6.754
2026-01-06,246710,티앤알바이오팹,12.4,4125.0,09:09,4129.1,12:52,4445.0,TAKE_PROFIT,7.402
2026-01-06,0015G0,그린광학,7.5,17010.0,09:15,17027.0,09:29,18218.9,TAKE_PROFIT,6.754
2026-01-06,036200,유니셈,7.1,11100.0,09:29,11111.1,15:15,11348.6,TIME_EXIT,1.903
2026-01-06,287840,인투셀,9.3,58500.0,10:29,58558.5,15:15,57142.8,TIME_EXIT,-2.642
2026-01-06,003570,SNT다이내믹스,7.1,48100.0,11:06,48148.1,15:15,48551.4,TIME_EXIT,0.606
2026-01-07,017960,한국카본,9.1,30650.0,09:01,30680.6,15:15,31218.8,TIME_EXIT,1.52
2026-01-07,000500,가온전선,8.9,53012.4,09:03,53065.4,12:42,50361.7,STOP_LOSS,-5.313
2026-01-07,246710,티앤알바이오팹,7.9,4450.0,09:03,4454.4,09:48,4227.5,STOP_LOSS,-5.313
2026-01-07,071970,HD현대마린엔진,8.0,93400.0,09:09,93493.4,13:01,88729.9,STOP_LOSS,-5.313
2026-01-07,190510,나무가,9.4,24350.0,09:30,24374.3,15:15,24475.5,TIME_EXIT,0.184
2026-01-08,372320,큐로셀,8.5,55000.0,09:01,55055.0,15:15,55644.3,TIME_EXIT,0.838
2026-01-08,249420,일동제약,10.8,43500.0,09:03,43543.5,09:29,41325.0,STOP_LOSS,-5.313
2026-01-08,338840,와이바이오로직스,12.8,26000.0,09:05,26026.0,15:15,25974.0,TIME_EXIT,-0.429
2026-01-08,069960,현대백화점,7.3,90600.0,09:05,90690.6,15:15,90109.8,TIME_EXIT,-0.869
2026-01-09,474170,루미르,14.4,13120.0,09:01,13133.1,15:15,12727.3,TIME_EXIT,-3.313
2026-01-09,211270,AP위성,9.8,15430.0,09:02,15445.4,15:15,15005.0,TIME_EXIT,-3.075
2026-01-09,476060,온코닉테라퓨틱스,9.0,22500.0,09:13,22522.5,15:15,22277.7,TIME_EXIT,-1.314
2026-01-09,003160,디아이,7.0,28950.0,10:55,28978.9,15:15,28571.4,TIME_EXIT,-1.633
2026-01-09,056080,유진로봇,9.4,15750.0,12:32,15765.7,15:15,15324.7,TIME_EXIT,-3.021
2026-01-12,012200,계양전기,12.4,11669.0,09:02,11680.7,09:05,12510.0,TAKE_PROFIT,6.853
2026-01-12,033500,동성화인텍,8.7,28750.0,09:05,28778.7,15:15,29320.7,TIME_EXIT,1.649
2026-01-12,208370,셀바스헬스케어,12.5,6650.0,09:12,6656.6,15:15,6463.5,TIME_EXIT,-3.124
2026-01-12,460930,현대힘스,8.6,20150.0,09:21,20170.1,15:15,19820.2,TIME_EXIT,-1.961
2026-01-13,001430,세아베스틸지주,10.7,68300.0,09:10,68368.3,15:15,69030.9,TIME_EXIT,0.737
2026-01-13,024060,흥구석유,7.2,13510.0,09:14,13523.5,15:15,13566.4,TIME_EXIT,0.087
2026-01-13,484870,엠앤씨솔루션,9.8,62700.0,13:26,62762.7,15:15,61599.3,TIME_EXIT,-2.079
2026-01-14,336260,두산퓨얼셀,7.4,34000.0,09:02,34034.0,09:59,36416.4,TAKE_PROFIT,6.754
2026-01-14,322000,HD현대에너지솔루션,7.4,58000.0,09:15,58058.0,15:15,57642.3,TIME_EXIT,-0.944
2026-01-14,272210,한화시스템,14.2,88700.0,09:24,88788.7,15:15,88361.6,TIME_EXIT,-0.71
2026-01-14,065350,신성델타테크,9.9,59700.0,10:10,59759.7,15:15,58441.5,TIME_EXIT,-2.431
2026-01-14,354320,알멕,8.4,40050.0,12:31,41891.8,15:30,38961.0,TIME_EXIT,-7.21
2026-01-14,047050,포스코인터내셔널,7.7,53800.0,12:44,53853.8,15:15,54845.1,TIME_EXIT,1.607
2026-01-15,0120G0,삼양바이오팜,12.1,62200.0,09:16,62262.2,12:30,59089.9,STOP_LOSS,-5.313
2026-01-15,000990,DB하이텍,7.2,81900.0,09:32,81981.9,15:15,82117.8,TIME_EXIT,-0.065
2026-01-15,043260,성호전자,9.7,14980.0,10:00,14995.0,15:15,14855.1,TIME_EXIT,-1.16
2026-01-16,456160,지투지바이오,8.4,77800.0,09:21,77877.8,10:31,83329.2,TAKE_PROFIT,6.754
2026-01-16,270660,에브리봇,8.1,23450.0,09:22,23473.4,09:29,25116.6,TAKE_PROFIT,6.754
2026-01-16,308430,셀비온,7.1,22700.0,09:25,22722.7,15:15,23226.8,TIME_EXIT,1.983
2026-01-19,191410,육일씨엔에쓰,13.6,3000.0,09:01,3003.0,15:15,3051.9,TIME_EXIT,1.396
2026-01-19,376900,로킷헬스케어,8.5,71800.0,09:07,71871.8,15:15,72727.2,TIME_EXIT,0.957
2026-01-19,031980,피에스케이홀딩스,9.4,58000.0,09:55,58058.0,15:15,59540.4,TIME_EXIT,2.317
2026-01-19,022100,포스코DX,8.7,42000.0,11:00,42042.0,15:15,41558.4,TIME_EXIT,-1.378
2026-01-20,047050,포스코인터내셔널,9.1,62500.0,09:02,62562.5,15:15,63036.9,TIME_EXIT,0.527
2026-01-20,420770,기가비스,12.4,51700.0,09:04,51751.7,15:15,51448.5,TIME_EXIT,-0.814
2026-01-21,257720,실리콘투,9.4,43700.0,09:01,43743.7,09:13,46805.8,TAKE_PROFIT,6.754
2026-01-21,001440,대한전선,7.5,27950.0,09:02,27977.9,11:31,26552.5,STOP_LOSS,-5.313
2026-01-21,250060,모비스,11.9,5830.0,09:04,5835.8,09:21,6244.3,TAKE_PROFIT,6.754
2026-01-21,241710,코스메카코리아,9.1,71700.0,09:04,71771.7,15:15,74025.9,TIME_EXIT,2.904
2026-01-21,189300,인텔리안테크,7.9,74000.0,09:04,74074.0,15:15,72827.1,TIME_EXIT,-1.909
2026-01-21,389500,에스비비테크,7.3,73100.0,09:05,73173.1,09:29,78295.2,TAKE_PROFIT,6.754
2026-01-21,214430,아이쓰리시스템,7.1,88600.0,09:07,88688.6,11:27,84169.9,STOP_LOSS,-5.313
2026-01-21,474170,루미르,11.1,13540.0,09:07,13553.5,15:15,13676.3,TIME_EXIT,0.674
2026-01-21,319400,현대무벡스,11.4,38950.0,09:09,38988.9,09:15,41718.2,TAKE_PROFIT,6.754
2026-01-21,013310,아진산업,12.7,3780.0,09:09,3783.8,12:52,4048.6,TAKE_PROFIT,6.754
2026-01-21,475400,씨메스로보틱스,13.6,42950.0,09:12,42992.9,15:15,42407.6,TIME_EXIT,-1.588
2026-01-21,380540,옵티코어,8.7,9480.0,09:14,9489.5,09:18,10153.7,TAKE_PROFIT,6.754
2026-01-21,361390,제노코,8.6,26400.0,09:26,26426.4,11:32,25080.0,STOP_LOSS,-5.313
2026-01-21,274090,켄코아에어로스페이스,7.2,22450.0,09:52,22472.4,15:15,22577.4,TIME_EXIT,0.236
2026-01-21,007820,엠엑스로보틱스,14.7,5840.0,10:31,5845.8,12:24,6255.0,TAKE_PROFIT,6.754
2026-01-21,458870,씨어스,8.1,45624.9,14:22,45670.6,15:15,46710.2,TIME_EXIT,2.041
2026-01-22,478340,나라스페이스테크놀로지,13.8,53100.0,09:01,53153.1,11:07,56873.8,TAKE_PROFIT,6.754
2026-01-22,257720,실리콘투,9.0,47650.0,09:39,47697.6,15:15,48351.6,TIME_EXIT,1.138
2026-01-23,458870,씨어스,13.8,53629.3,09:07,53682.9,09:46,50947.8,STOP_LOSS,-5.313
2026-01-23,010950,S-Oil,7.2,98500.0,09:07,98598.5,15:15,99200.7,TIME_EXIT,0.379
2026-01-23,494120,큐리오시스,8.5,28061.0,09:14,28089.0,09:27,30055.3,TAKE_PROFIT,6.754
2026-01-23,204270,제이앤티씨,7.6,20600.0,09:16,20620.6,15:15,20679.3,TIME_EXIT,0.054
2026-01-23,042520,한스바이오메드,9.4,24400.0,09:23,24424.4,09:46,23180.0,STOP_LOSS,-5.313
2026-01-23,323350,다원넥스뷰,7.2,9650.0,09:26,9659.6,10:35,9167.5,STOP_LOSS,-5.313
2026-01-26,358570,지아이이노베이션,8.2,14500.0,09:01,14514.5,10:23,15530.5,TAKE_PROFIT,6.754
2026-01-26,494120,큐리오시스,14.6,32162.6,09:56,32194.7,15:15,32380.6,TIME_EXIT,0.346
2026-01-26,452430,사피엔반도체,8.4,36300.0,14:12,36336.3,15:15,36863.1,TIME_EXIT,1.216
2026-01-26,0007C0,아크릴,9.1,35350.0,14:58,35385.3,15:15,36213.8,TIME_EXIT,2.106
2026-01-27,347850,디앤디파마텍,12.7,96700.0,09:01,96796.7,15:15,97102.8,TIME_EXIT,0.086
2026-01-27,397030,에이프릴바이오,10.3,55800.0,09:01,55855.8,15:15,55844.1,TIME_EXIT,-0.251
2026-01-27,201490,미투온,7.0,4505.0,09:01,4509.5,15:15,4435.6,TIME_EXIT,-1.866
2026-01-27,459550,알트,8.3,3800.0,09:01,3803.8,15:15,3756.2,TIME_EXIT,-1.477
2026-01-27,064260,다날,10.1,9800.0,09:01,9809.8,09:19,10496.5,TAKE_PROFIT,6.754
2026-01-27,358570,지아이이노베이션,9.2,15830.0,09:02,15845.8,15:15,16083.9,TIME_EXIT,1.269
2026-01-27,240810,원익IPS,11.2,85200.0,09:02,85285.2,09:27,91255.2,TAKE_PROFIT,6.754
2026-01-27,0009K0,에임드바이오,9.8,58300.0,09:02,58358.3,15:15,58741.2,TIME_EXIT,0.425
2026-01-27,290650,엘앤씨바이오,13.9,62856.9,09:02,62919.7,15:15,66178.8,TIME_EXIT,4.938
2026-01-27,348210,넥스틴,8.1,78900.0,09:02,78978.9,09:11,84507.4,TAKE_PROFIT,6.754
2026-01-27,278280,천보,7.0,56200.0,09:02,56256.2,15:15,57342.6,TIME_EXIT,1.697
2026-01-27,365340,성일하이텍,13.0,64500.0,09:02,64564.5,09:07,69084.0,TAKE_PROFIT,6.754
2026-01-27,039200,오스코텍,12.2,49300.0,09:02,49349.3,15:15,49100.8,TIME_EXIT,-0.732
2026-01-27,028300,HLB,10.1,63100.0,09:02,63163.1,15:15,66233.7,TIME_EXIT,4.62
2026-01-27,031980,피에스케이홀딩스,13.4,68500.0,09:02,68568.5,15:15,71028.9,TIME_EXIT,3.35
2026-01-27,068760,셀트리온제약,10.2,70000.0,09:02,70070.0,15:15,72177.8,TIME_EXIT,2.771
2026-01-27,475400,씨메스로보틱스,12.4,42500.0,09:03,42542.5,15:15,40959.0,TIME_EXIT,-3.944
2026-01-27,183300,코미코,7.3,21798.0,09:03,21819.8,15:15,23141.8,TIME_EXIT,5.815
2026-01-27,078600,대주전자재료,7.9,76100.0,09:03,76176.1,15:15,75224.7,TIME_EXIT,-1.476
2026-01-27,338840,와이바이오로직스,7.0,25200.0,09:03,25225.2,15:15,26273.7,TIME_EXIT,3.917
2026-01-27,328130,루닛,7.1,19734.2,09:03,19754.0,15:15,20672.3,TIME_EXIT,4.408
2026-01-27,348370,엔켐,12.5,72900.0,09:03,72972.9,09:13,78081.0,TAKE_PROFIT,6.754
2026-01-27,376900,로킷헬스케어,7.4,71200.0,09:03,71271.2,15:03,67639.9,STOP_LOSS,-5.313
2026-01-27,042000,카페24,7.7,36300.0,09:03,36336.3,15:15,35714.2,TIME_EXIT,-1.938
2026-01-27,171090,선익시스템,8.5,64800.0,09:04,64864.8,11:07,61559.9,STOP_LOSS,-5.313
2026-01-27,018290,브이티,7.6,18880.0,09:04,18898.9,15:15,19021.0,TIME_EXIT,0.415
2026-01-27,056190,SFA,10.2,29700.0,09:04,29729.7,15:15,30169.8,TIME_EXIT,1.247
2026-01-27,060250,NHN KCP,10.6,20450.0,09:07,20470.4,09:18,22150.0,TAKE_PROFIT,7.956
2026-01-27,005070,코스모신소재,7.2,51900.0,09:07,51951.9,15:15,51048.9,TIME_EXIT,-1.964
2026-01-27,041920,메디아나,11.8,16330.0,10:24,16346.3,15:15,16663.3,TIME_EXIT,1.705
2026-01-27,042520,한스바이오메드,13.0,28200.0,10:39,28228.2,15:15,28121.8,TIME_EXIT,-0.606
2026-01-27,378340,필에너지,7.6,16500.0,12:56,16516.5,15:15,16133.9,TIME_EXIT,-2.541
2026-01-28,228760,지노믹트리,7.5,25700.0,09:36,25725.7,10:03,24415.0,STOP_LOSS,-5.313
2026-01-28,252990,샘씨엔에스,7.1,9250.0,09:58,9259.2,15:15,9360.6,TIME_EXIT,0.862
2026-01-29,048410,현대바이오,14.7,9300.0,09:01,9309.3,09:35,8835.0,STOP_LOSS,-5.313
2026-01-29,290650,엘앤씨바이오,9.7,72445.2,09:01,72517.6,09:27,68822.9,STOP_LOSS,-5.313
2026-01-29,255220,SG,7.8,2531.6,09:02,2534.1,15:15,2669.3,TIME_EXIT,5.095
2026-01-29,025320,시노펙스,13.0,7560.0,09:08,7567.6,09:34,7182.0,STOP_LOSS,-5.313
2026-01-29,437730,삼현,8.1,69700.0,09:09,69769.7,09:35,66214.9,STOP_LOSS,-5.313
2026-01-29,047040,대우건설,8.0,5190.0,09:21,5195.2,15:15,5124.9,TIME_EXIT,-1.58
2026-01-30,036540,SFA반도체,8.9,6860.0,09:01,6866.9,09:42,7347.5,TAKE_PROFIT,6.754
2026-01-30,054920,한컴위드,9.3,6330.0,09:02,6336.3,11:21,6013.5,STOP_LOSS,-5.313
2026-01-30,065350,신성델타테크,7.4,77900.0,09:02,77977.9,15:15,80019.9,TIME_EXIT,2.383
2026-01-30,462860,더즌,10.3,5300.0,09:04,5305.3,15:15,5334.7,TIME_EXIT,0.322
2026-01-30,201490,미투온,7.1,4360.0,09:04,4364.4,13:00,4669.9,TAKE_PROFIT,6.754
2026-01-30,003530,한화투자증권,8.5,6610.0,09:05,6616.6,15:15,6463.5,TIME_EXIT,-2.538
2026-01-30,216080,제테마,14.3,10890.0,09:05,10900.9,15:15,10729.3,TIME_EXIT,-1.801
2026-01-30,178320,서진시스템,10.4,38200.0,09:11,38238.2,15:15,38311.7,TIME_EXIT,-0.038
2026-01-30,482630,삼양엔씨켐,7.7,15425.0,09:14,15440.4,15:15,15359.6,TIME_EXIT,-0.752
2026-01-30,042520,한스바이오메드,10.1,30400.0,09:16,30430.4,10:13,32560.5,TAKE_PROFIT,6.754
2026-01-30,295310,에이치브이엠,8.9,91700.0,09:23,91791.7,09:40,87114.9,STOP_LOSS,-5.313
2026-01-30,045100,한양이엔지,12.5,32750.0,09:51,32782.8,13:41,31112.5,STOP_LOSS,-5.313
2026-01-30,308430,셀비온,7.3,26300.0,09:59,26326.3,15:15,25824.2,TIME_EXIT,-2.133
2026-01-30,048410,현대바이오,8.6,10100.0,10:01,10650.6,11:01,11430.0,TAKE_PROFIT,7.071
2026-01-30,494120,큐리오시스,12.1,34763.6,10:25,34798.4,12:49,37234.2,TAKE_PROFIT,6.754
2026-01-30,060250,NHN KCP,10.0,23650.0,13:42,23673.6,15:15,22827.2,TIME_EXIT,-3.797
2026-02-02,306040,에스제이그룹,7.3,13160.0,09:04,13173.2,10:11,14095.3,TAKE_PROFIT,6.754
2026-02-02,318060,그래피,12.1,55200.0,09:08,55255.2,09:25,59123.1,TAKE_PROFIT,6.754
2026-02-02,319660,피에스케이,12.6,61500.0,09:09,61561.5,10:31,58424.9,STOP_LOSS,-5.313
2026-02-02,396300,HT로보틱스,13.1,4535.0,09:11,4539.5,15:15,4525.5,TIME_EXIT,-0.539
2026-02-02,281820,케이씨텍,8.1,47250.0,09:55,47297.2,12:54,44887.5,STOP_LOSS,-5.313
2026-02-04,0015N0,아로마티카,9.7,10060.0,09:01,10070.1,10:52,10775.0,TAKE_PROFIT,6.754
2026-02-04,008930,한미사이언스,8.4,42600.0,09:01,42642.6,09:22,45627.6,TAKE_PROFIT,6.754
2026-02-04,010660,화천기계,7.4,6120.0,09:01,6126.1,15:15,5924.1,TIME_EXIT,-3.521
2026-02-04,456160,지투지바이오,12.7,83700.0,09:02,83783.7,09:34,89648.6,TAKE_PROFIT,6.754
2026-02-04,226590,엠디바이스,9.8,20200.0,09:02,20220.2,15:15,19670.3,TIME_EXIT,-2.943
2026-02-04,490470,세미파이브,9.2,29050.0,09:02,29079.0,15:15,29270.7,TIME_EXIT,0.428
2026-02-04,246710,티앤알바이오팹,8.9,3415.0,09:02,3418.4,14:26,3244.2,STOP_LOSS,-5.313
2026-02-04,047310,파워로직스,9.9,6130.0,09:02,6136.1,15:15,6383.6,TIME_EXIT,3.794
2026-02-04,468530,프로티나,8.2,81500.0,09:03,81581.5,15:15,80319.6,TIME_EXIT,-1.773
2026-02-04,019210,와이지-원,12.3,8980.0,09:03,8989.0,11:55,8531.0,STOP_LOSS,-5.313
2026-02-04,033100,제룡전기,9.2,47650.0,09:03,47697.6,14:21,51036.5,TAKE_PROFIT,6.754
2026-02-04,009470,삼화전기,10.4,55100.0,09:03,55155.1,15:15,56543.4,TIME_EXIT,2.281
2026-02-04,241560,두산밥캣,12.5,64900.0,09:04,64964.9,15:15,64335.6,TIME_EXIT,-1.196
2026-02-04,456010,아이씨티케이,8.1,18180.0,09:04,18198.2,15:15,18291.7,TIME_EXIT,0.283
2026-02-04,317330,덕산테코피아,7.9,19980.0,09:04,20000.0,15:15,19930.0,TIME_EXIT,-0.579
2026-02-04,372320,큐로셀,8.2,51700.0,09:04,51751.7,15:15,51648.3,TIME_EXIT,-0.429
2026-02-04,009420,한올바이오파마,9.0,53800.0,09:05,53853.8,15:15,52947.0,TIME_EXIT,-1.91
2026-02-04,003380,하림지주,8.5,15090.0,09:06,15105.1,09:19,16162.4,TAKE_PROFIT,6.754
2026-02-04,032940,원익,10.3,14340.0,09:06,14354.3,15:15,14335.6,TIME_EXIT,-0.36
2026-02-04,074600,원익QnC,7.7,28650.0,09:07,28678.6,15:15,28221.8,TIME_EXIT,-1.819
2026-02-04,001200,유진투자증권,7.7,4275.0,09:08,4279.3,15:15,4360.6,TIME_EXIT,1.667
2026-02-04,023530,롯데쇼핑,8.0,90000.0,09:08,90090.0,15:15,96103.8,TIME_EXIT,6.43
2026-02-04,389020,자람테크놀로지,7.8,41400.0,09:09,41441.4,15:15,41458.5,TIME_EXIT,-0.189
2026-02-04,478340,나라스페이스테크놀로지,11.8,61700.0,09:10,61761.7,10:00,58614.9,STOP_LOSS,-5.313
2026-02-04,001060,JW중외제약,9.4,33200.0,09:10,33233.2,12:14,35559.5,TAKE_PROFIT,6.754
2026-02-04,475230,엔알비,12.4,21000.0,09:11,21021.0,15:15,21278.7,TIME_EXIT,0.993
2026-02-04,365270,큐라클,14.0,12780.0,09:14,12792.8,15:15,12387.6,TIME_EXIT,-3.39
2026-02-04,403870,HPSP,9.7,46800.0,09:15,46846.8,15:15,45654.3,TIME_EXIT,-2.77
2026-02-04,003530,한화투자증권,12.7,6820.0,09:17,6826.8,15:15,6693.3,TIME_EXIT,-2.181
2026-02-04,319660,피에스케이,8.6,60300.0,09:19,60360.3,13:23,57284.9,STOP_LOSS,-5.313
2026-02-04,053610,프로텍,7.3,53500.0,09:19,53553.5,15:15,52747.2,TIME_EXIT,-1.732
2026-02-04,012630,HDC,8.6,21000.0,09:53,21021.0,15:15,20879.1,TIME_EXIT,-0.903
2026-02-04,254490,미래반도체,11.0,18940.0,10:18,18958.9,15:15,19031.0,TIME_EXIT,0.149
2026-02-04,041190,우리기술투자,7.6,8390.0,10:18,8398.4,15:15,8271.7,TIME_EXIT,-1.735
2026-02-04,223250,드림씨아이에스,8.2,6220.0,10:29,6226.2,15:15,6303.7,TIME_EXIT,1.011
2026-02-04,489790,한화비전,12.3,63900.0,10:39,63963.9,15:15,63836.1,TIME_EXIT,-0.429
2026-02-04,281820,케이씨텍,8.5,48650.0,14:27,48698.6,15:15,48851.1,TIME_EXIT,0.082
2026-02-05,047040,대우건설,9.2,5590.0,09:02,5595.6,11:56,5310.5,STOP_LOSS,-5.313
2026-02-05,056090,시지메드텍,14.7,1875.0,09:04,1876.9,10:48,2008.3,TAKE_PROFIT,6.754
2026-02-05,020150,롯데에너지머티리얼즈,13.8,47750.0,09:07,47797.7,15:15,48701.2,TIME_EXIT,1.656
2026-02-05,281740,레이크머티리얼즈,7.4,27550.0,09:09,27577.5,11:04,26172.5,STOP_LOSS,-5.313
2026-02-05,425420,티에프이,10.3,41100.0,09:11,41141.1,15:15,41308.7,TIME_EXIT,0.176
2026-02-05,420770,기가비스,8.9,57800.0,09:11,57857.8,15:15,59640.3,TIME_EXIT,2.844
2026-02-05,217590,티엠씨,7.3,15830.0,09:17,15845.8,15:15,15134.9,TIME_EXIT,-4.707
2026-02-05,290550,디케이티,10.6,11400.0,09:25,11411.4,12:55,10830.0,STOP_LOSS,-5.313
2026-02-05,000520,삼일제약,12.8,12220.0,10:01,12232.2,15:15,12277.7,TIME_EXIT,0.141
2026-02-05,222080,SFA넥셀,11.3,13350.0,10:20,13363.3,15:15,12967.0,TIME_EXIT,-3.189
2026-02-06,348340,뉴로메카,7.1,62256.5,10:08,62318.8,14:58,59143.6,STOP_LOSS,-5.313
2026-02-06,489500,엘케이켐,12.1,44350.0,10:09,44394.3,10:30,47502.0,TAKE_PROFIT,6.754
2026-02-09,067000,조이시티,7.4,3115.0,09:02,3118.1,09:50,2959.2,STOP_LOSS,-5.313
2026-02-09,489500,엘케이켐,11.3,49350.0,09:02,49399.3,10:55,52857.3,TAKE_PROFIT,6.754
2026-02-10,304360,에스바이오메딕스,8.2,33150.0,09:01,33183.1,15:15,34715.2,TIME_EXIT,4.377
2026-02-10,052400,코나아이,14.3,63200.0,09:01,63263.2,15:15,60539.4,TIME_EXIT,-4.526
2026-02-10,348370,엔켐,9.6,82500.0,09:01,82582.5,15:15,79620.3,TIME_EXIT,-3.809
2026-02-10,204270,제이앤티씨,11.9,24050.0,09:02,24074.0,10:29,22847.5,STOP_LOSS,-5.313
2026-02-10,328130,루닛,7.6,20296.7,09:02,20317.0,15:15,19876.1,TIME_EXIT,-2.395
2026-02-10,308430,셀비온,8.3,27350.0,09:02,27427.4,10:07,29347.3,TAKE_PROFIT,6.754
2026-02-10,272290,이녹스첨단소재,11.1,42050.0,09:02,42092.0,10:57,39947.5,STOP_LOSS,-5.313
2026-02-10,383310,에코프로에이치엔,11.2,37700.0,09:02,37737.7,13:26,35815.0,STOP_LOSS,-5.313
2026-02-10,235980,메드팩토,7.6,6080.0,09:02,6086.1,15:16,6183.8,TIME_EXIT,1.372
2026-02-10,456160,지투지바이오,8.0,86100.0,09:03,86186.1,15:15,86413.5,TIME_EXIT,0.033
2026-02-10,036540,SFA반도체,8.4,7470.0,09:04,7477.5,15:15,7172.8,TIME_EXIT,-4.295
2026-02-10,200710,에이디테크놀로지,13.6,40150.0,09:08,40190.1,09:59,38142.5,STOP_LOSS,-5.313
2026-02-10,060250,NHN KCP,7.9,22650.0,09:12,22672.6,15:15,22227.8,TIME_EXIT,-2.188
2026-02-10,023590,다우기술,11.9,51300.0,09:13,51351.3,15:15,52047.9,TIME_EXIT,1.123
2026-02-10,002790,아모레퍼시픽홀딩스,14.8,34950.0,09:14,34984.9,15:15,35114.8,TIME_EXIT,0.14
2026-02-10,290550,디케이티,10.3,11650.0,09:30,11661.6,15:15,11218.8,TIME_EXIT,-4.019
2026-02-10,010780,아이에스동서,8.4,29550.0,10:22,29579.5,15:15,29120.8,TIME_EXIT,-1.777
2026-02-11,048410,현대바이오,11.4,11550.0,09:09,11561.5,09:44,10972.5,STOP_LOSS,-5.313
2026-02-11,000370,한화손해보험,14.3,7290.0,09:11,7297.3,15:15,7352.6,TIME_EXIT,0.527
2026-02-11,209640,와이제이링크,8.7,5270.0,09:40,5275.3,10:37,5644.5,TAKE_PROFIT,6.754
2026-02-12,001820,삼화콘덴서,8.6,38000.0,09:01,38038.0,09:29,36100.0,STOP_LOSS,-5.313
2026-02-12,006910,보성파워텍,12.4,9170.0,09:01,9179.2,15:15,9380.6,TIME_EXIT,1.96
2026-02-12,389140,포바이포,11.0,10360.0,09:01,10370.4,09:13,11096.3,TAKE_PROFIT,6.754
2026-02-12,046120,오르비텍,14.6,5570.0,09:04,5575.6,10:52,5291.5,STOP_LOSS,-5.313
2026-02-12,331740,아우토크립트,14.3,18850.0,09:04,18868.8,15:15,18871.1,TIME_EXIT,-0.218
2026-02-12,0015S0,페스카로,11.0,24200.0,09:05,24224.2,15:15,23426.5,TIME_EXIT,-3.515
2026-02-12,464490,쿼드메디슨,8.6,19390.0,09:06,19409.4,15:15,19220.8,TIME_EXIT,-1.2
2026-02-12,357580,아모센스,14.8,14700.0,09:06,14734.7,10:01,13984.0,STOP_LOSS,-5.313
2026-02-12,376900,로킷헬스케어,13.3,64700.0,09:16,64764.7,15:15,66133.8,TIME_EXIT,1.879
2026-02-13,214180,헥토이노베이션,8.6,24100.0,09:01,24124.1,15:15,24425.5,TIME_EXIT,1.017
2026-02-13,007340,DN오토모티브,11.7,32000.0,09:01,32032.0,15:15,32617.3,TIME_EXIT,1.593
2026-02-13,048410,현대바이오,8.0,11530.0,09:07,11541.5,10:37,12400.0,TAKE_PROFIT,7.191
2026-02-13,393890,더블유씨피,9.2,9950.0,09:08,9959.9,09:25,9452.5,STOP_LOSS,-5.313
2026-02-13,317770,엑스페릭스,8.6,3835.0,09:11,3838.8,09:18,4107.6,TAKE_PROFIT,6.754
2026-02-13,314130,지놈앤컴퍼니,7.7,8250.0,09:14,8258.2,12:12,7837.5,STOP_LOSS,-5.313
2026-02-13,456040,OCI,9.7,86700.0,10:46,86786.7,15:15,86513.4,TIME_EXIT,-0.544
2026-02-20,323350,다원넥스뷰,12.2,14600.0,09:01,14614.6,09:06,15637.6,TAKE_PROFIT,6.754
2026-02-20,263750,펄어비스,7.4,53600.0,09:02,53653.6,15:15,52447.5,TIME_EXIT,-2.473
2026-02-20,042520,한스바이오메드,14.5,49000.0,09:02,49049.0,15:15,48851.1,TIME_EXIT,-0.633
2026-02-20,179900,유티아이,7.4,23150.0,09:02,23173.1,15:15,22827.2,TIME_EXIT,-1.72
2026-02-20,319660,피에스케이,8.5,62800.0,09:02,62862.8,09:43,59659.9,STOP_LOSS,-5.313
2026-02-20,042000,카페24,8.0,36650.0,09:02,36686.6,15:15,35214.8,TIME_EXIT,-4.233
2026-02-20,001820,삼화콘덴서,13.8,41650.0,09:03,41691.6,15:15,43606.3,TIME_EXIT,4.352
2026-02-20,222080,SFA넥셀,10.9,13470.0,09:03,13483.5,15:15,13776.2,TIME_EXIT,1.936
2026-02-20,181710,NHN,14.1,42400.0,09:05,42442.4,15:15,42807.2,TIME_EXIT,0.627
2026-02-20,003620,KG모빌리티,7.1,4325.0,09:05,4329.3,15:15,4270.7,TIME_EXIT,-1.58
2026-02-20,322000,HD현대에너지솔루션,10.1,89600.0,09:06,89689.6,15:15,86313.6,TIME_EXIT,-3.985
2026-02-20,200710,에이디테크놀로지,9.9,42800.0,09:07,42842.8,15:15,42857.1,TIME_EXIT,-0.197
2026-02-20,397030,에이프릴바이오,7.3,70200.0,09:14,70270.2,13:16,66689.9,STOP_LOSS,-5.313
2026-02-20,448900,한국피아이엠,11.9,80200.0,09:14,80280.2,15:15,77022.9,TIME_EXIT,-4.278
2026-02-20,023160,태광,7.7,31300.0,09:19,31331.3,15:15,30919.0,TIME_EXIT,-1.543
2026-02-20,060370,LS마린솔루션,7.8,31100.0,09:23,31131.1,15:15,30519.5,TIME_EXIT,-2.19
2026-02-20,445090,에이직랜드,7.2,32800.0,09:29,32832.8,15:15,31918.0,TIME_EXIT,-3.01
2026-02-20,047040,대우건설,8.6,7930.0,10:02,7937.9,15:15,7802.2,TIME_EXIT,-1.936
2026-02-20,451220,아이엠티,7.4,13210.0,11:16,13233.2,15:15,12897.1,TIME_EXIT,-2.764
2026-02-20,199430,케이엔알시스템,9.7,33950.0,11:57,33983.9,15:15,33616.3,TIME_EXIT,-1.309
2026-02-20,389020,자람테크놀로지,12.1,47400.0,14:51,47447.4,15:15,46253.7,TIME_EXIT,-2.74
2026-02-23,0015N0,아로마티카,12.9,15050.0,09:01,15065.0,09:17,16119.6,TAKE_PROFIT,6.754
2026-02-23,047050,포스코인터내셔널,8.8,75300.0,09:02,75375.3,15:15,73126.8,TIME_EXIT,-3.206
2026-02-23,365270,큐라클,11.6,16500.0,10:57,16516.5,15:15,16153.8,TIME_EXIT,-2.421
2026-02-24,019990,에너토크,7.2,10320.0,09:01,10330.3,15:15,9940.0,TIME_EXIT,-3.999
2026-02-24,397030,에이프릴바이오,10.4,73000.0,09:01,73073.0,15:15,70329.6,TIME_EXIT,-3.976
2026-02-24,024060,흥구석유,14.8,21850.0,09:01,21871.8,09:12,23402.9,TAKE_PROFIT,6.754
2026-02-24,010820,퍼스텍,8.2,7270.0,09:02,7277.3,10:03,6906.5,STOP_LOSS,-5.313
2026-02-24,004560,현대비앤지스틸,13.0,21800.0,09:05,21821.8,09:11,20710.0,STOP_LOSS,-5.313
2026-02-24,468530,프로티나,11.7,75300.0,09:07,75375.3,09:47,80651.6,TAKE_PROFIT,6.754
2026-02-24,000500,가온전선,8.3,54123.7,09:10,54177.9,15:15,54404.5,TIME_EXIT,0.187
2026-02-24,290550,디케이티,9.2,11980.0,09:13,11992.0,11:41,12831.4,TAKE_PROFIT,6.754
2026-02-24,389140,포바이포,7.6,13280.0,09:14,13293.3,15:15,12857.1,TIME_EXIT,-3.503
2026-02-24,005440,현대지에프홀딩스,8.8,15600.0,10:05,15615.6,13:27,16708.7,TAKE_PROFIT,6.754
2026-02-24,204270,제이앤티씨,9.5,23700.0,10:43,23773.7,15:15,24425.5,TIME_EXIT,2.505
2026-02-25,206650,유바이오로직스,14.4,16200.0,09:02,16216.2,09:12,15390.0,STOP_LOSS,-5.313
2026-02-26,006800,미래에셋증권,8.6,72900.0,09:56,72972.9,15:15,72912.0,TIME_EXIT,-0.313
2026-02-27,432470,케이엔에스,13.9,16750.0,09:02,16766.7,09:21,15912.5,STOP_LOSS,-5.313
2026-02-27,348210,넥스틴,7.2,82300.0,09:10,82382.3,15:15,81318.6,TIME_EXIT,-1.518
2026-02-27,319660,피에스케이,7.9,65400.0,09:12,65465.4,15:15,64235.7,TIME_EXIT,-2.104
2026-02-27,489790,한화비전,13.5,86000.0,09:12,86086.0,15:15,85014.9,TIME_EXIT,-1.471
2026-02-27,067310,하나마이크론,7.2,37150.0,09:17,37187.1,15:15,36163.8,TIME_EXIT,-2.976
2026-02-27,357580,아모센스,13.8,15520.0,09:24,15535.5,12:06,16623.0,TAKE_PROFIT,6.754
2026-02-27,002020,코오롱,7.3,70700.0,10:16,70770.7,15:15,68231.7,TIME_EXIT,-3.809
2026-02-27,420770,기가비스,7.6,70600.0,11:29,70670.6,15:15,72127.8,TIME_EXIT,1.827
2026-03-03,038500,삼표시멘트,13.6,17350.0,09:01,17367.3,09:06,18583.1,TAKE_PROFIT,6.754
2026-03-03,004560,현대비앤지스틸,10.7,22250.0,09:01,22272.2,09:13,21137.5,STOP_LOSS,-5.313
2026-03-03,0004V0,엔비알모션,14.2,22100.0,09:02,22122.1,09:06,23670.6,TAKE_PROFIT,6.754
2026-03-03,323280,태성,12.1,79000.0,09:03,79079.0,15:04,75049.9,STOP_LOSS,-5.313
2026-03-03,290740,액트로,8.9,29250.0,09:03,29279.2,15:15,28022.0,TIME_EXIT,-4.514
2026-03-03,047770,코데즈컴바인,8.0,5390.0,09:05,5395.4,09:16,5120.5,STOP_LOSS,-5.313
2026-03-03,389470,인벤티지랩,13.0,93600.0,09:09,93693.6,10:26,100252.2,TAKE_PROFIT,6.754
2026-03-03,072470,우리산업홀딩스,14.6,4700.0,09:55,4704.7,10:00,5034.0,TAKE_PROFIT,6.754
2026-03-04,036170,에이치엠넥스,8.3,2745.0,09:07,2747.7,09:08,2940.1,TAKE_PROFIT,6.754
2026-03-04,376900,로킷헬스케어,7.3,73100.0,09:11,73173.1,11:17,69430.5,STOP_LOSS,-5.333
2026-03-04,388790,라이콤,7.4,3345.0,09:16,3348.3,09:36,3177.7,STOP_LOSS,-5.313
2026-03-04,024850,HLB이노베이션,8.0,14250.0,09:17,14264.2,09:24,13537.5,STOP_LOSS,-5.313
2026-03-04,056090,시지메드텍,11.7,3000.0,11:13,3003.0,12:08,2850.0,STOP_LOSS,-5.313
2026-03-06,194480,데브시스터즈,14.3,39450.0,09:01,39489.4,15:15,39660.3,TIME_EXIT,0.202
2026-03-06,337930,젝시믹스,9.3,4810.0,09:01,4814.8,15:15,4715.3,TIME_EXIT,-2.292
2026-03-06,032940,원익,13.1,10640.0,09:01,10650.6,14:11,11396.2,TAKE_PROFIT,6.754
2026-03-06,417200,LS머트리얼즈,14.5,15060.0,09:01,15075.1,09:07,16130.3,TAKE_PROFIT,6.754
2026-03-06,290650,엘앤씨바이오,9.2,80193.3,09:01,80273.5,15:15,85239.7,TIME_EXIT,5.942
2026-03-06,002710,TCC스틸,11.7,13330.0,09:01,13343.3,14:39,14277.4,TAKE_PROFIT,6.754
2026-03-06,348210,넥스틴,12.4,79900.0,09:01,79979.9,15:15,84015.9,TIME_EXIT,4.805
2026-03-06,456160,지투지바이오,7.4,90200.0,09:01,90290.2,09:22,96610.5,TAKE_PROFIT,6.754
2026-03-06,394800,쓰리빌리언,13.6,13770.0,09:01,13783.8,15:15,14245.7,TIME_EXIT,3.114
2026-03-06,012860,모베이스전자,12.8,4060.0,09:01,4064.1,10:26,3857.0,STOP_LOSS,-5.313
2026-03-06,035720,카카오,8.8,51200.0,09:01,51251.2,15:15,53546.4,TIME_EXIT,4.238
2026-03-06,038500,삼표시멘트,8.9,14330.0,09:01,14344.3,10:29,13613.5,STOP_LOSS,-5.313
2026-03-06,306040,에스제이그룹,8.5,9200.0,09:01,9209.2,10:23,8740.0,STOP_LOSS,-5.313
2026-03-06,028670,팬오션,9.9,5660.0,09:01,5665.7,09:40,5377.0,STOP_LOSS,-5.313
2026-03-06,034020,두산에너빌리티,12.3,90500.0,09:01,90590.5,14:16,96931.8,TAKE_PROFIT,6.754
2026-03-06,056190,SFA,8.3,30000.0,09:01,30030.0,10:31,28500.0,STOP_LOSS,-5.313
2026-03-06,377300,카카오페이,13.4,59300.0,09:01,59359.3,15:15,62037.9,TIME_EXIT,4.272
2026-03-06,203400,에이비온,13.0,2825.0,09:01,2827.8,15:15,2892.1,TIME_EXIT,2.038
2026-03-06,298830,슈어소프트테크,12.7,7100.0,09:01,7107.1,15:15,7342.6,TIME_EXIT,3.077
2026-03-06,001200,유진투자증권,13.1,4695.0,09:01,4699.7,15:15,4980.0,TIME_EXIT,5.721
2026-03-06,456070,이엔셀,12.5,15080.0,09:01,15095.1,14:52,16160.0,TAKE_PROFIT,6.809
2026-03-06,399720,가온칩스,14.6,60500.0,09:01,60560.5,15:15,63336.6,TIME_EXIT,4.344
2026-03-06,265520,AP시스템,11.9,21600.0,09:01,21621.6,15:15,22627.3,TIME_EXIT,4.411
2026-03-06,213420,덕산네오룩스,10.0,37400.0,09:01,37437.4,15:15,39110.8,TIME_EXIT,4.23
2026-03-06,215100,로보로보,13.0,7750.0,09:01,7757.7,15:15,7722.3,TIME_EXIT,-0.686
2026-03-06,000400,롯데손해보험,7.4,2060.0,09:01,2062.1,13:18,2206.4,TAKE_PROFIT,6.754
2026-03-06,006340,대원전선,8.6,5430.0,09:01,5435.4,09:05,5815.9,TAKE_PROFIT,6.754
2026-03-06,482630,삼양엔씨켐,11.2,17940.0,09:01,17957.9,09:33,19600.0,TAKE_PROFIT,8.893
2026-03-06,294630,서남,14.0,3900.0,09:01,3903.9,09:03,4177.2,TAKE_PROFIT,6.754
2026-03-06,033500,동성화인텍,7.2,26850.0,09:01,26876.8,09:46,25507.5,STOP_LOSS,-5.313
2026-03-06,022100,포스코DX,12.0,32300.0,09:01,32332.3,15:15,33766.2,TIME_EXIT,4.195
2026-03-06,042000,카페24,9.9,28250.0,09:01,28278.2,15:15,28621.3,TIME_EXIT,0.981
2026-03-06,302550,리메드,8.9,3175.0,09:01,3178.2,15:15,3166.8,TIME_EXIT,-0.586
2026-03-06,424870,이뮨온시아,10.6,7311.8,09:01,7319.1,10:28,6946.2,STOP_LOSS,-5.313
2026-03-06,348340,뉴로메카,10.6,44913.6,09:01,44958.5,09:12,48105.6,TAKE_PROFIT,6.754
2026-03-06,383310,에코프로에이치엔,13.9,33100.0,09:01,33133.1,09:07,35452.4,TAKE_PROFIT,6.754
2026-03-06,001440,대한전선,11.9,29150.0,09:01,29179.1,09:12,31221.7,TAKE_PROFIT,6.754
2026-03-06,195940,HK이노엔,7.4,48900.0,09:01,48948.9,15:15,50849.1,TIME_EXIT,3.643
2026-03-06,200670,휴메딕스,11.0,37300.0,09:01,37337.3,15:15,37262.7,TIME_EXIT,-0.429
2026-03-06,060280,큐렉소,13.4,15380.0,09:01,15395.4,15:15,16173.8,TIME_EXIT,4.815
2026-03-06,059090,미코,12.2,14030.0,09:01,14044.0,12:47,15027.1,TAKE_PROFIT,6.754
2026-03-06,297090,씨에스베어링,12.1,6230.0,09:02,6236.2,09:11,6672.8,TAKE_PROFIT,6.754
2026-03-06,358570,지아이이노베이션,15.0,15110.0,09:02,15125.1,10:28,14354.5,STOP_LOSS,-5.313
2026-03-06,037350,성도이엔지,8.9,10800.0,09:02,10810.8,11:33,11567.6,TAKE_PROFIT,6.754
2026-03-06,389470,인벤티지랩,14.8,93000.0,09:02,93093.0,10:28,88349.9,STOP_LOSS,-5.313
2026-03-06,389680,유디엠텍,10.9,3260.0,09:02,3263.3,09:21,3491.7,TAKE_PROFIT,6.754
2026-03-06,294570,쿠콘,13.1,31450.0,09:02,31481.4,15:15,31218.8,TIME_EXIT,-1.063
2026-03-06,003380,하림지주,12.2,15030.0,09:02,15045.0,12:13,16220.0,TAKE_PROFIT,7.562
2026-03-06,032500,케이엠더블유,12.7,17200.0,09:02,17217.2,15:15,18002.0,TIME_EXIT,4.318
2026-03-06,060720,KH바텍,12.5,15300.0,09:02,15315.3,15:15,15254.7,TIME_EXIT,-0.625
2026-03-06,454910,두산로보틱스,12.4,90600.0,09:02,90690.6,15:15,91008.9,TIME_EXIT,0.12
2026-03-06,003720,삼영,11.2,7230.0,09:02,7237.2,15:15,7292.7,TIME_EXIT,0.535
2026-03-06,376300,디어유,7.5,34200.0,09:02,34234.2,09:32,36630.6,TAKE_PROFIT,6.754
2026-03-06,402490,그린리소스,11.8,12090.0,09:02,12102.1,10:18,11485.5,STOP_LOSS,-5.313
2026-03-06,475960,토모큐브,10.1,59700.0,09:02,59759.7,15:15,59240.7,TIME_EXIT,-1.096
2026-03-06,017510,세명전기,12.8,9250.0,09:02,9259.2,15:15,9300.7,TIME_EXIT,0.217
2026-03-06,256840,한국비엔씨,10.6,4110.0,09:02,4114.1,15:15,4070.9,TIME_EXIT,-1.277
2026-03-06,464080,에스오에스랩,14.3,16050.0,09:02,16066.0,10:29,15247.5,STOP_LOSS,-5.313
2026-03-06,067000,조이시티,9.4,2380.0,09:02,2382.4,09:18,2549.1,TAKE_PROFIT,6.754
2026-03-06,060370,LS마린솔루션,9.6,27500.0,09:02,27527.5,15:15,27872.1,TIME_EXIT,1.019
2026-03-06,033160,엠케이전자,12.7,9250.0,09:02,9259.2,15:15,9610.4,TIME_EXIT,3.554
2026-03-06,338840,와이바이오로직스,14.0,22850.0,09:02,22872.8,15:15,23776.2,TIME_EXIT,3.71
2026-03-06,064850,에프앤가이드,10.5,18830.0,09:02,19099.1,15:15,18991.0,TIME_EXIT,-0.795
2026-03-06,469610,이노테크,12.0,19850.0,09:02,19869.8,15:15,20279.7,TIME_EXIT,1.828
2026-03-06,030520,한컴,8.9,20200.0,09:02,20220.2,15:15,20279.7,TIME_EXIT,0.064
2026-03-06,304100,솔트룩스,13.7,22100.0,09:02,22122.1,15:15,21953.0,TIME_EXIT,-0.992
2026-03-06,036620,감성코퍼레이션,7.2,5530.0,09:02,5535.5,13:13,5923.0,TAKE_PROFIT,6.754
2026-03-06,328130,루닛,8.7,16921.8,09:02,16938.7,15:15,16927.1,TIME_EXIT,-0.298
2026-03-06,393890,더블유씨피,14.9,9010.0,09:02,9019.0,09:27,9650.3,TAKE_PROFIT,6.754
2026-03-06,012800,대창,9.3,1419.0,09:02,1420.4,10:28,1348.0,STOP_LOSS,-5.313
2026-03-06,041020,폴라리스오피스,12.0,3720.0,09:02,3723.7,15:15,3766.2,TIME_EXIT,0.909
2026-03-06,006220,제주은행,14.0,14250.0,09:02,14264.2,15:15,14265.7,TIME_EXIT,-0.22
2026-03-06,018290,브이티,7.1,15330.0,09:02,15345.3,15:15,15354.6,TIME_EXIT,-0.17
2026-03-06,462860,더즌,13.7,3860.0,09:02,3863.9,15:15,3861.1,TIME_EXIT,-0.3
2026-03-06,005850,에스엘,10.2,66000.0,09:02,66066.0,15:15,68031.9,TIME_EXIT,2.739
2026-03-06,011790,SKC,12.7,93241.7,09:02,93335.0,15:15,96713.2,TIME_EXIT,3.381
2026-03-06,033640,네패스,11.2,16310.0,09:02,16326.3,15:15,17342.6,TIME_EXIT,5.981
2026-03-06,365340,성일하이텍,12.7,54500.0,09:02,54554.5,15:15,57342.6,TIME_EXIT,4.869
2026-03-06,008830,대동기어,13.4,13430.9,09:02,13444.4,15:15,13676.3,TIME_EXIT,1.491
2026-03-06,053080,케이엔솔,10.2,13210.0,09:02,13223.2,15:15,13456.5,TIME_EXIT,1.53
2026-03-06,474650,링크솔루션,11.3,72800.0,09:02,72872.8,15:15,74425.5,TIME_EXIT,1.896
2026-03-06,459510,나우로보틱스,10.3,22400.0,09:02,22422.4,09:12,23992.0,TAKE_PROFIT,6.754
2026-03-06,052400,코나아이,10.4,61400.0,09:02,61461.4,15:15,64035.9,TIME_EXIT,3.949
2026-03-06,033340,좋은사람들,14.2,1919.0,09:02,1920.9,15:15,1951.0,TIME_EXIT,1.335
2026-03-06,309960,LB인베스트먼트,13.5,6400.0,09:02,6406.4,15:15,6313.7,TIME_EXIT,-1.674
2026-03-06,336370,솔루스첨단소재,12.1,7950.0,09:02,7957.9,15:15,8311.7,TIME_EXIT,4.205
2026-03-06,264660,씨앤지하이테크,12.7,17640.0,09:02,17657.6,15:15,18301.7,TIME_EXIT,3.409
2026-03-06,382840,원준,13.5,9000.0,09:02,9009.0,15:15,9340.6,TIME_EXIT,3.443
2026-03-06,000540,흥국화재,10.3,4710.0,09:02,4714.7,15:15,4765.2,TIME_EXIT,0.839
2026-03-06,015750,성우하이텍,13.3,7750.0,09:02,7757.7,15:15,8141.9,TIME_EXIT,4.71
2026-03-06,272290,이녹스첨단소재,12.2,31250.0,09:02,31281.2,12:07,33470.9,TAKE_PROFIT,6.754
2026-03-06,039200,오스코텍,8.8,50600.0,09:02,50650.6,15:15,51448.5,TIME_EXIT,1.342
2026-03-06,397030,에이프릴바이오,14.3,63200.0,09:02,63263.2,14:11,67691.6,TAKE_PROFIT,6.754
2026-03-06,000490,대동,8.3,9960.0,09:02,9970.0,15:15,10079.9,TIME_EXIT,0.87
2026-03-06,201490,미투온,13.8,3250.0,09:02,3253.2,15:15,3311.7,TIME_EXIT,1.562
2026-03-06,056080,유진로봇,11.2,30250.0,09:02,30280.2,09:12,32399.9,TAKE_PROFIT,6.754
2026-03-06,230240,에치에프알,11.8,16670.0,09:02,16686.7,15:15,17003.0,TIME_EXIT,1.661
2026-03-06,012320,경동인베스트,10.2,87800.0,09:02,87887.8,15:15,90309.6,TIME_EXIT,2.519
2026-03-06,004560,현대비앤지스틸,10.9,18070.0,09:02,18088.1,15:15,18221.8,TIME_EXIT,0.507
2026-03-06,361610,SK아이이테크놀로지,10.7,22700.0,09:02,22722.7,15:15,23326.7,TIME_EXIT,2.422
2026-03-06,078150,HB테크놀러지,13.6,1949.0,09:02,1950.9,15:09,2087.5,TAKE_PROFIT,6.754
2026-03-06,047770,코데즈컴바인,8.8,4810.0,09:02,4814.8,15:15,4635.4,TIME_EXIT,-3.948
2026-03-06,357880,SKAI,7.5,2445.0,09:02,2447.4,10:26,2322.7,STOP_LOSS,-5.313
2026-03-06,459550,알트,9.2,3280.0,09:02,3283.3,15:15,3251.7,TIME_EXIT,-1.188
2026-03-06,001340,PKC,11.7,6490.0,09:02,6496.5,15:15,6923.1,TIME_EXIT,6.321
2026-03-06,299170,더블유에스아이,12.7,2700.0,09:02,2702.7,15:15,2807.2,TIME_EXIT,3.627
2026-03-06,001550,조비,13.3,14210.0,09:02,14224.2,15:15,14495.5,TIME_EXIT,1.673
2026-03-06,200710,에이디테크놀로지,14.3,40000.0,09:02,40040.0,11:57,42842.8,TAKE_PROFIT,6.754
2026-03-06,025980,아난티,14.2,8130.0,09:02,8138.1,15:15,8341.6,TIME_EXIT,2.265
2026-03-06,069540,빛과전자,12.6,1003.0,09:02,1004.0,15:15,1009.0,TIME_EXIT,0.266
2026-03-06,032190,다우데이타,12.0,23750.0,09:02,23773.7,15:15,24325.7,TIME_EXIT,2.086
2026-03-06,219130,타이거일렉,11.3,28600.0,09:02,28628.6,10:29,27170.0,STOP_LOSS,-5.313
2026-03-06,054920,한컴위드,11.7,4435.0,09:02,4439.4,15:15,4465.5,TIME_EXIT,0.356
2026-03-06,025320,시노펙스,8.0,5830.0,09:02,5835.8,15:15,5884.1,TIME_EXIT,0.595
2026-03-06,045390,대아티아이,9.8,4370.0,09:02,4374.4,15:15,4457.5,TIME_EXIT,1.667
2026-03-06,012030,DB,12.4,1910.0,09:02,1911.9,15:15,1888.1,TIME_EXIT,-1.472
2026-03-06,450080,에코프로머티,14.3,63200.0,09:02,63263.2,09:22,67691.6,TAKE_PROFIT,6.754
2026-03-06,257720,실리콘투,7.8,38750.0,09:02,38788.7,15:15,40159.8,TIME_EXIT,3.297
2026-03-06,330350,위더스제약,11.4,8910.0,09:02,8918.9,15:15,8781.2,TIME_EXIT,-1.77
2026-03-06,054210,이랜텍,9.9,10230.0,09:02,10240.2,15:15,10479.5,TIME_EXIT,2.101
2026-03-06,033100,제룡전기,11.9,48100.0,09:02,48148.1,15:15,49850.1,TIME_EXIT,3.297
2026-03-06,476060,온코닉테라퓨틱스,10.7,19150.0,09:02,19169.1,15:15,19870.1,TIME_EXIT,3.418
2026-03-06,289080,SV인베스트먼트,14.4,3505.0,09:02,3508.5,15:15,3516.5,TIME_EXIT,-0.003
2026-03-06,389500,에스비비테크,14.4,52800.0,09:02,52852.8,15:15,53746.2,TIME_EXIT,1.457
2026-03-06,077970,STX엔진,14.2,29800.0,09:02,29829.8,15:15,29470.5,TIME_EXIT,-1.432
2026-03-06,214150,클래시스,11.5,54900.0,09:02,54954.9,15:15,55144.8,TIME_EXIT,0.115
2026-03-06,199820,제일일렉트릭,13.2,9340.0,09:02,9349.3,15:15,9370.6,TIME_EXIT,-0.003
2026-03-06,003470,유안타증권,11.0,4810.0,09:02,4814.8,15:15,4955.0,TIME_EXIT,2.676
2026-03-06,050890,쏠리드,12.6,7880.0,09:02,7887.9,15:15,8271.7,TIME_EXIT,4.625
2026-03-06,462350,이노스페이스,14.7,12524.5,09:02,12537.0,13:52,13414.6,TAKE_PROFIT,6.754
2026-03-06,005950,이수화학,14.2,8180.0,09:02,8188.2,15:15,8291.7,TIME_EXIT,1.031
2026-03-06,023160,태광,7.2,25200.0,09:02,25225.2,15:15,25624.3,TIME_EXIT,1.349
2026-03-06,038530,케이바이오랩스,11.7,9300.0,09:02,9309.3,10:04,8835.0,STOP_LOSS,-5.313
2026-03-06,018880,한온시스템,7.6,3960.0,09:02,3964.0,15:15,4125.9,TIME_EXIT,3.845
2026-03-06,332570,PS일렉트로닉스,13.9,5040.0,09:02,5045.0,15:15,5044.9,TIME_EXIT,-0.232
2026-03-06,064400,LG씨엔에스,8.3,62700.0,09:02,62762.7,15:15,64935.0,TIME_EXIT,3.223
2026-03-06,011700,한신기계,13.5,4255.0,09:02,4259.3,15:15,4360.6,TIME_EXIT,2.145
2026-03-06,208370,셀바스헬스케어,13.4,4480.0,09:02,4484.5,15:15,4465.5,TIME_EXIT,-0.652
2026-03-06,063170,서울옥션,8.5,8060.0,09:03,8068.1,15:15,8331.7,TIME_EXIT,3.03
2026-03-06,255220,SG,7.9,2489.4,09:03,2491.9,15:15,2552.4,TIME_EXIT,2.193
2026-03-06,336570,원텍,9.8,7250.0,09:03,7257.2,15:15,7212.8,TIME_EXIT,-0.841
2026-03-06,309710,아이티켐,11.0,28800.0,09:03,28828.8,11:34,30846.8,TAKE_PROFIT,6.754
2026-03-06,071970,HD현대마린엔진,9.7,79100.0,09:03,79179.1,10:29,75144.9,STOP_LOSS,-5.313
2026-03-06,041440,현대에버다임,11.0,8080.0,09:03,8088.1,15:15,8091.9,TIME_EXIT,-0.183
2026-03-06,250060,모비스,14.1,4620.0,09:03,4624.6,10:28,4389.0,STOP_LOSS,-5.313
2026-03-06,005690,파미셀,12.7,14240.0,09:03,14254.2,15:15,14445.5,TIME_EXIT,1.109
2026-03-06,037460,삼지전자,10.0,21350.0,09:03,21371.3,10:27,20282.5,STOP_LOSS,-5.313
2026-03-06,382150,온코크로스,14.3,7100.0,09:03,7107.1,10:27,6745.0,STOP_LOSS,-5.313
2026-03-06,456040,OCI,9.1,80500.0,09:03,80580.5,10:08,76474.9,STOP_LOSS,-5.313
2026-03-06,217500,러셀,13.4,2920.0,09:03,2922.9,10:24,2774.0,STOP_LOSS,-5.313
2026-03-06,236200,슈프리마,9.0,47100.0,09:03,47147.1,15:15,46653.3,TIME_EXIT,-1.275
2026-03-06,078020,LS증권,11.9,7500.0,09:03,7507.5,15:15,7682.3,TIME_EXIT,2.093
2026-03-06,019180,티에이치엔,12.0,7280.0,09:03,7287.3,15:15,7442.6,TIME_EXIT,1.896
2026-03-06,274090,켄코아에어로스페이스,13.6,19300.0,09:03,19319.3,15:15,20079.9,TIME_EXIT,3.698
2026-03-06,003000,부광약품,11.4,4935.0,09:03,4939.9,15:15,5134.9,TIME_EXIT,3.707
2026-03-06,009420,한올바이오파마,14.0,56100.0,09:03,56156.1,15:15,55544.4,TIME_EXIT,-1.317
2026-03-06,0007C0,아크릴,14.1,33650.0,09:03,33683.6,15:15,34865.1,TIME_EXIT,3.269
2026-03-06,003620,KG모빌리티,7.0,3510.0,09:03,3513.5,15:15,3511.5,TIME_EXIT,-0.287
2026-03-06,249420,일동제약,10.4,32800.0,09:03,32832.8,15:15,33166.8,TIME_EXIT,0.785
2026-03-06,452450,피아이이,13.0,5490.0,09:03,5505.5,15:15,5574.4,TIME_EXIT,1.019
2026-03-06,375500,DL이앤씨,7.1,44600.0,09:03,44644.6,15:15,45804.2,TIME_EXIT,2.361
2026-03-06,049630,재영솔루텍,9.6,16200.0,09:03,16216.2,10:16,15390.0,STOP_LOSS,-5.313
2026-03-06,308080,바이젠셀,9.8,5580.0,09:03,5585.6,15:15,5604.4,TIME_EXIT,0.106
2026-03-06,003540,대신증권,10.7,39900.0,09:03,39939.9,15:15,39660.3,TIME_EXIT,-0.928
2026-03-06,054620,APS,11.0,7250.0,09:03,7257.2,10:29,6887.5,STOP_LOSS,-5.313
2026-03-06,251370,와이엠티,13.8,12650.0,09:03,12662.6,15:15,13126.9,TIME_EXIT,3.428
2026-03-06,389650,넥스트바이오메디컬,9.0,66400.0,09:03,66466.4,13:31,71119.0,TAKE_PROFIT,6.754
2026-03-06,005090,SGC에너지,13.9,44550.0,09:03,44594.5,09:11,47750.0,TAKE_PROFIT,6.83
2026-03-06,028300,HLB,10.7,50600.0,09:03,50650.6,15:15,50649.3,TIME_EXIT,-0.233
2026-03-06,072470,우리산업홀딩스,13.6,4315.0,09:03,4319.3,10:27,4095.9,STOP_LOSS,-5.391
2026-03-06,234030,싸이닉솔루션,13.1,7410.0,09:03,7417.4,10:29,7039.5,STOP_LOSS,-5.313
2026-03-06,007460,에이프로젠,8.7,6056.3,09:03,6062.4,10:25,5753.5,STOP_LOSS,-5.313
2026-03-06,042520,한스바이오메드,8.0,46150.0,09:03,46196.1,13:50,49429.9,TAKE_PROFIT,6.754
2026-03-06,012210,삼미금속,13.9,14050.0,09:03,14064.0,10:21,13347.5,STOP_LOSS,-5.313
2026-03-06,053690,한미글로벌,9.6,17910.0,09:03,17927.9,15:15,18391.6,TIME_EXIT,2.35
2026-03-06,041920,메디아나,13.5,19760.0,09:03,19779.8,15:15,19760.2,TIME_EXIT,-0.329
2026-03-06,354200,엔젠바이오,12.8,5055.3,09:03,5060.4,10:12,4802.6,STOP_LOSS,-5.313
2026-03-06,001500,현대차증권,9.9,11300.0,09:03,11311.3,15:15,11368.6,TIME_EXIT,0.276
2026-03-06,014620,성광벤드,9.3,32800.0,09:03,32832.8,10:29,31160.0,STOP_LOSS,-5.313
2026-03-06,306620,지아이에스,14.9,2770.0,09:03,2777.8,15:15,2802.2,TIME_EXIT,0.647
2026-03-06,037270,YG PLUS,10.1,6210.0,09:03,6216.2,15:15,6343.6,TIME_EXIT,1.815
2026-03-06,065350,신성델타테크,9.5,61200.0,09:03,61261.2,15:15,61738.2,TIME_EXIT,0.547
2026-03-06,372320,큐로셀,12.3,52000.0,09:03,52052.0,15:15,52647.3,TIME_EXIT,0.911
2026-03-06,011000,진원생명과학,8.9,5480.0,09:03,5485.5,15:15,5374.6,TIME_EXIT,-2.246
2026-03-06,229640,LS에코에너지,10.1,41800.0,09:03,41841.8,15:15,42207.8,TIME_EXIT,0.643
2026-03-06,323410,카카오뱅크,8.3,24050.0,09:03,24074.0,15:15,24125.8,TIME_EXIT,-0.015
2026-03-06,004960,한신공영,8.5,12450.0,09:03,12462.4,15:15,13076.9,TIME_EXIT,4.689
2026-03-06,013030,하이록코리아,7.9,35600.0,09:03,35635.6,15:15,35864.1,TIME_EXIT,0.41
2026-03-06,008930,한미사이언스,9.9,38350.0,09:03,38388.3,15:15,39110.8,TIME_EXIT,1.648
2026-03-06,041190,우리기술투자,13.6,6930.0,09:03,6936.9,15:15,6933.1,TIME_EXIT,-0.286
2026-03-06,009290,광동제약,8.3,8260.0,09:03,8268.3,15:15,8731.3,TIME_EXIT,5.357
2026-03-06,389140,포바이포,13.3,9710.0,09:03,9719.7,10:30,9224.5,STOP_LOSS,-5.313
2026-03-06,047310,파워로직스,11.5,5390.0,09:03,5395.4,15:15,5444.6,TIME_EXIT,0.679
2026-03-06,215600,신라젠,10.3,3385.0,09:03,3388.4,15:15,3451.5,TIME_EXIT,1.63
2026-03-06,285130,SK케미칼,8.4,59400.0,09:03,59459.4,15:15,59240.7,TIME_EXIT,-0.597
2026-03-06,045100,한양이엔지,11.4,30350.0,09:03,30380.3,15:15,31218.8,TIME_EXIT,2.523
2026-03-06,052020,에스티큐브,10.3,8770.0,09:03,8778.8,09:29,9393.3,TAKE_PROFIT,6.754
2026-03-06,216080,제테마,13.4,9150.0,09:03,9159.1,14:28,8692.5,STOP_LOSS,-5.313
2026-03-06,030610,교보증권,9.8,12740.0,09:03,12752.7,15:15,12727.3,TIME_EXIT,-0.429
2026-03-06,475400,씨메스로보틱스,14.4,31350.0,09:04,31381.3,15:15,31668.3,TIME_EXIT,0.682
2026-03-06,005940,NH투자증권,11.3,32050.0,09:04,32082.0,15:15,32167.8,TIME_EXIT,0.037
2026-03-06,220100,퓨쳐켐,9.2,16294.7,09:04,16311.0,15:15,16238.7,TIME_EXIT,-0.672
2026-03-06,287840,인투셀,9.5,43750.0,09:04,43793.7,10:26,41562.5,STOP_LOSS,-5.313
2026-03-06,000050,경방,9.2,9230.0,09:04,9239.2,15:15,9270.7,TIME_EXIT,0.11
2026-03-06,950250,테라뷰,13.1,6580.0,09:04,6586.6,15:15,6643.4,TIME_EXIT,0.63
2026-03-06,0013V0,삼진식품,9.3,8920.0,09:04,8928.9,15:15,8791.2,TIME_EXIT,-1.769
2026-03-06,484810,티엑스알로보틱스,11.3,15530.0,09:04,15545.5,15:15,15794.2,TIME_EXIT,1.366
2026-03-06,178920,PI첨단소재,10.6,18390.0,09:04,18408.4,15:15,19110.9,TIME_EXIT,3.577
2026-03-06,317770,엑스페릭스,12.7,3460.0,09:04,3503.5,10:28,3325.0,STOP_LOSS,-5.313
2026-03-06,007390,네이처셀,8.9,19770.0,09:04,19789.8,15:15,19910.1,TIME_EXIT,0.377
2026-03-06,382480,지아이텍,11.8,2325.0,09:04,2342.3,10:25,2223.0,STOP_LOSS,-5.313
2026-03-06,053300,한국정보인증,11.9,6010.0,09:04,6016.0,15:15,6093.9,TIME_EXIT,1.062
2026-03-06,441270,파인엠텍,8.8,8610.0,09:04,8618.6,15:15,8591.4,TIME_EXIT,-0.545
2026-03-06,488280,에스투더블유,13.8,17070.0,09:04,17087.1,15:15,17092.9,TIME_EXIT,-0.196
2026-03-06,307930,컴퍼니케이,12.2,7010.0,09:04,7017.0,15:15,6883.1,TIME_EXIT,-2.134
2026-03-06,078590,휴림에이텍,14.6,6460.8,09:04,6467.2,10:25,6137.7,STOP_LOSS,-5.313
2026-03-06,270660,에브리봇,10.8,18620.0,09:04,18638.6,15:15,18711.3,TIME_EXIT,0.159
2026-03-06,010660,화천기계,10.5,5770.0,09:04,5775.8,15:15,5824.2,TIME_EXIT,0.606
2026-03-06,462870,시프트업,7.1,30200.0,09:04,30230.2,15:15,31543.4,TIME_EXIT,4.104
2026-03-06,382800,지앤비에스 에코,7.4,3615.0,09:04,3628.6,15:15,3666.3,TIME_EXIT,0.807
2026-03-06,002900,TYM,11.6,6640.0,09:04,6666.7,15:15,6693.3,TIME_EXIT,0.169
2026-03-06,304360,에스바이오메딕스,10.8,35800.0,09:05,35835.8,15:15,36163.8,TIME_EXIT,0.683
2026-03-06,241560,두산밥캣,7.7,57200.0,09:05,57257.2,15:15,59340.6,TIME_EXIT,3.4
2026-03-06,030210,다올투자증권,11.7,4580.0,09:05,4634.6,10:28,4398.5,STOP_LOSS,-5.313
2026-03-06,217590,티엠씨,9.7,12950.0,09:05,12962.9,15:15,13216.8,TIME_EXIT,1.724
2026-03-06,200880,서연이화,10.2,13880.0,09:05,13893.9,15:15,14006.0,TIME_EXIT,0.575
2026-03-06,016360,삼성증권,8.2,95200.0,09:05,95295.2,15:15,95604.3,TIME_EXIT,0.094
2026-03-06,001060,JW중외제약,9.2,32800.0,09:05,32832.8,10:21,31160.0,STOP_LOSS,-5.313
2026-03-06,419530,SAMG엔터,8.8,31500.0,09:05,31531.5,13:27,33738.7,TAKE_PROFIT,6.754
2026-03-06,067080,대화제약,9.9,13900.0,09:05,13913.9,15:15,14265.7,TIME_EXIT,2.293
2026-03-06,001270,부국증권,13.7,77200.0,09:05,77277.2,15:15,78821.1,TIME_EXIT,1.763
2026-03-06,003520,영진약품,7.1,1927.0,09:06,1928.9,15:15,1886.1,TIME_EXIT,-2.444
2026-03-06,0015S0,페스카로,8.8,17000.0,09:06,17017.0,15:15,17352.6,TIME_EXIT,1.738
2026-03-06,031330,에스에이엠티,11.3,4960.0,09:06,4965.0,10:29,4712.0,STOP_LOSS,-5.313
2026-03-06,473980,노머스,9.5,17360.0,09:06,17377.4,15:15,17712.3,TIME_EXIT,1.693
2026-03-06,0015N0,아로마티카,10.2,11040.0,09:06,11051.0,10:08,10488.0,STOP_LOSS,-5.313
2026-03-06,016600,큐캐피탈,7.3,4275.1,09:06,4279.4,14:40,4061.3,STOP_LOSS,-5.313
2026-03-06,393210,토마토시스템,12.5,4375.0,09:06,4379.4,15:16,4490.5,TIME_EXIT,2.302
2026-03-06,028050,삼성E&A,7.3,33150.0,09:06,33183.1,15:15,33516.4,TIME_EXIT,0.772
2026-03-06,261520,이지스,12.1,9100.0,09:06,9109.1,15:15,9090.9,TIME_EXIT,-0.429
2026-03-06,058430,포스코스틸리온,10.2,4470.0,09:06,4484.5,15:15,4560.4,TIME_EXIT,1.46
2026-03-06,003850,보령,8.5,9490.0,09:06,9519.5,10:14,9034.5,STOP_LOSS,-5.313
2026-03-06,010690,화신,14.4,13210.0,09:06,13223.2,10:27,12549.5,STOP_LOSS,-5.313
2026-03-06,015710,코콤,8.0,3635.0,09:07,3643.6,15:15,3636.4,TIME_EXIT,-0.429
2026-03-06,314930,바이오다인,10.5,12180.0,09:07,12202.2,15:15,12127.9,TIME_EXIT,-0.838
2026-03-06,006920,모헨즈,10.6,5130.0,09:08,5135.1,10:15,4873.5,STOP_LOSS,-5.313
2026-03-06,053950,경남제약,7.9,3360.0,09:08,3363.4,15:15,3346.7,TIME_EXIT,-0.726
2026-03-06,228760,지노믹트리,9.8,19090.0,09:08,19109.1,15:15,19130.8,TIME_EXIT,-0.116
2026-03-06,020120,키다리스튜디오,7.6,3395.0,09:09,3398.4,15:15,3441.6,TIME_EXIT,1.037
2026-03-06,007540,샘표,7.4,56600.0,09:09,56656.6,15:15,56343.6,TIME_EXIT,-0.781
2026-03-06,000370,한화손해보험,9.8,7060.0,09:09,7067.1,15:15,7232.8,TIME_EXIT,2.109
2026-03-06,048770,TPC로보틱스,14.5,3155.0,09:09,3158.2,10:28,2997.2,STOP_LOSS,-5.313
2026-03-06,172670,에이엘티,10.8,11780.0,09:10,11791.8,10:23,11191.0,STOP_LOSS,-5.313
2026-03-06,190510,나무가,11.7,19550.0,09:10,19569.5,10:24,18572.5,STOP_LOSS,-5.313
2026-03-06,009450,경동나비엔,8.7,59900.0,09:11,59959.9,15:15,61138.8,TIME_EXIT,1.732
2026-03-06,010100,한국무브넥스,13.4,4740.0,09:12,4744.7,10:21,4503.0,STOP_LOSS,-5.313
2026-03-06,033530,SJG세종,13.5,8680.0,09:14,8688.7,15:15,8731.3,TIME_EXIT,0.259
2026-03-06,204320,HL만도,12.3,53900.0,09:16,53953.9,15:15,53646.3,TIME_EXIT,-0.799
2026-03-06,066430,아이로보틱스,9.2,2550.0,09:18,2552.5,10:21,2422.5,STOP_LOSS,-5.313
2026-03-06,012630,HDC,7.7,24350.0,09:19,24374.3,15:15,24026.0,TIME_EXIT,-1.656
2026-03-06,016610,DB증권,11.2,14120.0,09:20,14134.1,15:15,14095.9,TIME_EXIT,-0.5
2026-03-06,460930,현대힘스,14.0,17440.0,09:28,17457.4,10:28,16568.0,STOP_LOSS,-5.313
2026-03-06,051370,인터플렉스,8.7,11750.0,14:02,11761.7,15:15,11898.1,TIME_EXIT,0.927
2026-03-06,036890,진성티이씨,7.2,13980.0,14:58,13994.0,15:15,14036.0,TIME_EXIT,0.069
2026-03-09,476830,알지노믹스,8.7,82100.0,09:01,82182.1,15:15,83816.1,TIME_EXIT,1.754
2026-03-09,005090,SGC에너지,10.5,49250.0,09:01,49299.2,09:06,52750.2,TAKE_PROFIT,6.754
2026-03-09,297090,씨에스베어링,9.6,6830.0,09:02,6836.8,09:02,6488.5,STOP_LOSS,-5.313
2026-03-09,004410,서울식품,11.9,2170.0,09:02,2172.2,09:16,2061.5,STOP_LOSS,-5.313
2026-03-09,263750,펄어비스,7.1,58800.0,09:03,58858.8,10:05,62978.9,TAKE_PROFIT,6.754
2026-03-09,018000,유니슨,7.0,1185.0,09:03,1186.2,09:23,1125.7,STOP_LOSS,-5.313
2026-03-09,002230,피에스텍,7.9,10900.0,09:04,10910.9,10:46,10355.0,STOP_LOSS,-5.313
2026-03-09,017960,한국카본,8.7,41800.0,09:04,41841.8,09:11,44770.7,TAKE_PROFIT,6.754
2026-03-09,393890,더블유씨피,10.9,9990.0,09:05,10000.0,10:57,9490.5,STOP_LOSS,-5.313
2026-03-09,462350,이노스페이스,9.3,13685.7,09:05,13699.4,09:15,13001.4,STOP_LOSS,-5.313
2026-03-09,187660,페니트리움바이오,13.0,15095.2,09:07,15110.2,09:23,14340.4,STOP_LOSS,-5.313
2026-03-09,251270,넷마블,11.3,54000.0,09:10,54054.0,15:15,55144.8,TIME_EXIT,1.783
2026-03-09,242040,나무AX,13.6,4885.0,09:12,4889.9,09:17,4640.7,STOP_LOSS,-5.313
2026-03-09,475150,SK이터닉스,14.0,27300.0,09:31,27327.3,14:42,29240.2,TAKE_PROFIT,6.754
2026-03-09,309710,아이티켐,9.0,31400.0,11:08,31431.4,11:39,33631.6,TAKE_PROFIT,6.754
2026-03-09,036170,에이치엠넥스,8.2,3300.0,13:07,3303.3,13:14,3534.5,TAKE_PROFIT,6.754
2026-03-09,417200,LS머트리얼즈,12.4,16920.0,14:41,16936.9,15:15,17182.8,TIME_EXIT,1.218
2026-03-10,017960,한국카본,7.1,44750.0,09:01,44794.7,09:11,42512.5,STOP_LOSS,-5.313
2026-03-10,001550,조비,11.9,16330.0,11:59,16346.3,12:01,15513.5,STOP_LOSS,-5.313
2026-03-10,309710,아이티켐,8.6,34100.0,12:26,34134.1,12:26,32395.0,STOP_LOSS,-5.313
2026-03-10,000440,중앙에너비스,11.1,32400.0,12:47,32432.4,12:50,30780.0,STOP_LOSS,-5.313
2026-03-11,250060,모비스,8.7,4680.0,09:01,4684.7,15:15,4810.2,TIME_EXIT,2.443
2026-03-11,282720,금양그린파워,7.3,14100.0,09:01,14114.1,11:24,15102.1,TAKE_PROFIT,6.754
2026-03-11,290660,다이나믹솔루션,7.2,1720.0,09:02,1721.7,09:16,1634.0,STOP_LOSS,-5.313
2026-03-12,319400,현대무벡스,7.4,32550.0,09:01,32582.5,15:15,32067.9,TIME_EXIT,-1.806
2026-03-12,290550,디케이티,8.2,18930.0,09:01,18948.9,13:10,17983.5,STOP_LOSS,-5.313
2026-03-12,006910,보성파워텍,12.3,11540.0,09:01,11551.5,09:03,12360.1,TAKE_PROFIT,6.754
2026-03-12,441270,파인엠텍,13.1,10190.0,09:01,10200.2,15:15,9910.1,TIME_EXIT,-3.068
2026-03-12,394280,오픈엣지테크놀로지,10.7,15570.0,09:01,15585.6,11:39,14791.5,STOP_LOSS,-5.313
2026-03-12,389680,유디엠텍,9.3,3405.0,09:02,3408.4,15:15,3381.6,TIME_EXIT,-1.014
2026-03-12,475400,씨메스로보틱스,13.3,42500.0,09:02,42542.5,15:15,41708.2,TIME_EXIT,-2.186
2026-03-12,003000,부광약품,9.7,5360.0,09:02,5365.4,09:33,5740.9,TAKE_PROFIT,6.754
2026-03-12,004060,SG세계물산,11.8,5570.0,09:02,5575.6,11:36,5291.5,STOP_LOSS,-5.313
2026-03-12,017960,한국카본,10.6,47100.0,09:03,47147.1,15:15,47552.4,TIME_EXIT,0.628
2026-03-12,006360,GS건설,7.5,21350.0,09:03,21371.3,15:15,21278.7,TIME_EXIT,-0.662
2026-03-12,314130,지놈앤컴퍼니,14.3,7970.0,09:03,7978.0,09:29,8536.4,TAKE_PROFIT,6.754
2026-03-12,005690,파미셀,7.6,15940.0,09:04,15955.9,15:15,15779.2,TIME_EXIT,-1.335
2026-03-12,290740,액트로,11.0,28800.0,09:04,28828.8,15:03,27360.0,STOP_LOSS,-5.313
2026-03-12,389030,지니너스,9.3,5440.0,09:05,5445.4,15:15,5534.5,TIME_EXIT,1.401
2026-03-12,474610,RF시스템즈,9.0,8250.0,09:18,8258.2,15:15,8141.9,TIME_EXIT,-1.636
2026-03-12,036830,솔브레인홀딩스,8.7,62400.0,09:21,62462.4,09:41,66834.8,TAKE_PROFIT,6.754
2026-03-12,327260,RF머트리얼즈,9.4,33313.3,09:25,33346.6,10:54,31647.6,STOP_LOSS,-5.313
2026-03-12,200710,에이디테크놀로지,14.8,48800.0,09:31,48848.8,11:57,46360.0,STOP_LOSS,-5.313
2026-03-12,003310,대주산업,15.0,4185.0,10:30,4189.2,10:48,4482.4,TAKE_PROFIT,6.754
2026-03-12,006920,모헨즈,14.7,6730.0,10:31,6806.8,12:31,6453.5,STOP_LOSS,-5.408
2026-03-12,306040,에스제이그룹,7.4,9670.0,10:33,9679.7,11:21,9186.5,STOP_LOSS,-5.313
2026-03-12,000050,경방,7.7,9620.0,10:36,9629.6,15:15,9390.6,TIME_EXIT,-2.706
2026-03-13,458870,씨어스,8.6,53529.3,09:02,53582.8,15:15,53573.4,TIME_EXIT,-0.247
2026-03-13,476830,알지노믹스,7.7,89800.0,09:03,89889.8,10:58,96182.1,TAKE_PROFIT,6.754
2026-03-13,010780,아이에스동서,7.6,33200.0,09:03,33233.2,15:15,33166.8,TIME_EXIT,-0.429
2026-03-13,052020,에스티큐브,8.2,14500.0,09:03,14514.5,09:13,15530.5,TAKE_PROFIT,6.754
2026-03-13,468530,프로티나,7.8,84300.0,09:04,84384.3,15:15,85214.7,TIME_EXIT,0.752
2026-03-13,417840,저스템,7.5,6870.0,09:04,6876.9,15:15,7062.9,TIME_EXIT,2.469
2026-03-13,322310,오로스테크놀로지,11.3,30150.0,09:04,30180.1,10:06,32292.8,TAKE_PROFIT,6.754
2026-03-13,229640,LS에코에너지,12.3,47500.0,09:07,47547.5,15:15,47652.3,TIME_EXIT,-0.01
2026-03-13,0009K0,에임드바이오,8.0,70300.0,09:15,70370.3,15:15,69830.1,TIME_EXIT,-0.996
2026-03-13,003000,부광약품,7.6,5770.0,09:18,5775.8,15:15,6004.0,TIME_EXIT,3.712
2026-03-13,355150,코스텍시스,14.5,19950.0,09:24,19969.9,10:15,21500.0,TAKE_PROFIT,7.414
2026-03-13,006340,대원전선,8.1,5870.0,09:39,5875.9,10:51,6287.2,TAKE_PROFIT,6.754
2026-03-13,368770,파이버프로,13.5,18780.0,09:50,18798.8,11:54,17841.0,STOP_LOSS,-5.313
2026-03-13,051600,한전KPS,7.3,60300.0,10:01,60360.3,15:15,59940.0,TIME_EXIT,-0.925
2026-03-13,005090,SGC에너지,7.6,60800.0,10:25,60860.8,12:14,65121.1,TAKE_PROFIT,6.754
2026-03-13,010170,대한광통신,7.1,7670.0,10:33,7677.7,13:36,7286.5,STOP_LOSS,-5.313
2026-03-13,009900,명신산업,9.0,10860.0,10:41,10870.9,15:15,10959.0,TIME_EXIT,0.579
2026-03-13,219130,타이거일렉,12.5,32450.0,11:06,32482.4,15:16,31868.1,TIME_EXIT,-2.117
2026-03-13,424870,이뮨온시아,8.4,8312.3,11:13,8320.6,15:15,8554.4,TIME_EXIT,2.574
2026-03-16,355150,코스텍시스,12.8,22500.0,09:01,22522.5,09:26,24099.1,TAKE_PROFIT,6.754
2026-03-16,0007C0,아크릴,11.3,42850.0,09:04,42892.8,09:24,45895.3,TAKE_PROFIT,6.754
2026-03-16,060370,LS마린솔루션,13.0,33000.0,09:07,33033.0,11:04,31350.0,STOP_LOSS,-5.313
2026-03-16,441270,파인엠텍,11.1,11020.0,09:16,11031.0,15:15,11009.0,TIME_EXIT,-0.429
2026-03-17,008350,남선알미늄,13.9,1715.0,09:02,1716.7,09:09,1629.2,STOP_LOSS,-5.313
2026-03-17,005880,대한해운,14.3,2515.0,10:39,2517.5,11:00,2693.7,TAKE_PROFIT,6.754
2026-03-19,417500,제이아이테크,8.0,5780.0,09:01,5785.8,15:15,5844.1,TIME_EXIT,0.777
2026-03-19,336260,두산퓨얼셀,8.7,46200.0,09:01,46246.2,15:15,45604.3,TIME_EXIT,-1.615
2026-03-19,402490,그린리소스,10.4,15770.0,09:02,15785.8,15:15,15364.6,TIME_EXIT,-2.892
2026-03-19,417840,저스템,9.1,7160.0,09:02,7167.2,15:15,7252.7,TIME_EXIT,0.961
2026-03-19,490470,세미파이브,14.8,29150.0,09:02,29179.1,13:27,31221.7,TAKE_PROFIT,6.754
2026-03-19,006340,대원전선,15.0,6520.0,09:03,6526.5,15:15,6498.5,TIME_EXIT,-0.658
2026-03-19,353200,대덕전자,11.3,74800.0,09:04,74874.8,15:15,77622.3,TIME_EXIT,3.431
2026-03-19,420770,기가비스,9.8,77300.0,09:05,77377.3,15:15,78121.8,TIME_EXIT,0.73
2026-03-19,067310,하나마이크론,9.0,34050.0,09:07,34084.0,15:15,33566.4,TIME_EXIT,-1.745
2026-03-19,007810,코리아써키트,14.7,60200.0,09:08,60260.2,15:15,61738.2,TIME_EXIT,2.217
2026-03-19,403870,HPSP,13.5,50000.0,09:15,50050.0,11:44,53553.5,TAKE_PROFIT,6.754
2026-03-19,001510,SK증권,8.7,3764.0,09:16,3767.8,09:26,4031.5,TAKE_PROFIT,6.754
2026-03-19,000500,가온전선,7.5,60958.7,09:17,61019.6,15:15,61787.2,TIME_EXIT,1.025
2026-03-19,375500,DL이앤씨,9.2,51600.0,09:21,51651.6,15:15,51648.3,TIME_EXIT,-0.236
2026-03-19,037350,성도이엔지,12.3,12250.0,09:35,12262.2,15:15,12107.9,TIME_EXIT,-1.486
2026-03-19,489790,한화비전,9.1,83900.0,09:38,83983.9,15:15,86713.2,TIME_EXIT,3.012
2026-03-19,199820,제일일렉트릭,10.4,11830.0,10:05,11841.8,15:15,11548.4,TIME_EXIT,-2.702
2026-03-19,456040,OCI,10.9,95800.0,10:08,95895.8,15:15,95304.6,TIME_EXIT,-0.845
2026-03-19,458870,씨어스,11.2,61733.7,10:33,61795.5,15:15,62602.3,TIME_EXIT,1.073
2026-03-19,389650,넥스트바이오메디컬,7.1,75600.0,11:18,75675.6,15:15,75824.1,TIME_EXIT,-0.034
2026-03-19,195870,해성디에스,8.7,57500.0,11:37,57557.5,15:15,55744.2,TIME_EXIT,-3.373
2026-03-19,001820,삼화콘덴서,14.1,61500.0,11:54,61561.5,15:15,60139.8,TIME_EXIT,-2.534
2026-03-20,356860,티엘비,12.2,38047.5,09:01,38085.6,15:15,36915.0,TIME_EXIT,-3.296
2026-03-23,002780,진흥기업,10.0,11500.0,09:01,11511.5,09:54,10925.0,STOP_LOSS,-5.313
2026-03-23,353200,대덕전자,7.1,82800.0,09:01,82882.8,09:59,78659.9,STOP_LOSS,-5.313
2026-03-23,457550,우진엔텍,7.4,30450.0,09:01,30480.4,09:09,28927.5,STOP_LOSS,-5.313
2026-03-23,200470,에이팩트,8.9,8650.0,09:01,8658.6,09:11,9264.8,TAKE_PROFIT,6.754
2026-03-23,265740,엔에프씨,11.0,9000.0,09:02,9009.0,15:15,8601.4,TIME_EXIT,-4.744
2026-03-23,016880,웅진,7.4,3040.0,09:02,3043.0,09:07,2888.0,STOP_LOSS,-5.313
2026-03-23,213420,덕산네오룩스,7.8,47950.0,09:02,47997.9,11:06,51357.8,TAKE_PROFIT,6.754
2026-03-23,489500,엘케이켐,7.4,38700.0,09:03,38738.7,09:54,36765.0,STOP_LOSS,-5.313
2026-03-23,000670,영풍,8.5,60200.0,09:04,60260.2,15:15,59140.8,TIME_EXIT,-2.083
2026-03-23,043260,성호전자,12.5,45000.0,09:06,45045.0,14:21,42750.0,STOP_LOSS,-5.313
2026-03-23,001290,상상인증권,11.9,7065.0,09:21,7072.1,09:28,6711.7,STOP_LOSS,-5.313
2026-03-23,475960,토모큐브,8.2,59300.0,09:45,59359.3,13:02,56243.7,STOP_LOSS,-5.467
2026-03-23,012630,HDC,12.0,28050.0,13:36,28078.0,15:15,27722.2,TIME_EXIT,-1.494
2026-03-23,323350,다원넥스뷰,7.9,11890.0,13:58,11901.9,14:17,12735.0,TAKE_PROFIT,6.754
2026-03-23,372320,큐로셀,7.9,49950.0,14:09,49999.9,15:15,48801.2,TIME_EXIT,-2.622
2026-03-24,321550,티움바이오,8.2,10900.0,09:01,10910.9,12:49,11674.7,TAKE_PROFIT,6.754
2026-03-25,036930,주성엔지니어링,8.3,77400.0,09:01,77477.4,11:14,73529.9,STOP_LOSS,-5.313
2026-03-26,036620,감성코퍼레이션,11.8,5950.0,09:03,5955.9,15:15,5794.2,TIME_EXIT,-2.939
2026-03-26,372320,큐로셀,8.0,52400.0,09:03,52452.4,15:15,52347.6,TIME_EXIT,-0.429
2026-03-26,195870,해성디에스,9.6,60300.0,09:03,60360.3,11:16,57284.9,STOP_LOSS,-5.313
2026-03-26,222800,심텍,10.2,62600.0,09:03,62662.6,14:38,59469.9,STOP_LOSS,-5.313
2026-03-26,281820,케이씨텍,7.2,49750.0,09:04,49799.7,15:15,48401.6,TIME_EXIT,-3.031
2026-03-26,420770,기가비스,7.9,75500.0,09:08,75575.5,15:15,77222.7,TIME_EXIT,1.945
2026-03-26,476060,온코닉테라퓨틱스,14.2,23750.0,09:08,23773.7,15:15,23027.0,TIME_EXIT,-3.364
2026-03-26,425420,티에프이,8.8,66500.0,09:10,66566.5,15:15,65834.1,TIME_EXIT,-1.328
2026-03-26,365340,성일하이텍,8.0,60500.0,09:16,60560.5,11:38,57474.9,STOP_LOSS,-5.313
2026-03-26,353200,대덕전자,14.2,88600.0,09:21,88688.6,15:15,87212.7,TIME_EXIT,-1.89
2026-03-26,330860,네패스아크,7.8,28350.0,09:27,28378.3,15:15,27122.8,TIME_EXIT,-4.644
2026-03-26,194480,데브시스터즈,14.6,40000.0,10:02,40040.0,12:12,38000.0,STOP_LOSS,-5.313
2026-03-26,230240,에치에프알,14.5,30350.0,10:14,30380.3,11:32,28832.5,STOP_LOSS,-5.313
2026-03-27,174900,앱클론,13.2,75700.0,09:01,75775.7,09:47,71914.9,STOP_LOSS,-5.313
2026-03-27,347700,스피어,8.6,50100.0,09:02,50150.1,15:15,50449.5,TIME_EXIT,0.366
2026-03-27,036170,에이치엠넥스,8.3,6500.0,09:16,6506.5,15:15,6513.5,TIME_EXIT,-0.123
2026-03-27,361390,제노코,8.8,35400.0,13:31,35435.4,15:15,35214.8,TIME_EXIT,-0.851
2026-03-30,475580,에이럭스,13.7,14000.0,09:01,14014.0,09:05,14995.0,TAKE_PROFIT,6.754
2026-03-30,278280,천보,9.5,52000.0,09:05,52052.0,15:15,51048.9,TIME_EXIT,-2.153
2026-03-30,382800,지앤비에스 에코,8.7,5470.0,09:05,5475.5,14:24,5858.8,TAKE_PROFIT,6.754
2026-03-30,052020,에스티큐브,8.3,19510.0,09:06,19529.5,15:15,19100.9,TIME_EXIT,-2.42
2026-03-30,047040,대우건설,8.6,17260.0,10:58,17277.3,15:15,17292.7,TIME_EXIT,-0.141
2026-03-31,263750,펄어비스,15.0,67600.0,09:01,67667.6,15:15,68731.2,TIME_EXIT,1.338
2026-03-31,033790,피노,14.9,8330.0,09:01,8338.3,09:54,7913.5,STOP_LOSS,-5.313
2026-03-31,023900,풍국주정,7.6,10340.0,09:01,10350.3,10:21,9823.0,STOP_LOSS,-5.313
2026-04-02,328130,루닛,8.1,17671.3,09:01,17689.0,10:45,16787.7,STOP_LOSS,-5.313
2026-04-02,001820,삼화콘덴서,11.4,57800.0,09:01,57857.8,10:32,54909.9,STOP_LOSS,-5.313
2026-04-02,356860,티엘비,14.8,34376.3,09:01,34410.6,10:26,32657.4,STOP_LOSS,-5.313
2026-04-02,005290,동진쎄미켐,9.7,48550.0,09:01,48598.5,10:32,46122.5,STOP_LOSS,-5.313
2026-04-02,451220,아이엠티,9.0,12730.0,09:01,12742.7,10:24,12093.5,STOP_LOSS,-5.313
2026-04-02,476060,온코닉테라퓨틱스,9.3,23000.0,09:01,23023.0,10:33,21850.0,STOP_LOSS,-5.313
2026-04-02,321550,티움바이오,8.3,12900.0,09:01,12912.9,09:28,12255.0,STOP_LOSS,-5.313
2026-04-02,073490,LIG아큐버,12.0,42600.0,09:02,42642.6,15:15,41408.6,TIME_EXIT,-3.117
2026-04-02,225430,케이엠제약,10.9,4545.0,09:03,4549.5,09:08,4317.7,STOP_LOSS,-5.313
2026-04-02,039560,다산네트웍스,8.7,5140.0,09:03,5145.1,11:28,4883.0,STOP_LOSS,-5.313
2026-04-02,001120,LX인터내셔널,12.7,51000.0,09:23,51051.0,15:15,53446.5,TIME_EXIT,4.452
2026-04-03,038110,에코플라스틱,7.6,3975.0,09:07,3979.0,15:15,3876.1,TIME_EXIT,-2.809
2026-04-03,389260,대명에너지,14.4,24650.0,09:23,24674.6,10:33,26401.9,TAKE_PROFIT,6.754
2026-04-06,000990,DB하이텍,8.8,90600.0,09:01,90690.6,15:15,91408.5,TIME_EXIT,0.56
2026-04-06,047050,포스코인터내셔널,7.0,85100.0,09:03,85185.1,10:57,80844.9,STOP_LOSS,-5.313
2026-04-06,044490,태웅,14.3,50700.0,09:06,50750.7,15:15,50149.8,TIME_EXIT,-1.411
2026-04-06,355150,코스텍시스,10.6,25000.0,09:07,25025.0,10:09,23750.0,STOP_LOSS,-5.313
2026-04-06,071970,HD현대마린엔진,8.3,75800.0,09:11,75875.8,15:15,74325.6,TIME_EXIT,-2.268
2026-04-06,382150,온코크로스,7.6,7750.0,09:23,7757.7,14:13,7362.5,STOP_LOSS,-5.313
2026-04-06,077970,STX엔진,13.7,36200.0,10:10,36236.2,15:15,35564.4,TIME_EXIT,-2.08
2026-04-06,214430,아이쓰리시스템,7.1,99000.0,13:55,99099.0,13:55,94049.9,STOP_LOSS,-5.313
2026-04-07,020150,롯데에너지머티리얼즈,12.4,45450.0,09:03,45495.4,15:15,45604.3,TIME_EXIT,0.009
2026-04-07,340440,세림B&G,13.2,2280.0,09:04,2282.3,09:40,2442.0,TAKE_PROFIT,6.754
2026-04-07,187660,페니트리움바이오,8.8,10957.1,09:11,10968.1,09:13,11735.8,TAKE_PROFIT,6.754
2026-04-07,018470,조일알미늄,12.8,8030.0,09:19,8038.0,10:12,8600.7,TAKE_PROFIT,6.754
2026-04-07,001780,알루코,13.9,2780.0,09:50,2782.8,11:06,2641.0,STOP_LOSS,-5.313
2026-04-07,014160,대영포장,7.7,1270.0,10:10,1271.3,11:02,1360.3,TAKE_PROFIT,6.754
2026-04-09,037030,파워넷,7.0,6080.0,09:01,6086.1,09:11,6512.1,TAKE_PROFIT,6.754
2026-04-09,298830,슈어소프트테크,9.0,7230.0,09:01,7237.2,15:15,7042.9,TIME_EXIT,-2.908
2026-04-09,183300,코미코,7.4,24206.4,09:02,24230.6,09:07,25926.8,TAKE_PROFIT,6.754
2026-04-09,048410,현대바이오,10.0,14300.0,09:03,14314.3,15:15,14115.9,TIME_EXIT,-1.613
2026-04-09,077360,덕산하이메탈,8.4,12800.0,09:03,12812.8,15:15,12667.3,TIME_EXIT,-1.363
2026-04-09,031330,에스에이엠티,12.5,5830.0,09:03,5835.8,15:15,5724.3,TIME_EXIT,-2.137
2026-04-09,353200,대덕전자,7.4,88600.0,09:03,88688.6,10:23,84169.9,STOP_LOSS,-5.313
2026-04-09,322310,오로스테크놀로지,11.3,33550.0,09:03,33583.5,15:15,32467.5,TIME_EXIT,-3.546
2026-04-09,007810,코리아써키트,13.1,79400.0,09:03,79479.4,15:15,81418.5,TIME_EXIT,2.204
2026-04-09,059090,미코,8.5,14130.0,09:03,14144.1,15:15,14055.9,TIME_EXIT,-0.852
2026-04-09,005690,파미셀,12.3,16350.0,09:04,16366.3,15:15,16973.0,TIME_EXIT,3.468
2026-04-09,272290,이녹스첨단소재,7.0,31150.0,09:04,31181.1,15:15,30269.7,TIME_EXIT,-3.146
2026-04-09,005960,동부건설,13.3,9050.0,09:04,9059.0,15:15,9110.9,TIME_EXIT,0.341
2026-04-09,079370,제우스,7.2,15600.0,09:08,15615.6,15:15,15094.9,TIME_EXIT,-3.557
2026-04-09,348210,넥스틴,12.6,74000.0,09:09,74074.0,15:15,70529.4,TIME_EXIT,-5.004
2026-04-09,005290,동진쎄미켐,7.0,47900.0,09:14,47947.9,15:15,45854.1,TIME_EXIT,-4.587
2026-04-09,382800,지앤비에스 에코,9.0,5820.0,09:14,5835.8,15:15,6063.9,TIME_EXIT,3.67
2026-04-09,036810,에프에스티,9.2,41150.0,09:15,41191.1,15:15,40359.6,TIME_EXIT,-2.244
2026-04-09,252990,샘씨엔에스,7.9,9840.0,09:17,9849.8,15:15,9450.5,TIME_EXIT,-4.275
2026-04-09,294870,IPARK현대산업개발,8.1,22100.0,09:17,22122.1,15:15,22028.0,TIME_EXIT,-0.655
2026-04-09,005940,NH투자증권,10.8,33850.0,09:18,33883.8,15:15,33616.3,TIME_EXIT,-1.018
2026-04-09,417840,저스템,13.1,6640.0,09:18,6646.6,15:15,6833.2,TIME_EXIT,2.57
2026-04-09,253590,네오셈,7.7,15900.0,09:18,15915.9,15:15,15164.8,TIME_EXIT,-4.938
2026-04-09,006800,미래에셋증권,10.1,67700.0,09:18,67767.7,15:15,67032.9,TIME_EXIT,-1.312
2026-04-09,319660,피에스케이,9.3,84900.0,09:18,84984.9,15:15,82617.3,TIME_EXIT,-3.009
2026-04-09,008830,대동기어,9.8,14078.2,09:19,14092.3,15:15,14032.0,TIME_EXIT,-0.657
2026-04-09,264450,유비쿼스,8.2,15630.0,09:19,15645.6,15:15,15044.9,TIME_EXIT,-4.06
2026-04-09,036540,SFA반도체,9.5,6890.0,09:22,6896.9,15:15,6683.3,TIME_EXIT,-3.32
2026-04-09,001820,삼화콘덴서,7.7,60100.0,09:24,60160.1,15:15,58341.6,TIME_EXIT,-3.246
2026-04-09,000990,DB하이텍,7.5,94400.0,10:05,94494.4,15:15,92807.1,TIME_EXIT,-2.011
2026-04-09,454910,두산로보틱스,9.0,88700.0,11:05,88788.7,15:15,90809.1,TIME_EXIT,2.04
2026-04-09,064400,LG씨엔에스,7.5,61400.0,12:06,61461.4,15:15,62637.3,TIME_EXIT,1.679
2026-04-09,060250,NHN KCP,8.8,16630.0,13:57,16646.6,14:05,17811.9,TAKE_PROFIT,6.754
2026-04-09,006920,모헨즈,14.4,5080.0,14:33,5085.1,14:33,4826.0,STOP_LOSS,-5.313
2026-04-10,024740,한일단조,15.0,3300.0,09:01,3303.3,15:15,3343.7,TIME_EXIT,0.989
2026-04-10,380550,뉴로핏,8.2,20800.0,09:01,20820.8,15:15,20079.9,TIME_EXIT,-3.78
2026-04-10,037230,한국팩키지,8.0,2370.0,09:11,2377.4,15:15,2372.6,TIME_EXIT,-0.429
2026-04-10,356860,티엘비,8.4,38142.9,09:23,38181.0,12:35,36235.7,STOP_LOSS,-5.313
2026-04-10,065440,이루온,14.5,4475.0,09:27,4479.5,09:29,4793.0,TAKE_PROFIT,6.754
2026-04-13,032500,케이엠더블유,8.7,26900.0,09:01,26926.9,15:15,27672.3,TIME_EXIT,2.532
2026-04-13,218410,RFHIC,7.1,91900.0,09:01,91991.9,15:15,93906.0,TIME_EXIT,1.846
2026-04-13,230240,에치에프알,14.8,29850.0,09:01,29879.8,15:15,30769.2,TIME_EXIT,2.74
2026-04-13,064260,다날,11.2,7960.0,09:01,7968.0,15:15,7962.0,TIME_EXIT,-0.304
2026-04-13,023160,태광,8.7,46650.0,09:01,46696.6,09:13,49965.4,TAKE_PROFIT,6.754
2026-04-13,020150,롯데에너지머티리얼즈,10.2,49150.0,09:02,49199.1,15:15,47102.8,TIME_EXIT,-4.481
2026-04-13,031330,에스에이엠티,11.2,6370.0,09:02,6376.4,15:15,6253.7,TIME_EXIT,-2.149
2026-04-13,217730,강스템바이오텍,12.5,3600.0,09:02,3603.6,09:04,3855.9,TAKE_PROFIT,6.754
2026-04-13,001820,삼화콘덴서,8.0,63100.0,09:03,63163.1,15:15,62037.9,TIME_EXIT,-2.007
2026-04-13,034220,LG디스플레이,7.3,12660.0,09:03,12672.7,15:15,12357.6,TIME_EXIT,-2.71
2026-04-13,043260,성호전자,8.2,44450.0,09:03,44494.4,09:21,47609.1,TAKE_PROFIT,6.754
2026-04-13,005090,SGC에너지,10.3,56900.0,09:04,56956.9,10:03,54054.9,STOP_LOSS,-5.313
2026-04-13,213420,덕산네오룩스,13.1,53400.0,09:04,53453.4,15:15,52747.2,TIME_EXIT,-1.548
2026-04-13,306620,지아이에스,7.4,3175.0,09:04,3178.2,15:15,3296.7,TIME_EXIT,3.491
2026-04-13,451760,컨텍,8.2,20300.0,09:04,20320.3,14:31,21742.7,TAKE_PROFIT,6.754
2026-04-13,215790,이노인스트루먼트,10.2,2925.0,09:10,2927.9,09:10,2778.7,STOP_LOSS,-5.313
2026-04-13,347850,디앤디파마텍,7.7,74000.0,09:11,74074.0,15:15,76623.3,TIME_EXIT,3.204
2026-04-13,032640,LG유플러스,7.5,17410.0,09:11,17427.4,15:15,17332.7,TIME_EXIT,-0.772
2026-04-13,039560,다산네트웍스,14.0,5700.0,09:12,5705.7,15:15,5664.3,TIME_EXIT,-0.953
2026-04-13,183300,코미코,7.3,27370.0,09:13,27397.3,15:15,27321.7,TIME_EXIT,-0.506
2026-04-13,232140,와이씨,8.3,19500.0,09:13,19519.5,15:15,19290.7,TIME_EXIT,-1.399
2026-04-13,290650,엘앤씨바이오,9.1,67505.7,09:19,67573.2,09:57,72303.4,TAKE_PROFIT,6.754
2026-04-13,076610,해성옵틱스,8.1,1610.0,09:23,1611.6,15:15,1550.4,TIME_EXIT,-4.016
2026-04-13,037350,성도이엔지,7.6,10760.0,09:32,10770.8,15:15,10579.4,TIME_EXIT,-2.002
2026-04-13,036830,솔브레인홀딩스,7.6,54000.0,09:33,54054.0,15:15,55044.9,TIME_EXIT,1.599
2026-04-13,041920,메디아나,11.1,19770.0,10:13,19789.8,15:15,20129.8,TIME_EXIT,1.485
2026-04-13,475830,오름테라퓨틱,11.2,86300.0,13:57,86386.3,15:15,85214.7,TIME_EXIT,-1.583
2026-04-14,001780,알루코,11.4,2885.0,09:01,2887.9,15:15,2857.1,TIME_EXIT,-1.292
2026-04-14,024740,한일단조,11.5,3780.0,09:02,3783.8,10:25,3591.0,STOP_LOSS,-5.313
2026-04-14,340440,세림B&G,11.1,2310.0,09:05,2312.3,10:13,2194.5,STOP_LOSS,-5.313
2026-04-14,285800,진영,14.6,11800.0,09:18,11811.8,10:17,12975.0,TAKE_PROFIT,9.595
2026-04-14,001550,조비,11.0,16680.0,10:36,16696.7,15:15,16233.8,TIME_EXIT,-2.996
2026-04-15,019210,와이지-원,7.5,14840.0,09:02,14854.8,09:12,14098.0,STOP_LOSS,-5.313
2026-04-16,195940,HK이노엔,7.8,52400.0,09:01,52452.4,15:15,52747.2,TIME_EXIT,0.331
2026-04-16,222800,심텍,7.2,71100.0,09:04,71171.1,09:56,76153.1,TAKE_PROFIT,6.754
2026-04-16,319660,피에스케이,8.3,88300.0,10:00,88388.3,15:15,88411.5,TIME_EXIT,-0.204
2026-04-17,183300,코미코,14.5,30819.3,09:01,30850.1,15:15,31563.4,TIME_EXIT,2.077
2026-04-17,317330,덕산테코피아,10.6,24100.0,09:01,24124.1,09:34,25812.8,TAKE_PROFIT,6.754
2026-04-17,060250,NHN KCP,9.0,21000.0,09:09,21021.0,15:15,20529.5,TIME_EXIT,-2.563
2026-04-17,000500,가온전선,11.3,79185.1,09:28,79264.3,15:15,81884.0,TIME_EXIT,3.067
2026-04-17,222800,심텍,7.0,76100.0,11:33,76176.1,15:15,76023.9,TIME_EXIT,-0.429
2026-04-17,199800,툴젠,13.5,92500.0,13:57,92592.5,15:15,92262.6,TIME_EXIT,-0.585
2026-04-20,027360,아주IB투자,8.8,11930.0,09:01,11941.9,15:15,12047.9,TIME_EXIT,0.656
2026-04-20,252990,샘씨엔에스,9.7,12290.0,09:02,12302.3,09:22,13163.5,TAKE_PROFIT,6.754
2026-04-20,033240,자화전자,8.3,41150.0,09:02,41191.1,10:02,44074.5,TAKE_PROFIT,6.754
2026-04-20,017900,광전자,7.1,13810.0,09:03,13823.8,10:19,13119.5,STOP_LOSS,-5.313
2026-04-20,321260,프로이천,7.3,3030.0,09:04,3033.0,09:11,2878.5,STOP_LOSS,-5.313
2026-04-20,441270,파인엠텍,7.1,12000.0,09:07,12012.0,15:15,11628.4,TIME_EXIT,-3.416
2026-04-20,466100,클로봇,7.8,47170.0,10:04,47217.2,15:15,46034.9,TIME_EXIT,-2.728
2026-04-20,234690,녹십자웰빙,11.5,14490.0,13:48,14504.5,14:13,15519.8,TAKE_PROFIT,6.754
2026-04-21,011690,와이투솔루션,10.1,7650.0,09:01,7657.6,15:15,7332.7,TIME_EXIT,-4.464
2026-04-21,024740,한일단조,11.0,3895.0,09:02,3898.9,11:23,3700.2,STOP_LOSS,-5.313
2026-04-21,382150,온코크로스,14.8,9140.0,09:03,9149.1,14:12,8683.0,STOP_LOSS,-5.313
2026-04-21,053260,금강철강,14.3,6320.0,09:13,6326.3,10:21,6769.2,TAKE_PROFIT,6.754
2026-04-22,420770,기가비스,7.3,94400.0,09:03,94494.4,15:15,93806.1,TIME_EXIT,-0.957
2026-04-22,073490,LIG아큐버,15.0,55300.0,09:41,55355.3,09:57,59230.2,TAKE_PROFIT,6.754
2026-04-22,077970,STX엔진,9.3,50500.0,14:01,51051.0,15:01,50249.7,TIME_EXIT,-1.796
2026-04-22,017550,수산세보틱스,11.0,3490.0,14:19,3493.5,14:24,3738.0,TAKE_PROFIT,6.754
2026-04-24,078930,GS,8.5,76800.0,09:01,76876.8,15:15,75674.2,TIME_EXIT,-1.791
2026-04-24,077360,덕산하이메탈,8.4,17070.0,09:01,17087.1,15:15,17712.3,TIME_EXIT,3.421
2026-04-24,005090,SGC에너지,8.0,68600.0,09:01,68668.6,10:08,65169.9,STOP_LOSS,-5.313
2026-04-24,033790,피노,8.7,12360.0,09:05,12372.4,14:39,13238.4,TAKE_PROFIT,6.754
2026-04-24,456160,지투지바이오,8.4,81500.0,09:06,81581.5,15:15,81418.5,TIME_EXIT,-0.429
2026-04-24,049080,기가레인,12.7,25700.0,09:08,25725.7,10:46,24415.0,STOP_LOSS,-5.313
2026-04-24,078350,한양디지텍,11.0,32400.0,09:44,32432.4,15:15,33016.9,TIME_EXIT,1.568
2026-04-24,321550,티움바이오,14.4,10560.0,09:49,10570.6,15:15,10559.4,TIME_EXIT,-0.335
2026-04-24,044490,태웅,12.8,53000.0,09:53,53053.0,15:15,53346.6,TIME_EXIT,0.322
2026-04-24,060370,LS마린솔루션,12.3,37900.0,10:35,37937.9,15:15,37612.3,TIME_EXIT,-1.086
2026-04-24,012200,계양전기,10.8,6685.6,12:44,6692.3,15:15,6508.5,TIME_EXIT,-2.97
2026-04-27,469610,이노테크,12.0,33700.0,09:10,33733.7,15:15,33266.7,TIME_EXIT,-1.611
2026-04-27,221800,지구홀딩스,11.7,20450.0,09:21,20470.4,15:15,20079.9,TIME_EXIT,-2.133
2026-04-28,177900,쓰리에이로직스,8.2,7820.0,09:04,7827.8,15:15,7662.3,TIME_EXIT,-2.339
2026-04-28,052020,에스티큐브,11.5,20300.0,09:04,20320.3,15:15,20529.5,TIME_EXIT,0.797
2026-04-28,036830,솔브레인홀딩스,12.5,71000.0,09:14,71071.0,09:55,76046.0,TAKE_PROFIT,6.754
2026-04-28,474170,루미르,12.9,16740.0,10:28,16756.7,15:15,17432.5,TIME_EXIT,3.794
2026-04-28,489790,한화비전,8.6,88800.0,14:20,88888.8,15:15,86513.4,TIME_EXIT,-2.896
2026-04-29,192080,더블유게임즈,8.6,62000.0,09:01,62062.0,15:15,62037.9,TIME_EXIT,-0.269
2026-04-29,073010,케이에스피,8.2,6100.0,09:03,6106.1,15:15,6024.0,TIME_EXIT,-1.572
2026-04-29,446540,메가터치,10.1,6520.0,09:03,6526.5,09:27,6983.4,TAKE_PROFIT,6.754
2026-04-29,001510,SK증권,13.7,5510.0,09:05,5515.5,09:24,5234.5,STOP_LOSS,-5.313
2026-04-29,272110,케이엔제이,8.4,42650.0,09:05,42692.6,11:24,40517.5,STOP_LOSS,-5.313
2026-04-29,036830,솔브레인홀딩스,8.3,76900.0,09:10,76976.9,15:15,79720.2,TIME_EXIT,3.326
2026-04-29,002020,코오롱,8.6,66000.0,09:10,66066.0,12:49,70690.6,TAKE_PROFIT,6.754
2026-04-29,228670,레이,12.0,8850.0,10:50,8858.8,10:56,9479.0,TAKE_PROFIT,6.754
2026-04-30,041920,메디아나,8.0,21650.0,09:01,21671.6,15:15,21029.0,TIME_EXIT,-3.189
2026-04-30,228670,레이,7.1,9480.0,09:02,9489.5,10:46,9006.0,STOP_LOSS,-5.313
2026-04-30,456160,지투지바이오,7.5,84900.0,09:03,84984.9,15:15,85614.3,TIME_EXIT,0.509
2026-04-30,052020,에스티큐브,7.8,22100.0,09:09,22122.1,13:40,20995.0,STOP_LOSS,-5.313
2026-04-30,900300,오가닉티코스메틱,10.5,12650.0,09:10,12662.6,10:47,12017.5,STOP_LOSS,-5.313
2026-04-30,328130,루닛,7.2,20624.8,11:08,20645.5,15:15,20754.2,TIME_EXIT,0.296
2026-04-30,365340,성일하이텍,7.2,84500.0,11:41,84584.5,15:15,81918.0,TIME_EXIT,-3.375
2026-05-04,355150,코스텍시스,8.5,51000.0,09:03,51051.0,09:13,48450.0,STOP_LOSS,-5.313
2026-05-04,007340,DN오토모티브,12.3,48050.0,09:20,48098.0,09:52,51464.9,TAKE_PROFIT,6.754
2026-05-04,394420,리센스메디컬,8.1,32000.0,09:22,32032.0,15:15,31418.5,TIME_EXIT,-2.141
2026-05-06,047770,코데즈컴바인,14.9,5280.0,09:11,5285.3,15:15,5144.9,TIME_EXIT,-2.881
2026-05-06,383220,F&F,14.5,76600.0,09:34,76676.6,15:15,78821.1,TIME_EXIT,2.56
2026-05-07,054920,한컴위드,12.5,7850.0,09:01,7857.8,10:11,8460.0,TAKE_PROFIT,7.415
2026-05-07,001510,SK증권,8.7,5640.0,09:02,5645.6,09:09,5358.0,STOP_LOSS,-5.313
2026-05-08,078890,가온그룹,8.6,8300.0,09:03,8308.3,13:59,8889.9,TAKE_PROFIT,6.754
2026-05-08,078150,HB테크놀러지,12.7,4530.0,09:03,4534.5,09:12,4851.9,TAKE_PROFIT,6.754
2026-05-08,003490,대한항공,7.3,26350.0,09:04,26376.3,15:15,26923.0,TIME_EXIT,1.838
2026-05-08,028670,팬오션,7.3,6030.0,09:09,6036.0,15:15,5974.0,TIME_EXIT,-1.255
2026-05-08,394420,리센스메디컬,9.4,33900.0,09:14,33933.9,15:15,33216.8,TIME_EXIT,-2.338
2026-05-08,195870,해성디에스,10.3,86000.0,09:28,86086.0,15:15,87012.9,TIME_EXIT,0.844
2026-05-08,059120,아진엑스텍,7.7,12560.0,09:31,12612.6,15:30,12967.0,TIME_EXIT,2.574
2026-05-08,041910,폴라리스AI파마,8.0,7540.0,09:34,7547.5,13:37,8075.9,TAKE_PROFIT,6.754
2026-05-08,036890,진성티이씨,8.1,20550.0,09:37,20570.5,15:15,20030.0,TIME_EXIT,-2.852
2026-05-08,005090,SGC에너지,7.8,60700.0,10:51,60760.7,15:15,61838.1,TIME_EXIT,1.539
2026-05-11,299660,셀리드,10.9,3450.0,09:02,3453.4,09:06,3277.5,STOP_LOSS,-5.313
2026-05-11,007070,GS리테일,9.6,25800.0,09:02,25825.8,15:15,25874.1,TIME_EXIT,-0.043
2026-05-11,253840,수젠텍,13.0,6250.0,09:15,6256.2,09:58,6694.2,TAKE_PROFIT,6.754
2026-05-11,397030,에이프릴바이오,12.8,66200.0,11:10,66266.2,15:15,67932.0,TIME_EXIT,2.278
2026-05-11,290550,디케이티,8.7,31200.0,12:07,31231.2,15:15,30869.1,TIME_EXIT,-1.387
2026-05-12,241710,코스메카코리아,11.3,85500.0,09:01,85585.5,10:08,91576.5,TAKE_PROFIT,6.754
2026-05-12,417500,제이아이테크,7.9,5100.0,09:01,5105.1,10:34,4845.0,STOP_LOSS,-5.313
2026-05-12,330860,네패스아크,10.7,44150.0,09:05,44194.1,10:14,41942.5,STOP_LOSS,-5.313
2026-05-12,439090,마녀공장,10.0,17710.0,10:13,17727.7,10:34,16824.5,STOP_LOSS,-5.313
2026-05-12,024840,KBI메탈,7.3,9980.0,12:50,9990.0,12:56,10689.3,TAKE_PROFIT,6.754
2026-05-13,037030,파워넷,10.3,8890.0,09:02,8898.9,09:15,8445.5,STOP_LOSS,-5.313
2026-05-13,010690,화신,12.6,15270.0,10:02,15285.3,15:15,15504.5,TIME_EXIT,1.201
2026-05-13,382800,지앤비에스 에코,7.6,9010.0,10:40,9019.0,15:15,8951.0,TIME_EXIT,-0.982
2026-05-13,262260,에이프로,8.5,10850.0,12:22,10860.8,15:08,11621.1,TAKE_PROFIT,6.754
2026-05-13,307180,아이엘,10.1,8690.0,14:02,8698.7,15:15,8476.5,TIME_EXIT,-2.778
2026-05-14,059090,미코,10.0,24800.0,09:01,24824.8,10:59,23560.0,STOP_LOSS,-5.313
2026-05-14,001530,DI동일,10.2,28750.0,09:02,28778.7,09:34,30793.3,TAKE_PROFIT,6.754
2026-05-14,356860,티엘비,11.3,51159.1,09:02,51210.3,15:15,52347.6,TIME_EXIT,1.986
2026-05-14,046890,서울반도체,7.3,17690.0,09:04,17707.7,15:15,18111.9,TIME_EXIT,2.047
2026-05-14,025820,이구산업,13.8,6760.0,09:04,6766.8,09:13,6422.0,STOP_LOSS,-5.313
2026-05-15,228670,레이,8.5,8020.0,09:01,8028.0,09:44,7619.0,STOP_LOSS,-5.313
2026-05-15,204620,글로벌텍스프리,7.6,6200.0,09:01,6206.2,15:15,6223.8,TIME_EXIT,0.052
2026-05-15,007070,GS리테일,9.1,28800.0,09:02,28828.8,15:15,29220.8,TIME_EXIT,1.126
2026-05-15,010780,아이에스동서,7.1,29300.0,09:04,29329.3,09:05,27835.0,STOP_LOSS,-5.313
2026-05-18,001740,SK네트웍스,10.4,8720.0,09:01,8728.7,09:02,9339.7,TAKE_PROFIT,6.754
2026-05-18,323350,다원넥스뷰,9.1,25800.0,11:11,25825.8,11:20,24510.0,STOP_LOSS,-5.313
2026-05-19,178320,서진시스템,8.7,72800.0,09:01,72872.8,11:16,69159.9,STOP_LOSS,-5.313
2026-05-19,446540,메가터치,11.8,7860.0,09:01,7867.9,14:09,8418.6,TAKE_PROFIT,6.754
2026-05-19,019210,와이지-원,9.5,19300.0,09:01,19319.3,11:26,18335.0,STOP_LOSS,-5.313
2026-05-19,000370,한화손해보험,9.0,7120.0,09:02,7127.1,09:17,7626.0,TAKE_PROFIT,6.754
2026-05-19,032580,피델릭스,10.6,4275.0,09:03,4279.3,09:06,4061.2,STOP_LOSS,-5.313
2026-05-19,393890,더블유씨피,8.2,16110.0,09:03,16126.1,15:15,15574.4,TIME_EXIT,-3.643
2026-05-19,000680,LS네트웍스,7.9,3830.0,09:03,3833.8,15:15,3821.2,TIME_EXIT,-0.559
2026-05-19,003690,코리안리,9.8,14420.0,09:03,14434.4,15:15,14135.9,TIME_EXIT,-2.294
2026-05-19,001450,현대해상,15.0,38350.0,09:03,38388.3,15:15,38661.3,TIME_EXIT,0.479
2026-05-19,451760,컨텍,9.5,20200.0,09:12,20220.2,09:58,19190.0,STOP_LOSS,-5.313
2026-05-20,052900,KX하이텍,13.8,1698.0,09:01,1699.7,09:48,1613.1,STOP_LOSS,-5.313
2026-05-20,222040,코스맥스엔비티,12.0,8680.0,09:01,8688.7,09:11,8241.8,STOP_LOSS,-5.362
2026-05-20,357880,SKAI,13.2,4155.0,09:02,4159.2,09:36,3947.2,STOP_LOSS,-5.313
2026-05-20,066430,아이로보틱스,7.4,4295.0,09:06,4299.3,09:09,4600.2,TAKE_PROFIT,6.754
2026-05-20,900300,오가닉티코스메틱,7.7,5600.0,09:09,5605.6,09:23,5998.0,TAKE_PROFIT,6.754
2026-05-20,170920,엘티씨,9.2,42700.0,11:20,42742.7,11:35,40565.0,STOP_LOSS,-5.313
2026-05-21,299660,셀리드,7.6,3130.0,09:01,3133.1,15:15,3056.9,TIME_EXIT,-2.656
2026-05-21,445090,에이직랜드,10.9,29500.0,09:06,29529.5,15:15,28571.4,TIME_EXIT,-3.467
2026-05-22,039830,오로라,9.5,16300.0,09:01,16316.3,09:23,17458.4,TAKE_PROFIT,6.754
2026-05-22,030530,원익홀딩스,11.7,27600.0,09:01,27627.6,15:15,28071.9,TIME_EXIT,1.375
2026-05-22,232140,와이씨,8.8,18450.0,09:01,18468.4,15:15,19160.8,TIME_EXIT,3.51
2026-05-22,460940,피앤에스로보틱스,10.7,7940.0,09:01,7947.9,15:15,8002.0,TIME_EXIT,0.449
2026-05-22,005950,이수화학,12.6,15850.0,09:01,15865.8,09:03,16976.5,TAKE_PROFIT,6.754
2026-05-22,388720,유일로보틱스,11.1,97700.0,09:02,97797.7,15:15,95904.0,TIME_EXIT,-2.162
2026-05-22,003160,디아이,11.3,32100.0,09:02,32132.1,15:15,32617.3,TIME_EXIT,1.277
2026-05-22,064960,SNT모티브,11.3,33100.0,09:02,33133.1,15:15,33116.8,TIME_EXIT,-0.279
2026-05-22,054210,이랜텍,8.0,13450.0,09:02,13463.4,15:15,13146.8,TIME_EXIT,-2.576
2026-05-22,053610,프로텍,9.3,96400.0,09:02,96496.4,15:15,93306.6,TIME_EXIT,-3.528
2026-05-22,469610,이노테크,7.2,18820.0,09:03,18838.8,11:15,20157.5,TAKE_PROFIT,6.754
2026-05-22,200710,에이디테크놀로지,12.1,44150.0,09:03,44194.1,15:15,42507.4,TIME_EXIT,-4.038
2026-05-22,005290,동진쎄미켐,11.3,62000.0,09:07,62062.0,15:15,62437.5,TIME_EXIT,0.374
2026-05-22,209640,와이제이링크,11.3,8470.0,09:28,8478.5,15:15,8941.0,TIME_EXIT,5.213
2026-05-22,049070,인탑스,8.3,19940.0,09:42,19959.9,15:15,20479.5,TIME_EXIT,2.367
2026-05-22,012860,모베이스전자,7.9,4500.0,09:48,4504.5,15:15,4430.6,TIME_EXIT,-1.868
2026-05-22,064400,LG씨엔에스,12.6,80200.0,09:50,80280.2,12:36,85899.8,TAKE_PROFIT,6.754
2026-05-22,396300,HT로보틱스,8.9,5980.0,10:15,5986.0,15:15,6123.9,TIME_EXIT,2.068
2026-05-26,010780,아이에스동서,8.0,32400.0,09:02,32432.4,15:15,32617.3,TIME_EXIT,0.339
2026-05-26,078350,한양디지텍,13.5,42500.0,09:02,42542.5,15:05,40375.0,STOP_LOSS,-5.313
2026-05-26,023790,동일스틸럭스,9.9,2500.0,09:15,2502.5,09:15,2375.0,STOP_LOSS,-5.313
2026-05-26,187790,나노,7.9,7280.0,09:31,7287.3,10:14,6916.0,STOP_LOSS,-5.313
2026-05-26,015590,DKME,9.5,2525.0,09:51,2527.5,15:15,2497.5,TIME_EXIT,-1.415
2026-05-26,328130,루닛,11.4,18430.0,14:14,18448.4,15:15,17852.1,TIME_EXIT,-3.455
2026-05-27,223250,드림씨아이에스,7.1,6160.0,09:02,6166.2,09:16,5852.0,STOP_LOSS,-5.313
2026-05-27,042520,한스바이오메드,7.6,31000.0,09:02,31031.0,09:38,33203.2,TAKE_PROFIT,6.754
2026-05-27,347850,디앤디파마텍,9.0,76000.0,09:50,76076.0,09:52,82000.0,TAKE_PROFIT,7.539
2026-05-27,389470,인벤티지랩,7.5,54600.0,09:56,54654.6,15:15,53846.1,TIME_EXIT,-1.706
2026-05-27,0009K0,에임드바이오,8.0,40050.0,09:57,40090.0,15:15,38761.2,TIME_EXIT,-3.537
2026-05-27,376900,로킷헬스케어,9.7,58900.0,10:21,58958.9,10:53,63086.0,TAKE_PROFIT,6.754
2026-05-28,397030,에이프릴바이오,13.3,65700.0,09:01,65765.7,10:15,70369.3,TAKE_PROFIT,6.754
2026-05-28,007390,네이처셀,9.4,32000.0,09:41,32032.0,15:15,32067.9,TIME_EXIT,-0.118
2026-05-29,006660,삼성공조,10.6,17170.0,09:01,17187.2,09:05,18390.3,TAKE_PROFIT,6.754
2026-05-29,032580,피델릭스,8.4,6810.0,09:05,6816.8,10:03,6469.5,STOP_LOSS,-5.313
2026-05-29,181710,NHN,10.9,41550.0,09:08,41591.5,09:20,44503.0,TAKE_PROFIT,6.754
2026-06-01,230240,에치에프알,8.3,31850.0,09:29,31881.8,14:20,30257.5,STOP_LOSS,-5.313
2026-06-04,033640,네패스,7.8,37300.0,09:01,37337.3,15:15,37612.3,TIME_EXIT,0.505
2026-06-04,457370,한켐,7.7,11770.0,09:03,11781.8,09:10,11181.5,STOP_LOSS,-5.313
2026-06-04,061040,알에프텍,11.5,7850.0,09:15,7897.9,15:15,7942.1,TIME_EXIT,0.328
2026-06-04,001740,SK네트웍스,8.1,12840.0,09:59,12852.8,15:15,13096.9,TIME_EXIT,1.664
2026-06-05,336570,원텍,8.3,8490.0,09:02,8498.5,09:47,8065.5,STOP_LOSS,-5.313
2026-06-05,004710,한솔테크닉스,9.6,11762.2,09:02,11773.9,09:14,12598.1,TAKE_PROFIT,6.754
2026-06-05,403870,HPSP,7.6,47500.0,09:02,47547.5,10:31,50875.8,TAKE_PROFIT,6.754
2026-06-05,043260,성호전자,8.2,51400.0,09:03,51451.4,09:12,48830.0,STOP_LOSS,-5.313
2026-06-05,215790,이노인스트루먼트,13.2,1625.0,09:07,1626.6,09:10,1740.5,TAKE_PROFIT,6.754
2026-06-05,183300,코미코,8.7,39592.6,09:31,39632.2,11:45,42406.5,TAKE_PROFIT,6.754
2026-06-05,330860,네패스아크,11.7,40250.0,09:40,40290.2,10:22,38237.5,STOP_LOSS,-5.313
2026-06-05,074600,원익QnC,11.4,33650.0,10:00,33683.6,11:12,36041.5,TAKE_PROFIT,6.754
2026-06-05,474610,RF시스템즈,8.0,10220.0,11:00,10500.5,11:02,9965.5,STOP_LOSS,-5.313
2026-06-05,281820,케이씨텍,13.4,67700.0,11:03,67767.7,15:15,65134.8,TIME_EXIT,-4.106
2026-06-05,356860,티엘비,7.2,54459.4,11:04,54513.9,15:15,53756.2,TIME_EXIT,-1.617
2026-06-05,052900,KX하이텍,9.3,1770.0,11:12,1771.8,13:08,1681.5,STOP_LOSS,-5.313
2026-06-05,170920,엘티씨,14.4,47400.0,11:18,47447.4,15:15,46653.3,TIME_EXIT,-1.9
2026-06-08,242040,나무AX,10.0,8570.0,09:09,8578.6,09:12,8141.5,STOP_LOSS,-5.313
2026-06-10,358570,지아이이노베이션,7.2,11600.0,09:01,11611.6,15:15,11838.1,TIME_EXIT,1.717
2026-06-10,178320,서진시스템,13.2,73600.0,09:01,73673.6,12:42,69919.9,STOP_LOSS,-5.313
2026-06-10,018290,브이티,9.1,12420.0,09:01,12432.4,15:15,12367.6,TIME_EXIT,-0.75
2026-06-10,041830,인바디,9.8,41350.0,09:01,41391.3,09:20,44288.7,TAKE_PROFIT,6.754
2026-06-10,356860,티엘비,8.0,50486.9,09:01,50537.3,13:37,47962.5,STOP_LOSS,-5.313
2026-06-10,001450,현대해상,7.9,36900.0,09:01,36936.9,15:15,37462.5,TIME_EXIT,1.19
2026-06-10,450080,에코프로머티,7.1,53400.0,09:01,53453.4,15:15,52347.6,TIME_EXIT,-2.294
2026-06-10,059090,미코,8.2,19220.0,09:01,19239.2,10:01,20586.0,TAKE_PROFIT,6.754
2026-06-10,347850,디앤디파마텍,14.0,89600.0,09:02,89689.6,14:20,85119.9,STOP_LOSS,-5.313
2026-06-10,005690,파미셀,9.0,13120.0,09:02,13133.1,15:15,13116.9,TIME_EXIT,-0.353
2026-06-10,000240,한국앤컴퍼니,7.5,25700.0,09:02,25725.7,15:15,25624.3,TIME_EXIT,-0.623
2026-06-10,437730,삼현,12.4,47550.0,09:02,47597.5,15:15,49400.6,TIME_EXIT,3.549
2026-06-10,038500,삼표시멘트,7.2,10560.0,09:02,10570.6,15:15,10649.3,TIME_EXIT,0.514
2026-06-10,001200,유진투자증권,7.3,4510.0,09:02,4514.5,15:15,4395.6,TIME_EXIT,-2.858
2026-06-10,064290,인텍플러스,12.1,38050.0,09:02,38088.0,09:07,40754.2,TAKE_PROFIT,6.754
2026-06-10,243070,휴온스,13.8,30550.0,09:02,30630.6,11:07,29070.0,STOP_LOSS,-5.313
2026-06-10,004100,태양금속,8.1,3065.0,09:02,3068.1,12:44,2911.7,STOP_LOSS,-5.313
2026-06-10,215790,이노인스트루먼트,14.5,1584.0,09:02,1585.6,09:16,1504.8,STOP_LOSS,-5.313
2026-06-10,195870,해성디에스,10.7,73600.0,09:03,73673.6,15:15,73226.7,TIME_EXIT,-0.835
2026-06-10,036620,감성코퍼레이션,7.3,5080.0,09:04,5085.1,15:15,4995.0,TIME_EXIT,-1.997
2026-06-10,232140,와이씨,11.1,14550.0,09:04,14564.5,15:15,14085.9,TIME_EXIT,-3.509
2026-06-10,006910,보성파워텍,9.4,8390.0,09:04,8398.4,13:30,7970.5,STOP_LOSS,-5.313
2026-06-10,067310,하나마이크론,14.7,43250.0,09:04,43293.2,14:17,41087.5,STOP_LOSS,-5.313
2026-06-10,006220,제주은행,7.5,11130.0,09:04,11141.1,11:26,11921.0,TAKE_PROFIT,6.754
2026-06-10,036710,심텍홀딩스,11.1,4750.0,09:04,4754.7,13:08,4512.5,STOP_LOSS,-5.313
2026-06-10,036810,에프에스티,11.0,29650.0,09:04,29679.6,13:43,28167.5,STOP_LOSS,-5.313
2026-06-10,052400,코나아이,9.0,50800.0,09:04,50850.8,15:15,49750.2,TIME_EXIT,-2.389
2026-06-10,418420,라온텍,10.7,5670.0,09:04,5675.7,12:11,5386.5,STOP_LOSS,-5.313
2026-06-10,476080,M83,7.8,6100.0,09:04,6106.1,10:00,6550.0,TAKE_PROFIT,7.023
2026-06-10,253590,네오셈,9.9,13030.0,09:04,13043.0,13:26,12378.5,STOP_LOSS,-5.313
2026-06-10,074600,원익QnC,12.9,33700.0,09:04,33733.7,15:15,33416.6,TIME_EXIT,-1.168
2026-06-10,265520,AP시스템,11.4,23050.0,09:04,23073.0,14:18,21897.5,STOP_LOSS,-5.313
2026-06-10,005290,동진쎄미켐,9.9,53600.0,09:04,53653.6,15:15,52147.8,TIME_EXIT,-3.03
2026-06-10,036010,아비코전자,11.9,10420.0,09:04,10430.4,13:32,9899.0,STOP_LOSS,-5.313
2026-06-10,232680,라온로보틱스,7.7,14300.0,09:04,14314.3,13:30,13585.0,STOP_LOSS,-5.313
2026-06-10,036890,진성티이씨,12.4,14200.0,09:04,14214.2,15:15,14345.6,TIME_EXIT,0.693
2026-06-10,009450,경동나비엔,7.4,69400.0,09:04,69469.4,15:15,67332.6,TIME_EXIT,-3.299
2026-06-10,005440,현대지에프홀딩스,10.1,13250.0,09:04,13263.2,15:15,12977.0,TIME_EXIT,-2.383
2026-06-10,383310,에코프로에이치엔,7.7,28800.0,09:04,28828.8,13:31,27322.7,STOP_LOSS,-5.442
2026-06-10,417500,제이아이테크,8.7,3200.0,09:04,3203.2,10:07,3427.4,TAKE_PROFIT,6.754
2026-06-10,079370,제우스,8.6,10730.0,09:04,10740.7,15:15,10489.5,TIME_EXIT,-2.564
2026-06-10,005420,코스모화학,7.2,11630.0,09:04,11641.6,15:15,11378.6,TIME_EXIT,-2.484
2026-06-10,017550,수산세보틱스,10.2,2485.0,09:05,2487.5,15:15,2432.6,TIME_EXIT,-2.433
2026-06-10,0009K0,에임드바이오,10.5,25800.0,09:05,25825.8,12:53,24510.0,STOP_LOSS,-5.313
2026-06-10,402490,그린리소스,8.1,11220.0,09:05,11231.2,15:15,10849.1,TIME_EXIT,-3.624
2026-06-10,008770,호텔신라,7.2,55200.0,09:05,55255.2,15:15,55944.0,TIME_EXIT,1.014
2026-06-10,456160,지투지바이오,7.8,48350.0,09:05,48398.3,12:38,45932.5,STOP_LOSS,-5.313
2026-06-10,214370,케어젠,9.2,74500.0,09:05,74574.5,15:15,72927.0,TIME_EXIT,-2.434
2026-06-10,066980,한성크린텍,11.4,2010.0,09:05,2012.0,09:21,1909.5,STOP_LOSS,-5.313
2026-06-10,077500,유니퀘스트,8.0,7150.0,09:05,7157.1,13:31,6792.5,STOP_LOSS,-5.313
2026-06-10,053080,케이엔솔,8.5,11490.0,09:05,11501.5,13:23,10915.5,STOP_LOSS,-5.313
2026-06-10,028670,팬오션,7.2,5230.0,09:05,5235.2,11:17,4968.5,STOP_LOSS,-5.313
2026-06-10,002020,코오롱,7.8,47600.0,09:05,47647.6,15:15,47852.1,TIME_EXIT,0.198
2026-06-10,318060,그래피,7.8,22800.0,09:05,23023.0,12:50,21850.0,STOP_LOSS,-5.313
2026-06-10,281820,케이씨텍,12.7,66400.0,09:05,66466.4,14:20,63079.9,STOP_LOSS,-5.313
2026-06-10,322310,오로스테크놀로지,10.7,26450.0,09:05,26476.4,13:30,25127.5,STOP_LOSS,-5.313
2026-06-10,078150,HB테크놀러지,7.5,2950.0,09:05,2952.9,09:17,2802.5,STOP_LOSS,-5.313
2026-06-10,012030,DB,7.8,1858.0,09:05,1859.9,15:15,1851.1,TIME_EXIT,-0.697
2026-06-10,036200,유니셈,14.3,10260.0,09:05,10270.3,13:45,9747.0,STOP_LOSS,-5.313
2026-06-10,009470,삼화전기,8.0,31800.0,09:05,31831.8,12:47,30210.0,STOP_LOSS,-5.313
2026-06-10,045100,한양이엔지,8.6,30200.0,09:05,30230.2,15:15,29370.6,TIME_EXIT,-3.067
2026-06-10,053610,프로텍,14.2,75600.0,09:05,75675.6,15:15,76823.1,TIME_EXIT,1.283
2026-06-10,065680,우주일렉트로,9.0,38750.0,09:06,38788.7,15:15,38011.9,TIME_EXIT,-2.228
2026-06-10,039440,에스티아이,13.5,28200.0,09:06,28228.2,13:07,26773.2,STOP_LOSS,-5.373
2026-06-10,066310,큐에스아이,7.6,9810.0,09:06,9819.8,14:45,9310.7,STOP_LOSS,-5.403
2026-06-10,317330,덕산테코피아,8.5,15130.0,09:07,15145.1,13:35,14373.5,STOP_LOSS,-5.313
2026-06-10,052710,아모텍,8.8,24141.2,09:13,24165.3,09:44,22934.1,STOP_LOSS,-5.313
2026-06-10,031430,신세계인터내셔날,8.7,14080.0,09:16,14094.1,15:15,14445.5,TIME_EXIT,2.258
2026-06-10,077360,덕산하이메탈,7.4,13950.0,09:19,13963.9,11:28,13252.5,STOP_LOSS,-5.313
2026-06-10,323410,카카오뱅크,7.3,24400.0,09:20,24424.4,15:15,24575.4,TIME_EXIT,0.387
2026-06-10,033640,네패스,7.6,33250.0,09:23,33283.2,12:54,31587.5,STOP_LOSS,-5.313
2026-06-10,170920,엘티씨,12.8,51000.0,09:26,51051.0,14:41,48450.0,STOP_LOSS,-5.313
2026-06-10,272110,케이엔제이,11.7,33350.0,09:27,33383.3,14:44,31682.5,STOP_LOSS,-5.313
2026-06-10,036540,SFA반도체,10.6,7080.0,09:30,7087.1,13:44,6726.0,STOP_LOSS,-5.313
2026-06-10,078350,한양디지텍,10.0,25200.0,09:30,25225.2,11:56,23926.0,STOP_LOSS,-5.368
2026-06-10,445090,에이직랜드,11.0,27300.0,09:31,27377.3,13:05,25982.5,STOP_LOSS,-5.313
2026-06-10,264660,씨앤지하이테크,12.2,14670.0,09:32,14704.7,13:06,13946.0,STOP_LOSS,-5.377
2026-06-10,056360,코위버,11.0,7070.0,09:57,7407.4,09:59,6883.1,STOP_LOSS,-7.292
2026-06-10,0007C0,아크릴,9.1,24700.0,10:02,24724.7,10:02,23465.0,STOP_LOSS,-5.313
2026-06-10,031210,서울보증보험,7.4,44300.0,10:03,44344.3,15:15,43806.2,TIME_EXIT,-1.441
2026-06-10,494120,큐리오시스,9.7,13305.2,10:16,13318.5,13:42,12639.9,STOP_LOSS,-5.313
2026-06-10,399720,가온칩스,9.3,48750.0,10:41,48798.7,13:09,46303.7,STOP_LOSS,-5.331
2026-06-10,064850,에프앤가이드,7.8,24050.0,10:43,24074.0,15:15,24225.8,TIME_EXIT,0.399
2026-06-11,041830,인바디,10.4,45650.0,09:01,45695.6,09:15,43367.5,STOP_LOSS,-5.313
2026-06-11,417860,오브젠,13.1,13970.0,09:01,13984.0,09:02,14962.8,TAKE_PROFIT,6.754
2026-06-11,009240,한샘,7.7,32200.0,09:14,32232.2,15:15,32117.8,TIME_EXIT,-0.584
2026-06-12,290650,엘앤씨바이오,13.1,81743.0,09:01,81824.7,12:30,77655.7,STOP_LOSS,-5.313
2026-06-12,001800,오리온홀딩스,10.5,27950.0,09:01,27977.9,09:17,26552.5,STOP_LOSS,-5.313
2026-06-12,012750,에스원,7.1,76700.0,10:18,76776.7,13:38,82151.1,TAKE_PROFIT,6.754
2026-06-16,014620,성광벤드,9.5,32900.0,09:01,32932.9,15:15,32767.2,TIME_EXIT,-0.732
2026-06-16,330860,네패스아크,14.3,57700.0,09:02,57757.7,09:36,54814.9,STOP_LOSS,-5.313
2026-06-16,365270,큐라클,12.5,13500.0,09:03,13513.5,15:15,13536.5,TIME_EXIT,-0.061
2026-06-16,007340,DN오토모티브,8.8,43850.0,09:05,43893.8,15:15,44555.4,TIME_EXIT,1.274
2026-06-16,077970,STX엔진,13.5,36650.0,09:15,36686.6,15:15,35664.3,TIME_EXIT,-3.01
2026-06-16,025980,아난티,9.7,5070.0,09:16,5075.1,15:15,5084.9,TIME_EXIT,-0.037
2026-06-16,045390,대아티아이,12.4,3265.0,09:17,3268.3,09:37,3497.0,TAKE_PROFIT,6.754
2026-06-17,004490,세방전지,7.6,62400.0,09:01,62462.4,15:15,63536.4,TIME_EXIT,1.486
2026-06-17,204320,HL만도,8.9,76900.0,09:02,76976.9,09:26,73054.9,STOP_LOSS,-5.313
2026-06-17,066980,한성크린텍,7.3,1949.0,09:02,1950.9,09:04,2087.5,TAKE_PROFIT,6.754
2026-06-17,033640,네패스,8.5,38950.0,09:02,38988.9,15:03,37002.5,STOP_LOSS,-5.313
2026-06-17,011230,삼화전자,11.1,3195.0,09:14,3198.2,09:43,3035.2,STOP_LOSS,-5.313
2026-06-17,491000,리브스메드,9.8,44300.0,09:48,44344.3,15:15,43656.3,TIME_EXIT,-1.778
2026-06-17,475150,SK이터닉스,14.2,55800.0,10:09,55855.8,14:01,53009.9,STOP_LOSS,-5.313
2026-06-18,358570,지아이이노베이션,8.5,13350.0,09:01,13363.3,13:24,12682.5,STOP_LOSS,-5.313
2026-06-18,394420,리센스메디컬,13.6,21300.0,09:01,21321.3,15:15,22377.6,TIME_EXIT,4.713
2026-06-18,009420,한올바이오파마,7.5,56000.0,09:02,56056.0,15:15,54345.6,TIME_EXIT,-3.274
2026-06-18,039200,오스코텍,7.5,41750.0,09:03,41791.7,12:23,39662.5,STOP_LOSS,-5.313
2026-06-19,457370,한켐,9.8,15200.0,09:02,15215.2,09:57,14440.0,STOP_LOSS,-5.313
2026-06-19,475430,키스트론,8.9,5000.0,09:02,5005.0,12:37,4750.0,STOP_LOSS,-5.313
2026-06-19,047770,코데즈컴바인,8.3,3700.0,12:06,3703.7,13:42,3515.0,STOP_LOSS,-5.313
2026-06-22,330350,위더스제약,13.6,8860.0,09:01,8868.9,12:12,9489.7,TAKE_PROFIT,6.754
2026-06-22,462870,시프트업,7.6,33300.0,09:03,33333.3,15:15,32417.5,TIME_EXIT,-2.971
2026-06-23,290550,디케이티,8.9,22750.0,09:01,22772.7,09:28,21612.5,STOP_LOSS,-5.313
2026-06-23,009190,대양금속,12.4,2065.0,09:27,2067.1,15:09,1961.7,STOP_LOSS,-5.313
2026-06-23,014910,성문전자,9.0,3210.0,09:35,3213.2,09:37,3049.5,STOP_LOSS,-5.313
2026-06-23,204270,제이앤티씨,8.8,22850.0,10:35,22872.8,10:38,24473.9,TAKE_PROFIT,6.754
2026-06-24,494120,큐리오시스,10.3,12830.0,09:31,12842.8,11:01,13741.8,TAKE_PROFIT,6.754
2026-06-25,347700,스피어,7.7,21400.0,09:01,21421.4,09:21,20330.0,STOP_LOSS,-5.313
2026-06-25,290650,엘앤씨바이오,7.2,91234.4,09:01,91325.7,15:15,93947.0,TIME_EXIT,2.634
2026-06-25,456160,지투지바이오,7.8,40600.0,09:01,40640.6,09:30,43485.4,TAKE_PROFIT,6.754
2026-06-25,476830,알지노믹스,10.1,45150.0,09:01,45195.1,14:03,42892.5,STOP_LOSS,-5.313
2026-06-25,042520,한스바이오메드,13.9,25050.0,09:01,25075.0,09:13,26830.3,TAKE_PROFIT,6.754
2026-06-25,174900,앱클론,9.6,29000.0,09:01,29029.0,14:18,27550.0,STOP_LOSS,-5.313
2026-06-25,389650,넥스트바이오메디컬,8.3,41900.0,09:09,41941.9,15:15,39910.1,TIME_EXIT,-5.063
2026-06-25,445680,큐리옥스바이오시스템즈,8.8,45900.0,09:09,45945.9,09:59,43605.0,STOP_LOSS,-5.313
2026-06-25,298380,에이비엘바이오,7.3,98800.0,09:09,98898.8,15:15,95504.4,TIME_EXIT,-3.654
2026-06-25,290660,다이나믹솔루션,9.2,1878.0,09:12,1879.9,15:15,1940.1,TIME_EXIT,2.964
2026-06-26,209640,와이제이링크,14.5,4665.0,09:01,4669.7,09:04,4431.7,STOP_LOSS,-5.313
2026-06-26,005440,현대지에프홀딩스,9.0,14840.0,09:36,14854.8,15:15,15244.7,TIME_EXIT,2.389
2026-06-30,294870,IPARK현대산업개발,9.0,19310.0,09:01,19329.3,11:07,18341.6,STOP_LOSS,-5.328
2026-06-30,402490,그린리소스,8.7,9350.0,09:01,9359.3,15:15,9190.8,TIME_EXIT,-2.027
2026-06-30,061090,세나테크놀로지,10.1,30450.0,09:01,30480.4,15:16,30969.0,TIME_EXIT,1.369
2026-06-30,078600,대주전자재료,11.9,98400.0,09:01,98498.4,15:15,97702.2,TIME_EXIT,-1.036
2026-06-30,030520,한컴,10.8,18330.0,09:01,18348.3,15:15,18401.6,TIME_EXIT,0.06
2026-06-30,181710,NHN,9.6,35400.0,09:01,35435.4,15:15,35164.8,TIME_EXIT,-0.992
2026-06-30,175330,JB금융지주,8.8,24850.0,09:01,24874.8,15:15,24825.2,TIME_EXIT,-0.429
2026-06-30,035720,카카오,8.1,35850.0,09:01,35885.8,15:15,34565.4,TIME_EXIT,-3.901
2026-06-30,047050,포스코인터내셔널,12.6,51400.0,09:01,51451.4,15:15,49350.6,TIME_EXIT,-4.304
2026-06-30,375500,DL이앤씨,9.5,65500.0,09:01,65565.5,15:15,63836.1,TIME_EXIT,-2.862
2026-06-30,322310,오로스테크놀로지,12.6,22050.0,09:01,22072.0,15:15,21878.1,TIME_EXIT,-1.107
2026-06-30,293490,카카오게임즈,12.3,7780.0,09:01,7787.8,15:15,7812.2,TIME_EXIT,0.083
2026-06-30,067160,SOOP,8.5,50200.0,09:01,50250.2,15:15,49400.6,TIME_EXIT,-1.917
2026-06-30,053690,한미글로벌,14.0,18400.0,09:01,18418.4,15:15,17812.2,TIME_EXIT,-3.514
2026-06-30,046890,서울반도체,9.1,11710.0,09:01,11721.7,11:14,11124.5,STOP_LOSS,-5.313
2026-06-30,028050,삼성E&A,15.0,47650.0,09:01,47697.6,15:15,47452.5,TIME_EXIT,-0.743
2026-06-30,213420,덕산네오룩스,8.4,32900.0,09:01,32932.9,15:15,32717.2,TIME_EXIT,-0.883
2026-06-30,448900,한국피아이엠,11.4,58500.0,09:01,58558.5,09:05,55574.9,STOP_LOSS,-5.313
2026-06-30,072950,빛샘전자,7.4,8080.0,09:01,8088.1,15:15,7882.1,TIME_EXIT,-2.771
2026-06-30,257720,실리콘투,7.4,32650.0,09:01,32682.6,15:15,31768.2,TIME_EXIT,-3.021
2026-06-30,323410,카카오뱅크,7.1,21150.0,09:01,21171.1,15:15,20929.0,TIME_EXIT,-1.371
2026-06-30,079370,제우스,9.7,10310.0,09:01,10320.3,09:09,11042.7,TAKE_PROFIT,6.754
2026-06-30,484590,삼양컴텍,10.0,7170.0,09:01,7177.2,15:15,6983.0,TIME_EXIT,-2.929
2026-06-30,0007C0,아크릴,9.1,16830.0,09:03,16846.8,15:15,16623.4,TIME_EXIT,-1.553
2026-06-30,035760,CJ ENM,8.9,33200.0,09:03,33233.2,15:15,31818.2,TIME_EXIT,-4.478
2026-06-30,052400,코나아이,11.0,43800.0,09:04,43843.8,13:38,46912.9,TAKE_PROFIT,6.754
2026-06-30,389470,인벤티지랩,11.8,39750.0,09:06,39789.7,15:15,39810.2,TIME_EXIT,-0.179
2026-06-30,222080,SFA넥셀,12.8,9360.0,09:07,9369.4,11:08,8892.0,STOP_LOSS,-5.313
2026-06-30,290550,디케이티,7.7,20250.0,09:08,20270.2,10:01,21689.2,TAKE_PROFIT,6.754
2026-06-30,006730,서부T&D,14.5,10420.0,09:08,10430.4,10:41,9899.0,STOP_LOSS,-5.313
2026-06-30,041510,에스엠,12.2,74600.0,09:08,74674.6,11:16,70829.1,STOP_LOSS,-5.368
2026-06-30,241710,코스메카코리아,7.6,71100.0,09:08,71171.1,15:15,68731.2,TIME_EXIT,-3.65
2026-06-30,035900,JYP Ent.,10.6,53000.0,09:08,53053.0,15:15,51248.7,TIME_EXIT,-3.623
2026-06-30,399720,가온칩스,11.6,41350.0,09:09,41391.3,15:15,39960.0,TIME_EXIT,-3.68
2026-06-30,008930,한미사이언스,14.4,29850.0,09:09,29879.8,15:15,30469.5,TIME_EXIT,1.739
2026-06-30,060280,큐렉소,9.3,9380.0,09:09,9389.4,15:15,9090.9,TIME_EXIT,-3.402
2026-06-30,046120,오르비텍,12.5,5670.0,09:10,5675.7,15:15,5584.4,TIME_EXIT,-1.834
2026-06-30,214430,아이쓰리시스템,9.4,60500.0,09:10,60560.5,15:15,59640.3,TIME_EXIT,-1.746
2026-06-30,425420,티에프이,7.9,44950.0,09:10,44994.9,09:35,42702.5,STOP_LOSS,-5.313
2026-06-30,336570,원텍,13.5,6040.0,09:10,6046.0,15:15,5974.0,TIME_EXIT,-1.418
2026-06-30,278280,천보,8.5,41000.0,09:10,41041.0,15:15,40659.3,TIME_EXIT,-1.158
2026-06-30,036830,솔브레인홀딩스,11.2,39600.0,09:10,39639.6,15:15,38661.3,TIME_EXIT,-2.692
2026-06-30,003530,한화투자증권,7.9,5050.0,09:10,5055.0,15:15,4865.1,TIME_EXIT,-3.978
2026-06-30,179900,유티아이,12.3,4780.0,09:10,4784.8,09:23,4541.0,STOP_LOSS,-5.313
2026-06-30,025980,아난티,7.8,4225.0,09:10,4229.2,11:07,4013.7,STOP_LOSS,-5.313
2026-06-30,064260,다날,9.4,4475.0,09:10,4479.5,15:15,4315.7,TIME_EXIT,-3.878
2026-06-30,041190,우리기술투자,8.4,4885.0,09:10,4889.9,15:15,4740.3,TIME_EXIT,-3.283
2026-06-30,389140,포바이포,14.8,5500.0,09:10,5505.5,15:15,5274.7,TIME_EXIT,-4.412
2026-06-30,033790,피노,13.2,7200.0,09:11,7207.2,15:15,7202.8,TIME_EXIT,-0.291
2026-06-30,003220,대원제약,10.5,8070.0,09:12,8078.1,13:15,7666.5,STOP_LOSS,-5.313
2026-06-30,318060,그래피,11.8,17400.0,09:13,17417.4,15:15,16923.1,TIME_EXIT,-3.062
2026-06-30,178920,PI첨단소재,10.8,20600.0,09:13,20620.6,15:15,20030.0,TIME_EXIT,-3.088
2026-06-30,476080,M83,14.6,3970.0,09:17,3974.0,13:13,3771.5,STOP_LOSS,-5.313
2026-06-30,397030,에이프릴바이오,10.8,42600.0,09:53,42642.6,11:24,40470.0,STOP_LOSS,-5.313
2026-06-30,365270,큐라클,12.1,11670.0,10:29,11681.7,15:15,12038.0,TIME_EXIT,2.813
2026-06-30,005070,코스모신소재,13.4,39300.0,11:34,39339.3,15:15,39260.7,TIME_EXIT,-0.429
2026-07-01,064290,인텍플러스,14.8,47000.0,09:03,47047.0,15:15,48451.5,TIME_EXIT,2.748
2026-07-01,041830,인바디,9.9,57800.0,09:08,57857.8,09:37,61907.8,TAKE_PROFIT,6.754
2026-07-01,018000,유니슨,13.2,1137.0,09:34,1138.1,09:41,1217.8,TAKE_PROFIT,6.754
2026-07-01,014910,성문전자,11.9,2640.0,09:41,2642.6,11:21,2508.0,STOP_LOSS,-5.313
2026-07-02,389470,인벤티지랩,9.0,43050.0,09:01,43093.0,12:12,40897.5,STOP_LOSS,-5.313
2026-07-02,474610,RF시스템즈,7.0,7630.0,09:01,7637.6,09:19,7248.5,STOP_LOSS,-5.313
2026-07-02,042520,한스바이오메드,10.6,25000.0,09:02,25025.0,09:10,26776.7,TAKE_PROFIT,6.754
2026-07-02,014620,성광벤드,9.0,30400.0,09:02,30430.4,15:15,28971.0,TIME_EXIT,-5.015
2026-07-02,0009K0,에임드바이오,7.2,26900.0,09:03,26926.9,13:45,25555.0,STOP_LOSS,-5.313
2026-07-02,178320,서진시스템,7.4,56400.0,09:03,56456.4,09:07,53579.9,STOP_LOSS,-5.313
2026-07-02,204620,글로벌텍스프리,7.3,5090.0,09:04,5095.1,15:15,4995.0,TIME_EXIT,-2.19
2026-07-02,257720,실리콘투,12.3,35550.0,09:05,35585.5,15:15,34965.0,TIME_EXIT,-1.97
2026-07-02,484870,엠앤씨솔루션,14.6,27050.0,09:08,27077.0,09:09,28972.4,TAKE_PROFIT,6.754
2026-07-02,475150,SK이터닉스,14.9,59400.0,09:09,59459.4,10:17,56429.9,STOP_LOSS,-5.313
2026-07-02,060370,LS마린솔루션,8.5,29450.0,09:11,29529.5,15:09,28025.0,STOP_LOSS,-5.313
2026-07-02,041830,인바디,7.3,62000.0,09:32,62062.0,10:40,58899.9,STOP_LOSS,-5.313
2026-07-02,001250,GS글로벌,7.1,2800.0,09:38,2802.8,15:15,2742.3,TIME_EXIT,-2.385
2026-07-02,078930,GS,10.1,73000.0,09:39,73073.0,13:59,78188.1,TAKE_PROFIT,6.754
2026-07-02,214370,케어젠,10.6,76200.0,10:07,76276.2,14:29,72389.9,STOP_LOSS,-5.313
2026-07-02,484590,삼양컴텍,10.3,7700.0,10:21,7707.7,15:06,7315.0,STOP_LOSS,-5.313
2026-07-03,041510,에스엠,7.1,78600.0,09:01,78678.6,10:46,74669.9,STOP_LOSS,-5.313
2026-07-06,007390,네이처셀,8.9,23800.0,09:01,23823.8,09:33,22610.0,STOP_LOSS,-5.313
2026-07-06,356860,티엘비,8.3,37412.6,09:05,37450.0,09:34,35541.9,STOP_LOSS,-5.313
2026-07-06,064290,인텍플러스,13.1,51800.0,09:33,51851.8,10:27,49210.0,STOP_LOSS,-5.313
2026-07-07,023410,유진기업,8.6,3970.0,09:01,3974.0,12:17,3771.5,STOP_LOSS,-5.313
2026-07-07,006360,GS건설,7.2,30600.0,09:08,30630.6,15:15,30719.2,TIME_EXIT,0.059
2026-07-07,032580,피델릭스,10.7,5590.0,09:22,5595.6,09:38,5310.5,STOP_LOSS,-5.313
2026-07-07,026940,부국철강,8.4,2590.0,09:55,2592.6,10:17,2460.5,STOP_LOSS,-5.313
2026-07-07,010960,삼호개발,14.2,4330.0,09:56,4334.3,10:07,4637.7,TAKE_PROFIT,6.754
2026-07-08,006730,서부T&D,7.0,11110.0,09:01,11121.1,11:07,10554.5,STOP_LOSS,-5.313
2026-07-08,042520,한스바이오메드,14.6,25550.0,09:01,25575.5,15:15,25374.6,TIME_EXIT,-1.014
2026-07-08,347850,디앤디파마텍,12.4,85300.0,09:02,85385.3,09:18,81034.9,STOP_LOSS,-5.313
2026-07-08,009420,한올바이오파마,7.2,59900.0,09:02,59959.9,15:15,58441.5,TIME_EXIT,-2.757
2026-07-08,198440,강동씨앤엘,13.3,1801.0,09:04,1802.8,09:15,1710.9,STOP_LOSS,-5.313
2026-07-08,067170,오텍,7.2,2900.0,09:05,2902.9,09:25,2755.0,STOP_LOSS,-5.313
2026-07-08,006920,모헨즈,8.9,3845.0,09:06,3848.8,09:17,3652.7,STOP_LOSS,-5.313
2026-07-09,477850,마키나락스,10.6,27100.0,09:01,27127.1,09:08,29026.0,TAKE_PROFIT,6.754
2026-07-09,079650,서산,12.7,5380.0,09:07,5385.4,09:19,5762.4,TAKE_PROFIT,6.754
2026-07-09,332570,PS일렉트로닉스,12.9,5680.0,10:00,5685.7,12:02,5396.0,STOP_LOSS,-5.313
2026-07-10,058610,에스피지,8.8,72000.0,09:06,72072.0,15:15,74225.7,TIME_EXIT,2.751
2026-07-13,013120,동원개발,7.1,2635.0,09:01,2637.6,10:25,2503.2,STOP_LOSS,-5.313
2026-07-13,476060,온코닉테라퓨틱스,7.5,11700.0,09:01,11711.7,12:25,11108.9,STOP_LOSS,-5.365
2026-07-13,466100,클로봇,7.2,26950.0,09:01,26976.9,10:51,25602.5,STOP_LOSS,-5.313
2026-07-13,037460,삼지전자,7.3,36150.0,09:02,36186.1,10:25,34315.7,STOP_LOSS,-5.387
2026-07-13,323280,태성,9.0,38900.0,09:02,38938.9,10:54,36955.0,STOP_LOSS,-5.313
2026-07-13,330860,네패스아크,14.1,39750.0,09:02,39789.7,09:11,42575.0,TAKE_PROFIT,6.754
2026-07-13,432720,퀄리타스반도체,12.1,9280.0,09:02,9289.3,09:07,8816.0,STOP_LOSS,-5.313
2026-07-13,217590,티엠씨,11.1,11730.0,09:02,11741.7,11:05,11143.5,STOP_LOSS,-5.313
2026-07-13,476830,알지노믹스,8.3,33150.0,09:02,33183.1,12:08,31492.5,STOP_LOSS,-5.313
2026-07-13,052400,코나아이,10.5,44900.0,09:02,44944.9,10:54,42655.0,STOP_LOSS,-5.313
2026-07-13,018000,유니슨,8.0,930.0,09:02,930.9,15:15,891.1,TIME_EXIT,-4.498
2026-07-13,036200,유니셈,8.3,8990.0,09:02,8999.0,15:15,8621.4,TIME_EXIT,-4.417
2026-07-13,050890,쏠리드,10.0,10680.0,09:02,10690.7,10:24,10146.0,STOP_LOSS,-5.313
2026-07-13,005950,이수화학,8.3,13550.0,09:02,13563.5,09:09,14513.0,TAKE_PROFIT,6.754
2026-07-13,059090,미코,8.7,17130.0,09:02,17147.1,10:55,16273.5,STOP_LOSS,-5.313
2026-07-13,336260,두산퓨얼셀,9.8,47050.0,09:02,47097.0,14:00,44697.5,STOP_LOSS,-5.313
2026-07-13,484590,삼양컴텍,9.3,6360.0,09:02,6366.4,14:30,6042.0,STOP_LOSS,-5.313
2026-07-13,457370,한켐,7.4,8090.0,09:03,8098.1,10:19,7685.5,STOP_LOSS,-5.313
2026-07-13,047040,대우건설,8.8,17450.0,09:05,17467.4,10:54,16577.5,STOP_LOSS,-5.313
2026-07-13,012200,계양전기,12.8,4496.5,09:06,4501.0,10:53,4271.6,STOP_LOSS,-5.313
2026-07-13,044490,태웅,12.4,29450.0,09:06,29479.4,10:56,27977.5,STOP_LOSS,-5.313
2026-07-13,198440,강동씨앤엘,10.2,1917.0,09:07,1918.9,10:11,1820.2,STOP_LOSS,-5.364
2026-07-13,006360,GS건설,8.9,31850.0,09:11,31881.8,11:03,30257.5,STOP_LOSS,-5.313
2026-07-13,004710,한솔테크닉스,10.9,9170.0,09:13,9179.2,11:53,8711.5,STOP_LOSS,-5.313
2026-07-13,356680,엑스게이트,10.6,12250.0,09:13,12262.2,10:03,11637.5,STOP_LOSS,-5.313
2026-07-14,002700,신일전자,9.8,1195.0,09:01,1196.2,09:20,1135.2,STOP_LOSS,-5.313
2026-07-15,024060,흥구석유,8.9,12680.0,09:04,12692.7,15:15,12507.5,TIME_EXIT,-1.686
2026-07-16,014950,삼익제약,11.4,4290.0,09:02,4294.3,09:03,4594.9,TAKE_PROFIT,6.754
2026-07-16,476830,알지노믹스,11.9,32000.0,09:02,32032.0,09:25,34274.2,TAKE_PROFIT,6.754
2026-07-16,069540,빛과전자,13.5,2825.0,09:02,2827.8,09:02,2677.3,STOP_LOSS,-5.54
2026-07-16,475150,SK이터닉스,9.2,53300.0,09:02,53353.3,15:15,51948.0,TIME_EXIT,-2.858
2026-07-16,009420,한올바이오파마,8.2,54400.0,09:03,54454.4,15:15,52647.3,TIME_EXIT,-3.541
2026-07-16,077360,덕산하이메탈,11.2,10140.0,09:03,10150.1,09:34,9633.0,STOP_LOSS,-5.313
2026-07-16,450080,에코프로머티,7.1,37600.0,09:03,37637.6,11:03,35720.0,STOP_LOSS,-5.313
2026-07-16,213420,덕산네오룩스,10.1,31650.0,09:04,31681.6,15:15,31468.5,TIME_EXIT,-0.901
2026-07-16,053610,프로텍,8.9,68800.0,09:04,68868.8,09:21,65359.9,STOP_LOSS,-5.313
2026-07-16,290550,디케이티,8.9,22650.0,09:11,22672.6,11:05,21517.5,STOP_LOSS,-5.313
2026-07-16,044490,태웅,8.1,27950.0,09:13,27977.9,10:14,26552.5,STOP_LOSS,-5.313
2026-07-16,033160,엠케이전자,14.7,18050.0,09:14,18068.0,09:20,17147.5,STOP_LOSS,-5.313
2026-07-16,456160,지투지바이오,7.6,32650.0,09:15,32682.6,10:01,31017.5,STOP_LOSS,-5.313
2026-07-16,397030,에이프릴바이오,10.2,26450.0,09:15,26476.4,11:08,25124.8,STOP_LOSS,-5.323
2026-07-16,001430,세아베스틸지주,9.9,33350.0,09:18,33383.3,15:15,32317.7,TIME_EXIT,-3.415
2026-07-16,007340,DN오토모티브,13.5,41650.0,09:32,41691.6,15:15,40609.3,TIME_EXIT,-2.82
2026-07-16,178320,서진시스템,11.3,41950.0,09:32,41991.9,10:12,39852.5,STOP_LOSS,-5.313
2026-07-16,171090,선익시스템,8.9,56500.0,12:11,56556.5,12:18,53674.9,STOP_LOSS,-5.313
2026-07-20,413630,씨피시스템,12.4,3360.0,09:01,3363.4,09:05,3192.0,STOP_LOSS,-5.313
2026-07-20,279570,케이뱅크,11.1,6390.0,09:02,6396.4,15:15,6173.8,TIME_EXIT,-3.702
2026-07-21,475150,SK이터닉스,7.5,55900.0,09:01,55955.9,10:12,59872.8,TAKE_PROFIT,6.754
2026-07-21,024060,흥구석유,11.9,13440.0,09:02,13453.4,10:05,12768.0,STOP_LOSS,-5.313
2026-07-21,294870,IPARK현대산업개발,7.4,19370.0,09:20,19389.4,15:15,19880.1,TIME_EXIT,2.295
2026-07-22,263800,데이타솔루션,7.9,6040.0,09:01,6046.0,15:15,5984.0,TIME_EXIT,-1.254
2026-07-22,004310,현대약품,9.8,6830.0,09:01,6836.8,09:08,6488.5,STOP_LOSS,-5.313
2026-07-23,071970,HD현대마린엔진,11.0,64600.0,09:01,64664.6,15:15,67532.4,TIME_EXIT,4.195
2026-07-23,024060,흥구석유,10.3,13710.0,09:01,13723.7,15:15,13896.1,TIME_EXIT,1.023
2026-07-23,017670,SK텔레콤,10.6,94100.0,09:38,94194.1,15:15,99999.9,TIME_EXIT,5.92
2026-07-24,078930,GS,11.2,93600.0,09:01,93693.6,15:15,95054.9,TIME_EXIT,1.22
2026-07-24,000210,DL,10.7,50900.0,09:01,50950.9,15:15,50149.8,TIME_EXIT,-1.799
2026-07-24,047050,포스코인터내셔널,9.5,56600.0,09:01,56656.6,15:15,55844.1,TIME_EXIT,-1.661
2026-07-24,001120,LX인터내셔널,7.2,39700.0,09:01,39739.7,15:15,39110.8,TIME_EXIT,-1.809
2026-07-24,375500,DL이앤씨,7.2,65800.0,09:01,65865.8,15:15,63136.8,TIME_EXIT,-4.364
2026-07-24,014620,성광벤드,11.3,27500.0,09:01,27527.5,10:29,29454.4,TAKE_PROFIT,6.754
2026-07-24,048410,현대바이오,9.7,6550.0,09:02,6556.5,14:53,6222.5,STOP_LOSS,-5.313
2026-07-24,077970,STX엔진,9.2,26100.0,09:02,26126.1,15:15,25424.5,TIME_EXIT,-2.909
2026-07-24,003380,하림지주,8.0,10120.0,09:03,10130.1,15:15,9820.2,TIME_EXIT,-3.283
2026-07-24,060370,LS마린솔루션,7.5,31000.0,09:03,31031.0,15:15,30469.5,TIME_EXIT,-2.035
2026-07-24,004020,현대제철,9.1,28150.0,09:03,28178.1,15:15,27597.4,TIME_EXIT,-2.286
2026-07-24,439260,대한조선,7.2,48900.0,09:03,48948.9,15:15,48976.0,TIME_EXIT,-0.175
2026-07-24,228340,동양파일,8.6,2770.0,09:04,2772.8,09:20,2631.5,STOP_LOSS,-5.313
2026-07-24,241710,코스메카코리아,9.2,83400.0,09:07,83483.4,15:15,81218.7,TIME_EXIT,-2.936
2026-07-24,033100,제룡전기,9.3,47100.0,09:07,47147.1,11:38,44745.0,STOP_LOSS,-5.313
2026-07-24,358570,지아이이노베이션,7.4,7550.0,09:11,7557.5,15:15,7552.4,TIME_EXIT,-0.297
2026-07-24,032500,케이엠더블유,14.8,16880.0,09:11,16896.9,10:15,16036.0,STOP_LOSS,-5.313
2026-07-24,0009K0,에임드바이오,12.7,21800.0,09:11,21821.8,15:15,20929.0,TIME_EXIT,-4.312
2026-07-24,005950,이수화학,10.8,14850.0,09:14,14864.8,12:12,14107.5,STOP_LOSS,-5.313
2026-07-24,044490,태웅,12.1,28700.0,09:16,28728.7,09:37,27222.8,STOP_LOSS,-5.46
2026-07-24,001430,세아베스틸지주,12.9,36650.0,09:18,36686.6,13:03,34817.5,STOP_LOSS,-5.313
2026-07-24,456160,지투지바이오,7.6,30300.0,09:19,30330.3,10:14,32453.4,TAKE_PROFIT,6.754
2026-07-24,347850,디앤디파마텍,8.5,64000.0,09:26,64064.0,11:44,60799.9,STOP_LOSS,-5.313
2026-07-24,298380,에이비엘바이오,7.1,74300.0,09:49,74374.3,15:15,72527.4,TIME_EXIT,-2.708
2026-07-24,010140,삼성중공업,9.5,23650.0,09:59,23673.6,15:15,22927.0,TIME_EXIT,-3.376
2026-07-24,246690,TS인베스트먼트,7.4,1536.0,10:02,1537.5,15:15,1534.5,TIME_EXIT,-0.429
2026-07-24,475830,오름테라퓨틱,12.4,47700.0,10:05,47747.7,15:15,45354.6,TIME_EXIT,-5.23
2026-07-24,476830,알지노믹스,9.2,28400.0,10:37,28428.4,11:40,26980.0,STOP_LOSS,-5.313
2026-07-24,024840,KBI메탈,14.4,4850.0,10:44,4854.8,12:13,4607.5,STOP_LOSS,-5.313
2026-07-24,065350,신성델타테크,8.3,28150.0,10:45,28178.1,15:15,27522.5,TIME_EXIT,-2.552
2026-07-27,034940,조아제약,10.2,3340.0,09:01,3343.3,09:01,3151.8,STOP_LOSS,-5.944
2026-07-28,319400,현대무벡스,13.7,21850.0,09:01,21871.8,09:08,20757.5,STOP_LOSS,-5.313
2026-07-28,477850,마키나락스,10.3,26750.0,09:01,26776.7,09:21,25412.5,STOP_LOSS,-5.313
2026-07-28,251970,펌텍코리아,10.5,48600.0,09:02,48648.6,15:15,46953.0,TIME_EXIT,-3.707
2026-07-28,181710,NHN,10.2,40100.0,09:02,40140.1,09:15,38095.0,STOP_LOSS,-5.313
2026-07-28,241710,코스메카코리아,7.2,86500.0,09:02,86586.5,14:36,82174.9,STOP_LOSS,-5.313
2026-07-28,257720,실리콘투,8.9,38400.0,09:02,38438.4,10:02,36480.0,STOP_LOSS,-5.313
2026-07-28,066590,스모트로닉,8.1,2750.0,09:03,2752.7,09:12,2612.5,STOP_LOSS,-5.313
2026-07-28,263750,펄어비스,7.1,35250.0,09:04,35285.2,13:51,33487.5,STOP_LOSS,-5.313
2026-07-28,316140,우리금융지주,7.3,33100.0,09:04,33133.1,14:14,31445.0,STOP_LOSS,-5.313
2026-07-30,319400,현대무벡스,12.5,23450.0,09:01,23473.4,09:03,22277.5,STOP_LOSS,-5.313
2026-07-31,333430,일승,11.9,3680.0,09:01,3683.7,10:29,3941.5,TAKE_PROFIT,6.754
2026-07-31,228340,동양파일,14.7,2655.0,09:22,2657.7,10:47,2522.2,STOP_LOSS,-5.313
2026-07-31,465770,STX그린로지스,12.0,2885.0,09:27,2887.9,15:15,3071.9,TIME_EXIT,6.128
2026-07-31,002140,고려산업,11.5,2085.0,09:34,2087.1,15:15,2132.9,TIME_EXIT,1.958
2026-08-03,295310,에이치브이엠,14.2,35000.0,09:01,35035.0,09:56,37487.4,TAKE_PROFIT,6.754
2026-08-03,204320,HL만도,12.5,44700.0,09:01,44744.7,09:03,47876.8,TAKE_PROFIT,6.754
2026-08-03,375500,DL이앤씨,8.1,58500.0,09:01,58558.5,10:05,62657.6,TAKE_PROFIT,6.754
2026-08-03,048410,현대바이오,12.0,5900.0,09:02,5905.9,10:27,6319.3,TAKE_PROFIT,6.754
2026-08-03,003380,하림지주,7.9,9600.0,09:02,9609.6,10:02,10282.3,TAKE_PROFIT,6.754
2026-08-03,060250,NHN KCP,7.9,12170.0,09:02,12182.2,15:15,12507.5,TIME_EXIT,2.434
2026-08-03,347850,디앤디파마텍,10.3,50400.0,09:02,50450.4,09:52,53981.9,TAKE_PROFIT,6.754
2026-08-03,054540,삼영엠텍,14.4,6050.0,09:02,6056.0,09:16,5747.5,STOP_LOSS,-5.313
2026-08-03,181710,NHN,9.8,37100.0,09:02,37137.1,15:15,37312.7,TIME_EXIT,0.242
2026-08-03,066980,한성크린텍,9.2,1255.0,09:02,1256.3,09:57,1345.0,TAKE_PROFIT,6.818
2026-08-03,038500,삼표시멘트,11.1,7010.0,09:02,7017.0,15:15,7023.0,TIME_EXIT,-0.145
2026-08-03,046940,우원개발,7.7,2790.0,09:02,2792.8,15:15,2742.3,TIME_EXIT,-2.035
2026-08-03,317400,자이에스앤디,14.9,6400.0,09:02,6406.4,09:03,6854.8,TAKE_PROFIT,6.754
2026-08-03,203650,드림시큐리티,11.2,1728.0,09:02,1729.7,15:15,1772.2,TIME_EXIT,2.221
2026-08-03,069540,빛과전자,11.9,1878.0,09:02,1879.9,09:42,2011.5,TAKE_PROFIT,6.754
2026-08-03,219130,타이거일렉,9.2,60600.0,09:02,60660.6,15:15,61738.2,TIME_EXIT,1.542
2026-08-03,005880,대한해운,7.3,1860.0,09:02,1861.9,15:15,1795.2,TIME_EXIT,-3.802
2026-08-03,011210,현대위아,7.6,58200.0,09:02,58258.2,15:15,58941.0,TIME_EXIT,0.939
2026-08-03,001440,대한전선,11.5,23200.0,09:02,23223.2,15:15,23676.3,TIME_EXIT,1.717
2026-08-03,047040,대우건설,14.1,12780.0,09:02,12792.8,09:03,13688.3,TAKE_PROFIT,6.754
2026-08-03,234340,헥토파이낸셜,8.7,16420.0,09:03,16436.4,15:15,16973.0,TIME_EXIT,3.027
2026-08-03,014910,성문전자,11.6,1563.0,09:03,1564.6,09:40,1674.1,TAKE_PROFIT,6.754
2026-08-03,050890,쏠리드,14.3,8470.0,09:03,8478.5,09:54,9072.0,TAKE_PROFIT,6.754
2026-08-03,010690,화신,7.3,7210.0,09:03,7217.2,15:15,7382.6,TIME_EXIT,2.057
2026-08-03,456040,OCI,10.8,68900.0,09:04,68968.9,15:15,69630.3,TIME_EXIT,0.727
2026-08-03,011230,삼화전자,7.2,2665.0,09:04,2667.7,15:15,2652.3,TIME_EXIT,-0.803
2026-08-03,005950,이수화학,8.4,12400.0,09:04,12412.4,15:15,12157.8,TIME_EXIT,-2.276
2026-08-03,397030,에이프릴바이오,13.6,22150.0,09:05,22172.1,09:55,23724.2,TAKE_PROFIT,6.754
2026-08-03,214370,케어젠,12.8,55600.0,09:06,55655.6,10:39,59551.5,TAKE_PROFIT,6.754
2026-08-03,217590,티엠씨,13.5,10480.0,09:06,10490.5,15:15,10519.5,TIME_EXIT,0.046
2026-08-03,263800,데이타솔루션,9.2,4670.0,09:06,4674.7,15:15,4735.3,TIME_EXIT,1.063
2026-08-03,445680,큐리옥스바이오시스템즈,7.9,37550.0,09:06,37587.5,10:36,40218.7,TAKE_PROFIT,6.754
2026-08-03,298380,에이비엘바이오,9.9,66800.0,09:06,66866.8,10:33,71547.5,TAKE_PROFIT,6.754
2026-08-03,348210,넥스틴,14.0,28850.0,09:16,28878.8,11:05,30950.0,TAKE_PROFIT,6.925
2026-08-03,333430,일승,8.8,4005.0,09:16,4009.0,15:15,3936.1,TIME_EXIT,-2.045
2026-08-03,358570,지아이이노베이션,8.7,7410.0,09:18,7417.4,11:05,7936.6,TAKE_PROFIT,6.754
2026-08-03,078600,대주전자재료,13.6,70900.0,09:22,70970.9,11:14,75938.9,TAKE_PROFIT,6.754
2026-08-03,006110,삼아알미늄,9.1,30450.0,09:27,30480.4,09:47,32614.1,TAKE_PROFIT,6.754
2026-08-03,020150,롯데에너지머티리얼즈,12.3,27350.0,09:33,27377.3,15:15,27422.5,TIME_EXIT,-0.065
2026-08-03,025320,시노펙스,10.7,3465.0,09:36,3468.5,15:15,3521.5,TIME_EXIT,1.295
2026-08-03,033100,제룡전기,13.2,41300.0,09:36,41341.3,15:15,41408.6,TIME_EXIT,-0.068
2026-08-03,458870,씨어스,9.4,23750.0,09:37,23773.7,15:15,24075.9,TIME_EXIT,1.038
2026-08-03,0009K0,에임드바이오,13.4,20300.0,09:38,20320.3,10:36,21742.7,TAKE_PROFIT,6.754
2026-08-03,0017J0,세미티에스,14.7,2695.0,09:38,2697.7,10:28,2886.5,TAKE_PROFIT,6.754
2026-08-03,417200,LS머트리얼즈,14.7,10350.0,09:41,10360.3,15:15,10569.4,TIME_EXIT,1.783
2026-08-03,475430,키스트론,8.1,3805.0,09:41,3808.8,15:16,3836.2,TIME_EXIT,0.487
2026-08-03,005090,SGC에너지,12.7,40750.0,09:42,40790.7,09:57,43646.1,TAKE_PROFIT,6.754
2026-08-03,281740,레이크머티리얼즈,12.3,10840.0,09:45,10850.8,15:15,11058.9,TIME_EXIT,1.683
2026-08-03,214150,클래시스,9.6,41150.0,09:45,41191.1,15:15,42307.7,TIME_EXIT,2.474
2026-08-03,222080,SFA넥셀,11.8,6640.0,09:48,6646.6,15:15,6743.2,TIME_EXIT,1.22
2026-08-03,052690,한전기술,11.4,89000.0,09:49,89089.0,15:15,89810.1,TIME_EXIT,0.578
2026-08-03,077970,STX엔진,13.8,23050.0,09:49,23073.0,15:15,22927.0,TIME_EXIT,-0.861
2026-08-03,001510,SK증권,14.2,2015.0,09:51,2017.0,15:15,2028.0,TIME_EXIT,0.312
2026-08-03,457190,이수스페셜티케미컬,10.5,52400.0,09:54,52452.4,15:15,53046.9,TIME_EXIT,0.901
2026-08-03,060370,LS마린솔루션,11.7,26350.0,09:55,26376.3,15:15,26623.3,TIME_EXIT,0.704
2026-08-03,010820,퍼스텍,13.7,5340.0,09:58,5345.3,11:00,5719.5,TAKE_PROFIT,6.754
2026-08-03,064400,LG씨엔에스,7.4,62500.0,09:59,62562.5,15:15,62237.7,TIME_EXIT,-0.748
2026-08-03,213420,덕산네오룩스,11.9,30000.0,10:00,30030.0,15:15,29570.4,TIME_EXIT,-1.757
2026-08-03,017960,한국카본,7.9,21350.0,10:04,21371.3,15:15,21178.8,TIME_EXIT,-1.129
2026-08-03,011790,SKC,12.5,72200.0,10:06,72272.2,15:15,71828.1,TIME_EXIT,-0.843
2026-08-03,034220,LG디스플레이,7.8,9210.0,10:06,9219.2,15:15,9080.9,TIME_EXIT,-1.727
2026-08-03,450080,에코프로머티,9.3,32200.0,10:11,32232.2,15:15,32067.9,TIME_EXIT,-0.739
2026-08-03,272210,한화시스템,13.4,62500.0,10:19,62562.5,15:15,62637.3,TIME_EXIT,-0.111
2026-08-03,465770,STX그린로지스,7.5,3100.0,10:20,3103.1,10:28,2945.0,STOP_LOSS,-5.313
2026-08-03,022100,포스코DX,11.7,19260.0,10:22,19279.3,15:15,19150.8,TIME_EXIT,-0.895
2026-08-03,003530,한화투자증권,12.9,4150.0,10:24,4154.1,15:15,4115.9,TIME_EXIT,-1.149
2026-08-03,066970,엘앤에프,9.4,73300.0,10:35,73373.3,15:15,71928.0,TIME_EXIT,-2.195
2026-08-03,075580,세진중공업,9.2,10120.0,11:04,10130.1,15:15,9900.1,TIME_EXIT,-2.495
2026-08-03,383310,에코프로에이치엔,14.9,23850.0,11:14,23873.8,15:15,23076.9,TIME_EXIT,-3.56
2026-08-04,475830,오름테라퓨틱,8.6,48450.0,09:01,48498.4,09:07,51893.3,TAKE_PROFIT,6.754
2026-08-04,347850,디앤디파마텍,12.5,56700.0,09:01,56756.7,09:03,60729.7,TAKE_PROFIT,6.754
2026-08-04,204270,제이앤티씨,10.3,14620.0,09:01,14634.6,15:15,15025.0,TIME_EXIT,2.431
2026-08-04,006110,삼아알미늄,14.3,34800.0,09:01,34834.8,09:06,37273.2,TAKE_PROFIT,6.754
2026-08-04,456160,지투지바이오,13.7,30650.0,09:01,30680.6,09:09,32828.3,TAKE_PROFIT,6.754
2026-08-04,491000,리브스메드,10.5,41400.0,09:01,41441.4,13:40,44342.3,TAKE_PROFIT,6.754
2026-08-04,476830,알지노믹스,9.9,26550.0,09:01,26576.5,09:07,28436.9,TAKE_PROFIT,6.754
2026-08-04,041830,인바디,8.2,50000.0,09:01,50050.0,09:40,53553.5,TAKE_PROFIT,6.754
2026-08-04,024850,HLB이노베이션,7.5,8920.0,09:01,8928.9,09:17,9553.9,TAKE_PROFIT,6.754
2026-08-04,397030,에이프릴바이오,7.9,23900.0,09:01,23923.9,09:14,25598.6,TAKE_PROFIT,6.754
2026-08-04,065350,신성델타테크,7.2,31100.0,09:01,31131.1,15:15,32117.8,TIME_EXIT,2.932
2026-08-04,319400,현대무벡스,8.7,23150.0,09:03,23173.1,15:15,23626.3,TIME_EXIT,1.721
2026-08-04,199430,케이엔알시스템,13.1,14810.0,09:12,14824.8,15:15,15114.9,TIME_EXIT,1.722
2026-08-05,358570,지아이이노베이션,12.9,8550.0,09:01,8558.5,10:25,8122.5,STOP_LOSS,-5.313
2026-08-05,042520,한스바이오메드,8.2,20250.0,09:01,20270.2,15:15,19980.0,TIME_EXIT,-1.659
2026-08-05,298380,에이비엘바이오,13.2,80400.0,09:01,80480.4,15:15,80719.2,TIME_EXIT,0.066
2026-08-05,000210,DL,12.9,51900.0,09:02,51951.9,15:15,51348.6,TIME_EXIT,-1.389
2026-08-05,009420,한올바이오파마,13.2,52000.0,09:02,52052.0,15:15,53346.6,TIME_EXIT,2.251
2026-08-05,008930,한미사이언스,8.7,39200.0,09:02,39239.2,15:15,40309.7,TIME_EXIT,2.492
2026-08-05,066910,손오공,7.9,1956.0,09:05,1958.0,15:16,1990.0,TIME_EXIT,1.403
2026-08-05,078930,GS,14.5,96900.0,09:06,96996.9,15:15,95404.5,TIME_EXIT,-1.868
2026-08-05,241710,코스메카코리아,8.3,86000.0,09:12,86086.0,15:15,86813.1,TIME_EXIT,0.613
2026-08-05,004870,티웨이홀딩스,13.0,1410.0,09:16,1411.4,09:19,1339.5,STOP_LOSS,-5.313
2026-08-05,257720,실리콘투,8.3,37350.0,09:23,37387.3,15:15,37112.8,TIME_EXIT,-0.962
2026-08-06,007340,DN오토모티브,8.3,46400.0,09:01,46446.4,15:15,47702.2,TIME_EXIT,2.468
2026-08-06,006910,보성파워텍,7.0,6850.0,09:01,6856.8,15:15,6713.3,TIME_EXIT,-2.319
2026-08-06,499790,GS피앤엘,10.6,44500.0,09:01,44544.5,15:15,43656.3,TIME_EXIT,-2.219
2026-08-06,006340,대원전선,12.0,15450.0,09:01,15465.4,10:24,14677.5,STOP_LOSS,-5.313
2026-08-06,006360,GS건설,8.3,31150.0,09:01,31181.1,09:15,33363.8,TAKE_PROFIT,6.754
2026-08-06,009830,한화솔루션,12.5,30150.0,09:01,30180.1,15:15,30219.8,TIME_EXIT,-0.099
2026-08-06,064400,LG씨엔에스,7.6,73300.0,09:01,73373.3,15:15,72127.8,TIME_EXIT,-1.924
2026-08-06,330860,네패스아크,10.1,27300.0,09:02,27327.3,09:40,25935.0,STOP_LOSS,-5.313
2026-08-06,217590,티엠씨,10.8,13750.0,09:02,13763.7,09:32,13062.5,STOP_LOSS,-5.313
2026-08-06,064290,인텍플러스,9.0,29600.0,09:02,29629.6,09:13,28120.0,STOP_LOSS,-5.313
2026-08-06,255440,야스,12.0,6740.0,09:02,6746.7,11:51,7219.0,TAKE_PROFIT,6.754
2026-08-06,219130,타이거일렉,14.0,73100.0,09:02,73173.1,13:40,78295.2,TAKE_PROFIT,6.754
2026-08-06,229640,LS에코에너지,7.7,47600.0,09:02,47647.6,10:11,45220.0,STOP_LOSS,-5.313
2026-08-06,489790,한화비전,9.6,49000.0,09:02,49049.0,10:05,46550.0,STOP_LOSS,-5.313
2026-08-06,417840,저스템,8.0,10130.0,09:04,10140.1,14:16,10849.9,TAKE_PROFIT,6.754
2026-08-06,001430,세아베스틸지주,7.8,40800.0,09:04,40840.8,15:15,39910.1,TIME_EXIT,-2.504
2026-08-06,071970,HD현대마린엔진,12.5,59200.0,09:06,59259.2,09:35,56239.9,STOP_LOSS,-5.313
2026-08-06,001440,대한전선,11.6,28450.0,09:06,28478.4,09:35,27027.5,STOP_LOSS,-5.313
2026-08-06,033160,엠케이전자,11.0,17040.0,09:08,17057.0,15:15,17642.3,TIME_EXIT,3.194
2026-08-06,200470,에이팩트,7.0,5500.0,09:09,5505.5,10:02,5225.0,STOP_LOSS,-5.313
2026-08-06,203650,드림시큐리티,7.4,2030.0,09:10,2032.0,15:15,1992.0,TIME_EXIT,-2.195
2026-08-06,031330,에스에이엠티,12.8,10070.0,11:24,10080.1,15:15,10020.0,TIME_EXIT,-0.825
2026-08-07,189300,인텔리안테크,7.5,75500.0,09:01,75575.5,09:49,71724.9,STOP_LOSS,-5.313
2026-08-07,073240,금호타이어,7.6,7940.0,09:02,7947.9,09:21,8504.3,TAKE_PROFIT,6.754
2026-08-07,477850,마키나락스,7.0,31900.0,09:02,31931.9,09:13,30305.0,STOP_LOSS,-5.313
2026-08-07,008930,한미사이언스,8.6,43800.0,09:03,43843.8,15:15,44355.6,TIME_EXIT,0.935
2026-08-07,241710,코스메카코리아,10.7,95900.0,09:13,95995.9,15:15,95204.7,TIME_EXIT,-1.052
2026-08-07,052460,아이크래프트,9.3,6240.0,09:22,6246.2,15:15,6273.7,TIME_EXIT,0.209
2026-08-10,007070,GS리테일,7.2,28350.0,09:01,28378.3,10:31,26932.5,STOP_LOSS,-5.313
2026-08-10,005090,SGC에너지,9.2,54000.0,09:01,54054.0,09:29,57837.8,TAKE_PROFIT,6.754
2026-08-10,039980,폴라리스AI,9.5,6470.0,09:01,6476.5,15:15,6373.6,TIME_EXIT,-1.814
2026-08-10,066970,엘앤에프,13.0,90200.0,09:01,90290.2,10:51,96610.5,TAKE_PROFIT,6.754
2026-08-10,009830,한화솔루션,11.5,33900.0,09:01,33933.9,15:15,35164.8,TIME_EXIT,3.389
2026-08-10,006110,삼아알미늄,10.3,47200.0,09:02,47247.2,09:34,50554.5,TAKE_PROFIT,6.754
2026-08-10,189330,씨이랩,11.4,11700.0,09:28,11711.7,09:37,12531.5,TAKE_PROFIT,6.754
2026-08-11,358570,지아이이노베이션,8.1,9240.0,09:01,9249.2,15:15,9260.7,TIME_EXIT,-0.106
2026-08-11,048410,현대바이오,11.0,7540.0,09:01,7547.5,12:48,8080.0,TAKE_PROFIT,6.809
2026-08-11,347700,스피어,8.9,25100.0,09:01,25125.1,09:14,26883.9,TAKE_PROFIT,6.754
2026-08-11,347850,디앤디파마텍,14.3,65700.0,09:01,65765.7,10:25,62414.9,STOP_LOSS,-5.313
2026-08-11,348210,넥스틴,10.5,34300.0,09:01,34334.3,15:15,35314.7,TIME_EXIT,2.619
2026-08-11,039200,오스코텍,8.7,38000.0,09:01,38038.0,15:15,37512.4,TIME_EXIT,-1.608
2026-08-11,336260,두산퓨얼셀,9.2,33350.0,09:01,33383.3,09:24,35720.2,TAKE_PROFIT,6.754
2026-08-11,475040,스트라드비젼,11.2,3415.0,09:02,3418.4,11:38,3657.7,TAKE_PROFIT,6.754
2026-08-11,067310,하나마이크론,12.8,33850.0,09:09,33883.8,09:52,36255.7,TAKE_PROFIT,6.754
2026-08-11,045100,한양이엔지,12.0,33600.0,09:09,33633.6,15:15,33516.4,TIME_EXIT,-0.577
2026-08-11,006360,GS건설,10.3,34900.0,09:10,34934.9,15:15,34915.1,TIME_EXIT,-0.287
2026-08-11,475830,오름테라퓨틱,12.9,69900.0,09:11,69969.9,09:44,74867.8,TAKE_PROFIT,6.754
2026-08-11,082920,비츠로셀,8.1,33500.0,09:11,33533.5,09:44,35880.8,TAKE_PROFIT,6.754
2026-08-11,295310,에이치브이엠,9.4,54900.0,09:11,54954.9,15:15,54245.7,TIME_EXIT,-1.518
2026-08-11,281820,케이씨텍,12.0,66400.0,09:11,66466.4,15:15,69730.2,TIME_EXIT,4.669
2026-08-11,330860,네패스아크,9.7,26700.0,09:12,26726.7,09:36,28597.6,TAKE_PROFIT,6.754
2026-08-11,456160,지투지바이오,13.8,42350.0,09:12,42392.3,15:15,41608.3,TIME_EXIT,-2.075
2026-08-11,383310,에코프로에이치엔,10.4,25900.0,09:12,25925.9,15:15,25224.8,TIME_EXIT,-2.928
2026-08-11,240810,원익IPS,11.4,98400.0,09:13,98498.4,09:45,105393.3,TAKE_PROFIT,6.754
2026-08-11,232140,와이씨,11.1,10220.0,09:13,10230.2,15:15,10479.5,TIME_EXIT,2.201
2026-08-11,011930,신성이엔지,8.6,16440.0,09:13,16456.4,15:15,16793.2,TIME_EXIT,1.812
2026-08-11,074600,원익QnC,8.1,29950.0,09:13,29979.9,15:15,30169.8,TIME_EXIT,0.402
2026-08-11,388210,씨엠티엑스,8.7,80100.0,09:13,80180.1,15:15,82117.8,TIME_EXIT,2.181
2026-08-11,033100,제룡전기,7.0,48150.0,09:13,48198.1,15:15,48401.6,TIME_EXIT,0.191
2026-08-11,403870,HPSP,7.4,36950.0,09:15,36986.9,15:15,38361.6,TIME_EXIT,3.478
2026-08-11,200470,에이팩트,8.6,5430.0,09:22,5435.4,15:15,5464.5,TIME_EXIT,0.304
2026-08-11,440110,파두,7.5,61400.0,09:28,61461.4,15:15,61738.2,TIME_EXIT,0.219
2026-08-11,064260,다날,9.0,4950.0,09:33,4954.9,15:15,4910.1,TIME_EXIT,-1.133
2026-08-11,054540,삼영엠텍,8.0,7040.0,09:34,7047.0,15:16,7013.0,TIME_EXIT,-0.712
2026-08-11,178320,서진시스템,9.8,37450.0,09:34,37487.4,15:15,38411.6,TIME_EXIT,2.229
2026-08-11,213420,덕산네오룩스,8.4,36300.0,09:34,36336.3,15:15,36363.6,TIME_EXIT,-0.155
2026-08-11,456010,아이씨티케이,13.7,17230.0,09:35,17247.2,15:15,17532.5,TIME_EXIT,1.42
2026-08-11,005070,코스모신소재,7.4,39250.0,09:35,39289.2,15:15,39310.7,TIME_EXIT,-0.176
2026-08-11,028300,HLB,9.1,40700.0,09:36,40740.7,15:15,41908.1,TIME_EXIT,2.629
2026-08-11,397030,에이프릴바이오,11.1,30650.0,09:38,30680.6,15:15,30069.9,TIME_EXIT,-2.216
2026-08-11,006110,삼아알미늄,13.1,53400.0,09:40,53453.4,15:15,51448.5,TIME_EXIT,-3.972
2026-08-11,000990,DB하이텍,9.3,91900.0,09:40,91991.9,15:15,93006.9,TIME_EXIT,0.871
2026-08-11,476830,알지노믹스,13.9,36900.0,09:41,36936.9,10:51,35055.0,STOP_LOSS,-5.313
2026-08-11,252990,샘씨엔에스,9.3,15650.0,09:42,15665.6,11:56,14867.5,STOP_LOSS,-5.313
2026-08-11,281740,레이크머티리얼즈,8.9,13750.0,09:42,13763.7,15:15,13256.7,TIME_EXIT,-3.905
2026-08-11,189300,인텔리안테크,11.3,78600.0,09:43,78778.7,15:15,78121.8,TIME_EXIT,-1.062
2026-08-11,020150,롯데에너지머티리얼즈,7.5,32900.0,09:44,32932.9,15:15,32567.4,TIME_EXIT,-1.337
2026-08-11,078600,대주전자재료,11.7,98500.0,09:45,98598.5,10:54,93574.9,STOP_LOSS,-5.313
2026-08-11,376900,로킷헬스케어,12.5,35000.0,09:49,35035.0,10:26,33250.0,STOP_LOSS,-5.313
2026-08-11,006910,보성파워텍,8.3,7170.0,09:52,7177.2,15:15,7023.0,TIME_EXIT,-2.374
2026-08-11,450080,에코프로머티,8.9,39150.0,09:52,39189.1,15:15,37662.3,TIME_EXIT,-4.117
2026-08-11,031330,에스에이엠티,10.9,11110.0,09:57,11121.1,15:15,10979.0,TIME_EXIT,-1.505
2026-08-11,304100,솔트룩스,8.4,18380.0,12:49,18398.4,15:15,17862.1,TIME_EXIT,-3.138
2026-08-11,356680,엑스게이트,8.2,12000.0,13:33,12012.0,15:15,11968.0,TIME_EXIT,-0.595
2026-08-12,058730,다스코,10.3,3650.0,09:03,3653.6,09:11,3909.4,TAKE_PROFIT,6.754
2026-08-12,059120,아진엑스텍,8.3,7450.0,09:03,7457.4,11:35,7979.5,TAKE_PROFIT,6.754
2026-08-12,001450,현대해상,7.4,44050.0,09:55,44094.0,14:16,41847.5,STOP_LOSS,-5.313
2026-08-12,323280,태성,8.1,49350.0,10:03,49399.3,15:15,49750.2,TIME_EXIT,0.479
2026-08-12,036540,SFA반도체,11.6,6180.0,10:36,6186.2,15:15,6173.8,TIME_EXIT,-0.429
2026-08-12,064290,인텍플러스,10.2,33500.0,11:56,33533.5,15:15,32018.0,TIME_EXIT,-4.739
2026-08-12,199430,케이엔알시스템,11.4,16670.0,14:57,16686.7,15:15,16693.3,TIME_EXIT,-0.19
2026-08-14,009420,한올바이오파마,8.4,60400.0,09:01,60460.4,15:15,59540.4,TIME_EXIT,-1.748
2026-08-14,189330,씨이랩,14.4,17610.0,09:02,17627.6,15:15,17732.2,TIME_EXIT,0.362
2026-08-14,000490,대동,9.4,8480.0,09:02,8488.5,15:15,8281.7,TIME_EXIT,-2.66
2026-08-14,317400,자이에스앤디,8.2,9490.0,09:03,9499.5,13:23,10164.5,TAKE_PROFIT,6.754
2026-08-14,181710,NHN,8.8,66700.0,10:01,71471.4,15:01,75124.8,TIME_EXIT,4.87
2026-08-18,032350,롯데관광개발,7.4,13760.0,09:01,13773.8,09:43,13072.0,STOP_LOSS,-5.313
2026-08-18,348340,뉴로메카,10.3,23600.0,09:13,23623.6,09:22,22420.0,STOP_LOSS,-5.313
2026-08-18,181710,NHN,12.0,74700.0,09:31,78278.2,10:31,73926.0,STOP_LOSS,-5.777
2026-08-19,0015N0,아로마티카,13.6,9710.0,09:03,9719.7,09:08,10400.1,TAKE_PROFIT,6.754
2026-08-19,001450,현대해상,9.6,49700.0,09:07,49749.7,15:15,49800.2,TIME_EXIT,-0.129
2026-08-19,067310,하나마이크론,7.1,39200.0,09:08,39239.2,11:06,37240.0,STOP_LOSS,-5.313
2026-08-19,003280,흥아해운,12.9,1934.0,09:09,1935.9,09:13,1837.3,STOP_LOSS,-5.313
2026-08-19,356860,티엘비,9.4,34350.0,09:16,34384.3,15:15,33566.4,TIME_EXIT,-2.603
2026-08-19,003010,혜인,14.3,11080.0,09:23,11091.1,09:30,11867.5,TAKE_PROFIT,6.754
2026-08-20,317400,자이에스앤디,7.9,10900.0,09:21,10910.9,10:31,10355.0,STOP_LOSS,-5.313
2026-08-20,0039P0,매드업,7.7,8140.0,09:28,8148.1,09:57,8718.5,TAKE_PROFIT,6.754
2026-08-20,469610,이노테크,8.0,17500.0,09:41,17517.5,15:15,16783.2,TIME_EXIT,-4.412
2026-08-21,228340,동양파일,11.7,3240.0,09:01,3243.2,09:52,3078.0,STOP_LOSS,-5.313
2026-08-21,016360,삼성증권,8.7,92400.0,09:01,92492.4,15:15,92007.9,TIME_EXIT,-0.753
2026-08-21,332570,PS일렉트로닉스,11.0,9550.0,09:01,9559.5,10:00,9072.5,STOP_LOSS,-5.313
2026-08-21,005180,빙그레,9.5,87200.0,09:02,87287.2,15:15,84615.3,TIME_EXIT,-3.284
2026-08-21,299660,셀리드,12.7,1885.0,09:18,1886.9,10:55,1790.7,STOP_LOSS,-5.313
2026-08-21,053260,금강철강,10.3,5770.0,10:35,5775.8,10:51,5481.5,STOP_LOSS,-5.313
2026-08-24,039980,폴라리스AI,9.2,5910.0,09:01,5915.9,13:23,6330.0,TAKE_PROFIT,6.754
2026-08-25,007340,DN오토모티브,8.1,47800.0,09:01,47847.8,15:15,48501.4,TIME_EXIT,1.133
2026-08-25,028670,팬오션,8.0,6320.0,09:01,6326.3,15:15,6348.6,TIME_EXIT,0.122
2026-08-25,356860,티엘비,8.5,33750.0,09:01,33783.7,12:14,36148.6,TAKE_PROFIT,6.754
2026-08-25,060250,NHN KCP,8.4,15370.0,09:02,15385.4,15:15,15504.5,TIME_EXIT,0.542
2026-08-25,003350,한국화장품제조,8.5,11720.0,09:05,11731.7,09:28,12552.9,TAKE_PROFIT,6.754
2026-08-25,003010,혜인,14.4,10830.0,09:10,10840.8,09:14,11599.7,TAKE_PROFIT,6.754
2026-08-25,069540,빛과전자,9.6,2805.0,10:43,2807.8,15:15,2737.3,TIME_EXIT,-2.737
2026-08-25,010170,대한광통신,8.5,13150.0,11:34,13163.1,15:15,13456.5,TIME_EXIT,1.994
2026-08-25,033790,피노,7.5,6010.0,13:39,6016.0,15:15,6103.9,TIME_EXIT,1.227
2026-08-26,064290,인텍플러스,9.5,35800.0,09:01,35835.8,09:57,34010.0,STOP_LOSS,-5.313
2026-08-26,204270,제이앤티씨,9.0,20250.0,09:02,20270.2,10:28,19237.5,STOP_LOSS,-5.313
2026-08-26,253590,네오셈,9.6,11060.0,09:03,11071.1,15:15,11009.0,TIME_EXIT,-0.789
2026-08-26,059090,미코,13.8,19680.0,09:03,19699.7,15:15,19540.4,TIME_EXIT,-1.036
2026-08-26,067310,하나마이크론,9.0,37600.0,09:20,37637.6,10:01,35720.0,STOP_LOSS,-5.313
2026-08-26,003160,디아이,9.5,24900.0,09:22,24924.9,15:15,24725.2,TIME_EXIT,-1.029
2026-08-26,234340,헥토파이낸셜,8.0,22400.0,10:40,22422.4,15:15,21928.0,TIME_EXIT,-2.43
2026-08-26,403870,HPSP,10.4,48500.0,13:32,48548.5,15:15,48651.3,TIME_EXIT,-0.019
2026-08-27,003490,대한항공,7.0,28150.0,09:01,28178.1,15:15,28071.9,TIME_EXIT,-0.606
2026-08-27,336260,두산퓨얼셀,7.4,45500.0,09:02,45545.5,15:15,45404.6,TIME_EXIT,-0.539
2026-08-27,047040,대우건설,8.4,19100.0,09:02,19119.1,09:24,20457.4,TAKE_PROFIT,6.754
2026-08-27,014620,성광벤드,13.5,29750.0,09:13,29779.7,15:15,29970.0,TIME_EXIT,0.407
2026-08-27,006360,GS건설,8.0,37800.0,09:14,37837.8,15:15,36713.2,TIME_EXIT,-3.195
2026-08-27,047770,코데즈컴바인,7.3,3475.0,09:17,3478.5,15:15,3451.5,TIME_EXIT,-1.002
2026-08-27,456160,지투지바이오,11.3,41750.0,09:22,41791.7,15:15,41258.7,TIME_EXIT,-1.503
2026-08-28,033640,네패스,7.3,24100.0,09:01,24124.1,15:15,23226.8,TIME_EXIT,-3.941
2026-08-28,078600,대주전자재료,7.4,92500.0,09:02,92592.5,15:15,91708.2,TIME_EXIT,-1.183
2026-08-28,178320,서진시스템,11.2,41350.0,09:03,41391.3,10:32,39282.5,STOP_LOSS,-5.313
2026-08-28,181710,NHN,7.4,70100.0,09:03,70170.1,15:15,69530.4,TIME_EXIT,-1.14
2026-08-28,229640,LS에코에너지,9.4,48400.0,09:03,48448.4,10:33,45980.0,STOP_LOSS,-5.313
2026-08-28,010170,대한광통신,10.1,14860.0,09:04,14874.9,09:17,14117.0,STOP_LOSS,-5.313
2026-08-31,257720,실리콘투,8.4,53300.0,09:01,53353.3,15:15,54245.7,TIME_EXIT,1.439
2026-08-31,265740,엔에프씨,8.3,8090.0,09:02,8098.1,10:01,7685.5,STOP_LOSS,-5.313
2026-08-31,046970,우리로,11.7,5110.0,09:02,5115.1,15:15,4985.0,TIME_EXIT,-2.768
2026-08-31,0015N0,아로마티카,14.1,10110.0,09:14,10120.1,09:16,10828.5,TAKE_PROFIT,6.754
2026-08-31,006650,대한유화,7.0,95800.0,09:19,95895.8,15:15,95604.3,TIME_EXIT,-0.533
2026-08-31,032580,피델릭스,7.8,4700.0,09:21,4704.7,15:15,4820.2,TIME_EXIT,2.219
2026-08-31,052460,아이크래프트,7.3,6450.0,10:33,6456.4,14:57,6908.4,TAKE_PROFIT,6.754
2026-09-01,387690,레메디,14.2,14560.0,09:01,14574.6,15:15,14455.5,TIME_EXIT,-1.045
2026-09-01,465770,STX그린로지스,9.3,3240.0,09:08,3243.2,12:09,3078.0,STOP_LOSS,-5.313
2026-09-01,020150,롯데에너지머티리얼즈,7.1,37800.0,09:23,37837.8,09:39,40486.4,TAKE_PROFIT,6.754
2026-09-01,417010,나노팀,7.7,6990.0,09:48,6997.0,10:07,7486.8,TAKE_PROFIT,6.754
2026-09-01,036810,에프에스티,9.1,26900.0,13:51,26926.9,15:15,28121.8,TIME_EXIT,4.198
2026-09-02,003160,디아이,10.1,26650.0,09:01,26676.6,09:23,28544.0,TAKE_PROFIT,6.754
2026-09-02,462860,더즌,10.7,3260.0,09:02,3263.3,15:15,3256.7,TIME_EXIT,-0.429
2026-09-02,396300,HT로보틱스,13.8,5200.0,09:02,5205.2,09:15,5569.6,TAKE_PROFIT,6.754
2026-09-02,413630,씨피시스템,8.4,4380.0,09:06,4384.4,13:10,4161.0,STOP_LOSS,-5.313
2026-09-03,003160,디아이,14.8,30600.0,09:03,30630.6,15:15,30319.7,TIME_EXIT,-1.243
2026-09-03,044490,태웅,11.7,37250.0,09:12,37287.2,14:58,35387.5,STOP_LOSS,-5.313
2026-09-03,058730,다스코,10.5,3940.0,09:34,3943.9,13:13,3743.0,STOP_LOSS,-5.313
2026-09-03,024060,흥구석유,13.3,11570.0,14:20,11581.6,14:40,10991.5,STOP_LOSS,-5.313
2026-09-04,028670,팬오션,7.8,5940.0,09:01,5945.9,15:15,5964.0,TIME_EXIT,0.074
2026-09-04,004770,써니전자,11.8,2085.0,09:01,2087.1,09:26,2233.2,TAKE_PROFIT,6.754
2026-09-04,000210,DL,7.4,55000.0,09:14,55055.0,15:15,53546.4,TIME_EXIT,-2.964
2026-09-07,950220,네오이뮨텍,7.7,2575.0,09:02,2577.6,15:15,2537.5,TIME_EXIT,-1.783
2026-09-07,181710,NHN,8.5,71500.0,09:05,71571.5,15:15,70529.4,TIME_EXIT,-1.683
2026-09-07,234340,헥토파이낸셜,13.5,25250.0,09:07,25275.2,15:15,25374.6,TIME_EXIT,0.162
2026-09-08,0039P0,매드업,14.2,9340.0,09:01,9349.3,15:15,9050.9,TIME_EXIT,-3.414
2026-09-08,131970,두산테스나,11.3,82700.0,09:01,82782.7,15:15,81318.6,TIME_EXIT,-1.995
2026-09-08,187660,페니트리움바이오,10.6,6470.0,09:02,6476.5,09:09,6146.5,STOP_LOSS,-5.313
2026-09-08,358570,지아이이노베이션,8.4,8770.0,09:12,8778.8,15:15,8461.5,TIME_EXIT,-3.835
2026-09-08,036540,SFA반도체,7.1,6010.0,10:45,6016.0,15:15,6083.9,TIME_EXIT,0.896
2026-09-09,302430,이노메트리,13.1,7770.0,09:02,7777.8,11:03,8322.2,TAKE_PROFIT,6.754
2026-09-09,490470,세미파이브,10.8,15930.0,09:03,15945.9,15:15,15824.2,TIME_EXIT,-0.992
2026-09-10,302430,이노메트리,13.4,8810.0,09:01,8818.8,15:15,8521.5,TIME_EXIT,-3.594
2026-09-10,036540,SFA반도체,9.8,6630.0,09:01,6636.6,10:43,7101.2,TAKE_PROFIT,6.754
2026-09-10,361610,SK아이이테크놀로지,9.4,17770.0,09:01,17787.8,09:23,19032.9,TAKE_PROFIT,6.754
2026-09-10,452190,한빛레이저,11.1,5000.0,09:01,5005.0,12:39,5355.3,TAKE_PROFIT,6.754
2026-09-10,432470,케이엔에스,9.1,10050.0,09:03,10060.0,15:15,9950.0,TIME_EXIT,-1.321
2026-09-10,020150,롯데에너지머티리얼즈,14.1,41650.0,09:04,41691.6,15:15,41308.7,TIME_EXIT,-1.147
2026-09-10,077360,덕산하이메탈,7.1,10520.0,09:05,10530.5,15:15,10359.6,TIME_EXIT,-1.849
2026-09-10,064290,인텍플러스,9.0,44950.0,09:05,44994.9,09:17,48144.6,TAKE_PROFIT,6.754
2026-09-10,005090,SGC에너지,7.2,57700.0,09:17,57757.7,15:15,58441.5,TIME_EXIT,0.951
2026-09-10,393890,더블유씨피,8.0,10040.0,09:22,10050.0,10:11,9538.0,STOP_LOSS,-5.313
2026-09-10,052710,아모텍,9.7,11650.0,09:27,11661.6,15:15,11638.4,TIME_EXIT,-0.429
2026-09-10,219130,타이거일렉,8.0,67300.0,11:49,67467.4,15:15,69230.7,TIME_EXIT,2.378
2026-09-10,082740,한화엔진,7.7,49150.0,12:49,49199.1,15:15,48701.2,TIME_EXIT,-1.24
2026-09-10,348370,엔켐,7.6,22650.0,14:17,22672.6,15:15,22777.2,TIME_EXIT,0.23
2026-09-11,475040,스트라드비젼,14.6,3810.0,09:01,3813.8,15:15,3786.2,TIME_EXIT,-0.952
2026-09-11,064290,인텍플러스,8.8,48900.0,09:02,48948.9,15:15,48851.1,TIME_EXIT,-0.429
2026-09-11,078340,컴투스,11.7,34850.0,09:03,34884.8,15:15,34965.0,TIME_EXIT,-0.001
2026-09-11,425420,티에프이,10.3,58900.0,09:09,58958.9,12:27,55954.9,STOP_LOSS,-5.313
2026-09-11,036540,SFA반도체,7.2,7110.0,09:20,7117.1,15:15,7033.0,TIME_EXIT,-1.41
2026-09-14,046970,우리로,7.3,7190.0,09:01,7197.2,10:28,6823.2,STOP_LOSS,-5.415
2026-09-14,317400,자이에스앤디,13.3,11330.0,09:06,11341.3,14:20,10763.5,STOP_LOSS,-5.313
2026-09-14,252990,샘씨엔에스,13.1,15780.0,09:10,15795.8,11:17,16901.5,TAKE_PROFIT,6.754
2026-09-15,201490,미투온,13.5,3110.0,09:07,3113.1,11:10,2954.5,STOP_LOSS,-5.313
2026-09-15,441270,파인엠텍,11.1,9210.0,09:08,9219.2,15:15,9190.8,TIME_EXIT,-0.537
2026-09-15,020120,키다리스튜디오,11.1,9000.0,09:27,9009.0,15:15,9060.9,TIME_EXIT,0.345
2026-09-15,251970,펌텍코리아,11.9,59100.0,09:48,59159.1,15:15,57842.1,TIME_EXIT,-2.451
2026-09-16,290550,디케이티,7.6,17190.0,09:02,17207.2,15:15,16883.1,TIME_EXIT,-2.109
2026-09-16,456160,지투지바이오,9.2,34500.0,09:33,34534.5,13:20,32767.2,STOP_LOSS,-5.336
2026-09-16,448900,한국피아이엠,12.2,53900.0,09:35,53953.9,10:39,51204.9,STOP_LOSS,-5.313
2026-09-16,036540,SFA반도체,14.2,8600.0,09:45,8608.6,15:15,8911.1,TIME_EXIT,3.276
2026-09-16,042510,라온시큐어,14.7,12960.0,10:12,12973.0,11:09,12312.0,STOP_LOSS,-5.313
2026-09-16,413630,씨피시스템,11.5,4500.0,10:32,4504.5,10:51,4819.8,TAKE_PROFIT,6.754
2026-09-16,336260,두산퓨얼셀,7.9,51600.0,11:39,51651.6,15:15,51148.8,TIME_EXIT,-1.201
2026-09-17,468530,프로티나,13.6,32550.0,09:01,32582.5,15:15,34115.8,TIME_EXIT,4.465
2026-09-18,027360,아주IB투자,10.1,3855.0,09:01,3858.9,15:15,3861.1,TIME_EXIT,-0.171
2026-09-21,024840,KBI메탈,10.5,6500.0,09:01,6506.5,15:15,6333.7,TIME_EXIT,-2.88
2026-09-21,078350,한양디지텍,14.3,25550.0,09:01,25575.5,09:28,27365.8,TAKE_PROFIT,6.754
2026-09-21,032580,피델릭스,10.9,5780.0,09:03,5785.8,10:29,6190.8,TAKE_PROFIT,6.754
2026-09-21,321370,센서뷰,10.5,1863.0,09:03,1864.9,09:11,1769.8,STOP_LOSS,-5.313
2026-09-21,014990,인디에프,12.2,4175.0,09:08,4179.2,15:15,4031.0,TIME_EXIT,-3.768
2026-09-21,125490,한라캐스트,7.8,12050.0,09:33,12062.0,11:36,12906.4,TAKE_PROFIT,6.754
2026-09-21,448900,한국피아이엠,8.6,56700.0,10:20,56856.8,15:15,56743.2,TIME_EXIT,-0.429
2026-09-22,010580,에스엠벡셀,13.8,2845.0,09:06,2847.8,12:51,2702.7,STOP_LOSS,-5.313
2026-09-22,078350,한양디지텍,10.4,28200.0,09:24,28228.2,15:15,28371.6,TIME_EXIT,0.277
2026-09-22,003160,디아이,12.7,35400.0,10:06,35435.4,15:15,34615.3,TIME_EXIT,-2.539
2026-09-23,354320,알멕,7.5,37450.0,09:06,37487.4,10:14,40111.6,TAKE_PROFIT,6.754
2026-09-23,950260,인제니아테라퓨틱스(Reg.S),9.1,23450.0,09:32,23473.4,15:15,24275.7,TIME_EXIT,3.18
2026-09-23,059090,미코,13.1,22600.0,09:33,22622.6,15:15,22527.5,TIME_EXIT,-0.65
2026-09-28,478340,나라스페이스테크놀로지,8.9,14190.0,09:01,14204.2,09:14,15198.5,TAKE_PROFIT,6.754
2026-09-28,281820,케이씨텍,7.7,86800.0,09:01,86886.8,15:15,84815.1,TIME_EXIT,-2.609
2026-09-28,170920,엘티씨,9.6,38700.0,09:02,38738.7,15:15,39810.2,TIME_EXIT,2.53
2026-09-28,032580,피델릭스,10.6,7020.0,09:03,7027.0,15:15,6993.0,TIME_EXIT,-0.713
2026-09-28,417840,저스템,7.6,17080.0,09:04,17097.1,15:15,17013.0,TIME_EXIT,-0.721
2026-09-28,072950,빛샘전자,9.2,14200.0,09:04,14214.2,15:15,13766.2,TIME_EXIT,-3.374
2026-09-28,488280,에스투더블유,9.3,15870.0,09:10,15885.9,15:15,15154.8,TIME_EXIT,-4.821
2026-09-28,229640,LS에코에너지,7.6,64000.0,09:14,64064.0,15:15,62387.6,TIME_EXIT,-2.841
2026-09-29,468530,프로티나,13.7,53700.0,09:01,53753.7,09:24,51014.9,STOP_LOSS,-5.313
2026-09-29,004710,한솔테크닉스,8.0,10690.0,09:01,10700.7,15:15,11328.7,TIME_EXIT,5.625
2026-09-29,078340,컴투스,7.2,37450.0,09:01,37487.4,15:15,37362.6,TIME_EXIT,-0.562
2026-09-29,456160,지투지바이오,8.4,34750.0,09:07,34784.7,15:15,34015.9,TIME_EXIT,-2.435
2026-09-29,178320,서진시스템,11.7,35900.0,09:11,35935.9,15:15,37012.9,TIME_EXIT,2.76
2026-09-29,009830,한화솔루션,14.2,33350.0,09:14,33383.3,10:19,31682.5,STOP_LOSS,-5.313
2026-09-30,183300,코미코,10.2,33600.0,09:02,33633.6,15:15,33716.2,TIME_EXIT,0.015
2026-09-30,330860,네패스아크,11.7,31550.0,09:02,31581.5,11:44,29972.5,STOP_LOSS,-5.313
2026-09-30,323280,태성,13.3,54000.0,09:03,54054.0,13:23,57837.8,TAKE_PROFIT,6.754
2026-09-30,187660,페니트리움바이오,9.5,7490.0,09:13,7497.5,15:15,7642.4,TIME_EXIT,1.698
2026-09-30,033640,네패스,8.7,29400.0,09:33,29429.4,15:15,29370.6,TIME_EXIT,-0.429
2026-09-30,452190,한빛레이저,14.8,6190.0,11:07,6196.2,15:12,5880.5,STOP_LOSS,-5.313
