연도,종목코드,매수일,포함5일_기관(억),포함5일_외국인(억),포함5일_개인(억),포함5일_주체,포함5일_쌍끌이,전일5일_기관(억),전일5일_외국인(억),전일5일_개인(억),전일5일_주체,전일5일_쌍끌이,이후5일_기관(억),이후5일_외국인(억),이후5일_개인(억),이후5일_주체,이후5일_쌍끌이
2023,058610,2023-01-03,26.8176,18.0966,-44.7588,기관,True,5.2964,7.635,-13.9234,외국인,True,20.1669,5.9742,-28.6633,기관,True
2023,293490,2023-01-03,58.0128,-46.242,-25.7902,기관,False,103.5712,-25.6536,-91.4328,기관,False,-97.9392,-143.9589,236.5215,개인,False
2023,067000,2023-01-04,-6.5293,-5.6,13.4586,개인,False,-20.569,-5.4498,26.5295,개인,False,-1.2636,2.958,-3.0906,외국인,False
2023,377030,2023-01-04,-22.0566,37.9742,-12.9318,외국인,False,-0.1079,-2.9473,3.5102,개인,False,1.7603,-24.6616,20.8944,개인,False
2023,010780,2023-01-05,-27.1442,-64.998,85.2399,개인,False,-32.93,-5.7688,38.4044,개인,False,17.3492,1.5034,-19.2993,기관,True
2023,053690,2023-01-05,-4.9438,-82.5813,89.2421,개인,False,2.3432,27.4168,-28.75,외국인,True,6.1261,-24.8563,22.05,개인,False
2023,105560,2023-01-05,-35.8431,523.63,-482.3498,외국인,False,-366.5785,251.3995,109.4273,외국인,False,653.019,491.7322,-1124.9489,기관,True
2023,151860,2023-01-05,0.5429,-16.9035,15.4998,개인,False,-0.0416,1.6535,-1.5522,외국인,False,-0.5102,3.045,-1.7589,외국인,False
2023,000660,2023-01-06,2247.4184,479.1207,-2783.9644,기관,True,1282.4773,398.0997,-1718.9315,기관,True,-869.5568,3263.5547,-2328.8556,외국인,False
2023,028050,2023-01-06,113.819,-41.7822,-73.3824,기관,False,35.6196,-80.1441,43.4215,개인,False,26.9447,76.5045,-100.6969,외국인,True
2023,052690,2023-01-06,52.5669,47.8163,-101.5931,기관,True,18.1732,50.9082,-69.0955,외국인,True,-0.2565,107.4947,-194.4353,외국인,False
2023,215100,2023-01-06,-4.3178,14.9572,-11.7433,외국인,False,-5.5746,-5.9003,11.1553,개인,False,-1.3148,-11.7728,14.5639,개인,False
2023,000990,2023-01-09,170.8218,37.1382,-208.0554,기관,True,110.2482,43.1616,-154.398,기관,True,10.4995,92.1143,-100.2593,외국인,True
2023,005930,2023-01-09,-430.1751,7228.2301,-6867.2144,외국인,False,-2278.4952,5033.9536,-2837.0264,외국인,False,984.3784,2998.2983,-4042.1583,외국인,True
2023,035720,2023-01-09,1542.3238,409.8934,-1948.3525,기관,True,858.623,252.3507,-1098.0657,기관,True,755.3211,-87.3367,-662.4431,기관,False
2023,049070,2023-01-09,-6.2382,-3.6273,8.9698,개인,False,-7.0466,-32.7273,38.9861,개인,False,6.1332,-93.3125,88.1733,개인,False
2023,066570,2023-01-09,435.5493,306.815,-735.8394,기관,True,-2.1156,221.0949,-214.3287,외국인,False,124.3393,-16.7406,-107.0511,기관,False
2023,090710,2023-01-09,-9.5642,-35.1635,53.792,개인,False,-0.0086,-1.1924,1.0721,개인,False,6.0057,59.5632,-67.4976,외국인,True
2023,101170,2023-01-09,0.0,-5.6742,5.5072,개인,False,0.0944,5.6101,-5.7179,외국인,True,0.0718,-1.1591,2.0594,개인,False
2023,121600,2023-01-09,22.4669,14.6612,-35.6687,기관,True,9.1647,2.0453,-4.5691,기관,True,-46.7185,-2.8144,52.911,개인,False
2023,239340,2023-01-09,-0.0662,-10.542,-0.471,기관,False,-0.0662,3.9539,-12.6928,외국인,False,-0.5124,34.1025,-20.9607,외국인,False
2023,348340,2023-01-09,-0.7576,7.0871,31.4352,개인,False,-3.5095,5.6017,33.2915,개인,False,9.3845,1.0367,14.8088,개인,True
2023,000720,2023-01-10,520.8613,-261.2643,-261.8237,기관,False,420.4483,-190.9874,-230.7944,기관,False,-371.2989,176.0744,201.191,개인,False
2023,006360,2023-01-10,340.8444,-96.0696,-228.9526,기관,False,263.7191,-97.5208,-155.332,기관,False,-168.8037,82.6397,83.8242,개인,False
2023,000270,2023-01-11,364.2153,307.5764,-666.7404,기관,True,265.808,311.4709,-575.4389,외국인,True,-87.9402,535.7598,-440.6855,외국인,False
2023,011700,2023-01-11,2.2728,-7.9109,9.4172,개인,False,-0.1344,-8.2586,12.3814,개인,False,-1.6618,4.171,0.0973,외국인,False
2023,020150,2023-01-11,50.3068,49.6526,-100.4152,기관,True,27.731,40.6516,-68.5606,외국인,True,90.4877,-85.9863,-7.2754,기관,False
2023,086520,2023-01-11,-5.84,-11.0507,15.7534,개인,False,-8.6964,-52.9405,59.7116,개인,False,-3.9549,-26.2612,30.5156,개인,False
2023,357880,2023-01-11,-0.998,1.5542,-0.9928,외국인,False,-0.0774,0.4171,-0.2987,외국인,False,0.0518,-3.9761,3.9639,개인,False
2023,376300,2023-01-11,-11.1471,8.1264,4.3229,외국인,False,-38.86,3.9941,32.4765,개인,False,60.3641,-38.5051,-19.5671,기관,False
2023,034020,2023-01-12,312.3883,346.9574,-673.8169,외국인,True,172.7148,228.9931,-379.7537,외국인,True,-93.5383,-153.9717,260.0778,개인,False
2023,095700,2023-01-12,-24.7246,-46.7561,70.3114,개인,False,-20.4792,-20.4095,40.8444,개인,False,-37.4301,-84.7524,122.5926,개인,False
2023,361610,2023-01-12,9.495,290.9334,-298.0333,외국인,True,10.3354,188.2033,-197.6015,외국인,True,-83.0804,35.1496,45.4645,개인,False
2023,377300,2023-01-12,437.299,-1.6346,-437.4285,기관,False,519.8678,48.7146,-552.2823,기관,True,-466.7286,160.8453,305.4333,개인,False
2023,086280,2023-01-13,68.5773,26.7055,-86.1224,기관,True,24.5734,20.7557,-43.6392,기관,True,70.2186,-11.7554,-55.8981,기관,False
2023,095660,2023-01-13,-43.4638,31.9613,13.8906,외국인,False,-109.3788,-14.4895,124.3059,개인,False,60.8321,68.8417,-146.9176,외국인,True
2023,288980,2023-01-13,0.0842,7.8392,-8.2106,외국인,True,-2.5777,2.1274,-2.0707,외국인,False,-0.0826,-10.922,9.8677,개인,False
2023,291810,2023-01-13,-0.7435,-1.8432,2.2385,개인,False,-0.4195,-1.1203,1.8034,개인,False,-0.5398,-3.7034,5.0629,개인,False
2023,388050,2023-01-13,0.8936,11.3005,-14.3876,외국인,True,0.616,-1.1027,-0.4155,기관,False,-0.6503,-10.8526,14.761,개인,False
2023,014580,2023-01-16,6.8973,-13.0409,5.4151,기관,False,0.088,-9.5515,9.6168,개인,False,-0.7635,4.9597,-4.3466,외국인,False
2023,076080,2023-01-16,0.0923,-8.5624,8.4518,개인,False,0.4106,-5.2619,4.6148,개인,False,-1.4365,-1.1079,2.8641,개인,False
2023,236810,2023-01-16,0.1197,-2.4661,3.3897,개인,False,-0.1431,-5.9384,5.9784,개인,False,0.3357,-8.9202,7.4967,개인,False
2023,316140,2023-01-16,213.15,175.9414,-368.7393,기관,True,54.112,141.6311,-187.1761,외국인,True,-25.3487,-158.9938,145.6156,개인,False
2023,317530,2023-01-16,-0.5528,1.4554,-0.8543,외국인,False,-1.132,2.575,-1.1588,외국인,False,0.0227,-0.8196,4.2403,개인,False
2023,323410,2023-01-16,311.4536,244.0494,-560.1959,기관,True,224.3695,179.4654,-407.3156,기관,True,-295.8689,32.2708,255.6509,개인,False
2023,403870,2023-01-16,-7.577,2.8323,5.1137,개인,False,3.7794,7.2383,-10.1205,외국인,True,-15.7469,15.2351,6.5891,외국인,False
2023,011810,2023-01-17,1.9151,18.555,-19.655,외국인,True,-0.1477,-6.1583,6.2375,개인,False,-1.6104,-19.8416,20.91,개인,False
2023,052020,2023-01-17,24.6799,-26.3013,-4.636,기관,False,7.0324,-41.607,25.0922,개인,False,9.9797,-46.6293,33.6113,개인,False
2023,073570,2023-01-17,11.8695,227.3264,-214.7278,외국인,True,6.8135,49.8143,-30.0602,외국인,True,-12.6631,-28.3663,71.2001,개인,False
2023,112040,2023-01-17,39.127,31.365,-83.2643,기관,True,4.5097,65.782,-78.0825,외국인,True,-33.5159,-55.0831,86.7709,개인,False
2023,289220,2023-01-18,4.5996,-6.6765,-2.7538,기관,False,7.3889,2.3509,-11.9646,기관,True,-34.284,6.4817,21.8689,개인,False
2023,118990,2023-01-19,12.1883,7.7223,-17.5313,기관,True,2.9759,14.5477,-17.7369,외국인,True,4.6103,-9.2908,3.9615,기관,False
2023,195940,2023-01-19,60.7173,48.2089,-85.0179,기관,True,-5.5217,-1.7042,7.5482,개인,False,31.5547,-80.5967,130.2738,개인,False
2023,041510,2023-01-20,-22.243,240.4468,-216.1091,외국인,False,-109.0123,18.2136,77.1861,개인,False,-116.928,1.378,95.59,개인,False
2023,049080,2023-01-20,28.7656,-67.0624,48.0916,개인,False,7.5646,41.1295,-47.1584,외국인,True,-659.3674,50.3815,613.4471,개인,False
2023,005290,2023-01-25,7.6594,-1.1283,-13.2015,기관,False,-37.74,-21.593,58.2889,개인,False,134.4309,9.6997,-156.2815,기관,True
2023,006220,2023-01-25,26.9546,33.1968,-38.5646,외국인,True,14.1612,-3.3844,-4.6382,기관,False,-4.1703,-96.6016,97.2578,개인,False
2023,011200,2023-01-25,69.7565,188.1589,-249.7871,외국인,True,-4.291,117.8885,-108.0828,외국인,False,126.5871,-246.7864,103.9496,기관,False
2023,225570,2023-01-25,70.7892,-4.1123,-64.8802,기관,False,-10.1146,19.4871,-8.6961,외국인,False,3.6044,-20.5003,13.8384,개인,False
2023,010060,2023-01-26,-32.3624,128.7291,-96.6923,외국인,False,13.972,94.4583,-110.1224,외국인,True,-25.6777,188.4699,-157.5269,외국인,False
2023,033780,2023-01-26,-102.4323,237.1348,-105.01,외국인,False,-90.6996,167.131,-67.1125,외국인,False,-157.5125,121.4142,40.5882,외국인,False
2023,064350,2023-01-26,-15.9581,-56.6481,54.9184,개인,False,-177.0111,-121.8809,301.2983,개인,False,-576.9175,179.06,419.8838,개인,False
2023,067160,2023-01-26,-22.7309,31.7905,-13.1956,외국인,False,-50.1799,28.3922,20.6461,외국인,False,195.8424,-54.3129,-151.8539,기관,False
2023,107600,2023-01-26,-4.2271,0.2588,3.8403,개인,False,-9.011,10.0498,-1.333,외국인,False,3.2336,6.5589,-13.8103,외국인,True
2023,129920,2023-01-26,-0.2915,6.1316,-6.0047,외국인,False,2.3836,0.5624,-2.3937,기관,True,-4.858,-7.1559,12.2164,개인,False
2023,003490,2023-01-27,-58.4471,-19.2983,68.9689,개인,False,-143.3214,-35.8312,167.725,개인,False,-321.7145,-294.3927,611.2672,개인,False
2023,005860,2023-01-27,-0.0001,-3.8162,4.5533,개인,False,-0.0001,-0.7932,1.7875,개인,False,0.042,6.646,-7.1502,외국인,True
2023,010140,2023-01-27,-42.0747,201.9949,-159.5343,외국인,False,10.5759,63.0175,-72.7318,외국인,True,195.0033,597.5809,-791.9408,외국인,True
2023,010950,2023-01-27,339.0554,242.5799,-558.9391,기관,True,206.2392,114.0936,-317.8749,기관,True,61.0146,-245.5779,174.3372,개인,False
2023,028670,2023-01-27,158.5592,-129.6021,-21.9942,기관,False,171.3436,-152.8662,-8.1223,기관,False,94.3191,-88.4926,-9.4315,기관,False
2023,108320,2023-01-27,22.6262,95.4514,-38.0067,외국인,True,15.501,28.4949,-4.6432,외국인,True,-12.3693,-9.7292,16.0698,개인,False
2023,270520,2023-01-27,6.1408,87.1876,-96.0571,외국인,True,-0.086,46.4489,-42.0022,외국인,False,-6.094,-71.4482,67.0828,개인,False
2023,302440,2023-01-27,-39.951,80.2145,-42.6241,외국인,False,-72.415,9.6863,62.3581,개인,False,-25.5685,-1.1309,25.0426,개인,False
2023,001570,2023-01-30,26.7964,109.071,-158.3113,외국인,True,14.5921,67.2602,-101.9993,외국인,True,-19.3951,94.9905,-77.7144,외국인,False
2023,095500,2023-01-30,13.5536,-20.7736,6.8268,기관,False,16.6346,-7.0352,-8.0176,기관,False,8.0731,7.4414,-15.9071,기관,True
2023,300080,2023-01-30,-7.2169,8.3347,1.5914,외국인,False,-3.5061,0.6627,5.1322,개인,False,0.2402,-8.0124,8.9917,개인,False
2023,000250,2023-01-31,8.0014,57.998,-66.6801,외국인,True,7.0367,-3.7518,-3.1741,기관,False,60.0513,-30.0047,-20.2004,기관,False
2023,009520,2023-01-31,1.825,15.9669,-18.353,외국인,True,-0.0629,4.07,-7.5746,외국인,False,0.6839,-17.5528,13.176,개인,False
2023,011000,2023-01-31,6.4688,128.9989,-135.0358,외국인,True,11.2397,-9.171,-2.5434,기관,False,29.6277,60.1814,-88.4938,외국인,True
2023,091990,2023-02-01,,,,,,,,,,,,,,,
2023,276040,2023-02-01,-20.7281,23.916,-6.7407,외국인,False,6.841,-1.1213,-3.3412,기관,False,3.4742,-29.4556,25.9281,개인,False
2023,310200,2023-02-01,-29.1455,14.6644,23.8672,개인,False,-1.4274,-16.3686,20.7722,개인,False,-20.4895,-41.566,64.0731,개인,False
2023,190510,2023-02-02,15.428,16.6696,-38.5198,외국인,True,-6.0983,-7.1344,10.4411,개인,False,-24.0881,-7.5558,40.3213,개인,False
2023,196170,2023-02-02,51.7909,85.2984,-136.6495,외국인,True,2.4424,53.7353,-54.9296,외국인,True,36.1037,-72.1768,35.7326,기관,False
2023,267260,2023-02-02,122.4212,4.112,-125.1171,기관,True,78.6079,9.1641,-88.3283,기관,True,-33.8017,11.1219,24.072,개인,False
2023,016790,2023-02-03,1.0148,4.7567,-4.2447,외국인,True,-0.6273,-9.53,33.1745,개인,False,-2.1036,-27.8325,34.2891,개인,False
2023,064550,2023-02-03,-4.6102,-56.0496,62.1057,개인,False,-4.8863,22.0214,-16.9707,외국인,False,55.1129,48.4705,-108.6002,기관,True
2023,121850,2023-02-03,,,,,,,,,,,,,,,
2023,161390,2023-02-03,21.6622,118.0702,-137.3343,외국인,True,-36.0483,6.4876,29.3011,개인,False,29.8563,-0.3495,-29.9861,기관,False
2023,336260,2023-02-03,2.5833,23.1427,-16.4646,외국인,True,-26.8883,44.6422,-10.9777,외국인,False,-12.8923,155.0877,-131.1365,외국인,False
2023,373200,2023-02-03,0.0,-4.3145,5.167,개인,False,0.0,-0.4999,0.3252,개인,False,3.0327,12.3731,-20.0732,외국인,True
2023,005950,2023-02-06,1.782,7.9939,-10.5133,외국인,True,0.214,-2.6589,2.1844,개인,False,6.9661,-17.2279,9.033,개인,False
2023,006110,2023-02-07,97.3135,166.139,-250.7398,외국인,True,73.7466,40.011,-114.719,기관,True,64.8636,-82.5868,29.8769,기관,False
2023,018470,2023-02-07,-0.719,-3.2836,17.1503,개인,False,0.3659,64.6175,-53.391,외국인,True,46.3618,8.2696,-54.3895,기관,True
2023,090460,2023-02-07,69.1377,-23.6098,-47.0372,기관,False,-3.5474,-49.0648,54.361,개인,False,139.016,-103.3,-41.3741,기관,False
2023,272290,2023-02-07,56.4358,74.1532,-121.281,외국인,True,2.9604,-27.8785,30.6719,개인,False,155.5303,-121.9244,-42.3349,기관,False
2023,007070,2023-02-08,-45.5847,210.3916,-164.2969,외국인,False,-80.7663,57.6353,23.3498,외국인,False,26.4073,12.7818,-35.901,기관,True
2023,378800,2023-02-09,-1.8875,-11.0229,13.6883,개인,False,1.244,-12.6941,10.9402,개인,False,-2.8741,2.8753,0.4596,외국인,False
2023,042670,2023-02-13,,,,,,,,,,,,,,,
2023,051600,2023-02-13,-21.0818,89.1124,-67.6003,외국인,False,-43.5149,13.6384,29.2409,개인,False,-5.8035,2.076,3.2795,개인,False
2023,047810,2023-02-14,139.4026,347.2251,-483.6278,외국인,True,-19.6489,136.6016,-112.677,외국인,False,-286.0625,-851.5054,1131.8591,개인,False
2023,317850,2023-02-14,0.3851,2.7905,-0.475,외국인,True,0.5783,7.2638,-7.7794,외국인,True,0.127,-2.4544,-2.4574,기관,False
2023,366030,2023-02-14,-0.0355,11.8192,-12.1502,외국인,False,-0.0944,-0.1956,0.5212,개인,False,-0.0287,-11.3484,11.4342,개인,False
2023,298870,2023-02-15,,,,,,,,,,,,,,,
2023,002900,2023-02-20,-25.3662,86.5117,-96.6338,외국인,False,-3.294,124.1553,-118.7659,외국인,False,14.7991,146.65,-163.6817,외국인,True
2023,036890,2023-02-20,41.6166,-15.9243,-25.6435,기관,False,28.0868,11.1167,-38.9625,기관,True,-19.2027,-5.4317,23.2126,개인,False
2023,047050,2023-02-22,136.4317,-8.139,-124.5271,기관,False,68.5197,-17.9385,-49.6471,기관,False,-38.5729,-25.1465,60.8454,개인,False
2023,267270,2023-02-22,115.1081,47.7545,-154.3027,기관,True,70.3838,31.9277,-90.9979,기관,True,-25.7945,54.4942,-28.3195,외국인,False
2023,001450,2023-02-23,65.9348,108.6921,-171.6306,외국인,True,-36.9095,52.4285,-15.4739,외국인,False,-108.6909,154.0906,-46.068,외국인,False
2023,086960,2023-02-23,1.289,-23.9067,7.2751,개인,False,6.4295,-8.3205,-2.3691,기관,False,2.4982,18.3951,-7.2527,외국인,True
2023,101670,2023-02-24,8.9761,60.4005,-71.0953,외국인,True,-3.1731,-15.5836,18.0636,개인,False,-4.6961,-53.6766,45.0054,개인,False
2023,000150,2023-02-27,-86.9808,142.2658,-62.6985,외국인,False,-43.9249,44.1024,-2.0112,외국인,False,82.2592,51.5237,-94.042,기관,True
2023,007390,2023-02-27,-16.4074,-33.8586,53.5333,개인,False,-6.3551,17.1077,-3.5442,외국인,False,-6.1857,-14.5388,21.9346,개인,False
2023,058610,2023-02-27,34.7651,-3.9411,-30.722,기관,False,24.9886,-14.7162,-7.9868,기관,False,-56.8303,-19.2786,81.131,개인,False
2023,088350,2023-02-27,119.7124,44.7543,-168.5548,기관,True,52.6581,52.6185,-108.1295,기관,True,-50.9224,33.7115,21.5736,외국인,False
2023,277810,2023-02-27,82.5762,123.8607,-198.1781,외국인,True,93.4299,-85.4944,-7.8576,기관,False,-28.4383,-80.3979,116.3901,개인,False
2023,270520,2023-02-28,6.6944,84.9254,-94.4342,외국인,True,3.8905,68.3845,-79.4103,외국인,True,-11.2785,-43.7341,78.8994,개인,False
2023,388720,2023-03-02,-0.1068,1.8467,-2.1311,외국인,False,-0.5078,3.8515,-2.7523,외국인,False,-2.8322,0.281,3.5094,개인,False
2023,034020,2023-03-03,311.2229,254.6697,-538.7032,기관,True,267.4912,256.0953,-493.1638,기관,True,625.0932,53.4485,-654.8151,기관,True
2023,056080,2023-03-03,1.5441,14.8111,-16.5982,외국인,True,0.6215,-0.5707,0.2066,기관,False,-1.9923,10.4909,-21.0295,외국인,False
2023,076080,2023-03-03,1.0651,1.2334,6.3237,개인,True,1.296,2.5069,-3.6412,외국인,True,0.1245,-6.1652,32.7524,개인,False
2023,099190,2023-03-03,23.7302,-33.3484,6.9716,기관,False,-10.1767,-18.5084,28.4856,개인,False,12.0414,-22.2558,9.0874,기관,False
2023,090710,2023-03-06,12.9723,100.0613,-105.997,외국인,True,-0.791,0.7164,4.5018,개인,False,-14.4536,-117.6339,158.3783,개인,False
2023,011810,2023-03-07,-1.3663,10.9265,-9.4094,외국인,False,-1.4179,-2.0039,3.611,개인,False,0.7997,-10.3198,9.0932,개인,False
2023,068760,2023-03-07,31.6947,51.098,-87.2905,외국인,True,-0.9295,28.4254,-29.656,외국인,False,127.2327,115.4913,-238.0786,기관,True
2023,074610,2023-03-07,35.9462,-367.7745,337.3876,개인,False,-2.171,-378.8582,392.5894,개인,False,-34.6465,60.1048,0.1289,외국인,False
2023,091990,2023-03-07,,,,,,,,,,,,,,,
2023,112610,2023-03-07,29.0466,192.2067,-220.211,외국인,True,-31.8126,99.4517,-69.345,외국인,False,-96.0974,62.5693,42.4309,외국인,False
2023,298380,2023-03-07,72.2626,2.1854,-63.8273,기관,True,18.5587,-18.2684,-7.3566,기관,False,29.201,-50.1103,20.504,기관,False
2023,389260,2023-03-07,13.2713,7.5913,-22.4752,기관,True,1.45,-14.7046,12.5221,개인,False,-15.8091,-23.9238,77.0437,개인,False
2023,003490,2023-03-08,357.1402,3.2843,-358.4342,기관,True,199.6897,-56.1507,-150.0124,기관,False,77.598,-328.0247,245.0405,개인,False
2023,205470,2023-03-08,71.3853,56.9496,-132.5979,기관,True,1.0828,66.3887,-78.8432,외국인,True,-4.1663,-3.699,71.7091,개인,False
2023,290670,2023-03-09,10.0632,52.0047,-58.9491,외국인,True,-25.7709,11.0242,14.7859,개인,False,-190.5544,-4.2411,196.8362,개인,False
2023,078890,2023-03-15,6.2217,8.3384,-11.7759,외국인,True,7.3219,-3.4982,-4.1566,기관,False,2.0268,-2.7445,1.3336,기관,False
2023,033780,2023-03-17,127.9863,69.1584,-195.847,기관,True,79.4481,-75.1405,0.4726,기관,False,-10.0636,-3.4582,11.6594,개인,False
2023,036540,2023-03-17,-11.9528,-19.1405,33.291,개인,False,-17.9031,-57.3318,77.016,개인,False,15.7758,-33.8854,20.25,개인,False
2023,217500,2023-03-17,0.0165,12.7663,-12.1215,외국인,True,0.0,10.6058,-9.9475,외국인,False,-0.0159,9.0299,-8.4918,외국인,False
2023,240810,2023-03-17,83.7724,39.9465,-123.6413,기관,True,14.8519,15.5386,-31.2296,외국인,True,54.0664,-128.9352,73.8919,개인,False
2023,377480,2023-03-17,11.1013,37.5047,-50.1862,외국인,True,13.9254,9.2208,-19.9824,기관,True,-40.2013,-38.8659,70.3958,개인,False
2023,017670,2023-03-20,29.2382,299.7901,-323.0085,외국인,True,15.7268,206.5201,-217.0871,외국인,True,-30.5334,360.4831,-329.0531,외국인,False
2023,018470,2023-03-21,110.1191,158.2157,-268.4084,외국인,True,21.6648,105.8899,-128.5415,외국인,True,313.2638,196.4902,-494.4946,기관,True
2023,005930,2023-03-23,1498.0412,4412.2802,-5793.8768,외국인,True,714.6048,2126.5258,-2807.6477,외국인,True,645.1426,6365.668,-6925.8381,외국인,True
2023,036930,2023-03-23,68.2218,68.1337,-135.6261,기관,True,51.2519,44.8513,-96.4482,기관,True,209.77,-180.3819,-93.2756,기관,False
2023,071670,2023-03-23,0.8803,-9.4602,8.5129,개인,False,-0.0095,0.5442,-0.6477,외국인,False,-0.4544,13.0092,10.0705,외국인,False
2023,039030,2023-03-24,24.0182,14.9562,-39.7565,기관,True,22.3872,8.2977,-30.051,기관,True,138.0919,-157.1517,7.2053,기관,False
2023,108320,2023-03-24,177.5524,26.6525,-181.2918,기관,True,119.0938,3.5116,-103.4206,기관,True,297.5797,-214.0814,-78.4364,기관,False
2023,263750,2023-03-24,20.4423,46.2516,-67.0135,외국인,True,19.5705,10.1667,-27.8553,기관,True,75.8718,-61.8612,-15.4367,기관,False
2023,353200,2023-03-24,66.8413,-20.0965,-50.1924,기관,False,57.1721,-87.4181,17.3474,기관,False,-17.616,-71.5329,77.177,개인,False
2023,425040,2023-03-24,11.9742,-11.6871,2.4564,기관,False,8.5156,-14.0082,6.121,기관,False,-19.7411,9.6151,24.3007,개인,False
2023,000910,2023-03-27,0.1656,-2.1889,2.7584,개인,False,0.0726,4.8207,-4.8402,외국인,True,-0.1952,-2.6808,2.092,개인,False
2023,015760,2023-03-27,-29.0806,-33.4191,36.6576,개인,False,7.6339,-67.7003,58.4176,개인,False,-159.9592,56.8878,-47.5436,외국인,False
2023,016380,2023-03-27,-2.3278,35.307,-31.339,외국인,False,-2.6367,33.3341,-28.825,외국인,False,7.1343,-8.1563,0.9644,기관,False
2023,007660,2023-03-28,33.7463,66.7155,-110.0729,외국인,True,35.3453,-53.4845,14.5186,기관,False,-38.4723,29.2928,13.2347,외국인,False
2023,015750,2023-03-28,2.9874,-39.7516,34.13,개인,False,-6.3135,-25.4435,29.5394,개인,False,122.4572,-79.7769,-41.3373,기관,False
2023,022100,2023-03-28,-46.7009,5.4022,48.1188,개인,False,-16.73,-12.9017,31.403,개인,False,-46.8957,-169.3748,200.0913,개인,False
2023,034220,2023-03-28,166.0033,44.6285,-212.995,기관,True,100.4105,-53.6065,-45.8933,기관,False,-36.7989,104.5215,-69.4745,외국인,False
2023,047810,2023-03-28,17.2454,289.4627,-304.0823,외국인,True,-52.0233,98.9906,-48.5848,외국인,False,148.4545,520.2204,-669.2833,외국인,True
2023,098460,2023-03-28,42.0356,-78.9257,35.6951,기관,False,17.2582,-79.2617,60.896,개인,False,19.0562,-132.7904,111.5546,개인,False
2023,131970,2023-03-28,39.9331,-47.3295,2.5869,기관,False,6.3282,-27.8106,21.9917,개인,False,245.0344,-73.6933,-174.7374,기관,False
2023,008770,2023-03-29,363.7539,138.3358,-503.3577,기관,True,221.4368,86.8757,-311.0942,기관,True,311.2748,2.9876,-304.0273,기관,True
2023,093370,2023-03-29,-65.2788,48.9792,36.4489,외국인,False,-4.5366,-36.5685,43.0203,개인,False,-52.402,-283.036,324.1399,개인,False
2023,222800,2023-03-29,111.6733,-62.0889,-42.6236,기관,False,70.1919,-47.0483,-22.3038,기관,False,99.8546,-46.0338,-61.3661,기관,False
2023,006220,2023-03-30,34.4856,35.7769,-102.5285,외국인,True,17.5751,-12.2824,-33.5118,기관,False,16.9327,-9.2849,4.9209,기관,False
2023,093640,2023-03-30,-3.3853,-11.4927,101.9463,개인,False,-1.8453,18.4843,73.422,개인,False,2.445,-23.0486,41.7514,개인,False
2023,200710,2023-03-30,4.4047,25.9145,-22.6417,외국인,True,0.8526,-17.1873,20.1261,개인,False,0.1912,-11.0272,11.4358,개인,False
2023,272210,2023-03-30,48.5889,89.1288,-134.1357,외국인,True,2.745,61.656,-61.9127,외국인,True,144.2331,53.2668,-196.7555,기관,True
2023,361610,2023-03-30,106.2693,188.1384,-283.0429,외국인,True,41.0465,84.4299,-114.1055,외국인,True,267.828,44.2393,-320.2239,기관,True
2023,012030,2023-03-31,18.6,14.2547,-32.4626,기관,True,12.3372,29.8441,-49.5058,외국인,True,96.1135,-11.2779,-163.6318,기관,False
2023,052020,2023-03-31,-1.9252,2.458,-21.8542,외국인,False,-7.0949,-0.873,-1.8743,외국인,False,3.7849,-30.2538,15.4877,개인,False
2023,194480,2023-03-31,41.6857,-37.602,-7.8852,기관,False,69.4634,-24.4452,-43.8757,기관,False,-9.3097,10.7456,-8.864,외국인,False
2023,196170,2023-03-31,44.3072,-49.6706,-0.3395,기관,False,33.4228,-72.086,38.0921,개인,False,157.5278,-14.7181,-178.1802,기관,False
2023,000720,2023-04-03,140.9046,66.3313,-207.3285,기관,True,41.728,32.9536,-74.4496,기관,True,199.0945,23.6467,-206.8606,기관,True
2023,064350,2023-04-03,37.9429,258.9993,-291.088,외국인,True,13.6067,265.5969,-277.4978,외국인,True,127.8248,144.4965,-261.7243,외국인,True
2023,010140,2023-04-04,72.6377,54.6068,-122.628,기관,True,20.1176,31.9464,-45.8583,외국인,True,-17.2892,43.2125,-30.148,외국인,False
2023,011700,2023-04-04,0.6678,14.256,-15.6386,외국인,True,0.1137,13.4368,-12.5993,외국인,True,-0.6539,-2.5639,2.5214,개인,False
2023,141080,2023-04-04,19.2901,60.7745,-141.8797,외국인,True,-35.3826,14.8196,-32.1383,외국인,False,-38.1988,11.5228,-35.8747,외국인,False
2023,179290,2023-04-04,13.868,-0.744,-7.0231,기관,False,3.7047,0.5674,-3.6195,기관,True,23.4986,-20.9267,-0.0025,기관,False
2023,214450,2023-04-04,11.481,6.7084,-18.2041,기관,True,1.1491,-1.2661,1.2239,개인,False,139.9957,-20.5443,-102.6138,기관,False
2023,302440,2023-04-04,58.1441,221.479,-261.8453,외국인,True,40.5069,68.6983,-105.1163,외국인,True,-3.8886,91.8074,-92.8126,외국인,False
2023,020150,2023-04-05,130.9132,-116.2489,-12.9415,기관,False,94.5297,-72.6036,-19.8877,기관,False,32.5623,-159.2078,121.1433,개인,False
2023,091580,2023-04-05,-21.2197,56.9153,-32.6556,외국인,False,-33.7621,2.9046,36.9277,개인,False,21.5259,-102.0763,79.6216,개인,False
2023,137400,2023-04-05,103.304,-104.0863,-8.7144,기관,False,120.4456,-22.7172,-104.1095,기관,False,-50.3303,-129.7717,193.0144,개인,False
2023,214680,2023-04-05,-17.9853,-213.1377,191.7401,개인,False,-37.5807,90.2235,-81.0751,외국인,False,-9.1585,113.6037,-105.191,외국인,False
2023,328130,2023-04-05,8.5716,4.9077,-19.3193,기관,True,6.2379,3.3573,-12.2394,기관,True,-8.2934,14.1204,4.9464,외국인,False
2023,335890,2023-04-05,,,,,,,,,,,,,,,
2023,336370,2023-04-05,-3.6544,-32.1105,35.6831,개인,False,-5.348,-26.7687,27.4473,개인,False,-4.5139,-1.0336,4.0834,개인,False
2023,352770,2023-04-05,11.7704,-12.2579,-0.8404,기관,False,6.0306,33.5518,-41.1933,외국인,True,1.0874,105.1351,-102.8373,외국인,True
2023,000100,2023-04-06,51.187,92.2534,-153.8927,외국인,True,-19.7317,29.7081,-15.1297,외국인,False,303.5802,-3.9048,-283.0789,기관,False
2023,030200,2023-04-06,317.1298,-104.672,-213.281,기관,False,312.0342,-410.5924,96.2372,기관,False,123.0868,-60.705,-68.2281,기관,False
2023,053690,2023-04-06,116.9359,-30.888,-94.3809,기관,False,59.7585,-25.3746,-39.9901,기관,False,116.2381,-36.2365,-75.8547,기관,False
2023,112610,2023-04-06,-14.9369,-39.0487,51.1451,개인,False,-22.9788,-41.4546,61.5076,개인,False,19.4753,-80.2917,63.3405,개인,False
2023,119650,2023-04-06,1.672,25.7053,-25.8452,외국인,True,-0.0381,10.4432,-9.6032,외국인,False,-1.4992,-26.9384,26.4745,개인,False
2023,204610,2023-04-06,4.1491,4.8321,-15.2984,외국인,True,2.1541,10.0862,-18.2439,외국인,True,-3.5718,7.0252,-0.9666,외국인,False
2023,306620,2023-04-06,-0.0001,-15.0041,14.6979,개인,False,-0.0001,10.3227,-10.313,외국인,False,-0.0009,6.8233,-7.8597,외국인,False
2023,000660,2023-04-07,3200.2817,-3653.9516,387.1144,기관,False,932.247,-3721.0992,2774.5183,개인,False,1245.0898,376.2055,-1636.3261,기관,True
2023,033160,2023-04-07,2.9489,16.6608,-21.0054,외국인,True,-0.0221,4.4293,-5.7215,외국인,False,-1.8038,-43.0838,49.7707,개인,False
2023,122870,2023-04-07,147.4545,174.9764,-315.8489,외국인,True,40.6939,135.2303,-171.37,외국인,True,86.582,31.3657,-122.6874,기관,True
2023,304840,2023-04-07,0.5594,-3.5671,3.4414,개인,False,0.0002,3.9522,-3.7979,외국인,True,1.7138,8.1393,-9.7145,외국인,True
2023,047050,2023-04-10,-49.7448,91.5952,-41.9474,외국인,False,-63.0331,45.4688,16.7369,외국인,False,-141.3961,-519.4723,658.684,개인,False
2023,064550,2023-04-10,73.6213,-114.8192,25.3425,기관,False,64.7506,-180.7735,102.3523,개인,False,0.2023,8.7385,2.1876,외국인,True
2023,222810,2023-04-10,,,,,,,,,,,,,,,
2023,243840,2023-04-10,-2.9518,1.752,1.7364,외국인,False,-3.4336,0.3116,3.4787,개인,False,-0.212,-5.5838,5.7984,개인,False
2023,032640,2023-04-11,33.2743,88.0404,-120.4696,외국인,True,32.7248,17.3275,-50.0476,기관,True,-31.8114,62.489,-27.3674,외국인,False
2023,066670,2023-04-11,1.4829,-3.6499,2.089,개인,False,0.0001,-8.1572,8.4149,개인,False,-1.3979,-6.0812,8.6122,개인,False
2023,118990,2023-04-11,-14.1609,58.6236,-41.4241,외국인,False,-27.074,-15.3046,45.3588,개인,False,-1.6643,58.19,-44.4801,외국인,False
2023,204320,2023-04-11,-13.1697,66.6878,-51.4208,외국인,False,-12.8933,57.046,-37.7438,외국인,False,-55.8452,-22.3888,74.7612,개인,False
2023,326030,2023-04-11,46.5053,60.6208,-105.8172,외국인,True,-22.3106,38.2234,-15.8611,외국인,False,105.3367,72.9981,-179.1189,기관,True
2023,001440,2023-04-12,2.6661,-53.0955,57.4105,개인,False,-33.5699,-189.9027,278.7072,개인,False,207.6564,-99.9738,-65.7932,기관,False
2023,006360,2023-04-12,-12.654,-35.7588,62.1512,개인,False,-6.2918,-85.3717,90.3953,개인,False,48.9698,-23.5638,-22.6643,기관,False
2023,018880,2023-04-12,3.2123,5.4502,-8.1101,외국인,True,11.4348,-4.723,-6.5761,기관,False,-36.476,47.7115,-11.5756,외국인,False
2023,034020,2023-04-12,284.9214,536.6737,-830.0566,외국인,True,144.7896,275.1122,-427.3555,외국인,True,583.6461,684.9254,-1255.6969,외국인,True
2023,042670,2023-04-12,,,,,,,,,,,,,,,
2023,376300,2023-04-12,177.6601,-62.2366,-157.4804,기관,False,66.4892,-45.3318,-51.9069,기관,False,-130.7483,44.6335,81.3629,개인,False
2023,402340,2023-04-12,175.2301,30.3269,-183.0853,기관,True,162.2741,-77.5813,-75.0991,기관,False,164.9094,-79.7904,-82.8052,기관,False
2023,010950,2023-04-13,-0.3942,80.8054,-79.0633,외국인,False,-125.1857,112.7704,12.3337,외국인,False,-148.1575,-104.6485,260.2939,개인,False
2023,011200,2023-04-13,-58.0077,268.4407,-212.3151,외국인,False,-68.9416,121.8523,-63.7217,외국인,False,-96.1072,371.5496,-290.4082,외국인,False
2023,035900,2023-04-13,-64.5657,119.217,-44.0397,외국인,False,-61.9876,82.5559,-12.0862,외국인,False,-308.2699,330.464,-20.3495,외국인,False
2023,267260,2023-04-13,78.559,102.5208,-180.9884,외국인,True,-11.3938,35.7064,-20.4872,외국인,False,-72.298,211.4826,-142.7433,외국인,False
2023,267270,2023-04-13,37.55,45.7798,-89.5315,외국인,True,-4.2874,30.1233,-28.8466,외국인,False,54.6037,26.5049,-85.5453,기관,True
2023,396270,2023-04-13,2.1964,16.2283,-18.8935,외국인,True,-0.2034,4.4005,-3.9869,외국인,False,9.3356,-19.0325,9.5806,개인,False
2023,084650,2023-04-14,17.3777,10.3092,-26.8408,기관,True,4.7926,15.2176,-18.9385,외국인,True,0.3462,-20.7766,17.1616,개인,False
2023,086790,2023-04-14,-2.4983,106.1198,-114.1462,외국인,False,27.5115,-57.4498,22.7737,기관,False,61.1479,-169.3433,106.5831,개인,False
2023,161390,2023-04-14,39.0607,13.138,-51.9918,기관,True,-0.1479,-19.5389,19.541,개인,False,-78.9264,99.5469,-20.6191,외국인,False
2023,195940,2023-04-14,-11.7801,-6.9949,17.1853,개인,False,-40.5199,24.0269,14.7057,외국인,False,-70.0222,-182.9026,252.8354,개인,False
2023,299900,2023-04-14,,,,,,,,,,,,,,,
2023,316140,2023-04-14,-3.941,-72.3175,-57.51,기관,False,-49.748,-42.8574,-36.8119,개인,False,-6.0841,-20.7577,22.8917,개인,False
2023,377300,2023-04-14,182.6684,195.3241,-371.2522,외국인,True,2.8812,47.0471,-50.9681,외국인,True,18.3777,-28.9731,13.8318,기관,False
2023,006910,2023-04-17,2.7944,4.9768,-8.4162,외국인,True,0.0505,24.1062,-24.4592,외국인,True,-3.7573,-12.4302,15.7389,개인,False
2023,112040,2023-04-17,-14.9322,168.199,-164.7519,외국인,False,-48.266,197.1126,-150.5391,외국인,False,-20.9713,-224.1868,239.7478,개인,False
2023,336260,2023-04-17,15.4636,87.2615,-100.1114,외국인,True,-22.6573,5.0329,17.8836,개인,False,25.8223,-4.3944,-21.1835,기관,False
2023,278650,2023-04-18,52.905,3.4767,113.5379,개인,True,24.7639,62.8793,-87.3908,외국인,True,-8.35,11.6152,10.1098,외국인,False
2023,366030,2023-04-18,0.6595,-2.9253,2.9026,개인,False,0.5715,2.0955,-2.5287,외국인,True,-0.5943,-22.6788,23.1872,개인,False
2023,003490,2023-04-19,116.5784,49.3323,-158.3225,기관,True,3.2839,48.6654,-44.9412,외국인,True,63.4069,-151.1976,87.7184,개인,False
2023,033240,2023-04-19,-3.1519,56.2431,-37.5727,외국인,False,-21.1776,34.7755,1.8162,외국인,False,28.7438,-39.2688,9.598,기관,False
2023,051490,2023-04-19,0.6031,-1.6757,0.6727,개인,False,0.0001,2.6412,-4.2946,외국인,True,-0.3385,-14.5175,14.9638,개인,False
2023,105560,2023-04-19,236.7165,279.4526,-511.4356,외국인,True,76.1175,155.3111,-223.7946,외국인,True,228.3584,7.8195,-234.154,기관,True
2023,148930,2023-04-19,0.2343,1.09,-1.5301,외국인,True,-0.811,0.7549,0.376,외국인,False,-1.4974,-13.5585,28.8891,개인,False
2023,192820,2023-04-19,68.3067,66.8675,-130.2582,기관,True,-8.0427,4.8088,2.1374,외국인,False,-74.233,-27.1239,96.2837,개인,False
2023,257720,2023-04-19,30.0156,6.1078,-33.9342,기관,True,17.7065,-7.1023,-10.4364,기관,False,9.6222,-1.1292,-10.8105,기관,False
2023,009830,2023-04-21,487.5062,76.4812,-573.8883,기관,True,330.1102,-191.4614,-150.4337,기관,False,-906.1172,-186.2059,1084.7484,개인,False
2023,317850,2023-04-21,1.6378,4.8356,-6.4828,외국인,True,0.0054,-8.4849,8.4358,개인,False,-5.5797,-11.1367,16.6663,개인,False
2023,248070,2023-04-28,166.813,13.4245,-164.3687,기관,True,69.541,-50.2342,-19.7506,기관,False,115.0736,31.2929,-145.9295,기관,True
2023,048410,2023-05-04,-1.0313,28.0434,-23.3261,외국인,False,0.7963,27.8688,-28.5467,외국인,True,4.5502,-34.2076,31.9177,개인,False
2023,014620,2023-05-08,32.1789,44.446,-75.4249,외국인,True,-7.1251,-9.8093,16.881,개인,False,8.625,27.77,-32.4175,외국인,True
2023,323410,2023-05-08,274.6943,371.1314,-648.0942,외국인,True,82.7962,289.1292,-372.0755,외국인,True,211.3227,115.4846,-325.877,기관,True
2023,017670,2023-05-10,356.458,-7.1895,-339.9604,기관,False,258.2082,-80.7821,-171.0207,기관,False,46.6919,90.779,-141.5017,외국인,True
2023,117580,2023-05-10,0.4328,3.2512,-6.2916,외국인,True,0.3884,4.3569,-8.0692,외국인,True,-0.5186,2.715,-2.6291,외국인,False
2023,291810,2023-05-10,-7.4879,-8.9403,16.1716,개인,False,-1.9201,-6.5085,8.5957,개인,False,0.0559,-2.4313,1.7825,개인,False
2023,032850,2023-05-11,0.5741,20.051,-21.7782,외국인,True,0.1208,9.201,-10.2531,외국인,True,-0.4472,-9.4524,9.8139,개인,False
2023,060590,2023-05-12,1.5001,31.2441,-49.2826,외국인,True,-0.8345,-6.0048,-10.9485,기관,False,5.5279,-24.7644,8.9987,개인,False
2023,067160,2023-05-12,41.4681,76.2914,-120.1926,외국인,True,-53.85,71.0863,-20.2193,외국인,False,10.7959,1.3607,-10.6024,기관,True
2023,090460,2023-05-12,239.6562,16.4935,-260.1479,기관,True,135.0493,-26.4142,-112.8765,기관,False,10.5542,-40.9906,26.5315,개인,False
2023,348340,2023-05-12,33.5012,-39.9169,29.9635,기관,False,19.2897,-31.3347,58.9061,개인,False,8.5212,13.5272,-4.5357,외국인,True
2023,403870,2023-05-12,56.0689,-1.122,-59.3986,기관,False,49.0302,-97.5088,35.0407,기관,False,70.6662,235.3542,-285.8716,외국인,True
2023,004990,2023-05-15,15.0819,7.4803,-22.6991,기관,True,6.9665,-16.441,7.8073,개인,False,13.7131,-138.3757,122.7645,개인,False
2023,009900,2023-05-15,61.5085,29.609,-92.3954,기관,True,30.3758,32.2318,-64.679,외국인,True,22.9256,94.1982,-116.3202,외국인,True
2023,053270,2023-05-15,0.3154,-6.4318,8.5249,개인,False,1.9511,-1.3206,0.2707,기관,False,2.9444,-2.0978,-0.6689,기관,False
2023,000660,2023-05-16,-222.2196,1902.1531,-1671.6847,외국인,False,-481.7785,-573.8809,1035.015,개인,False,639.314,2960.3556,-3604.1053,외국인,True
2023,005850,2023-05-16,129.8507,21.5127,-151.1567,기관,True,57.2305,-53.5056,-5.6265,기관,False,-38.8942,35.2494,2.6278,외국인,False
2023,028300,2023-05-17,66.0781,-35.9342,-31.0207,기관,False,43.7101,-166.163,124.9614,개인,False,10.5076,-203.6028,184.1105,개인,False
2023,067630,2023-05-17,11.7007,-10.8411,-0.9393,기관,False,10.4456,-10.8029,-0.3744,기관,False,-10.6486,-24.3267,38.7477,개인,False
2023,228670,2023-05-17,11.2568,-37.8114,60.4267,개인,False,26.341,-65.0124,53.9745,개인,False,-50.6929,26.821,63.3343,개인,False
2023,419530,2023-05-17,107.6755,-7.8129,-107.5121,기관,False,86.3327,11.1955,-108.1275,기관,True,-48.5716,-22.8523,75.4409,개인,False
2023,005930,2023-05-18,-697.3186,5786.9045,-4275.4661,외국인,False,74.7152,1646.8301,-1029.3113,외국인,True,3425.1303,6712.3014,-9747.3996,외국인,True
2023,007660,2023-05-18,69.1612,25.9827,-96.0522,기관,True,57.7216,-0.0303,-57.4695,기관,False,171.2459,324.4077,-508.823,외국인,True
2023,036010,2023-05-18,40.4473,38.4753,-72.2554,기관,True,-0.0517,1.3983,8.3838,개인,False,24.7887,-4.7593,-18.7662,기관,False
2023,067310,2023-05-18,86.9521,49.854,-139.1447,기관,True,28.7081,-1.4418,-27.0652,기관,False,68.8766,-39.5205,-32.858,기관,False
2023,078150,2023-05-18,-0.1071,35.3038,-42.7249,외국인,False,-0.4059,0.5504,-2.2005,외국인,False,-0.4436,-6.5153,12.3977,개인,False
2023,190510,2023-05-18,14.4217,29.2665,-47.1247,외국인,True,3.9613,9.8295,-15.8169,외국인,True,0.1331,3.4327,-1.437,외국인,True
2023,394280,2023-05-18,23.8973,27.5165,-51.8941,외국인,True,10.1258,25.7052,-33.8528,외국인,True,54.8609,-50.652,-6.4572,기관,False
2023,005290,2023-05-19,308.8856,241.9403,-545.8139,기관,True,0.7507,14.2148,-15.8386,외국인,True,-61.718,353.1866,-310.8539,외국인,False
2023,028050,2023-05-19,-22.1196,142.8044,-103.4625,외국인,False,-50.3886,66.1956,-0.4996,외국인,False,-107.1144,73.6667,30.8567,외국인,False
2023,036540,2023-05-19,59.3622,-4.4162,-58.1715,기관,False,34.2916,-10.1856,-26.0663,기관,False,6.1341,3.8099,-11.005,기관,True
2023,036930,2023-05-19,71.9864,56.8987,-128.6013,기관,True,28.1542,22.5976,-52.7848,기관,True,6.064,-6.9897,-12.3954,기관,False
2023,045970,2023-05-19,-3.943,-34.468,38.3423,개인,False,-4.0929,-11.6159,16.0729,개인,False,-0.1501,7.9431,-6.8055,외국인,False
2023,058610,2023-05-19,36.425,39.7797,-71.049,외국인,True,15.017,37.5142,-39.4529,외국인,True,10.8062,-68.4663,55.7712,개인,False
2023,074600,2023-05-19,24.81,4.9016,-22.2533,기관,True,9.9915,-4.5299,4.1979,기관,False,-21.3193,44.1317,-21.9079,외국인,False
2023,091990,2023-05-19,,,,,,,,,,,,,,,
2023,094360,2023-05-19,11.0236,39.2683,-48.1948,외국인,True,15.6876,3.3266,-18.918,기관,True,8.2577,-20.7017,11.8876,개인,False
2023,166090,2023-05-19,35.9141,45.5203,-82.0281,외국인,True,-11.1574,8.0917,2.714,외국인,False,-5.2226,-30.316,37.1517,개인,False
2023,195870,2023-05-19,43.6475,45.7474,-88.3153,외국인,True,0.8358,15.7643,-16.5672,외국인,True,10.637,-0.1856,-8.3595,기관,False
2023,222800,2023-05-19,77.4212,17.2272,-92.9137,기관,True,3.7809,-32.3797,28.7504,개인,False,68.2996,38.0727,-101.5545,기관,True
2023,240810,2023-05-19,136.6641,75.3685,-211.1643,기관,True,55.987,-6.3718,-46.5409,기관,False,-103.6176,115.5142,-12.9735,외국인,False
2023,319660,2023-05-19,34.397,39.1909,-63.5179,외국인,True,8.321,7.0447,-6.1268,기관,True,1.2293,22.9196,-22.6726,외국인,True
2023,353200,2023-05-19,157.4049,20.9929,-195.7635,기관,True,3.8997,-48.7684,44.0983,개인,False,116.4029,-13.9748,-94.3759,기관,False
2023,399720,2023-05-19,22.0827,-18.0255,-5.1761,기관,False,17.3699,-11.083,-6.9075,기관,False,14.2176,-12.1923,-1.1078,기관,False
2023,000880,2023-05-22,46.0376,146.8033,-190.0402,외국인,True,16.8791,50.8383,-68.2372,외국인,True,-7.1186,134.0902,-123.7107,외국인,False
2023,010140,2023-05-22,111.3971,313.8921,-432.5714,외국인,True,49.9171,26.356,-86.0012,기관,True,154.026,414.9346,-568.2686,외국인,True
2023,068760,2023-05-22,22.8675,45.2769,-71.4049,외국인,True,20.6704,29.5987,-47.8111,외국인,True,2.5582,58.3619,-56.516,외국인,True
2023,196170,2023-05-22,48.3854,-46.7441,-7.812,기관,False,54.3024,-28.669,-20.7603,기관,False,-40.1286,-37.5075,68.5382,개인,False
2023,254490,2023-05-22,-2.8199,-49.7927,51.9986,개인,False,-2.7292,-58.2415,59.9625,개인,False,-0.5598,-3.0624,2.8402,개인,False
2023,361610,2023-05-22,109.2814,126.7879,-231.4184,외국인,True,78.8374,-19.4893,-64.634,기관,False,114.3281,47.7603,-160.4621,기관,True
2023,009420,2023-05-23,165.2957,-26.5179,-138.2656,기관,False,184.056,-59.0711,-125.3994,기관,False,23.5822,-46.7767,22.2098,기관,False
2023,066670,2023-05-23,0.3303,10.0316,-10.0735,외국인,True,0.0127,6.4553,-6.8134,외국인,True,-0.3065,-6.7106,5.1771,개인,False
2023,108860,2023-05-23,4.7212,37.7001,-45.1872,외국인,True,-0.1652,-4.1773,2.4876,개인,False,-5.1112,-63.5452,72.6426,개인,False
2023,396300,2023-05-23,-0.188,0.5186,-0.1862,외국인,False,-0.1834,4.6095,-4.1252,외국인,False,-0.029,1.6933,13.8484,개인,False
2023,418550,2023-05-23,-37.8071,38.2512,-10.0463,외국인,False,-90.9393,-3.7025,87.5502,개인,False,42.8254,29.2095,-1.3823,기관,True
2023,042660,2023-05-24,26.6956,199.8848,-225.4127,외국인,True,3.605,146.8299,-150.4219,외국인,True,-154.8364,-50.3938,207.3199,개인,False
2023,086960,2023-05-24,1.074,-75.3626,73.4862,개인,False,0.6066,-51.0873,45.7304,개인,False,-5.6763,9.3762,-0.5052,외국인,False
2023,294090,2023-05-24,-1.3989,78.4787,-78.0126,외국인,False,6.3364,96.8288,-110.007,외국인,True,101.4892,598.7797,-644.7428,외국인,True
2023,304840,2023-05-24,3.0609,-1.0242,-2.9684,기관,False,1.8211,5.5012,-7.3424,외국인,True,4.1914,0.9186,-9.7847,기관,True
2023,039030,2023-05-25,145.5174,-14.3364,-128.2483,기관,False,83.3204,-11.0038,-65.8641,기관,False,102.4728,-130.1145,22.3313,기관,False
2023,118990,2023-05-25,-5.4169,-57.1127,63.1065,개인,False,-4.1975,-52.4285,55.3783,개인,False,-16.1674,-0.1162,12.2338,개인,False
2023,119650,2023-05-25,0.6918,0.0977,-3.5868,기관,True,0.0537,-4.5469,4.2212,개인,False,-54.6718,9.8216,46.6586,개인,False
2023,093370,2023-05-30,50.547,-25.5018,-26.2637,기관,False,13.736,-71.3217,58.3136,개인,False,9.6432,-67.0263,66.6771,개인,False
2023,112610,2023-05-30,-22.0246,174.4822,-143.8246,외국인,False,-70.4373,63.0422,15.8806,외국인,False,216.2097,66.2273,-280.0042,기관,True
2023,377300,2023-05-31,-26.1237,204.788,-167.8153,외국인,False,-25.8288,124.1781,-89.9816,외국인,False,-181.9455,-90.6419,271.3844,개인,False
2023,092220,2023-06-01,-10.108,-134.0107,144.5447,개인,False,-34.4972,76.8206,-40.9527,외국인,False,72.6796,-7.1922,-66.6159,기관,False
2023,115160,2023-06-01,-0.0,-105.5529,103.5604,개인,False,-0.0,85.398,-85.7197,외국인,False,0.0,40.6289,-41.4575,외국인,False
2023,357550,2023-06-01,3.2591,-25.1497,20.0274,개인,False,3.3834,-45.2421,42.3272,개인,False,-0.6931,12.1604,-12.0869,외국인,False
2023,011790,2023-06-02,35.5168,106.989,-144.5876,외국인,True,-21.3295,-33.3055,50.5861,개인,False,363.4152,-5.9368,-353.8622,기관,False
2023,034020,2023-06-02,-32.0969,239.8825,-187.7628,외국인,False,-110.516,181.6461,-48.5116,외국인,False,806.558,1869.9678,-2633.0319,외국인,True
2023,047050,2023-06-02,-19.1548,284.1107,-262.5954,외국인,False,-94.7817,234.1907,-145.1244,외국인,False,-32.444,-119.1196,141.4549,개인,False
2023,078600,2023-06-02,85.8025,24.2237,-109.9603,기관,True,69.7968,-25.0707,-42.4096,기관,False,101.9856,-6.9772,-104.3275,기관,False
2023,095500,2023-06-02,-7.2336,131.2611,-122.6775,외국인,False,-11.3443,84.7624,-72.5272,외국인,False,23.4435,-46.5625,13.6942,기관,False
2023,267260,2023-06-02,91.3428,-33.6566,-61.8393,기관,False,62.967,-104.0857,37.8179,기관,False,110.7635,-116.0309,2.2235,기관,False
2023,338220,2023-06-02,-20.9889,60.4281,-26.1249,외국인,False,-8.9997,-8.4563,21.4357,개인,False,61.1805,-54.765,47.7899,기관,False
2023,009520,2023-06-05,-0.2693,68.6183,-26.8878,외국인,False,1.4039,90.7226,-49.65,외국인,True,8.6204,-94.8519,87.92,개인,False
2023,034220,2023-06-05,50.8995,101.8101,-156.4897,외국인,True,17.2433,18.9263,-40.7161,외국인,True,92.8035,-52.0219,-38.8108,기관,False
2023,036890,2023-06-05,13.3215,53.9691,-70.1351,외국인,True,-4.8121,5.4775,-0.1322,외국인,False,0.2651,-31.7519,25.5298,개인,False
2023,101670,2023-06-05,-0.8757,123.2483,-100.3013,외국인,False,-1.1504,69.2744,-64.7701,외국인,False,-0.3856,-3.1383,123.9454,개인,False
2023,114190,2023-06-05,-1.4256,49.0827,-52.2104,외국인,False,-2.7836,51.8864,-47.9587,외국인,False,-3.8605,-40.3977,45.4504,개인,False
2023,115500,2023-06-05,0.1137,-3.5809,3.0893,개인,False,0.0194,-11.4242,11.4598,개인,False,-0.1138,-1.7133,2.3681,개인,False
2023,377480,2023-06-05,21.5865,2.0413,-25.1977,기관,True,13.3389,-2.0573,-12.3562,기관,False,-32.2011,8.1738,26.3619,개인,False
2023,011500,2023-06-07,-0.0685,7.1742,-4.8736,외국인,False,-0.2064,-2.3825,5.7198,개인,False,0.4701,8.7686,-12.1084,외국인,True
2023,011930,2023-06-07,31.952,434.6337,-488.3483,외국인,True,19.338,-37.0401,20.5109,개인,False,35.7994,-55.3172,12.574,기관,False
2023,014580,2023-06-07,-1.5665,-13.0922,15.2283,개인,False,-1.4232,0.9582,1.0449,개인,False,-0.0747,18.2659,-18.876,외국인,False
2023,270520,2023-06-07,1.132,401.9458,-406.6208,외국인,True,1.1701,337.7826,-345.8834,외국인,True,62.0801,-184.7369,122.5019,개인,False
2023,376180,2023-06-07,-4.6771,8.0725,-4.5441,외국인,False,-5.9566,2.5585,3.601,개인,False,0.6098,-46.0786,45.9548,개인,False
2023,383310,2023-06-07,22.2138,75.3357,-94.7779,외국인,True,16.9069,50.8445,-65.6419,외국인,True,5.3009,34.4966,-38.0229,외국인,True
2023,005420,2023-06-08,242.0286,-250.5318,-11.067,기관,False,30.5172,-76.1344,28.4225,기관,False,32.8767,-487.1139,457.5869,개인,False
2023,009830,2023-06-08,529.3023,157.1424,-681.1771,기관,True,315.5327,-90.1877,-224.2562,기관,False,55.6401,-21.274,-18.3973,기관,False
2023,028670,2023-06-08,184.6229,-28.2336,-156.5311,기관,False,110.2041,-9.1029,-102.0078,기관,False,29.7562,-12.2581,-18.0653,기관,False
2023,047810,2023-06-08,121.6406,108.5783,-232.0077,기관,True,70.8464,107.8237,-181.804,외국인,True,-50.4357,-87.3706,135.6186,개인,False
2023,049070,2023-06-08,31.5779,0.4588,-41.6845,기관,True,15.69,-12.3033,-10.0291,기관,False,17.313,-17.194,3.7591,기관,False
2023,267270,2023-06-08,17.0603,53.6334,-83.0324,외국인,True,4.2567,9.9023,-14.2843,외국인,True,101.6737,-65.5212,-25.975,기관,False
2023,000990,2023-06-09,108.9767,-449.2795,340.0091,개인,False,25.3317,-458.1827,430.6295,개인,False,30.7107,58.6502,-95.0522,외국인,True
2023,011200,2023-06-09,199.4664,221.0714,-417.792,외국인,True,146.1925,49.7802,-249.4984,기관,True,-29.2305,59.3453,-55.0084,외국인,False
2023,055550,2023-06-09,508.0517,-334.3296,-160.7674,기관,False,358.3198,-369.7919,8.5211,기관,False,-0.6746,-476.6154,469.8239,개인,False
2023,073640,2023-06-09,0.0237,17.5117,0.7904,외국인,True,-0.1078,4.9169,-0.8337,외국인,False,-0.1566,-7.4598,2.8999,개인,False
2023,086790,2023-06-09,309.7928,-105.8842,-229.41,기관,False,124.8164,-75.6035,-78.1105,기관,False,27.605,-633.5184,568.965,개인,False
2023,417840,2023-06-09,12.0942,1.8105,-16.3027,기관,True,1.0851,-5.5567,2.502,개인,False,0.0682,-3.6859,2.1773,개인,False
2023,018470,2023-06-12,11.4936,53.8329,-70.5775,외국인,True,-5.1116,-4.6547,23.6961,개인,False,-90.6752,-57.4726,173.1244,개인,False
2023,022100,2023-06-12,34.2693,-244.413,235.2474,개인,False,26.9989,-241.2308,241.1872,개인,False,30.3406,-11.0101,-29.8792,기관,False
2023,248070,2023-06-12,15.1158,70.7587,-81.8718,외국인,True,-36.51,78.3086,-38.8845,외국인,False,122.1251,13.274,-133.9647,기관,True
2023,281740,2023-06-12,7.612,75.7806,-86.3893,외국인,True,11.899,57.5398,-71.5332,외국인,True,-18.9687,94.5529,-72.831,외국인,False
2023,001790,2023-06-13,-1.1627,-13.2893,7.8575,개인,False,-1.5198,-9.2842,3.8737,개인,False,-7.8628,-10.8663,19.5484,개인,False
2023,003490,2023-06-13,369.4403,64.7379,-439.4652,기관,True,189.9019,-20.4248,-178.6838,기관,False,376.1055,196.838,-613.7734,기관,True
2023,064550,2023-06-13,72.9437,230.255,-338.6415,외국인,True,-7.7106,133.8191,-148.7788,외국인,False,-130.0611,-318.8536,434.3208,개인,False
2023,208370,2023-06-13,0.4301,30.7312,-30.3036,외국인,True,0.2582,-0.939,1.5714,개인,False,-0.8313,-23.8567,24.3409,개인,False
2023,025820,2023-06-14,5.127,-0.0868,-5.4066,기관,False,-0.3191,0.6439,-0.4265,외국인,False,-4.9559,-1.8851,7.9662,개인,False
2023,058430,2023-06-14,1.7812,-0.4818,-0.9949,기관,False,-0.0436,-1.0122,1.4358,개인,False,-1.6049,-1.7436,4.9896,개인,False
2023,079170,2023-06-14,-0.0412,-7.8279,6.5945,개인,False,0.0113,7.2142,-7.4179,외국인,True,-0.0078,0.4733,0.93,개인,False
2023,131400,2023-06-14,0.7462,68.2232,-30.0274,외국인,True,0.417,11.3108,25.2315,개인,True,0.4022,-64.197,49.3865,개인,False
2023,001390,2023-06-15,0.8677,-16.948,15.9904,개인,False,0.8729,-4.8921,4.5497,개인,False,-1.3752,-0.7056,1.4379,개인,False
2023,001570,2023-06-15,-91.7352,-358.4082,445.3701,개인,False,138.8133,-567.852,415.1389,개인,False,-65.9806,-135.1055,189.8495,개인,False
2023,030960,2023-06-15,-0.0039,2.5286,-2.6923,외국인,False,0.2197,-8.342,6.6394,개인,False,-0.3135,-10.4358,11.7875,개인,False
2023,006260,2023-06-16,-58.2568,25.4599,37.641,개인,False,-41.2143,10.7044,30.2004,개인,False,-25.0389,-245.5095,277.3521,개인,False
2023,064350,2023-06-16,269.334,-520.6,225.6271,기관,False,191.7084,-580.6017,372.1811,개인,False,627.8296,1035.8392,-1673.8696,외국인,True
2023,161000,2023-06-16,13.5487,32.0398,-12.7439,외국인,True,8.5601,70.9243,-44.6999,외국인,True,-11.1248,74.5398,-44.6819,외국인,False
2023,214370,2023-06-16,-6.1062,32.1413,-25.5513,외국인,False,1.2726,1.7455,-1.9363,외국인,True,6.1373,1.8255,-6.106,기관,True
2023,225570,2023-06-19,88.2347,137.7177,-236.8013,외국인,True,-24.4695,10.8768,10.5823,외국인,False,82.4865,41.6002,-118.0628,기관,True
2023,407400,2023-06-19,-0.5943,11.1874,-11.6372,외국인,False,-0.3376,13.7185,-13.9386,외국인,False,-2.3001,4.9747,-0.545,외국인,False
2023,000720,2023-06-26,-545.1456,-239.2813,783.5173,개인,False,36.4503,-153.4488,125.2752,개인,False,102.069,-471.1439,367.0908,개인,False
2023,013310,2023-06-26,-1.8024,11.3933,-7.4945,외국인,False,-6.2356,-36.1489,45.3735,개인,False,-5.15,-43.0952,55.8797,개인,False
2023,033780,2023-06-26,116.5855,-5.4961,-87.7131,기관,False,48.1777,-70.8385,42.4094,기관,False,111.4351,-136.3336,1.1488,기관,False
2023,011210,2023-06-27,113.8948,152.9245,-258.5916,외국인,True,55.7422,72.871,-126.6725,외국인,True,188.0434,18.2706,-211.5372,기관,True
2023,015760,2023-06-27,232.7057,171.7015,-422.5778,기관,True,-15.4419,-20.7061,19.7109,개인,False,262.2937,218.1121,-497.7941,기관,True
2023,000270,2023-06-28,218.9547,829.7167,-1033.8352,외국인,True,480.816,690.1834,-1152.4142,외국인,True,31.7762,709.5055,-847.9326,외국인,True
2023,347000,2023-06-29,7.5175,-4.2561,1.7846,기관,False,2.192,-6.6284,7.0394,개인,False,5.7931,7.2942,-13.2686,외국인,True
2023,028050,2023-07-03,66.3608,125.3281,-187.9235,외국인,True,25.9734,41.8718,-66.0101,외국인,True,-121.3723,291.4091,-176.3553,외국인,False
2023,049180,2023-07-03,-17.9616,-0.0658,22.7608,개인,False,-0.0166,-3.4476,6.7662,개인,False,-0.0326,1.0667,0.3228,외국인,False
2023,394280,2023-07-03,19.7664,53.1797,-73.7523,외국인,True,8.9525,-1.4249,-7.7119,기관,False,-34.2549,-51.1684,87.6719,개인,False
2023,015750,2023-07-04,31.956,81.928,-127.1007,외국인,True,37.9913,50.9178,-98.4973,외국인,True,53.2344,635.7857,-782.4219,외국인,True
2023,200880,2023-07-04,31.3807,13.0176,-15.9675,기관,True,24.5125,-3.0999,17.4781,기관,False,58.9431,3.2077,-61.8859,기관,True
2023,424980,2023-07-04,-1.4042,39.3138,-39.0072,외국인,False,-1.3226,5.4683,-4.9912,외국인,False,2.1833,42.3197,-41.6229,외국인,True
2023,298830,2023-07-05,-26.7253,16.5482,14.6275,외국인,False,-27.576,19.2704,8.6817,외국인,False,-20.7728,-14.02,88.938,개인,False
2023,161390,2023-07-06,46.1163,72.9827,-112.9506,외국인,True,45.2805,21.7576,-66.1498,기관,True,12.2428,14.7709,-28.1177,외국인,True
2023,008770,2023-07-10,28.7192,16.8277,-43.2639,기관,True,-1.8081,-27.7376,31.0566,개인,False,150.2519,-85.3798,-65.8992,기관,False
2023,032830,2023-07-10,-59.1806,302.2907,-243.5301,외국인,False,-48.3361,103.4373,-54.446,외국인,False,38.9534,105.1025,-142.0262,외국인,True
2023,051600,2023-07-11,-42.812,76.0722,-36.9492,외국인,False,-94.9283,40.1872,50.2268,개인,False,-19.7492,-6.2507,25.7957,개인,False
2023,058970,2023-07-11,-39.3793,55.1865,-16.8237,외국인,False,-39.4266,34.3236,7.3006,외국인,False,-71.2748,42.3403,-17.8421,외국인,False
2023,241560,2023-07-11,169.5185,-75.8593,-86.2424,기관,False,204.6618,-121.874,-79.1797,기관,False,-174.6563,166.7882,12.2977,외국인,False
2023,282720,2023-07-11,-22.4434,2.5444,18.5624,개인,False,-3.3488,-3.4524,6.4337,개인,False,-2.4894,-13.2116,17.5839,개인,False
2023,009520,2023-07-12,8.9979,-18.2819,9.2084,개인,False,16.5737,-7.682,-24.3143,기관,False,39.4566,36.8157,-62.9612,기관,True
2023,089600,2023-07-12,-18.3354,-27.7771,46.5594,개인,False,-23.1965,-38.7787,62.465,개인,False,-14.9571,-6.9472,23.0238,개인,False
2023,093370,2023-07-12,32.171,109.1205,-153.048,외국인,True,-18.133,8.6426,9.5603,개인,False,-52.0664,2.0257,53.071,개인,False
2023,068760,2023-07-13,-77.2327,-0.0658,67.6951,개인,False,-117.1507,-110.7692,224.3027,개인,False,-104.4745,39.9336,70.875,개인,False
2023,079810,2023-07-13,0.6445,78.3331,-79.7088,외국인,True,-0.6597,10.616,-12.0775,외국인,False,0.2846,15.9599,-12.7661,외국인,True
2023,376300,2023-07-13,113.1229,-18.4783,-97.6665,기관,False,19.9311,49.2842,-71.4626,외국인,True,-17.0919,-68.2195,83.0698,개인,False
2023,011200,2023-07-14,58.4503,167.1176,-223.3544,외국인,True,-12.5044,162.921,-148.9949,외국인,False,-350.7141,306.5414,54.0618,외국인,False
2023,078150,2023-07-14,0.0485,1.4935,18.5437,개인,True,-0.0062,0.323,3.6639,개인,False,0.119,-6.5068,5.5263,개인,False
2023,105560,2023-07-14,273.3584,169.6594,-438.2977,기관,True,-60.9725,-40.3843,101.6668,개인,False,-116.964,202.0139,-79.0024,외국인,False
2023,005420,2023-07-17,6.4548,-37.3203,29.5733,개인,False,-10.9675,-27.5522,28.851,개인,False,42.2148,-188.5091,144.39,개인,False
2023,047040,2023-07-17,67.7244,174.48,-228.9461,외국인,True,18.8168,155.7636,-175.5914,외국인,True,-25.1825,-120.7097,148.9582,개인,False
2023,095500,2023-07-17,5.0771,66.5675,-71.1028,외국인,True,0.7981,10.1439,-13.4785,외국인,True,9.8326,-74.3367,76.1144,개인,False
2023,095610,2023-07-17,-46.8469,98.3426,-51.0187,외국인,False,-19.3438,26.241,-6.8288,외국인,False,-5.2484,-39.5093,43.9924,개인,False
2023,114190,2023-07-17,-0.717,6.2444,-16.0874,외국인,False,-1.6441,0.1252,-2.4629,외국인,False,0.04,-2.6028,-20.4515,기관,False
2023,277810,2023-07-17,-10.0146,47.1718,-45.8732,외국인,False,-8.837,63.0492,-56.2479,외국인,False,-6.2242,-1.4322,8.9856,개인,False
2023,323410,2023-07-17,266.9407,414.3263,-677.5226,외국인,True,272.3957,299.104,-568.6736,외국인,True,-39.8676,103.3135,-63.6568,외국인,False
2023,332290,2023-07-17,0.0405,-24.7561,27.9262,개인,False,0.0478,-6.4745,-7.0089,기관,False,-0.0505,37.9487,-52.6865,외국인,False
2023,030520,2023-07-18,-8.3028,70.7367,-10.3378,외국인,False,-0.5712,-12.673,12.9832,개인,False,-3.6958,-22.577,26.5239,개인,False
2023,036810,2023-07-18,-17.4577,-41.4095,55.212,개인,False,-1.8882,-16.2491,17.1416,개인,False,76.2014,127.6933,-207.545,외국인,True
2023,054450,2023-07-18,-36.2947,60.0254,-24.6408,외국인,False,-5.8263,44.0134,-37.1001,외국인,False,5.3808,10.6304,-16.1788,외국인,True
2023,304100,2023-07-18,19.6673,8.666,-43.9975,기관,True,2.5818,2.0848,-7.3876,기관,True,117.1225,-10.1744,-113.8556,기관,False
2023,348370,2023-07-18,-46.6121,84.412,-32.2685,외국인,False,-26.2078,40.2499,-8.4746,외국인,False,-5.298,-61.5115,68.6419,개인,False
2023,000250,2023-07-19,70.5457,-66.5107,-13.7151,기관,False,11.5577,-39.9444,23.044,개인,False,89.1155,-58.408,-21.5939,기관,False
2023,009420,2023-07-19,54.7995,-25.4678,-29.7733,기관,False,27.0625,-31.2473,4.1165,기관,False,9.1212,32.3664,-41.4715,외국인,True
2023,118990,2023-07-19,-2.934,-0.6145,0.3334,개인,False,-2.4744,-9.5284,11.8601,개인,False,0.2576,-8.1699,9.7224,개인,False
2023,249420,2023-07-19,-0.0043,-33.6407,33.9083,개인,False,0.0305,-30.3524,30.2288,개인,False,0.4794,-1.4163,1.6527,개인,False
2023,272290,2023-07-19,57.3314,49.8696,-103.3678,기관,True,-2.5087,-4.1565,10.8494,개인,False,141.5443,42.6618,-183.9142,기관,True
2023,317830,2023-07-19,-1.6554,28.3084,-28.1315,외국인,False,-0.6669,15.3816,-14.4724,외국인,False,4.2766,-17.255,12.4072,개인,False
2023,002680,2023-07-20,-0.0095,-23.0456,17.9341,개인,False,-0.0095,-24.1956,18.9071,개인,False,0.0823,-2.2227,1.0161,개인,False
2023,028300,2023-07-20,1.6188,-163.7984,159.3254,개인,False,-50.9439,-361.4906,407.7574,개인,False,36.9857,6.9499,-42.0021,기관,True
2023,058610,2023-07-20,39.5342,3.2391,-46.5823,기관,True,9.7342,-13.4444,-1.7557,기관,False,12.1776,-47.9183,36.0723,개인,False
2023,196170,2023-07-20,-0.0683,30.2389,-26.4893,외국인,False,-27.6304,35.7926,-7.6609,외국인,False,52.4854,33.1435,-85.0709,기관,True
2023,000100,2023-07-21,366.2494,122.3049,-482.8663,기관,True,56.5247,29.4544,-84.533,기관,True,289.9183,-189.231,-101.7353,기관,False
2023,018470,2023-07-21,68.2059,50.62,-119.4521,기관,True,-0.6839,-27.2036,27.725,개인,False,0.8674,174.7324,-222.4609,외국인,True
2023,039200,2023-07-21,-10.748,17.9326,-12.712,외국인,False,-20.0644,16.9023,0.3259,외국인,False,60.7849,82.8221,-155.7204,외국인,True
2023,039840,2023-07-21,8.7911,43.7846,-69.8503,외국인,True,-12.2529,-30.5915,20.0388,개인,False,-15.8174,-68.239,85.2962,개인,False
2023,079160,2023-07-21,7.6313,0.3425,-13.8981,기관,True,0.0221,7.6447,-11.4471,외국인,True,22.6056,-15.7069,-8.3138,기관,False
2023,108860,2023-07-21,-17.8047,-41.6827,62.5292,개인,False,4.0593,-58.3414,57.2653,개인,False,8.2351,-12.4301,8.4685,개인,False
2023,298380,2023-07-21,-2.0015,0.095,4.1763,개인,False,-40.1656,33.7094,8.9441,외국인,False,-6.7468,2.3372,3.2255,개인,False
2023,378800,2023-07-21,-4.9238,-8.8452,15.5546,개인,False,-1.2245,-11.6501,13.3746,개인,False,0.0133,1.1362,-1.7912,외국인,True
2023,402030,2023-07-21,0.0676,5.5349,-0.2251,외국인,True,-0.1347,-13.1267,18.74,개인,False,-1.3932,-7.08,15.8415,개인,False
2023,010950,2023-07-24,554.261,-198.372,-346.7291,기관,False,449.8392,-232.1157,-211.0697,기관,False,325.6219,42.9303,-360.2592,기관,True
2023,287410,2023-07-24,,,,,,,,,,,,,,,
2023,361610,2023-07-24,64.7846,393.4966,-472.6384,외국인,True,-37.9094,331.8455,-289.9274,외국인,False,-21.8113,800.8322,-770.3817,외국인,False
2023,418550,2023-07-24,-36.7687,64.3318,-26.6435,외국인,False,-56.5629,37.2529,28.2477,외국인,False,-115.7583,-57.7108,169.414,개인,False
2023,120110,2023-07-25,24.8443,33.0895,-57.5947,외국인,True,20.8422,9.1706,-32.3048,기관,True,-8.1976,15.161,-13.0408,외국인,False
2023,281740,2023-07-25,31.5985,25.2687,-50.054,기관,True,20.6878,-73.9324,55.7004,개인,False,12.6671,16.0204,-20.1672,외국인,True
2023,004020,2023-07-27,101.6015,188.3758,-282.5914,외국인,True,6.855,75.0916,-76.2904,외국인,True,120.1034,125.3215,-245.6574,외국인,True
2023,033780,2023-07-27,13.2013,195.3731,-204.7745,외국인,True,-59.3797,138.4865,-77.0668,외국인,False,21.2985,-5.8799,-18.6874,기관,False
2023,055550,2023-07-27,121.5682,118.2505,-236.6518,기관,True,-70.62,-181.2212,246.852,개인,False,137.2095,379.9385,-513.0361,외국인,True
2023,086790,2023-07-27,205.9045,-33.4759,-372.1686,기관,False,-64.337,-174.844,9.7642,개인,False,-139.0603,-501.3826,550.3632,개인,False
2023,117730,2023-07-27,21.6365,-25.3464,5.96,기관,False,1.9938,-13.8201,9.7282,개인,False,28.1339,-11.6947,1.8196,기관,False
2023,316140,2023-07-27,-73.9361,346.3835,-317.5157,외국인,False,-101.5181,64.4989,-23.0984,외국인,False,83.6426,-749.9331,644.7753,개인,False
2023,348210,2023-07-27,130.5971,13.5722,-153.0376,기관,True,57.972,8.5741,-70.0313,기관,True,7.6996,-30.5622,29.7515,개인,False
2023,335890,2023-07-28,,,,,,,,,,,,,,,
2023,005290,2023-07-31,107.049,134.2212,-245.943,외국인,True,119.9284,68.8364,-188.2354,기관,True,-76.8552,-359.245,436.9051,개인,False
2023,208370,2023-07-31,-0.0089,19.3359,-15.9626,외국인,False,-4.551,22.1966,-16.8814,외국인,False,-0.1818,1.1643,-0.947,외국인,False
2023,357550,2023-07-31,-1.064,45.9104,-39.0478,외국인,False,-1.2651,15.9987,-6.4488,외국인,False,1.7384,-69.8852,68.7856,개인,False
2023,017670,2023-08-01,252.8252,-144.2969,-124.9698,기관,False,139.8221,-176.7884,27.3138,기관,False,125.9918,-71.9503,-50.5268,기관,False
2023,025820,2023-08-01,-0.0173,1.3235,-0.132,외국인,False,-0.1711,11.8611,-11.0443,외국인,False,0.2689,11.5888,-8.7037,외국인,True
2023,030200,2023-08-01,62.9382,208.2953,-284.3674,외국인,True,-43.5099,-74.6822,100.9012,개인,False,147.6862,172.1486,-314.2752,외국인,True
2023,030960,2023-08-01,0.1501,9.6654,-10.42,외국인,True,-0.0001,12.1845,-11.6691,외국인,False,-0.0956,-12.6823,13.6825,개인,False
2023,035720,2023-08-01,863.5348,1376.082,-2207.26,외국인,True,440.6052,615.0746,-1032.4363,외국인,True,-374.4412,0.421,339.6527,개인,False
2023,047560,2023-08-01,7.9279,17.8183,-26.8997,외국인,True,-7.4219,15.9326,-10.9084,외국인,False,-5.3392,1.7368,13.9607,개인,False
2023,067160,2023-08-01,180.9334,272.7757,-493.2362,외국인,True,59.3069,41.206,-103.7187,기관,True,0.9402,185.7236,-176.0863,외국인,True
2023,205470,2023-08-01,0.106,92.1386,-86.1312,외국인,True,14.7362,239.7567,-266.7293,외국인,True,-1.4611,-94.3536,121.4525,개인,False
2023,217820,2023-08-01,8.0105,-8.0124,2.1121,기관,False,1.1452,5.8745,-4.8207,외국인,True,-4.39,10.627,-4.182,외국인,False
2023,225570,2023-08-01,20.0698,12.9445,-42.7356,기관,True,1.6924,-9.595,2.6605,개인,False,-219.1461,-164.7189,387.9841,개인,False
2023,326030,2023-08-01,106.0729,95.7608,-202.7041,기관,True,35.6192,27.1634,-63.4001,기관,True,176.9369,104.9199,-275.7962,기관,True
2023,348340,2023-08-01,9.6676,14.8076,-24.7342,외국인,True,-1.6187,13.1725,-12.4022,외국인,False,19.043,-16.4507,-2.8707,기관,False
2023,377300,2023-08-01,111.3682,238.2261,-346.04,외국인,True,-19.0335,112.0414,-92.5936,외국인,False,-188.0586,-111.4426,295.3611,개인,False
2023,377480,2023-08-01,2.271,9.9812,-11.8553,외국인,True,0.5587,18.5012,-17.3835,외국인,True,-1.4965,16.4689,-12.3188,외국인,False
2023,112040,2023-08-02,24.1517,-59.7658,36.2551,개인,False,-1.5566,100.3463,-93.8975,외국인,False,239.945,-163.5887,-83.3275,기관,False
2023,257720,2023-08-02,121.7141,-21.8637,-103.6809,기관,False,70.38,31.2381,-102.6804,기관,True,16.1402,-0.5975,-17.8609,기관,False
2023,048410,2023-08-03,-4.9902,-9.6196,12.7703,개인,False,-2.8642,-5.1557,7.6114,개인,False,-0.1594,-16.5614,12.8228,개인,False
2023,141080,2023-08-03,58.4249,16.6533,-51.3217,기관,True,17.8654,-0.5684,1.1952,기관,False,72.0173,-79.2827,6.5146,기관,False
2023,302440,2023-08-03,73.1197,312.1788,-387.3418,외국인,True,25.9385,120.8899,-143.3855,외국인,True,86.2146,145.7999,-230.1499,외국인,True
2023,000120,2023-08-04,59.2871,-20.1592,3.9987,기관,False,3.0191,-70.8455,78.1735,개인,False,89.1292,-30.1424,-53.1474,기관,False
2023,018290,2023-08-04,38.3425,-40.721,-1.2064,기관,False,48.185,-49.4058,-0.4993,기관,False,83.1333,-41.3499,-54.3232,기관,False
2023,214150,2023-08-04,37.7685,-2.2175,-36.5686,기관,False,14.7709,-13.8727,-0.4987,기관,False,26.7981,-142.4792,115.2815,개인,False
2023,084440,2023-08-07,-0.1967,15.7698,-19.1027,외국인,False,-1.8232,3.7134,-3.4268,외국인,False,-0.5665,2.2068,-4.3637,외국인,False
2023,090710,2023-08-07,0.0379,-84.7965,86.1853,개인,False,-0.0505,-74.7939,78.4844,개인,False,-0.0861,1.2616,-1.2416,외국인,False
2023,122870,2023-08-07,156.626,-21.9115,-146.3805,기관,False,113.5094,-73.43,-1.3332,기관,False,82.6486,-113.9306,28.8076,기관,False
2023,352480,2023-08-07,40.127,-4.7789,-35.0815,기관,False,22.1026,-35.5146,11.0445,기관,False,-25.2092,16.0525,1.3954,외국인,False
2023,007070,2023-08-08,52.5101,-49.8549,-2.6669,기관,False,24.5551,-12.292,-12.1297,기관,False,123.7283,20.3117,-141.8348,기관,True
2023,060150,2023-08-09,0.9509,44.6364,-50.157,외국인,True,-1.185,35.4968,-38.6203,외국인,False,6.0686,-37.8378,34.2612,개인,False
2023,064550,2023-08-09,67.4675,158.4891,-229.6388,외국인,True,9.4254,-9.9841,-3.7536,기관,False,32.6449,-47.1624,16.2646,기관,False
2023,091990,2023-08-09,,,,,,,,,,,,,,,
2023,140410,2023-08-09,13.0362,119.7079,-132.683,외국인,True,-18.649,17.9581,1.3913,외국인,False,25.9219,-96.4811,71.3469,개인,False
2023,008770,2023-08-10,609.5404,810.4999,-1411.8784,외국인,True,39.9571,55.3059,-96.9815,외국인,True,619.453,345.6458,-958.785,기관,True
2023,018880,2023-08-10,49.8805,18.1836,-67.3754,기관,True,-37.2088,36.2481,0.9513,외국인,False,-23.9324,134.4607,-106.0921,외국인,False
2023,025980,2023-08-10,-54.7168,-77.88,137.307,개인,False,1.739,-2.632,-0.2612,기관,False,-22.6166,227.3583,-201.6171,외국인,False
2023,039130,2023-08-10,-28.9947,85.5557,-51.1367,외국인,False,-15.5164,13.9142,7.3784,외국인,False,-8.3111,25.6609,-17.1604,외국인,False
2023,114090,2023-08-10,73.9271,-89.4868,52.8681,기관,False,-30.8054,-95.0826,104.5591,개인,False,152.5903,-227.8451,0.6705,기관,False
2023,253450,2023-08-10,68.172,-15.9203,-53.1168,기관,False,20.468,-9.8659,-11.2904,기관,False,-12.8221,-38.4406,51.6605,개인,False
2023,011790,2023-08-11,159.9234,17.7705,-166.5161,기관,True,11.8272,-149.0448,149.6055,개인,False,-69.584,-416.2969,479.2951,개인,False
2023,020150,2023-08-11,43.4173,255.6724,-298.2689,외국인,True,-12.9981,68.6982,-56.4666,외국인,False,-36.4832,-79.2658,119.5687,개인,False
2023,340570,2023-08-11,20.3793,3.346,-21.6636,기관,True,-1.2568,-2.9607,5.1718,개인,False,4.8824,-5.2625,-1.5489,기관,False
2023,196490,2023-08-14,9.4551,-32.8656,2.8379,기관,False,7.3419,-31.4607,13.4576,개인,False,1.9074,40.664,-45.1943,외국인,True
2023,182400,2023-08-16,20.7553,-13.8429,-7.9701,기관,False,11.0715,3.4086,-15.984,기관,True,17.8024,26.646,-40.4216,외국인,True
2023,297090,2023-08-16,126.9009,1.4616,-130.6302,기관,True,56.9271,-9.4676,-47.7523,기관,False,60.9909,-29.4945,-30.0063,기관,False
2023,348080,2023-08-16,-532.4797,-93.5666,870.5936,개인,False,-545.6554,-138.9327,922.821,개인,False,1.393,-20.9304,12.2423,개인,False
2023,248070,2023-08-18,-71.6632,359.6272,-274.1244,외국인,False,-72.6772,308.2046,-221.3129,외국인,False,34.6108,224.4066,-260.0845,외국인,True
2023,060280,2023-08-21,-2.8178,82.8353,-85.9014,외국인,False,9.4608,-89.5647,106.3974,개인,False,10.6001,14.275,114.3455,개인,True
2023,033230,2023-08-23,0.269,-7.1718,6.1114,개인,False,0.4286,-14.0641,13.7134,개인,False,0.4523,-15.6808,14.6587,개인,False
2023,109610,2023-08-23,1.5468,-25.8727,25.154,개인,False,-0.2014,1.1373,0.6994,외국인,False,-1.7525,-9.4615,11.0226,개인,False
2023,001790,2023-08-24,0.3048,-9.9508,1.5589,개인,False,0.2877,10.2277,-20.44,외국인,True,0.124,29.722,-21.0924,외국인,True
2023,356680,2023-08-24,-1.5065,-0.455,8.2341,개인,False,0.3126,0.3596,0.9545,개인,True,-0.0091,15.6946,-21.5803,외국인,False
2023,027710,2023-08-25,0.014,-4.3837,3.7195,개인,False,1.4307,10.5752,-12.069,외국인,True,0.1066,11.8224,-11.3676,외국인,True
2023,103590,2023-08-25,39.2936,76.4981,-116.8361,외국인,True,18.9152,14.9415,-33.5284,기관,True,43.229,4.1514,-45.2928,기관,True
2023,378800,2023-08-25,-7.6961,4.9905,2.7285,외국인,False,-1.6615,4.8781,-3.2188,외국인,False,-2.6584,0.4157,2.2305,개인,False
2023,099190,2023-08-28,20.871,-15.5106,-5.461,기관,False,29.3016,20.555,-47.8024,기관,True,24.6211,-39.9012,8.0565,기관,False
2023,105840,2023-08-28,-2.3181,17.7921,-16.5059,외국인,False,-2.4811,8.8566,-6.3986,외국인,False,17.7599,-13.0467,-3.7972,기관,False
2023,047810,2023-08-29,86.2812,84.5512,-169.5925,기관,True,45.413,47.5065,-91.7531,외국인,True,-14.967,73.1077,-55.0782,외국인,False
2023,086960,2023-08-29,6.095,7.1106,-14.4983,외국인,True,-0.3101,-63.0001,63.1131,개인,False,-24.9069,-5.4466,32.8831,개인,False
2023,164060,2023-08-29,,,,,,,,,,,,,,,
2023,011930,2023-08-30,61.3548,36.4696,-108.2972,기관,True,231.9013,349.6092,-557.3882,외국인,True,8.7953,-769.7979,756.7981,개인,False
2023,034020,2023-08-30,202.9458,625.0757,-822.0556,외국인,True,130.2759,369.4567,-498.0688,외국인,True,-60.3926,125.8957,-74.6384,외국인,False
2023,042000,2023-08-30,-0.0565,-12.3387,14.0649,개인,False,-0.0009,7.4031,-7.4265,외국인,False,-1.9701,5.3899,-5.1975,외국인,False
2023,054450,2023-08-30,10.69,34.5784,-45.739,외국인,True,8.1533,13.0714,-20.794,외국인,True,51.4298,44.6774,-101.2534,기관,True
2023,363250,2023-08-30,-4.6309,33.1045,-30.3037,외국인,False,-13.0459,-7.4215,16.852,개인,False,15.6133,1.7668,-15.3336,기관,True
2023,396270,2023-08-30,10.83,42.7475,-78.5941,외국인,True,10.4777,-7.141,-4.7011,기관,False,69.9387,0.0418,-59.0019,기관,True
2023,058970,2023-08-31,50.1652,60.3652,-110.1918,외국인,True,53.6756,51.9755,-77.3804,기관,True,20.3608,-90.3249,67.2123,개인,False
2023,067310,2023-08-31,26.2221,133.592,-160.8771,외국인,True,44.7214,54.8089,-98.9009,외국인,True,-433.5096,949.1215,-506.412,외국인,False
2023,078600,2023-08-31,36.3495,37.202,-78.0857,외국인,True,19.3242,48.625,-66.7023,외국인,True,7.2127,-57.9837,41.1155,개인,False
2023,086790,2023-08-31,33.6272,70.1606,-118.1536,외국인,True,-54.7775,41.1713,-54.5447,외국인,False,-156.1476,193.7611,-41.5418,외국인,False
2023,131970,2023-08-31,21.3352,129.174,-151.9539,외국인,True,0.9418,52.4025,-54.0904,외국인,True,200.0173,-49.2452,-160.3068,기관,False
2023,457190,2023-08-31,0.0879,17.1028,-15.5089,외국인,True,0.0111,8.7307,-8.233,외국인,True,4.7661,6.7995,-12.1386,외국인,True
2023,001470,2023-09-01,-59.8218,405.6244,-380.3133,외국인,False,-56.2904,291.0078,-200.1241,외국인,False,19.7729,-542.4167,512.0209,개인,False
2023,005930,2023-09-01,2409.2516,3346.5001,-5765.3102,외국인,True,376.2798,-2485.4242,2076.3271,개인,False,-2481.7993,5182.415,-2713.9557,외국인,False
2023,036930,2023-09-01,93.3983,-20.7316,-75.4107,기관,False,70.2544,-41.0048,-23.1599,기관,False,35.1751,-41.0733,16.962,기관,False
2023,053610,2023-09-01,24.0845,-38.2874,-0.1723,기관,False,4.327,-21.0597,13.0681,개인,False,0.499,-24.002,28.67,개인,False
2023,059090,2023-09-01,4.7747,3.7914,-12.3811,기관,True,-6.4913,2.8615,0.5081,외국인,False,-14.0328,-23.6427,34.6738,개인,False
2023,086280,2023-09-01,21.1017,50.3164,-46.6118,외국인,True,10.149,39.4524,-14.9861,외국인,True,-19.1997,13.4246,6.8416,외국인,False
2023,166090,2023-09-01,55.4975,20.9318,-77.7615,기관,True,8.2203,8.528,-16.3018,외국인,True,20.103,-58.4856,36.0027,개인,False
2023,200710,2023-09-01,14.7601,21.6393,-35.086,외국인,True,-3.4125,4.8028,0.1736,외국인,False,-2.7422,-22.3518,28.3295,개인,False
2023,222800,2023-09-01,61.0436,72.8254,-121.663,외국인,True,15.8115,27.5845,-46.8452,외국인,True,34.6032,-114.8641,107.8286,개인,False
2023,254490,2023-09-01,-1.959,7.5281,-4.8284,외국인,False,0.0055,0.5794,0.398,외국인,True,0.0678,-4.2576,3.8819,개인,False
2023,274400,2023-09-01,-15.5685,-3.0144,31.1183,개인,False,2.5376,2.5448,-2.0253,외국인,True,5.4856,15.9723,-19.8008,외국인,True
2023,399720,2023-09-01,-13.6097,19.6797,-4.6551,외국인,False,-34.2394,27.38,5.3988,외국인,False,15.6823,-9.1659,-2.5787,기관,False
2023,036540,2023-09-04,40.5052,59.3175,-97.8918,외국인,True,5.1216,38.9531,-42.0566,외국인,True,24.4551,54.4515,-77.4321,외국인,True
2023,064350,2023-09-04,105.1903,-130.2797,14.5241,기관,False,98.0375,-81.4356,-24.9469,기관,False,129.0293,-230.5013,100.4487,기관,False
2023,079810,2023-09-04,2.1659,2.3845,-5.0311,외국인,True,1.4615,-40.1903,37.7983,개인,False,3.6812,-55.3226,55.2452,개인,False
2023,094360,2023-09-04,-7.0768,-12.1878,18.3898,개인,False,-4.4245,3.9426,-1.0781,외국인,False,25.1118,-13.1696,-11.6292,기관,False
2023,101170,2023-09-04,0.0267,-9.3446,8.9219,개인,False,0.0369,-8.6258,8.7287,개인,False,-0.0642,14.3147,-13.4466,외국인,False
2023,328130,2023-09-04,33.6379,-10.6806,-18.6892,기관,False,34.8882,-18.9696,-10.9953,기관,False,-15.6399,171.9819,-152.9327,외국인,False
2023,009520,2023-09-05,-12.3433,83.1109,-73.7738,외국인,False,-15.8633,-65.8875,88.4253,개인,False,-0.1299,-95.4549,94.1555,개인,False
2023,067160,2023-09-05,97.0724,52.8403,-149.2564,기관,True,-6.3811,39.3034,-32.2179,외국인,False,122.1671,-104.8176,-17.7658,기관,False
2023,090460,2023-09-05,-46.1072,20.0878,27.9081,개인,False,-59.9061,8.8389,52.7941,개인,False,-74.1816,-75.6595,149.2548,개인,False
2023,297890,2023-09-05,-41.1378,10.6654,30.7175,개인,False,-18.6996,-4.6864,23.9434,개인,False,-132.3136,-21.4272,148.9982,개인,False
2023,304100,2023-09-05,69.0285,32.7373,-96.7755,기관,True,54.1383,-56.5903,1.3979,기관,False,-45.8091,-42.4763,88.5396,개인,False
2023,370090,2023-09-05,-28.1372,-39.5735,69.7932,개인,False,3.3017,-25.6952,19.8935,개인,False,37.2685,27.3873,-66.5906,기관,True
2023,108860,2023-09-06,1.6853,14.3737,-26.7427,외국인,True,6.4289,12.7924,-36.834,외국인,True,-2.5598,61.5424,52.1623,외국인,False
2023,192650,2023-09-06,-14.5981,6.8028,11.6055,개인,False,-8.5936,-7.5086,20.3753,개인,False,-18.8541,-12.0924,38.1921,개인,False
2023,131290,2023-09-07,37.6914,-13.1951,-27.4931,기관,False,21.5344,-37.2496,12.4962,기관,False,13.488,-15.4752,1.9367,기관,False
2023,267250,2023-09-07,162.8868,70.0488,-230.1385,기관,True,33.4918,-28.6591,-7.8717,기관,False,262.4746,315.6214,-563.2199,외국인,True
2023,321260,2023-09-07,0.0011,-1.6246,1.4942,개인,False,0.0002,-10.2938,10.0536,개인,False,11.7322,-0.3535,-11.4572,기관,False
2023,001450,2023-09-08,193.8901,-54.7488,-143.4312,기관,False,44.841,-25.9522,-21.2177,기관,False,240.486,-146.9612,-94.7047,기관,False
2023,389030,2023-09-08,-9.6578,8.6921,-9.7429,외국인,False,-9.4176,-21.6339,22.6485,개인,False,7.3808,-24.6407,16.4867,개인,False
2023,000100,2023-09-11,193.7671,-97.9076,-83.189,기관,False,-27.9236,23.1237,13.3223,외국인,False,88.8457,-192.3776,105.2582,개인,False
2023,009420,2023-09-11,67.4299,110.6049,-178.4585,외국인,True,28.3369,53.7802,-81.5192,외국인,True,47.7569,43.3522,-88.3763,기관,True
2023,010950,2023-09-11,152.4495,-164.3026,-11.1998,기관,False,247.5028,-118.0197,-151.1725,기관,False,237.367,27.8736,-266.9538,기관,True
2023,047560,2023-09-11,1.4984,-11.0189,16.0572,개인,False,1.5056,-2.1425,1.4288,기관,False,-1.4813,-18.7331,12.0955,개인,False
2023,049950,2023-09-11,-4.0221,19.5557,-12.6249,외국인,False,-8.2937,-1.2018,14.7577,개인,False,-9.6673,-17.189,30.8423,개인,False
2023,141080,2023-09-11,15.1584,28.9487,-93.7061,외국인,True,-4.394,-2.2084,-23.9684,외국인,False,82.7197,-66.3824,-56.7148,기관,False
2023,196170,2023-09-11,-0.0781,133.4576,-143.1146,외국인,False,-22.883,1.5284,22.0,개인,False,68.5891,397.599,-436.1859,외국인,True
2023,267270,2023-09-11,10.7317,28.0795,-37.5849,외국인,True,0.6257,-23.9746,22.2998,개인,False,15.6233,-34.7971,19.5397,개인,False
2023,028300,2023-09-12,57.1911,8.0691,-40.9848,기관,True,19.3985,0.7955,-0.7465,기관,True,190.0234,-14.2287,-162.1627,기관,False
2023,047920,2023-09-12,-0.6058,-1.4734,5.2685,개인,False,-0.4416,8.4031,-4.9393,외국인,False,1.9339,-0.2418,2.1287,개인,False
2023,251270,2023-09-12,63.6364,0.7384,-64.379,기관,True,-2.3187,-16.1969,18.6086,개인,False,72.874,-206.1455,136.2447,개인,False
2023,298380,2023-09-12,87.0802,91.1877,-151.3534,외국인,True,14.0228,27.5638,-41.5552,외국인,True,26.5279,-2.2669,-15.545,기관,False
2023,032830,2023-09-13,49.5222,145.6441,-195.9936,외국인,True,27.9237,50.3947,-79.567,외국인,True,89.0905,16.8745,-103.2385,기관,True
2023,000430,2023-09-14,1.299,-15.6985,13.4715,개인,False,3.5479,-0.9529,-3.5109,기관,False,5.4709,1.4894,-5.8375,기관,True
2023,000720,2023-09-14,176.3893,-60.5308,-113.6592,기관,False,102.8132,-15.2725,-84.4551,기관,False,145.5765,-78.1864,-71.4427,기관,False
2023,326030,2023-09-14,379.6626,-113.5172,-275.8289,기관,False,-13.8881,79.0837,-72.7645,외국인,False,-28.5336,0.0004,31.6294,개인,False
2023,394280,2023-09-14,86.7482,36.6809,-119.8174,기관,True,17.3969,-13.634,-6.665,기관,False,-16.9911,-48.5736,70.7409,개인,False
2023,028670,2023-09-15,84.8483,14.6264,-102.477,기관,True,78.5778,-80.0418,1.4612,기관,False,175.6818,-139.9085,-35.8721,기관,False
2023,101160,2023-09-15,27.9085,20.5971,-48.6035,기관,True,27.6338,-33.957,5.4918,기관,False,42.4064,-52.4326,10.9646,기관,False
2023,460860,2023-09-15,40.7474,9.7603,-50.0854,기관,True,29.0212,0.2015,-29.0156,기관,True,11.46,4.6893,-17.2893,기관,True
2023,008770,2023-09-18,199.221,-70.229,-122.8486,기관,False,161.8278,-177.4228,21.194,기관,False,-53.2158,-60.9346,118.8665,개인,False
2023,010120,2023-09-18,26.5126,-4.5479,-22.0261,기관,False,19.2348,1.7893,-20.7627,기관,True,20.1871,-17.5572,-2.748,기관,False
2023,112040,2023-09-18,12.4611,-3.8791,-9.4177,기관,False,15.2245,-4.9248,-11.137,기관,False,-69.1649,-94.623,155.1969,개인,False
2023,241560,2023-09-18,-27.681,151.9439,-25.2255,외국인,False,-26.5381,29.7057,21.242,외국인,False,-41.5719,43.8654,-2.0606,외국인,False
2023,218410,2023-09-19,7.8061,-24.171,14.6019,개인,False,-3.8626,-1.0047,4.4348,개인,False,-3.3845,-29.3682,32.5792,개인,False
2023,257720,2023-09-19,20.4931,71.9161,-88.5272,외국인,True,-11.1683,32.3289,-19.8396,외국인,False,-0.0108,-8.6023,8.022,개인,False
2023,267260,2023-09-19,118.2952,5.0243,-117.3216,기관,True,116.584,-56.0378,-53.996,기관,False,-72.1486,41.554,30.871,외국인,False
2023,000270,2023-09-20,427.6534,293.1314,-701.8327,기관,True,248.9287,-16.9678,-230.2402,기관,False,-170.5122,639.997,-466.2915,외국인,False
2023,042370,2023-09-20,-0.0422,-38.2216,35.5794,개인,False,-0.1601,-30.9093,28.9704,개인,False,-0.1326,55.4849,-57.7568,외국인,False
2023,294630,2023-09-21,-0.0064,11.0498,-15.9472,외국인,False,0.0444,-31.2832,24.7999,개인,False,,,,,
2023,048410,2023-09-22,3.5353,36.4604,-40.238,외국인,True,-1.2059,0.3581,1.7065,개인,False,,,,,
2023,030200,2023-09-27,-44.0964,282.9526,-252.7373,외국인,False,-78.7838,327.1017,-257.8116,외국인,False,,,,,
2023,220100,2023-10-05,22.0466,12.2644,-46.0001,기관,True,30.9498,-9.0522,-20.8696,기관,False,13.3917,-20.4607,17.1817,개인,False
2023,248070,2023-10-06,87.0083,45.0094,-90.7131,기관,True,82.8126,15.3574,-67.7301,기관,True,3.2994,-14.0794,21.7099,개인,False
2023,046970,2023-10-10,-0.195,-3.3627,3.8565,개인,False,1.0525,-10.8083,9.0117,개인,False,0.0,2.4313,-2.723,외국인,False
2023,065350,2023-10-10,0.3728,52.0561,-57.9819,외국인,True,2.5912,143.7697,-145.2918,외국인,True,1.3904,-133.8834,145.6308,개인,False
2023,005420,2023-10-12,132.0624,30.0446,-159.826,기관,True,-4.3701,47.2105,-44.1665,외국인,False,-50.448,-119.3075,165.6044,개인,False
2023,335890,2023-10-12,,,,,,,,,,,,,,,
2023,005860,2023-10-13,0.0768,6.4822,-6.3005,외국인,True,-0.0007,2.2118,-1.0224,외국인,False,-0.014,-4.6392,5.7255,개인,False
2023,037950,2023-10-13,0.4871,-0.4624,-4.1888,기관,False,0.1207,-29.552,27.2347,개인,False,-0.6453,-132.1836,138.4968,개인,False
2023,042700,2023-10-13,-2.3735,409.6696,-423.3885,외국인,False,-52.8079,272.71,-232.2457,외국인,False,346.3651,-141.2512,-212.795,기관,False
2023,047810,2023-10-13,132.6173,254.5253,-384.3692,외국인,True,111.9907,231.0125,-339.0,외국인,True,-74.5735,50.3206,18.9933,외국인,False
2023,229640,2023-10-13,37.1821,-64.6088,-6.7275,기관,False,14.5061,-35.9794,15.327,개인,False,-9.0984,52.4672,-3.6412,외국인,False
2023,403870,2023-10-13,317.8296,132.4788,-447.0981,기관,True,35.1544,44.0835,-81.2715,외국인,True,99.3632,-140.1127,219.5444,개인,False
2023,014530,2023-10-17,-3.8139,5.4274,2.9035,외국인,False,-2.8017,-23.5079,33.6987,개인,False,0.2981,12.9358,-5.1824,외국인,True
2023,091990,2023-10-17,,,,,,,,,,,,,,,
2023,095500,2023-10-17,0.8596,2.2132,-4.7512,외국인,True,1.2841,0.4057,-2.2109,기관,True,12.0473,-35.104,21.9997,개인,False
2023,114190,2023-10-17,0.8941,-4.7038,2.5901,개인,False,0.5539,1.961,-2.3496,외국인,True,-0.2646,5.2565,-4.0318,외국인,False
2023,041020,2023-10-18,16.3505,-9.0735,-8.2839,기관,False,20.207,-23.9659,1.9963,기관,False,-16.1173,-1.7031,16.6211,개인,False
2023,010820,2023-10-19,0.7214,-3.1035,-4.188,기관,False,0.6483,-4.4218,6.074,개인,False,0.1376,2.72,4.2516,개인,True
2023,067310,2023-10-24,96.8491,-98.2739,-15.9089,기관,False,24.6879,-75.2818,45.0938,개인,False,61.8268,-416.6769,340.6894,개인,False
2023,131970,2023-10-24,86.3939,7.9982,-85.0894,기관,True,53.9447,-20.8226,-27.7701,기관,False,-59.793,46.1824,31.5019,외국인,False
2023,023410,2023-10-25,-19.6873,-6.7889,28.3836,개인,False,-19.5698,-11.346,31.8439,개인,False,0.1582,0.1296,0.6378,개인,True
2023,161890,2023-10-25,72.5176,-6.8496,-65.4588,기관,False,57.8656,-30.0738,-32.5814,기관,False,62.803,-29.3737,-35.6286,기관,False
2023,272210,2023-10-30,15.6587,8.2207,-25.1333,기관,True,22.4326,-43.1456,21.7241,기관,False,95.3146,-28.0509,-69.3266,기관,False
2023,011790,2023-10-31,-224.0759,-229.3036,440.8839,개인,False,-190.7897,-232.2462,408.4526,개인,False,-43.7869,37.9475,10.9359,외국인,False
2023,020560,2023-10-31,-2.6753,15.7165,-8.3149,외국인,False,-16.7077,8.9722,8.8927,외국인,False,12.6676,33.3505,-46.7205,외국인,True
2023,036620,2023-10-31,31.1972,17.9864,-47.8817,기관,True,18.8068,-8.2995,-7.7988,기관,False,13.9966,4.4212,-18.5225,기관,True
2023,053290,2023-10-31,-0.0171,5.3421,-5.285,외국인,False,0.0007,2.9116,-2.6675,외국인,True,0.0016,-5.4038,5.8944,개인,False
2023,017890,2023-11-01,-25.4159,-2.1015,28.0979,개인,False,0.6265,-2.7161,2.4668,개인,False,-0.8439,2.7107,-2.4835,외국인,False
2023,362320,2023-11-01,5.1163,0.3139,0.8634,기관,True,6.1605,-2.0556,-0.4759,기관,False,7.0497,-1.2693,-4.896,기관,False
2023,079370,2023-11-02,5.8996,1.088,-11.5809,기관,True,-1.4932,5.2428,-6.1086,외국인,False,19.1491,-8.989,-10.2244,기관,False
2023,161390,2023-11-02,106.4375,-11.8765,-92.3522,기관,False,51.6463,-83.5265,23.8423,기관,False,-39.5523,187.3498,-149.7241,외국인,False
2023,240810,2023-11-02,11.0257,42.4926,-54.3218,외국인,True,14.4068,-23.668,10.3817,기관,False,-36.9848,142.6946,-106.6534,외국인,False
2023,322510,2023-11-02,98.3431,-72.9142,-23.3734,기관,False,41.1214,-53.877,9.4917,기관,False,5.3535,27.975,-28.9051,외국인,True
2023,377480,2023-11-02,0.8509,-5.1712,3.3823,개인,False,0.4603,0.7785,-1.8179,외국인,True,7.799,0.1286,-6.6359,기관,True
2023,018290,2023-11-03,5.605,46.3298,-88.7301,외국인,True,-5.1401,32.7744,-45.2243,외국인,False,12.2228,-94.1542,106.3212,개인,False
2023,196170,2023-11-03,142.6082,-122.3644,-17.2847,기관,False,172.6534,-173.7691,-5.2968,기관,False,-70.2506,159.8455,-84.9404,외국인,False
2023,328130,2023-11-03,28.4809,18.2054,-50.0074,기관,True,18.7892,9.8022,-32.4153,기관,True,21.9835,-38.1662,14.7645,기관,False
2023,338220,2023-11-03,67.989,-95.7792,15.6288,기관,False,64.3526,-97.9119,29.7372,기관,False,31.13,-3.0676,-21.7151,기관,False
2023,003490,2023-11-06,115.7674,32.1805,-151.8441,기관,True,63.8832,4.6104,-67.2414,기관,True,82.6107,-9.8119,-74.2553,기관,False
2023,005290,2023-11-06,0.5293,23.7853,-26.4709,외국인,True,10.7417,24.6377,-36.7052,외국인,True,76.8129,39.8755,-116.6308,기관,True
2023,005930,2023-11-06,2705.1364,2986.4898,-5782.5273,외국인,True,2146.813,2342.6376,-4475.8068,외국인,True,-261.2643,5022.6762,-4514.8121,외국인,False
2023,009830,2023-11-06,440.3635,-121.4177,-328.3577,기관,False,347.8446,-192.4569,-159.9707,기관,False,-58.5517,35.4387,21.2058,외국인,False
2023,011200,2023-11-06,43.4837,153.4372,-181.3056,외국인,True,17.7113,46.012,-62.7089,외국인,True,133.6176,0.5378,-130.8114,기관,True
2023,020150,2023-11-06,35.6157,29.7671,-65.3536,기관,True,17.5381,-15.3419,-2.5102,기관,False,-69.3769,79.6337,-10.6634,외국인,False
2023,022100,2023-11-06,343.0125,428.0098,-755.8638,외국인,True,139.5585,-214.347,67.7281,기관,False,67.9921,155.6343,-193.0894,외국인,True
2023,028300,2023-11-06,0.3094,327.6831,-329.3228,외국인,True,5.568,-1.1497,-4.0455,기관,False,-38.0074,69.7821,-24.8276,외국인,False
2023,032350,2023-11-06,30.4251,22.1171,-33.3715,기관,True,48.7404,-7.6571,-42.0275,기관,False,-58.6205,46.7183,12.9967,외국인,False
2023,033780,2023-11-06,107.8905,-6.1988,-95.9353,기관,False,52.3474,-32.2567,-16.1901,기관,False,19.9826,113.1602,-132.7084,외국인,True
2023,035720,2023-11-06,516.7337,75.6805,-576.4134,기관,True,61.2654,208.7954,-255.0525,외국인,True,51.7814,471.3734,-515.5003,외국인,True
2023,036930,2023-11-06,-18.9881,365.9339,-361.912,외국인,False,-9.0374,204.6685,-199.2987,외국인,False,-10.2402,341.1047,-331.9927,외국인,False
2023,039440,2023-11-06,19.5674,10.4371,-28.0643,기관,True,4.4982,16.7032,-18.8656,외국인,True,-69.2533,44.8391,20.576,외국인,False
2023,060280,2023-11-06,4.302,-15.2258,7.5688,개인,False,3.9004,-8.0576,0.7814,기관,False,-7.3093,-6.9036,11.4481,개인,False
2023,068760,2023-11-06,-16.747,99.9092,-84.9622,외국인,False,4.2301,48.3244,-52.3303,외국인,True,-2.3522,14.838,-7.02,외국인,False
2023,078600,2023-11-06,23.6799,72.2435,-101.5427,외국인,True,-1.8853,57.866,-54.8105,외국인,False,-20.639,6.7941,15.9235,개인,False
2023,095340,2023-11-06,89.9722,16.1992,-106.046,기관,True,11.252,6.907,-13.5231,기관,True,-157.1163,3.1555,152.5991,개인,False
2023,108860,2023-11-06,10.1204,-25.8963,21.5737,개인,False,8.2092,-33.6052,23.0491,개인,False,4.4523,-14.279,11.3483,개인,False
2023,122870,2023-11-06,107.3242,-219.4899,98.5003,기관,False,76.8985,-239.8425,147.0345,개인,False,-4.9934,-29.0102,32.3511,개인,False
2023,205470,2023-11-06,-18.5399,38.813,-18.1726,외국인,False,4.4464,76.2065,-79.5938,외국인,True,-20.7264,-21.1429,33.7245,개인,False
2023,251270,2023-11-06,81.8822,25.9333,-107.3756,기관,True,42.3284,10.0817,-51.2528,기관,True,66.4487,66.7115,-129.5054,외국인,True
2023,281740,2023-11-06,-17.9749,-86.6288,99.2265,개인,False,5.5963,-2.8232,-4.2677,기관,False,-5.8666,-11.4143,23.0924,개인,False
2023,302440,2023-11-06,42.8159,121.8049,-172.1186,외국인,True,15.8718,80.6438,-99.1401,외국인,True,0.057,16.1829,-11.3923,외국인,True
2023,304100,2023-11-06,-1.0285,-48.0504,47.0281,개인,False,-1.7501,-54.7297,40.0897,개인,False,-0.9652,-19.1207,22.1115,개인,False
2023,323410,2023-11-06,276.2385,70.7298,-338.0454,기관,True,75.6471,12.0438,-88.6912,기관,True,71.0796,-27.8711,-50.7898,기관,False
2023,348340,2023-11-06,8.6684,11.5187,-21.2146,외국인,True,2.0631,5.7138,-7.9767,외국인,True,-5.3514,-0.0825,6.2373,개인,False
2023,348370,2023-11-06,17.7191,35.2577,-38.3045,외국인,True,-0.9146,-28.0288,28.522,개인,False,-42.8349,29.1147,12.769,외국인,False
2023,361610,2023-11-06,121.4729,-64.1065,-73.7232,기관,False,58.0266,-40.3658,-21.2195,기관,False,-71.7451,-5.6634,81.0642,개인,False
2023,377300,2023-11-06,65.2215,108.38,-168.2526,외국인,True,44.2791,41.0089,-86.8591,기관,True,-64.2673,57.9126,5.8439,외국인,False
2023,010660,2023-11-07,0.228,0.6644,-0.7597,외국인,True,0.1926,-3.6725,3.5207,개인,False,-8.4716,17.755,-7.6271,외국인,False
2023,069540,2023-11-07,-0.028,-13.7841,34.2185,개인,False,0.0068,0.7917,21.7559,개인,True,0.0168,14.2186,-2.8204,외국인,True
2023,272290,2023-11-07,63.9704,-21.6145,-45.5596,기관,False,2.5931,21.4523,-23.8585,외국인,True,47.7877,-58.0522,7.144,기관,False
2023,319400,2023-11-07,-0.008,2.0333,-4.8529,외국인,False,0.0089,11.7544,-12.2153,외국인,True,0.0163,-1.5526,13.9653,개인,False
2023,326030,2023-11-07,105.6952,109.9086,-214.6996,외국인,True,54.0756,83.5489,-137.5295,외국인,True,36.612,63.2643,-100.0045,외국인,True
2023,214150,2023-11-08,-13.9785,10.4751,5.6281,외국인,False,4.3297,-70.7119,67.1473,개인,False,-2.4261,63.0782,-60.2829,외국인,False
2023,376930,2023-11-08,-42.657,-111.0728,210.2559,개인,False,-25.7715,-56.9103,86.8921,개인,False,-22.7283,11.0208,22.5873,개인,False
2023,079550,2023-11-09,67.6835,44.1323,-103.5266,기관,True,57.9356,22.1876,-74.496,기관,True,29.8492,101.6838,-138.5053,외국인,True
2023,108320,2023-11-09,86.2236,74.0797,-157.6876,기관,True,3.474,-24.8047,21.5468,개인,False,122.5936,-60.7596,-60.3396,기관,False
2023,287410,2023-11-09,,,,,,,,,,,,,,,
2023,015760,2023-11-13,267.6623,-118.8188,-150.5483,기관,False,158.3769,-115.9926,-44.6692,기관,False,159.3233,-148.8596,-11.4437,기관,False
2023,017670,2023-11-14,150.3963,71.9054,-226.2348,기관,True,117.9989,-90.2839,-22.5849,기관,False,137.5243,215.5989,-346.4788,외국인,True
2023,099440,2023-11-14,-0.5834,4.4627,-4.4478,외국인,False,-4.683,-1.5739,5.8183,개인,False,-2.4874,-22.2385,18.7014,개인,False
2023,007660,2023-11-15,162.2549,135.6324,-298.0257,기관,True,11.6237,-8.6311,-5.5913,기관,False,12.0948,-190.8806,173.1246,개인,False
2023,009420,2023-11-15,34.5078,37.5998,-66.1176,외국인,True,42.0737,36.1807,-69.6333,기관,True,30.6918,-34.2941,7.4314,기관,False
2023,011810,2023-11-15,-1.5061,-55.6355,53.073,개인,False,-1.0898,-43.4151,43.1693,개인,False,-0.0488,-22.4375,21.3397,개인,False
2023,015750,2023-11-15,14.2511,-88.4592,74.9211,개인,False,-1.0192,-26.6016,28.0363,개인,False,6.7543,-4.2318,-3.0447,기관,False
2023,101490,2023-11-15,58.7214,-46.7051,-8.4193,기관,False,16.2911,-28.1415,17.8883,개인,False,51.8787,12.3994,-71.7658,기관,True
2023,117730,2023-11-15,-10.8114,42.874,-34.0473,외국인,False,-21.8351,18.7064,4.6341,외국인,False,3.7993,-82.9937,82.1911,개인,False
2023,200880,2023-11-15,8.0455,14.1945,-24.9246,외국인,True,-2.2242,7.5759,-5.523,외국인,False,5.5336,4.3549,-7.8467,기관,True
2023,000270,2023-11-16,897.2052,725.7194,-1600.8301,기관,True,952.6015,13.3385,-959.6903,기관,True,-144.0229,578.997,-425.3223,외국인,False
2023,054450,2023-11-16,26.1031,5.3269,-40.4453,기관,True,16.609,-4.5474,-17.7882,기관,False,6.9314,89.4767,-92.3619,외국인,True
2023,055550,2023-11-16,316.3562,25.6731,-339.4197,기관,True,286.3935,-5.9881,-277.782,기관,False,143.293,68.2017,-206.6545,기관,True
2023,056080,2023-11-16,-6.4113,15.4633,-10.7175,외국인,False,-6.5013,26.173,-19.9273,외국인,False,-6.9552,-33.131,39.6552,개인,False
2023,058470,2023-11-16,-4.5177,10.2031,-7.6637,외국인,False,-2.4293,-0.8039,3.6448,개인,False,-11.8487,42.2952,-31.7249,외국인,False
2023,041020,2023-11-17,-1.3111,4.0404,-10.2352,외국인,False,-0.5682,10.035,-11.9379,외국인,False,2.6146,-3.7695,0.1362,기관,False
2023,048530,2023-11-17,-5.1725,-44.3897,56.164,개인,False,-1.4936,-22.3886,28.3813,개인,False,1.7112,-36.5615,39.6835,개인,False
2023,010140,2023-11-20,131.5261,3.8705,-140.2952,기관,True,25.1706,37.8092,-68.1448,외국인,True,113.5037,-77.946,-39.5386,기관,False
2023,042660,2023-11-20,48.6846,10.7613,-83.6165,기관,True,6.3682,-42.3961,22.6428,개인,False,-225.2896,-429.7938,664.1662,개인,False
2023,084650,2023-11-20,1.1228,-21.9027,-3.4537,기관,False,-11.241,83.2782,-105.8028,외국인,False,18.3261,-52.6695,24.2839,개인,False
2023,112610,2023-11-20,103.4361,107.1798,-207.4833,외국인,True,9.0829,87.5026,-96.5474,외국인,True,29.5368,-87.2508,57.6952,개인,False
2023,370090,2023-11-20,26.8273,23.1886,-101.7077,기관,True,27.0614,27.5911,-54.7893,외국인,True,-10.5786,9.4618,42.1872,개인,False
2023,010950,2023-11-21,-68.0379,81.9481,-13.5424,외국인,False,-84.3788,83.2531,-3.2032,외국인,False,-47.2061,62.5297,-11.9816,외국인,False
2023,214680,2023-11-21,-19.8364,-99.8352,122.0847,개인,False,-21.0579,-68.3005,92.4687,개인,False,-3.0513,-72.7202,70.422,개인,False
2023,316140,2023-11-21,80.175,160.146,-270.1843,외국인,True,136.7376,56.7598,-187.8363,기관,True,95.6483,131.3735,-225.4428,외국인,True
2023,396270,2023-11-21,36.4429,-9.0457,-28.3058,기관,False,25.7973,-0.2054,-22.9749,기관,False,8.8771,-14.8048,25.3431,개인,False
2023,010120,2023-11-22,32.9985,-39.1145,5.1703,기관,False,9.399,-22.7958,11.8099,개인,False,16.83,-28.5412,11.2594,기관,False
2023,058610,2023-11-22,12.3737,-30.0701,5.3898,기관,False,-8.3002,-27.6559,31.5597,개인,False,13.7902,-19.6313,7.8411,기관,False
2023,065350,2023-11-22,-8.0325,-66.176,68.9931,개인,False,8.7357,10.1746,-22.0488,외국인,True,0.2876,61.9605,-55.8222,외국인,True
2023,042670,2023-11-23,,,,,,,,,,,,,,,
2023,064350,2023-11-23,-26.6137,-135.0052,150.8282,개인,False,-1.4125,9.2577,-30.7077,외국인,False,48.2732,-72.1003,44.0601,기관,False
2023,086790,2023-11-23,-192.9025,138.1981,56.4144,외국인,False,-180.8029,55.0972,131.1813,개인,False,-242.6686,54.6664,174.489,개인,False
2023,087010,2023-11-23,5.3762,116.9648,-130.2551,외국인,True,-17.0604,16.1072,-2.3022,외국인,False,4.1634,68.7945,-67.7623,외국인,True
2023,228760,2023-11-23,5.9604,-5.5578,-2.6069,기관,False,4.1125,-22.3656,17.9825,개인,False,0.0778,-53.2786,52.5657,개인,False
2023,241560,2023-11-23,-16.7874,22.3841,-6.0157,외국인,False,-14.8473,20.3646,-5.9802,외국인,False,-34.4636,55.3641,-23.3795,외국인,False
2023,267270,2023-11-23,13.5442,-127.9283,102.3653,개인,False,-12.5307,-115.4088,113.7478,개인,False,-2.847,-139.6283,141.5689,개인,False
2023,403490,2023-11-23,-7.9602,-1.8369,16.527,개인,False,-3.0036,-1.4775,11.148,개인,False,-19.7705,28.8778,1.4328,외국인,False
2023,445680,2023-11-23,5.1036,-26.6358,24.1143,개인,False,-4.4687,-21.7291,32.1372,개인,False,11.6503,-0.274,-3.3979,기관,False
2023,034020,2023-11-24,46.5019,205.9114,-251.4784,외국인,True,5.8911,165.9311,-169.0556,외국인,True,5.4425,206.251,-210.5958,외국인,True
2023,038870,2023-11-24,0.0,-2.1265,6.0045,개인,False,0.0,6.2273,-6.2288,외국인,False,0.0,-6.4601,6.2036,개인,False
2023,103590,2023-11-24,31.5698,43.7709,-79.8482,외국인,True,27.2355,2.9867,-32.9313,기관,True,4.3299,-38.002,28.3882,개인,False
2023,229640,2023-11-24,36.2658,-3.6229,-55.6193,기관,False,33.5503,-23.5573,-24.9588,기관,False,6.6132,-23.491,34.7683,개인,False
2023,222800,2023-11-27,-8.898,240.8633,-256.7841,외국인,False,-36.9555,-13.6572,51.2611,개인,False,-40.6707,16.2971,54.0285,개인,False
2023,037440,2023-11-28,0.2125,-1.9951,0.2972,개인,False,0.0,-0.4496,-0.0655,기관,False,-0.1924,-10.7425,11.0949,개인,False
2023,030200,2023-11-30,94.534,65.5999,-174.2876,기관,True,79.8819,45.5559,-136.1624,기관,True,52.1683,207.2619,-257.648,외국인,True
2023,465770,2023-11-30,0.0015,-4.8101,4.5825,개인,False,-0.0044,-12.0122,11.898,개인,False,1.4195,-2.5722,-0.2429,기관,False
2023,000250,2023-12-01,37.7039,109.4198,-101.1894,외국인,True,77.5964,27.7662,-57.2281,기관,True,0.323,-15.9539,47.721,개인,False
2023,028670,2023-12-01,190.047,-4.1041,-193.8181,기관,False,133.8633,-51.7659,-88.7983,기관,False,-97.845,-167.495,265.0724,개인,False
2023,006260,2023-12-04,27.8773,-34.271,-4.4899,기관,False,21.7543,-15.7691,-8.2695,기관,False,29.9629,-30.5884,-0.0607,기관,False
2023,009290,2023-12-05,-0.4343,-5.6026,6.2017,개인,False,-0.418,-9.4485,9.6591,개인,False,4.2892,11.3014,-15.3907,외국인,True
2023,205470,2023-12-05,-25.3358,-119.784,141.0336,개인,False,-19.3359,-260.0562,276.5215,개인,False,12.165,-104.1554,80.8722,개인,False
2023,356680,2023-12-05,-1.178,7.8386,-6.8057,외국인,False,0.0,1.3025,-2.0907,외국인,False,-1.9052,-3.2894,3.2079,개인,False
2023,000100,2023-12-06,74.5037,30.6258,-109.113,기관,True,-24.2326,80.9548,-58.7275,외국인,False,184.78,-100.1337,-80.9975,기관,False
2023,053950,2023-12-08,-0.6663,-39.711,56.6214,개인,False,-0.4988,-29.3607,46.0925,개인,False,0.3792,53.457,-58.3014,외국인,True
2023,046970,2023-12-11,0.0,0.0821,0.1397,개인,False,0.0,-0.3906,0.2877,개인,False,0.0,3.2855,-3.4368,외국인,False
2023,088800,2023-12-11,0.2452,16.9391,-25.0233,외국인,True,-0.1711,2.2015,-2.5819,외국인,False,13.8095,-32.3682,12.7497,기관,False
2023,098460,2023-12-11,81.0409,-86.9,11.8186,기관,False,11.1355,-33.1912,20.5429,개인,False,233.2355,-113.2449,-108.5407,기관,False
2023,036540,2023-12-12,-10.2025,55.7099,-42.88,외국인,False,6.8223,-2.0438,-4.872,기관,False,-57.0166,-5.7093,52.4377,개인,False
2023,016790,2023-12-13,11.8593,5.9988,-24.0382,기관,True,5.0053,-0.4148,-6.0999,기관,False,-4.4401,28.7462,86.9617,개인,False
2023,297890,2023-12-13,0.2597,17.867,-15.6176,외국인,True,0.049,1.5568,2.5067,개인,True,0.0074,-7.0633,10.3843,개인,False
2023,028050,2023-12-15,36.0935,63.0401,-97.8731,외국인,True,-11.8303,76.9469,-63.7883,외국인,False,73.4627,18.8893,-102.0864,기관,True
2023,073570,2023-12-15,20.0791,51.8706,414.9746,개인,True,25.3693,110.2614,368.5199,개인,True,-15.8616,101.5709,-56.3711,외국인,False
2023,095500,2023-12-15,7.7261,3.758,-4.6321,기관,True,9.7197,3.6018,-12.7957,기관,True,-6.4179,-11.2581,20.1017,개인,False
2023,099440,2023-12-15,0.0,-9.6392,7.9053,개인,False,0.0,2.1262,-1.4313,외국인,False,0.0038,4.4454,-8.8389,외국인,True
2023,114190,2023-12-15,30.7028,-3.199,-28.2451,기관,False,39.2636,-6.8915,-32.2132,기관,False,-4.6574,-13.6952,19.2387,개인,False
2023,297090,2023-12-15,27.4648,24.7727,-62.256,기관,True,20.2397,27.9047,-51.4057,외국인,True,12.6533,-6.2998,-4.4391,기관,False
2023,047050,2023-12-18,66.8303,241.9208,-291.5998,외국인,True,-6.6434,265.7893,-238.7064,외국인,False,25.4295,-286.615,344.8884,개인,False
2023,005420,2023-12-19,-8.3078,27.7225,-4.9558,외국인,False,-17.4863,34.8768,-11.7354,외국인,False,54.9474,-23.4279,-29.6223,기관,False
2023,010100,2023-12-19,16.2142,2.0864,-20.7484,기관,True,7.6003,-8.7096,0.0605,기관,False,32.3661,-0.4439,-31.9648,기관,False
2023,323990,2023-12-19,13.5634,27.8899,-43.8168,외국인,True,12.1776,17.5129,-30.107,외국인,True,-9.9743,22.5217,-11.7229,외국인,False
2023,022100,2023-12-21,435.4429,620.6327,-1037.3531,외국인,True,339.6789,51.0436,-400.6272,기관,True,552.9007,1346.2274,-1962.4209,외국인,True
2023,131400,2023-12-21,0.0725,12.1659,-14.751,외국인,True,0.0,3.4346,-3.6419,외국인,False,-0.0708,11.2811,-9.9439,외국인,False
2023,440110,2023-12-26,0.823,-0.3264,3.9056,개인,False,5.853,28.8219,-29.242,외국인,True,-15.8883,-49.8664,71.9772,개인,False
2023,041510,2023-12-27,193.0563,-107.906,-90.2679,기관,False,126.5356,-140.5455,2.6544,기관,False,14.9944,-20.3268,5.6754,기관,False
2023,195940,2023-12-27,41.2912,49.7126,-90.709,외국인,True,14.6563,29.1677,-44.5132,외국인,True,29.3671,6.1026,-38.3862,기관,True
2023,094170,2023-12-28,10.3871,4.2225,-16.1166,기관,True,1.5781,-14.508,14.3755,개인,False,7.9252,-36.4113,29.7184,개인,False
2023,105560,2023-12-28,391.6257,-367.8926,-9.7254,기관,False,453.2444,-550.5195,104.9031,기관,False,-302.2899,47.9529,246.321,개인,False
2023,237690,2023-12-28,-46.0826,59.0537,-10.1407,외국인,False,-81.2275,43.5756,39.1456,외국인,False,-11.6574,-17.6649,19.8294,개인,False
2024,034220,2024-01-02,174.0445,174.2948,-346.9623,외국인,True,82.7044,59.7671,-141.5269,기관,True,132.7545,309.0225,-427.2803,외국인,True
2024,094360,2024-01-02,14.4053,-26.3141,9.633,기관,False,-2.6869,-20.8741,22.5902,개인,False,75.1507,-26.0817,-46.3965,기관,False
2024,222800,2024-01-02,118.0214,165.3684,-290.4134,외국인,True,15.7825,-29.5539,11.2405,기관,False,88.4066,-138.2829,47.1599,기관,False
2024,033100,2024-01-03,0.2079,57.176,-65.3119,외국인,True,-12.2413,12.0058,-8.0602,외국인,False,4.9252,-19.7873,16.7502,개인,False
2024,065350,2024-01-03,3.4179,52.0868,-55.4935,외국인,True,0.5436,19.2393,-24.068,외국인,True,-2.9963,-54.9797,67.8014,개인,False
2024,182400,2024-01-03,-81.9894,6.8455,75.7041,개인,False,-49.9411,-13.2893,63.1084,개인,False,-1.8725,-3.5671,7.5951,개인,False
2024,189300,2024-01-03,76.8163,98.0119,-171.4786,외국인,True,13.55,57.6287,-63.3386,외국인,True,-11.9582,-38.1993,58.41,개인,False
2024,336260,2024-01-03,56.3602,44.1543,-100.0518,기관,True,13.7388,24.9067,-38.3195,외국인,True,-23.6417,-32.7658,55.3361,개인,False
2024,047310,2024-01-04,0.6069,10.6124,-11.6904,외국인,True,0.4901,14.9618,-15.0502,외국인,True,-1.0009,3.1644,1.7509,외국인,False
2024,110990,2024-01-04,33.7643,24.8146,-53.0031,기관,True,11.4705,-4.7043,-0.195,기관,False,47.0637,-30.2341,-25.1347,기관,False
2024,214680,2024-01-04,-2.9156,-40.7363,44.6864,개인,False,-3.4614,-66.7381,67.4132,개인,False,0.421,-40.8642,56.8983,개인,False
2024,267260,2024-01-04,-121.8312,176.7136,-37.4152,외국인,False,-87.9597,131.8167,-23.4429,외국인,False,-223.1193,301.4796,-75.3177,외국인,False
2024,335890,2024-01-04,,,,,,,,,,,,,,,
2024,108860,2024-01-05,7.3768,53.379,-60.1613,외국인,True,-12.4367,24.7457,-13.1407,외국인,False,-2.1609,-18.2044,22.2048,개인,False
2024,304100,2024-01-05,39.9041,68.6299,-106.7417,외국인,True,0.7893,1.0612,-3.3054,외국인,True,30.725,-19.7789,-14.7217,기관,False
2024,377480,2024-01-05,2.0387,4.6099,-8.2817,외국인,True,1.6742,3.6909,-6.8724,외국인,True,7.2586,11.9129,-20.5578,외국인,True
2024,250060,2024-01-08,0.0635,8.3678,-10.2712,외국인,True,0.0006,-4.2718,4.2887,개인,False,-0.0627,0.6998,0.4143,외국인,False
2024,355390,2024-01-09,4.7817,16.6087,-15.4315,외국인,True,0.9381,12.7356,-12.4238,외국인,True,24.2867,-11.4959,-10.2616,기관,False
2024,235980,2024-01-10,8.3608,6.1387,-18.0556,기관,True,-11.1462,-63.2705,71.8696,개인,False,21.3602,-22.6689,10.3747,기관,False
2024,025980,2024-01-11,-22.4555,27.9118,-4.0825,외국인,False,-38.9647,-4.0899,44.6508,개인,False,-4.3681,3.5583,0.6635,외국인,False
2024,060250,2024-01-11,63.837,-113.4954,51.0368,기관,False,47.4873,-18.7869,-32.1361,기관,False,64.2609,-34.8849,-33.9819,기관,False
2024,214270,2024-01-11,0.048,4.4557,-4.4712,외국인,True,-0.0005,4.9197,-5.1992,외국인,False,-0.0444,-2.1667,2.1903,개인,False
2024,293490,2024-01-11,22.2803,15.1177,-40.2579,기관,True,-3.9383,24.6047,-22.0061,외국인,False,-9.0269,-112.2322,121.4269,개인,False
2024,058970,2024-01-12,110.8011,26.8427,-143.1806,기관,True,92.3699,37.7123,-123.8537,기관,True,90.9415,-18.3562,-72.8384,기관,False
2024,403490,2024-01-17,-0.543,40.1091,-44.7094,외국인,False,-0.543,-14.8223,13.2984,개인,False,0.0,-42.4426,44.1264,개인,False
2024,103590,2024-01-18,43.7626,15.6084,-60.7122,기관,True,16.3757,-23.8027,7.5391,기관,False,40.5972,-2.2918,-18.7606,기관,False
2024,161390,2024-01-18,103.1561,-14.9747,-88.0461,기관,False,33.8129,-21.3081,-12.901,기관,False,50.1248,24.7316,-74.4126,기관,True
2024,317330,2024-01-19,-2.821,71.9268,-74.578,외국인,False,-2.0833,7.3866,-6.3193,외국인,False,-5.1502,-42.5519,51.0279,개인,False
2024,007660,2024-01-22,97.8687,453.014,-601.6805,외국인,True,-6.6444,4.5649,-0.2497,외국인,False,88.9616,-215.1204,170.8071,개인,False
2024,095340,2024-01-22,84.0045,99.8214,-188.4159,외국인,True,75.8563,28.147,-105.2417,기관,True,27.5766,-152.6932,124.9086,개인,False
2024,124500,2024-01-22,2.0489,-36.3609,42.4626,개인,False,2.6352,-32.0254,37.148,개인,False,-2.3449,-32.1434,42.0589,개인,False
2024,420770,2024-01-22,-86.9749,87.9845,-13.0417,외국인,False,-20.7118,41.4907,-17.5382,외국인,False,45.7357,-63.1998,90.2238,개인,False
2024,064350,2024-01-23,140.7178,155.8634,-301.6888,외국인,True,82.4258,96.8099,-184.4024,외국인,True,113.5706,110.5652,-225.6949,기관,True
2024,396470,2024-01-23,-0.796,10.8907,-9.4523,외국인,False,-0.5424,0.4354,-1.3152,외국인,False,-50.0952,7.077,44.1486,개인,False
2024,001440,2024-01-24,1.5945,58.7176,-61.525,외국인,True,-4.1173,7.1576,-2.0874,외국인,False,20.6386,-12.8294,-8.0563,기관,False
2024,018290,2024-01-24,71.6698,77.6235,-151.8042,외국인,True,17.0779,97.3708,-112.8312,외국인,True,19.8447,-27.3961,3.6518,기관,False
2024,299900,2024-01-24,,,,,,,,,,,,,,,
2024,036930,2024-01-25,132.9725,109.741,-241.5016,기관,True,160.7479,32.9636,-189.8262,기관,True,51.802,-113.7375,62.3262,개인,False
2024,066790,2024-01-25,-0.0295,8.2292,-9.6655,외국인,False,-0.0309,9.6004,2.643,외국인,False,0.0646,-6.1574,96.1489,개인,False
2024,006800,2024-01-26,68.7132,55.3478,-123.4215,기관,True,-0.2813,4.8416,-8.5767,외국인,False,183.1071,110.7762,-300.1369,기관,True
2024,030200,2024-01-26,-106.9605,290.8634,-186.6878,외국인,False,-127.081,206.6827,-80.4764,외국인,False,402.0144,714.6308,-1099.0556,외국인,True
2024,067630,2024-01-26,16.4636,6.2051,-23.1033,기관,True,18.7544,-34.6423,14.3195,기관,False,74.2521,226.1608,-292.1212,외국인,True
2024,015760,2024-01-29,288.7078,347.059,-637.0152,외국인,True,122.6194,245.8627,-371.8313,외국인,True,319.4823,71.6911,-401.2466,기관,True
2024,023530,2024-01-29,127.1779,49.2227,-171.2869,기관,True,70.7712,-3.0334,-68.1134,기관,False,152.6905,170.0886,-316.6997,외국인,True
2024,036460,2024-01-29,69.0923,78.448,-150.3021,외국인,True,-19.2464,15.704,-0.223,외국인,False,143.6341,49.1136,-199.2797,기관,True
2024,047920,2024-01-29,-34.571,30.1393,19.4673,외국인,False,-3.967,1.9482,17.3064,개인,False,-42.0604,68.8979,-29.7229,외국인,False
2024,139480,2024-01-29,171.0063,84.7417,-245.5242,기관,True,23.6737,19.2621,-46.0676,기관,True,17.1321,440.4182,-451.2163,외국인,True
2024,267270,2024-01-29,257.6594,-7.6006,-240.7817,기관,False,168.7955,-37.7543,-119.545,기관,False,115.7862,-62.0779,-51.0643,기관,False
2024,000880,2024-01-30,133.2549,77.8284,-208.7322,기관,True,54.2615,30.4154,-74.8315,기관,True,292.2962,141.5583,-415.1969,기관,True
2024,004990,2024-01-30,89.4515,94.4179,-179.5942,외국인,True,19.1556,51.9364,-70.0943,외국인,True,281.2215,27.7456,-302.8781,기관,True
2024,069960,2024-01-30,71.4597,91.6664,-163.2008,외국인,True,22.2931,66.941,-90.0532,외국인,True,111.3447,136.0907,-230.0199,외국인,True
2024,088350,2024-01-30,109.7275,54.0241,-167.7621,기관,True,67.0952,25.1572,-92.4675,기관,True,140.6068,139.2275,-276.272,기관,True
2024,003550,2024-01-31,675.7672,-453.8075,-234.8067,기관,False,424.4381,-325.4161,-103.2311,기관,False,743.8607,-3.5401,-711.0548,기관,False
2024,006260,2024-01-31,122.0324,85.2414,-217.0231,기관,True,65.8255,60.9274,-140.2392,기관,True,78.7473,361.3945,-423.8741,외국인,True
2024,032640,2024-01-31,-36.5086,233.5638,-196.3471,외국인,False,-25.6753,213.006,-186.5979,외국인,False,46.4135,101.1965,-147.276,외국인,True
2024,032830,2024-01-31,231.5191,170.0032,-399.1389,기관,True,86.7534,92.0526,-178.9315,외국인,True,851.6199,619.7834,-1477.4516,기관,True
2024,241560,2024-01-31,28.9041,103.66,-133.9014,외국인,True,-5.6256,62.5311,-57.0773,외국인,False,-19.7883,24.6316,-4.0635,외국인,False
2024,402340,2024-01-31,85.8567,52.0606,-136.2227,기관,True,76.9258,33.0865,-107.8356,기관,True,243.701,1420.9998,-1640.4026,외국인,True
2024,000720,2024-02-01,42.774,303.8516,-345.9102,외국인,True,61.251,237.1673,-301.0908,외국인,True,-224.7934,77.7304,141.3791,개인,False
2024,006360,2024-02-01,38.9806,87.0875,-122.4723,외국인,True,6.4133,43.2567,-47.0495,외국인,True,-26.6983,24.598,-1.7096,외국인,False
2024,015750,2024-02-01,11.9928,-54.3962,37.8298,개인,False,1.3192,-17.2096,14.8465,개인,False,-38.1432,56.1231,-5.875,외국인,False
2024,033780,2024-02-01,243.3847,226.6162,-462.375,기관,True,79.8285,169.5114,-248.8899,외국인,True,38.7343,77.5169,-114.5972,외국인,True
2024,086280,2024-02-01,7.9903,22.0368,-38.6723,외국인,True,-22.2219,3.6277,14.5967,개인,False,4.1666,119.9978,-116.8016,외국인,True
2024,010690,2024-02-02,-32.1866,8.8755,24.5427,개인,False,-13.5903,-7.1943,22.6341,개인,False,-11.7655,7.8478,4.1196,외국인,False
2024,011210,2024-02-02,54.0449,77.5188,-131.8689,외국인,True,11.7394,12.2182,-24.6571,외국인,True,-24.9424,4.1899,20.5737,개인,False
2024,034020,2024-02-02,112.8353,377.059,-487.7891,외국인,True,-35.332,290.9672,-251.7783,외국인,False,17.9971,-52.91,33.4984,개인,False
2024,200880,2024-02-02,-21.4596,35.3085,2.8211,외국인,False,3.483,-13.1067,18.5169,개인,False,-35.8825,7.2979,31.7019,개인,False
2024,010950,2024-02-05,35.8049,131.8377,-171.2095,외국인,True,33.5618,178.1172,-218.0521,외국인,True,125.4625,223.485,-351.8657,외국인,True
2024,267850,2024-02-05,-1.4142,21.3584,-19.6781,외국인,False,-0.3029,9.8847,-9.0954,외국인,False,0.6566,-27.9382,28.8487,개인,False
2024,042700,2024-02-06,244.626,246.3995,-492.1847,외국인,True,136.5026,205.7431,-343.1541,외국인,True,-28.4623,805.1546,-791.5489,외국인,False
2024,000430,2024-02-07,-11.6777,2.7799,8.3129,개인,False,4.8807,0.4421,-5.2804,기관,True,8.0073,0.0364,-7.2784,기관,True
2024,004020,2024-02-07,47.5844,15.319,-54.6448,기관,True,-6.6681,-53.5428,63.2665,개인,False,-10.5556,61.9244,-48.6696,외국인,False
2024,011500,2024-02-07,0.8946,20.4858,-22.4009,외국인,True,0.2375,0.526,-2.4237,외국인,True,-0.188,-13.2919,12.9683,개인,False
2024,047050,2024-02-07,153.4693,71.2151,-227.4193,기관,True,142.6863,32.4784,-177.6006,기관,True,162.3066,147.1327,-299.535,기관,True
2024,066570,2024-02-07,66.8085,754.7488,-837.5865,외국인,True,-89.494,554.7024,-469.9254,외국인,False,158.3843,225.6984,-319.0159,외국인,True
2024,039440,2024-02-08,68.6784,49.1141,-119.046,기관,True,16.9384,28.629,-43.7457,외국인,True,81.3745,-76.8941,-9.0873,기관,False
2024,000100,2024-02-13,94.6121,42.8947,-134.5595,기관,True,5.5343,23.7972,-29.8411,외국인,True,125.3835,-56.0708,-67.205,기관,False
2024,003490,2024-02-13,56.9059,103.478,-162.2606,외국인,True,6.2232,34.534,-42.1615,외국인,True,83.2389,49.3702,-128.9448,기관,True
2024,003530,2024-02-13,-13.59,17.7233,-3.9277,외국인,False,1.6039,26.6572,-28.2054,외국인,True,30.0314,-34.5038,7.7293,기관,False
2024,064290,2024-02-13,12.1897,25.4842,-39.4503,외국인,True,8.8136,8.8364,-17.6633,외국인,True,-37.6578,67.2439,-26.3679,외국인,False
2024,131290,2024-02-13,65.6874,50.8502,-114.9756,기관,True,49.9696,-8.8968,-38.2461,기관,False,18.4593,-1.1521,-13.9905,기관,False
2024,229640,2024-02-13,15.2011,139.9276,-171.5274,외국인,True,18.7221,12.5761,-55.6704,기관,True,35.831,-21.3038,-15.6394,기관,False
2024,394280,2024-02-13,117.7453,69.6521,-187.7394,기관,True,116.8348,73.7316,-195.5776,기관,True,-8.5759,120.1246,-109.5802,외국인,False
2024,220260,2024-02-14,-0.2178,3.8682,-0.9585,외국인,False,0.0317,8.3815,-8.4108,외국인,True,0.9672,-6.1839,2.0994,개인,False
2024,250060,2024-02-14,0.228,4.1819,-7.3175,외국인,True,0.0,15.982,-16.7574,외국인,False,-0.0832,-2.3438,3.8135,개인,False
2024,281740,2024-02-14,30.8613,24.7125,-67.2664,기관,True,13.5603,34.7838,-58.6259,외국인,True,12.2052,-4.8151,5.8467,기관,False
2024,007810,2024-02-15,3.8593,5.3393,-11.371,외국인,True,-19.5104,4.0851,16.0082,개인,False,-0.2168,18.328,-17.9598,외국인,False
2024,011420,2024-02-15,1.6253,-1.2028,1.7732,개인,False,1.155,-5.8097,3.6683,개인,False,-1.0877,-4.7461,5.8288,개인,False
2024,064260,2024-02-15,1.4326,-25.7394,24.5069,개인,False,1.2972,-28.6127,28.0244,개인,False,-1.7581,15.4328,-12.5929,외국인,False
2024,094480,2024-02-15,5.0438,19.9205,-25.2969,외국인,True,2.7279,6.6392,-9.5087,외국인,True,-23.3802,-27.4384,51.168,개인,False
2024,095500,2024-02-15,-14.6236,-28.3332,43.1495,개인,False,-15.1172,-25.6651,37.2104,개인,False,-9.3088,33.2711,-24.9053,외국인,False
2024,222080,2024-02-15,-2.4713,-16.4862,19.445,개인,False,-13.5259,12.1002,1.7637,외국인,False,-7.1538,71.7269,-66.2584,외국인,False
2024,900250,2024-02-15,0.0,60.4535,-55.9397,외국인,False,0.0,0.9544,-2.8464,외국인,False,0.0,-212.8383,206.3981,개인,False
2024,001570,2024-02-16,33.7413,129.4226,-161.8075,외국인,True,42.8103,126.0377,-163.8684,외국인,True,11.5328,-60.0581,42.964,개인,False
2024,011810,2024-02-16,5.2728,45.7784,-53.3464,외국인,True,-0.5569,34.157,-33.061,외국인,False,-1.3665,-28.0425,30.0917,개인,False
2024,022100,2024-02-16,73.0628,325.4143,-403.9323,외국인,True,60.936,121.7326,-186.7272,외국인,True,-103.1974,-29.9071,128.4737,개인,False
2024,054450,2024-02-16,-34.292,-81.2726,123.3902,개인,False,15.4718,-14.3302,0.0918,기관,False,6.9643,10.3196,-24.9176,외국인,True
2024,101670,2024-02-16,-3.5013,21.1984,-6.4745,외국인,False,-4.5291,5.9808,23.4764,개인,False,-2.6319,3.2735,-1.5689,외국인,False
2024,196170,2024-02-16,291.4869,-62.8109,-231.491,기관,False,196.9106,-78.9651,-114.1593,기관,False,-124.3354,451.1695,327.6336,외국인,False
2024,271560,2024-02-16,274.4835,-234.0852,-43.5332,기관,False,174.5159,-174.741,-1.0907,기관,False,77.1825,-167.3022,69.362,기관,False
2024,323410,2024-02-16,244.4466,150.7175,-397.6973,기관,True,322.1555,64.03,-395.4059,기관,True,-27.9461,135.2614,-110.4891,외국인,False
2024,330860,2024-02-16,-2.5059,14.517,49.2384,개인,False,2.4314,1.8896,-2.2811,기관,True,-4.2953,-31.8374,88.032,개인,False
2024,439580,2024-02-16,-25.0513,0.9907,29.1631,개인,False,-5.1056,2.4258,4.0999,개인,False,-6.1301,-2.7078,9.9648,개인,False
2024,084690,2024-02-19,0.9446,-21.1163,18.3822,개인,False,2.1985,-0.281,-1.0993,기관,False,6.8228,-16.9392,18.2729,개인,False
2024,141080,2024-02-19,138.4096,-31.2229,-123.6079,기관,False,65.4511,-30.3376,-56.0134,기관,False,33.589,-36.5269,-11.9305,기관,False
2024,273060,2024-02-20,0.0,-23.9007,23.6005,개인,False,0.0,-5.394,5.1731,개인,False,0.0,-2.953,1.8102,개인,False
2024,372170,2024-02-20,-3.1835,-2.9526,5.2907,개인,False,-4.0125,-15.2196,20.4585,개인,False,-0.7327,-64.8931,59.9378,개인,False
2024,452260,2024-02-20,-0.639,30.0472,-29.093,외국인,False,-0.6958,5.3211,-5.4641,외국인,False,0.5885,-4.6978,5.8288,개인,False
2024,009420,2024-02-21,71.1344,-62.9554,-4.6549,기관,False,86.5769,-84.4646,2.1302,기관,False,14.2348,-4.0061,-15.7945,기관,False
2024,052690,2024-02-21,20.9627,310.5164,-96.8844,외국인,True,70.1768,-39.706,-32.299,기관,False,100.2566,-51.5571,-38.3866,기관,False
2024,078600,2024-02-21,-2.4865,-41.6117,43.3198,개인,False,-3.7016,-36.2346,40.9952,개인,False,34.4133,-95.8534,67.0964,개인,False
2024,137400,2024-02-21,-13.2257,-35.5132,46.6408,개인,False,-5.819,-10.8258,14.4702,개인,False,-13.2821,-9.4738,21.7977,개인,False
2024,378340,2024-02-21,-0.305,-2.8636,3.572,개인,False,-0.6174,1.1346,1.3465,개인,False,-33.3679,-0.2696,33.6377,개인,False
2024,393890,2024-02-21,27.2882,-141.1209,117.3113,개인,False,-8.593,-97.8191,107.3821,개인,False,21.1175,-82.8297,60.184,개인,False
2024,418550,2024-02-21,4.7178,-52.6727,41.8756,개인,False,-19.182,-30.255,48.0692,개인,False,58.9759,-26.2746,-15.7476,기관,False
2024,083310,2024-02-22,2.4664,44.7628,-44.0803,외국인,True,-5.968,-2.6284,4.0488,개인,False,7.3753,-27.6355,24.7905,개인,False
2024,161000,2024-02-22,26.1695,-32.7037,5.0107,기관,False,0.856,-14.6045,12.3898,개인,False,30.8925,-10.085,-19.1693,기관,False
2024,228760,2024-02-22,-34.0886,24.0477,13.8791,외국인,False,-31.7994,12.9261,19.5687,개인,False,-1.4394,-12.4571,16.3211,개인,False
2024,376300,2024-02-22,72.2074,25.2522,-63.1033,기관,True,5.002,1.6312,-6.4558,기관,True,63.9785,-21.354,-33.1858,기관,False
2024,445090,2024-02-22,-0.8391,-16.6852,120.376,개인,False,-11.0627,2.8243,9.101,개인,False,-22.4148,-68.4136,101.3928,개인,False
2024,000250,2024-02-23,-23.354,68.7004,-55.554,외국인,False,-18.4776,23.3063,-13.4386,외국인,False,8.6309,-78.0227,70.8396,개인,False
2024,005950,2024-02-26,-0.0219,-3.2844,2.1021,개인,False,-1.6065,-1.7737,3.5238,개인,False,-5.0771,-3.7628,9.2952,개인,False
2024,079370,2024-02-26,-7.7435,-2.5488,13.0845,개인,False,-37.1224,-21.3267,59.4299,개인,False,-38.0575,30.2896,5.5716,외국인,False
2024,087010,2024-02-26,63.8096,4.7031,-72.4878,기관,True,63.3364,24.6281,-91.7578,기관,True,-127.1062,-60.7641,185.1177,개인,False
2024,298380,2024-02-26,27.1181,-13.1562,-8.2677,기관,False,12.2629,35.9357,-44.5742,외국인,True,5.6466,15.9105,-23.7986,외국인,True
2024,010140,2024-02-27,182.4107,214.1045,-379.1839,외국인,True,80.9342,114.2877,-194.6104,외국인,True,20.4208,231.7811,-234.469,외국인,True
2024,036930,2024-02-27,122.4329,109.0636,-242.2345,기관,True,71.5391,88.5703,-162.32,외국인,True,-115.178,393.9476,-400.9559,외국인,False
2024,090360,2024-02-27,0.352,12.6354,-9.7585,외국인,True,0.332,2.1934,-2.7192,외국인,True,-4.9476,-2.6191,6.234,개인,False
2024,272210,2024-02-27,-12.2034,41.3922,-28.7618,외국인,False,-10.5777,-27.7718,37.7303,개인,False,58.0927,203.5523,-256.5336,외국인,True
2024,028050,2024-02-28,247.8218,-119.025,-125.945,기관,False,50.0275,-99.1525,46.8038,기관,False,166.8179,-176.6927,4.7462,기관,False
2024,053450,2024-02-28,-0.237,20.5821,-18.9991,외국인,False,-0.2025,2.5501,-1.7661,외국인,False,0.474,-2.9828,-3.5376,기관,False
2024,073570,2024-02-28,-32.7046,49.8606,-8.6825,외국인,False,-31.5109,-18.5442,44.9962,개인,False,-26.6857,-32.7576,154.7948,개인,False
2024,101490,2024-02-28,45.7159,60.4116,-109.0879,외국인,True,-8.02,-10.0834,16.4473,개인,False,17.0592,6.9029,-26.2298,기관,True
2024,108490,2024-02-28,-19.9002,0.663,20.4674,개인,False,-24.1184,-9.0746,34.2447,개인,False,-11.6592,-15.9479,23.0535,개인,False
2024,232140,2024-02-28,-4.5977,-6.6232,12.1805,개인,False,-3.4931,5.4076,-1.496,외국인,False,0.6405,-13.4038,15.7091,개인,False
2024,248070,2024-02-28,-149.2939,142.0703,3.8208,외국인,False,-164.2415,84.5536,78.7709,외국인,False,-9.6736,-44.487,51.6473,개인,False
2024,348210,2024-02-28,43.6676,29.0372,-69.2608,기관,True,-13.3412,-11.9,30.4744,개인,False,-3.2258,5.0536,-0.5593,외국인,False
2024,452300,2024-02-28,-1.693,2.453,-1.622,외국인,False,-2.2654,-4.2116,6.5174,개인,False,-0.0576,-9.2146,9.8328,개인,False
2024,013990,2024-02-29,-0.621,4.0824,3.0463,외국인,False,-0.552,5.0299,1.3252,외국인,False,-0.3862,-0.5558,-3.0531,기관,False
2024,025320,2024-02-29,-3.3228,72.1634,-52.836,외국인,False,-2.8766,43.0179,-44.1783,외국인,False,-7.4482,-21.7265,37.0565,개인,False
2024,041020,2024-02-29,-2.0376,-31.0969,34.3094,개인,False,-2.0781,2.2858,-0.3528,외국인,False,0.2226,-24.4539,18.7558,개인,False
2024,168360,2024-02-29,13.4039,16.6274,-29.2413,외국인,True,9.8902,5.1749,-13.7035,기관,True,10.1274,-26.441,11.675,개인,False
2024,240810,2024-02-29,59.7226,52.1011,-107.9973,기관,True,-50.2439,0.2027,52.7113,개인,False,133.1042,61.2504,-202.7437,기관,True
2024,290690,2024-02-29,0.179,143.3073,-146.0447,외국인,True,0.0,28.7154,-6.2284,외국인,False,-0.1713,-195.3755,172.934,개인,False
2024,007660,2024-03-04,115.9131,456.5961,-621.2244,외국인,True,-3.4182,28.3446,-33.8733,외국인,False,303.6914,47.192,-348.4165,기관,True
2024,067310,2024-03-04,-97.7007,143.5398,-46.2086,외국인,False,-82.6801,34.134,52.5777,개인,False,14.5324,-37.379,31.8802,개인,False
2024,103590,2024-03-04,-3.3955,32.7545,-30.6071,외국인,False,-9.8177,-12.7859,21.224,개인,False,16.043,7.0791,-22.509,기관,True
2024,010120,2024-03-05,14.2141,-21.842,8.941,기관,False,0.6958,-14.8049,13.7729,개인,False,32.1901,-56.1924,22.5099,기관,False
2024,064550,2024-03-05,-17.7556,33.5011,-14.5829,외국인,False,-18.1156,22.7084,-2.8488,외국인,False,8.1651,-65.359,61.6563,개인,False
2024,117730,2024-03-05,4.5319,29.3807,-44.9393,외국인,True,4.1139,-14.1889,10.6023,개인,False,0.6239,-14.329,13.3365,개인,False
2024,005290,2024-03-06,-37.4118,236.082,-181.8968,외국인,False,-101.5875,106.2258,-8.2296,외국인,False,73.8998,-90.8786,0.6291,기관,False
2024,092870,2024-03-06,-11.0859,-8.1775,17.6994,개인,False,-7.6528,-8.0386,14.9061,개인,False,-0.4882,22.7771,-16.3843,외국인,False
2024,297890,2024-03-06,1.2541,6.4793,-7.6054,외국인,True,0.8233,1.2908,-2.5465,외국인,True,0.668,-1.542,1.8161,개인,False
2024,356860,2024-03-06,-5.1321,9.1833,-3.2179,외국인,False,0.3079,1.7362,-2.0486,외국인,True,-13.594,-21.2874,32.1285,개인,False
2024,388870,2024-03-06,-4.7145,35.4865,-37.4578,외국인,False,-6.5523,1.1865,7.9614,개인,False,-0.977,-17.4645,23.4675,개인,False
2024,432720,2024-03-06,-19.8321,57.9045,-43.8481,외국인,False,-30.0791,67.4968,-39.8942,외국인,False,28.0512,-22.7959,-10.1544,기관,False
2024,049950,2024-03-07,-16.2403,3.6221,11.6687,개인,False,-0.1667,-2.7839,0.5986,개인,False,-3.4909,0.1127,8.416,개인,False
2024,085660,2024-03-07,-10.3383,65.9034,-63.5303,외국인,False,-9.0368,26.6022,-17.8921,외국인,False,-1.872,27.6526,-23.4622,외국인,False
2024,095340,2024-03-07,-14.7172,84.4377,-80.2981,외국인,False,-79.2471,140.5468,-60.5403,외국인,False,195.4549,197.6947,-389.5856,외국인,True
2024,042670,2024-03-08,,,,,,,,,,,,,,,
2024,300120,2024-03-08,3.9698,62.4936,-74.5509,외국인,True,3.5482,0.8528,-6.7789,기관,True,-4.056,-37.0624,50.0535,개인,False
2024,058470,2024-03-11,1.2274,-22.8159,21.3605,개인,False,-27.6457,25.6709,1.4833,외국인,False,3.4579,63.4508,-67.3497,외국인,True
2024,112040,2024-03-11,91.0376,25.3692,-125.7086,기관,True,23.353,-30.1588,-0.6104,기관,False,39.681,-66.9349,26.7362,기관,False
2024,122870,2024-03-11,49.902,-1.0188,-42.5444,기관,False,-18.9305,-42.5368,68.7583,개인,False,41.5493,-27.4127,-15.3213,기관,False
2024,454910,2024-03-11,27.2826,580.6799,-610.3594,외국인,True,5.5174,386.0029,-403.6339,외국인,True,387.1618,-45.3264,-339.4736,기관,False
2024,004560,2024-03-12,-0.5789,25.7401,-24.3637,외국인,False,-1.7618,-14.5496,16.2756,개인,False,5.6546,-10.4236,2.9304,기관,False
2024,131970,2024-03-12,132.8151,-123.0216,-17.7214,기관,False,84.1706,-94.1693,5.3897,기관,False,14.325,-20.2558,5.5047,기관,False
2024,361610,2024-03-12,13.1151,99.4737,-111.2054,외국인,True,-5.1822,41.7822,-34.8231,외국인,False,5.5926,100.8108,-106.1805,외국인,True
2024,425040,2024-03-12,-56.9786,-8.6353,65.6402,개인,False,-61.8922,-27.7175,89.9619,개인,False,-48.5327,-11.3378,57.4276,개인,False
2024,006260,2024-03-13,131.3512,-42.7956,-97.7558,기관,False,70.4502,-9.8969,-72.3353,기관,False,106.0218,111.4669,-221.3942,외국인,True
2024,067630,2024-03-13,-12.7619,339.8599,-323.9363,외국인,False,-29.9665,-36.4316,63.7352,개인,False,-9.1273,-162.9706,173.9904,개인,False
2024,078150,2024-03-13,-3.0546,27.5817,-25.7559,외국인,False,-0.0432,-3.7207,3.5841,개인,False,-0.8178,-20.4977,23.3109,개인,False
2024,335890,2024-03-13,,,,,,,,,,,,,,,
2024,001440,2024-03-14,-5.9968,57.9222,-52.8901,외국인,False,6.1876,25.8015,-37.4763,외국인,True,11.8536,-39.0934,26.8361,개인,False
2024,010620,2024-03-14,,,,,,,,,,,,,,,
2024,267270,2024-03-14,68.6414,87.5861,-152.5394,외국인,True,-2.5223,106.2064,-99.9475,외국인,False,118.5961,-63.3596,-54.7149,기관,False
2024,108860,2024-03-15,2.2151,78.6614,-81.4748,외국인,True,-0.2212,60.9629,-61.7255,외국인,False,-2.9251,-3.5177,7.039,개인,False
2024,109610,2024-03-15,9.2703,-7.907,-0.1248,기관,False,-0.1392,3.8809,-9.488,외국인,False,-8.1312,1.5738,5.7587,개인,False
2024,304100,2024-03-15,3.2385,-1.3208,-3.6499,기관,False,2.3918,2.9583,-8.8471,외국인,True,-0.639,11.4979,-14.284,외국인,False
2024,317850,2024-03-15,0.0,3.2664,-3.3863,외국인,False,0.0,4.144,-4.1679,외국인,False,-0.0111,6.755,-6.8554,외국인,False
2024,140670,2024-03-19,-7.9622,17.6292,-8.9016,외국인,False,-4.3055,-0.1121,4.0073,개인,False,83.0002,59.226,-150.542,기관,True
2024,264850,2024-03-19,4.9326,7.1792,-13.0195,외국인,True,3.8898,8.5019,-16.3473,외국인,True,-1.0382,-11.9811,10.7191,개인,False
2024,005930,2024-03-20,5563.3484,4131.1696,-9556.2341,기관,True,-298.2144,-2695.6803,2606.4738,개인,False,7127.1941,19854.161,-26587.076,외국인,True
2024,004830,2024-03-21,-0.5773,-5.0183,2.7188,개인,False,-0.2254,4.1043,-4.3133,외국인,False,-0.9342,-2.494,6.8211,개인,False
2024,084370,2024-03-21,-11.7377,208.3046,-191.0869,외국인,False,-23.4983,28.1375,-3.9146,외국인,False,33.6198,62.5437,-96.1101,외국인,True
2024,101160,2024-03-21,27.251,46.7523,-76.937,외국인,True,-5.8732,-9.784,16.2517,개인,False,-24.6308,-20.2063,44.2679,개인,False
2024,222800,2024-03-21,31.646,42.9504,-66.2274,외국인,True,-39.2157,10.0913,36.5078,개인,False,-15.5631,-68.2885,81.8914,개인,False
2024,278650,2024-03-21,0.0113,130.6561,-141.4095,외국인,True,2.7222,19.0987,-26.6614,외국인,True,28.8858,364.6078,-407.5264,외국인,True
2024,353200,2024-03-21,1.6842,76.4515,-77.3736,외국인,True,-8.6284,23.3605,-0.0978,외국인,False,-92.4893,41.8909,53.1285,개인,False
2024,000490,2024-03-22,-6.8273,-25.6253,30.0939,개인,False,-9.6963,-22.0077,31.6343,개인,False,-0.3306,-19.3749,19.9009,개인,False
2024,015590,2024-03-22,1.5071,160.6715,-193.0157,외국인,True,1.2022,89.883,-100.8499,외국인,True,-2.0957,-166.0654,162.2662,개인,False
2024,019170,2024-03-22,3.8787,39.6267,-30.5088,외국인,True,3.4945,-0.2825,-3.0624,기관,False,3.1416,-33.6054,26.3675,개인,False
2024,048410,2024-03-22,0.8757,15.6929,-14.787,외국인,True,0.2168,6.3932,-5.2866,외국인,True,2.6546,-10.5906,7.9944,개인,False
2024,060230,2024-03-22,1.5487,151.5573,-171.8672,외국인,True,-0.0011,2.7957,-2.9624,외국인,False,-1.5474,-120.0485,141.9668,개인,False
2024,061970,2024-03-22,15.7038,49.9113,-67.524,외국인,True,0.3576,16.7519,-17.7226,외국인,True,24.8744,45.8603,-67.8276,외국인,True
2024,066570,2024-03-22,95.9907,213.3188,-327.15,외국인,True,45.8811,176.1992,-236.5317,외국인,True,-272.6877,-394.843,677.5253,개인,False
2024,189300,2024-03-22,-3.4915,22.3575,-22.9293,외국인,False,-4.6157,-14.1163,16.5695,개인,False,23.7877,-25.024,1.3602,기관,False
2024,420770,2024-03-22,9.9905,31.3598,-38.1582,외국인,True,-10.6658,17.2055,-3.7444,외국인,False,-11.0726,-5.1377,18.0865,개인,False
2024,003580,2024-03-25,0.1318,75.4152,-61.3622,외국인,True,0.2089,0.0858,4.2559,개인,True,-0.3017,-56.4834,26.0423,개인,False
2024,214450,2024-03-25,13.404,-15.9301,-0.1968,기관,False,-5.3899,-19.0075,21.2623,개인,False,103.8275,-223.7469,92.5202,기관,False
2024,336570,2024-03-25,47.7498,8.1444,-55.2128,기관,True,12.9401,2.1449,-15.4907,기관,True,109.0155,-46.5423,-64.4981,기관,False
2024,041510,2024-03-26,147.69,84.5043,-231.7181,기관,True,69.6556,26.5168,-91.7707,기관,True,54.0169,-36.1959,-4.0225,기관,False
2024,089890,2024-03-26,-1.8928,-4.1038,3.8865,개인,False,-1.8659,-41.3822,44.3055,개인,False,-5.8132,-32.7793,40.0966,개인,False
2024,123410,2024-03-26,2.3625,13.4001,-23.4415,외국인,True,-0.6968,6.0684,-12.5322,외국인,False,15.4761,-39.4157,29.8737,개인,False
2024,356680,2024-03-26,-2.5187,3.3123,-0.5929,외국인,False,-0.4284,-0.3484,0.4856,개인,False,-0.0919,4.3606,-4.0728,외국인,False
2024,003280,2024-03-27,0.6236,-19.2514,19.0104,개인,False,0.156,-7.2281,6.6229,개인,False,1.3351,6.9538,-9.7386,외국인,True
2024,064350,2024-03-27,175.8036,439.696,-611.1271,외국인,True,87.8106,287.6213,-370.9748,외국인,True,283.1214,1251.2691,-1497.1393,외국인,True
2024,008930,2024-03-28,-89.6518,-2.2235,84.132,개인,False,-20.9781,9.3315,8.3973,외국인,False,-220.7409,-5.1638,224.9396,개인,False
2024,087010,2024-03-28,21.9177,22.102,-50.9115,외국인,True,15.9919,34.489,-57.0092,외국인,True,-1.8428,-21.4158,24.9933,개인,False
2024,451760,2024-03-28,-17.2145,3.0701,72.5712,개인,False,-0.1119,8.0811,-9.694,외국인,False,37.7118,-3.5965,29.5592,기관,False
2024,009830,2024-03-29,37.9194,-116.8841,77.1629,개인,False,13.0858,-142.373,130.09,개인,False,-53.1192,-3.3794,52.8607,개인,False
2024,080220,2024-03-29,-0.5057,244.2561,-238.6646,외국인,False,3.1442,134.7516,-135.9456,외국인,True,-2.4132,-78.98,87.4589,개인,False
2024,085670,2024-03-29,12.0937,10.5181,-34.7731,기관,True,7.1414,21.0805,-25.1127,외국인,True,-36.8484,24.2303,24.1282,외국인,False
2024,267250,2024-03-29,65.1216,82.4145,-146.5254,외국인,True,-34.2903,-23.7991,56.9596,개인,False,-38.4031,4.925,29.6793,개인,False
2024,008770,2024-04-01,368.8838,90.6942,-463.3846,기관,True,192.7187,-3.4903,-195.2139,기관,False,-77.4529,-119.3101,207.1078,개인,False
2024,112610,2024-04-01,88.3713,110.7355,-177.3352,외국인,True,-18.5123,-44.8396,88.2723,개인,False,66.0332,-242.3313,172.1487,개인,False
2024,161890,2024-04-01,118.0779,54.2249,-166.5754,기관,True,-23.904,23.4087,0.82,외국인,False,127.2513,-84.4003,-42.531,기관,False
2024,271560,2024-04-01,61.2495,151.6195,-226.7704,외국인,True,-9.1003,-65.0834,53.8446,개인,False,199.4515,-59.5809,-129.0486,기관,False
2024,383220,2024-04-01,60.4182,63.121,-96.9634,외국인,True,25.2357,-24.4195,7.7465,기관,False,36.8287,-52.3816,16.443,기관,False
2024,457550,2024-04-01,-15.7495,17.5433,-1.5294,외국인,False,-17.2218,13.0399,4.5211,외국인,False,9.0049,-2.2233,-7.0449,기관,False
2024,102120,2024-04-02,-11.413,-45.4249,57.6931,개인,False,-13.2607,-15.2889,29.6111,개인,False,1.9015,1.5597,-8.4365,기관,True
2024,006360,2024-04-03,4.1575,7.0461,-5.7886,외국인,True,0.9988,-11.2272,10.7803,개인,False,-30.2811,-45.2464,72.3905,개인,False
2024,012510,2024-04-04,,,,,,,,,,,,,,,
2024,036540,2024-04-04,-23.2053,2.4074,17.3188,개인,False,-26.6077,-34.2338,55.1206,개인,False,-9.2015,-40.1546,48.0403,개인,False
2024,036830,2024-04-04,-1.2313,-36.439,40.3381,개인,False,0.7648,-29.1841,28.1896,개인,False,20.1675,-13.7892,-7.1591,기관,False
2024,036930,2024-04-04,-88.3151,-2.8993,94.544,개인,False,-103.8336,-86.8509,208.4771,개인,False,67.0354,-257.4732,187.5038,개인,False
2024,051370,2024-04-04,-3.6047,-13.7688,17.5909,개인,False,-11.6133,-21.7424,32.4241,개인,False,1.6446,-20.7048,18.9137,개인,False
2024,263600,2024-04-04,-12.2204,2.6809,9.8233,개인,False,-3.8673,3.2935,0.5432,외국인,False,-0.0928,-2.8534,2.4611,개인,False
2024,445180,2024-04-04,-0.3607,17.7131,-19.8453,외국인,False,-0.0108,1.7011,-1.7323,외국인,False,-0.0013,-13.395,13.1896,개인,False
2024,000880,2024-04-08,-42.9771,-91.9103,147.2109,개인,False,-75.4398,-100.4502,167.4864,개인,False,67.1382,-112.1937,29.2126,기관,False
2024,049950,2024-04-11,0.9281,-4.5333,-0.2845,기관,False,0.6972,-5.1631,4.0215,개인,False,1.2847,4.9125,-3.7889,외국인,True
2024,396470,2024-04-11,-1.0124,15.3419,-17.2052,외국인,False,-1.1113,4.7183,-4.1457,외국인,False,-0.9939,16.1284,-11.7948,외국인,False
2024,053800,2024-04-12,-19.6195,-20.936,39.5201,개인,False,-15.9917,-40.4142,54.4358,개인,False,7.8405,28.2579,-37.5915,외국인,True
2024,229640,2024-04-12,25.7822,-25.3321,-7.7599,기관,False,9.1199,-52.9354,38.9371,개인,False,4.657,-11.8526,7.2362,개인,False
2024,110990,2024-04-15,58.3111,22.4969,-94.6814,기관,True,35.1592,9.5395,-59.4029,기관,True,47.2465,102.893,-144.1311,외국인,True
2024,200710,2024-04-15,55.5849,-34.132,-29.0777,기관,False,51.8785,-37.1082,-24.6276,기관,False,4.4462,-109.5223,119.8816,개인,False
2024,206650,2024-04-15,-9.7153,5.2654,-23.1527,외국인,False,-3.9371,-28.4286,6.4601,개인,False,-7.9028,-50.0608,61.6604,개인,False
2024,006220,2024-04-16,-4.4194,28.9856,-24.0124,외국인,False,-3.138,39.7063,-35.9139,외국인,False,1.9327,58.9237,-63.5361,외국인,True
2024,028050,2024-04-16,72.2425,37.8224,-112.4134,기관,True,-13.5887,60.9877,-52.7107,외국인,False,63.3083,-30.8585,-35.0127,기관,False
2024,065450,2024-04-16,-0.9495,5.1448,-5.5774,외국인,False,-0.0179,-6.384,6.6049,개인,False,0.0038,17.2755,-15.8332,외국인,True
2024,440110,2024-04-17,10.7618,75.0474,-89.8095,외국인,True,-5.2513,-3.1005,6.0876,개인,False,-10.9899,-19.8127,33.6677,개인,False
2024,039440,2024-04-18,135.242,140.7969,-296.713,외국인,True,97.7018,72.2146,-167.8073,기관,True,-11.6991,-118.5589,148.3705,개인,False
2024,171090,2024-04-18,-5.6369,-0.6352,5.8116,개인,False,-8.2697,-20.195,27.627,개인,False,5.9517,23.4561,-28.9281,외국인,True
2024,011200,2024-04-22,260.7276,-148.8994,-114.4779,기관,False,71.0723,-192.2129,118.811,개인,False,-89.9385,3.3928,87.0314,개인,False
2024,067080,2024-04-22,0.774,-0.9364,-2.2695,기관,False,0.6798,-5.8911,5.096,개인,False,-0.0382,7.7645,-4.9255,외국인,False
2024,402490,2024-04-22,1.5649,1.4905,-2.7538,기관,True,1.5402,2.0427,-4.9053,외국인,True,-0.5624,7.7463,-6.7833,외국인,False
2024,030520,2024-04-23,97.232,-27.8982,-71.6671,기관,False,45.4125,-59.7022,8.8327,기관,False,55.7785,10.2501,-48.8803,기관,True
2024,138930,2024-04-23,108.7001,146.0372,-182.6958,외국인,True,54.9449,56.9454,-96.583,외국인,True,22.3633,119.0281,-132.0477,외국인,True
2024,195940,2024-04-23,101.6194,33.3548,-134.2161,기관,True,69.5757,-17.9188,-52.6766,기관,False,25.4619,-26.9307,0.7525,기관,False
2024,047810,2024-04-24,102.9571,295.3148,-394.7898,외국인,True,17.5536,144.7698,-161.4944,외국인,True,201.0503,333.3379,-531.679,외국인,True
2024,237820,2024-04-24,0.0961,-1.1412,-0.1172,기관,False,-0.4579,6.7207,-4.8561,외국인,False,-0.4362,-0.9396,2.8499,개인,False
2024,086790,2024-04-26,599.2607,-108.2107,-489.6329,기관,False,425.9406,-284.003,-143.7067,기관,False,-74.9744,-131.0583,201.5322,개인,False
2024,105560,2024-04-26,555.4201,640.1814,-1180.1155,외국인,True,340.341,192.1121,-527.2898,기관,True,147.9474,-92.8076,-52.4077,기관,False
2024,140670,2024-04-26,-1.1554,-28.5798,29.7358,개인,False,0.283,-43.9591,44.0875,개인,False,0.2937,2.7868,-3.4913,외국인,True
2024,000680,2024-04-29,0.6452,5.403,-7.4268,외국인,True,0.658,18.6201,-19.364,외국인,True,0.0108,8.5674,-8.5958,외국인,True
2024,055550,2024-04-29,296.4781,78.089,-370.7914,기관,True,472.9896,-86.7007,-385.3178,기관,False,-17.3939,203.8249,-181.8848,외국인,False
2024,074610,2024-04-29,0.2678,255.1222,-251.512,외국인,True,0.2716,-37.6881,37.6182,개인,False,0.448,-115.4899,108.8763,개인,False
2024,204320,2024-04-29,72.0098,277.5309,-344.6301,외국인,True,10.7277,6.0626,-15.7278,기관,True,162.3984,58.2346,-227.3662,기관,True
2024,278470,2024-04-29,-13.8429,116.398,7.3957,외국인,False,26.5425,22.3526,-34.9799,기관,True,85.8877,19.7353,0.288,기관,True
2024,237690,2024-04-30,32.212,45.398,-73.5042,외국인,True,36.4683,-16.518,-22.0392,기관,False,162.7709,-150.1336,-19.7848,기관,False
2024,298830,2024-04-30,25.3512,6.7045,61.066,개인,True,-7.89,13.4691,5.9916,외국인,False,10.3918,7.3831,-6.2147,기관,True
2024,439090,2024-04-30,-59.9606,-41.3479,92.6191,개인,False,-18.598,-17.9572,35.9573,개인,False,-199.8363,103.693,104.1136,개인,False
2024,034230,2024-05-02,49.7781,21.5092,-76.407,기관,True,8.4654,15.0017,-27.8493,외국인,True,-10.3517,-60.8067,72.783,개인,False
2024,039980,2024-05-02,0.0497,-4.7518,11.2921,개인,False,-2.4327,-18.6743,27.6198,개인,False,14.6311,65.3941,-69.2477,외국인,True
2024,085670,2024-05-02,17.8932,-12.5938,-0.7135,기관,False,13.8152,17.0363,-24.2117,외국인,True,6.3245,-14.529,4.808,기관,False
2024,317330,2024-05-02,-5.2565,-72.1386,74.2708,개인,False,-5.6892,-71.6739,77.4519,개인,False,-80.3757,-212.4149,391.0063,개인,False
2024,018880,2024-05-03,-1.3854,10.2953,-7.5319,외국인,False,-17.491,16.5437,1.7276,외국인,False,50.5792,-495.1875,439.8778,개인,False
2024,024910,2024-05-03,-0.081,-6.2839,6.3645,개인,False,-0.081,-6.3055,6.058,개인,False,0.0,5.7954,-6.0847,외국인,False
2024,090460,2024-05-03,146.464,160.1936,-317.4502,외국인,True,8.5256,25.1298,-34.9018,외국인,True,161.3141,-101.7328,-68.8989,기관,False
2024,126700,2024-05-03,26.0564,2.4052,-34.2252,기관,True,9.0893,-25.1165,14.848,개인,False,-15.5769,25.4634,-6.2589,외국인,False
2024,299030,2024-05-03,5.1673,58.8557,-59.6541,외국인,True,5.2818,6.5772,-10.5866,외국인,True,3.9306,-22.0618,17.9803,개인,False
2024,009830,2024-05-07,380.9159,178.8318,-561.4075,기관,True,110.3595,151.6714,-263.5805,외국인,True,156.0646,-55.4452,-117.3134,기관,False
2024,025320,2024-05-07,-0.2358,56.4448,-45.5552,외국인,False,1.432,57.2313,-49.9393,외국인,True,9.9735,122.8405,-94.0129,외국인,True
2024,034020,2024-05-07,94.4962,389.8778,-490.2766,외국인,True,78.9987,101.6374,-189.7442,외국인,True,198.8144,375.0688,-578.9942,외국인,True
2024,035720,2024-05-07,328.2109,-101.1607,-230.1156,기관,False,79.6293,-66.8061,-17.1594,기관,False,-375.3379,-699.6944,1076.4171,개인,False
2024,035900,2024-05-07,139.8069,-134.7339,-9.0725,기관,False,109.4671,-44.5157,-71.9231,기관,False,-218.7121,-1044.11,1266.0696,개인,False
2024,041020,2024-05-07,0.7684,-1.8595,5.1552,개인,False,0.6871,4.1661,-1.4393,외국인,True,-1.7817,32.3484,-21.5808,외국인,False
2024,053030,2024-05-07,59.3701,48.2596,-105.6977,기관,True,2.0891,13.08,-10.4638,외국인,True,28.0996,-37.1193,5.8701,기관,False
2024,068760,2024-05-07,111.6821,30.7894,-143.7146,기관,True,75.5968,4.8445,-82.1036,기관,True,-30.5552,-19.3523,50.0448,개인,False
2024,141080,2024-05-07,85.0783,-87.1787,-6.1216,기관,False,67.3499,-69.2083,-15.2925,기관,False,8.1088,21.6095,-31.8309,외국인,True
2024,219130,2024-05-07,-3.0657,20.8049,-13.1351,외국인,False,3.7329,-3.9119,10.8908,개인,False,22.7036,77.272,-98.0303,외국인,True
2024,282720,2024-05-07,-30.2553,-4.1256,34.0948,개인,False,-14.4407,-8.9732,20.6421,개인,False,-11.2838,-5.1683,17.211,개인,False
2024,323280,2024-05-07,-0.7403,-4.7108,5.8517,개인,False,-0.8436,-5.5183,5.8168,개인,False,-0.0905,30.1135,-32.0624,외국인,False
2024,043260,2024-05-08,-14.4624,-4.9157,36.5921,개인,False,-14.2582,-3.6298,37.6437,개인,False,-1.7622,24.4227,-23.3193,외국인,False
2024,251270,2024-05-08,-21.8231,61.0773,-38.3512,외국인,False,-5.4147,50.3666,-45.139,외국인,False,-105.7323,71.9157,26.658,외국인,False
2024,316140,2024-05-08,-156.8302,278.7854,-121.8113,외국인,False,-184.1907,69.8282,107.4612,개인,False,43.4233,115.9131,-182.1454,외국인,True
2024,322510,2024-05-08,-1.7366,-0.9519,0.5585,개인,False,-1.1057,-5.245,7.1448,개인,False,-5.4609,-18.4265,14.7843,개인,False
2024,356860,2024-05-08,13.1794,-2.8217,-10.5443,기관,False,11.3768,0.2697,-10.3648,기관,True,-47.0844,4.6292,43.1538,개인,False
2024,007660,2024-05-09,83.6397,423.3461,-470.871,외국인,True,118.6598,251.9044,-367.8718,외국인,True,136.7901,926.7313,-1070.8184,외국인,True
2024,042000,2024-05-09,16.3713,14.3487,-35.9608,기관,True,2.097,12.0273,-13.7778,외국인,True,28.8771,-44.5199,16.9922,기관,False
2024,162300,2024-05-09,0.0,-0.9832,0.93,개인,False,0.0,-1.3585,1.3309,개인,False,-0.0,0.2248,-0.4404,외국인,False
2024,335890,2024-05-09,,,,,,,,,,,,,,,
2024,338220,2024-05-09,-5.0601,23.6259,-17.0421,외국인,False,-12.0304,-0.2979,15.5273,개인,False,27.7171,10.3451,-39.0543,기관,True
2024,006880,2024-05-10,-0.1534,-10.6323,10.4731,개인,False,-0.1226,-4.4529,3.8701,개인,False,-0.0022,2.3522,-2.372,외국인,False
2024,017670,2024-05-10,143.3676,-74.5241,-70.0308,기관,False,79.6244,-140.0447,59.1908,기관,False,-28.0697,-120.7389,142.5455,개인,False
2024,032830,2024-05-10,138.3976,437.301,-189.7485,외국인,True,-51.6998,282.385,-70.4546,외국인,False,307.2677,512.4808,-148.1402,외국인,True
2024,066570,2024-05-10,497.8753,584.0314,-1071.702,외국인,True,7.8065,-32.4205,43.52,개인,False,382.1524,173.2565,-556.2703,기관,True
2024,161890,2024-05-10,146.2367,49.1776,-198.5371,기관,True,-4.7076,18.2915,-19.0461,외국인,False,2.5925,-35.1895,20.757,개인,False
2024,264850,2024-05-10,0.052,3.5128,-3.9941,외국인,True,0.6879,-10.0854,9.7225,개인,False,-0.1218,-1.2533,1.7898,개인,False
2024,030200,2024-05-14,11.2081,61.5343,-48.1264,외국인,True,127.4119,9.0708,-85.3629,기관,True,-47.8327,162.4525,-115.4825,외국인,False
2024,051370,2024-05-14,1.1196,41.0359,-43.6682,외국인,True,0.0344,5.3987,-5.6585,외국인,True,0.8124,-29.9883,32.5073,개인,False
2024,210980,2024-05-14,0.0222,0.4332,3.5514,개인,True,0.1519,3.5665,-3.811,외국인,True,0.1118,12.5775,-16.391,외국인,True
2024,000100,2024-05-16,8.5443,-48.528,40.9821,개인,False,-39.1457,-117.0453,154.0429,개인,False,26.2526,-217.9955,189.5113,개인,False
2024,009420,2024-05-16,25.7638,65.7781,-93.6651,외국인,True,-3.0226,5.6235,-3.0648,외국인,False,99.3394,-41.4423,-56.3798,기관,False
2024,020150,2024-05-16,38.0993,9.3997,-44.6145,기관,True,21.598,-47.0573,25.0904,개인,False,-36.6492,-48.2673,82.3998,개인,False
2024,215600,2024-05-16,-0.3835,-21.2647,21.0349,개인,False,-4.0647,-4.1123,8.1402,개인,False,15.3256,8.78,-23.7293,기관,True
2024,294630,2024-05-16,0.0312,24.1904,-26.347,외국인,True,0.0,-2.4444,1.5834,개인,False,-0.1169,-5.8961,7.4129,개인,False
2024,353200,2024-05-16,56.0435,39.3275,-103.7299,기관,True,23.82,1.6973,-25.3934,기관,True,34.8122,-22.2043,-11.3822,기관,False
2024,079370,2024-05-17,5.445,-19.273,11.123,개인,False,0.2116,16.9835,-22.9356,외국인,True,9.9801,55.0878,-69.0323,외국인,True
2024,351330,2024-05-17,1.3187,-12.7881,9.7057,개인,False,-1.0322,-13.7154,14.445,개인,False,-2.2283,-14.9595,18.4188,개인,False
2024,047050,2024-05-20,90.8966,-8.9291,-85.1655,기관,False,57.0199,-21.3489,-38.9512,기관,False,4.5993,-46.232,37.1458,개인,False
2024,271560,2024-05-20,-28.8594,-77.8495,95.9083,개인,False,-80.4942,-122.4931,196.4799,개인,False,-8.9775,-125.4059,68.9314,개인,False
2024,003530,2024-05-21,10.5048,-50.6474,39.4219,개인,False,-1.6161,-7.1474,8.6174,개인,False,-6.7788,-9.905,16.6543,개인,False
2024,041190,2024-05-21,40.46,93.0373,-129.2366,외국인,True,15.3881,-1.5306,-13.9691,기관,False,-1.0372,-72.7299,70.3531,개인,False
2024,051980,2024-05-22,-0.0675,63.4341,133.2424,개인,False,-0.0351,18.4687,5.571,외국인,False,12.129,37.8494,68.3659,개인,True
2024,000990,2024-05-23,68.0779,7.9015,-86.4351,기관,True,69.8215,-9.9342,-64.6657,기관,False,-178.1967,-112.7753,293.5008,개인,False
2024,041510,2024-05-23,87.1173,106.5875,-180.4764,외국인,True,21.2641,9.6041,-15.6169,기관,True,534.8847,79.0348,197.3023,기관,True
2024,006110,2024-05-27,-7.7659,27.0171,-17.9518,외국인,False,-10.1169,-0.4168,14.3538,개인,False,-0.4692,-22.498,30.1543,개인,False
2024,094360,2024-05-28,33.6341,-40.0496,-2.9976,기관,False,5.3,-15.9506,8.229,개인,False,61.011,-2.7372,-54.7041,기관,False
2024,304360,2024-05-28,-4.4412,14.2811,-6.137,외국인,False,-1.9275,-9.4734,6.1484,개인,False,-18.5071,-32.434,38.9515,개인,False
2024,402490,2024-05-28,9.4736,13.85,-24.2089,외국인,True,0.1335,-1.2465,1.1413,개인,False,-8.238,-12.0031,21.0471,개인,False
2024,403870,2024-05-28,108.601,305.2181,-410.0837,외국인,True,138.3958,-75.1129,-63.8038,기관,False,53.039,94.6911,116.1165,개인,True
2024,036200,2024-05-29,3.2653,56.0087,-56.7592,외국인,True,8.9262,-4.4292,-3.5007,기관,False,5.9432,-39.9036,34.2369,개인,False
2024,003160,2024-05-31,-3.2775,54.7508,-49.5643,외국인,False,-59.9536,-25.5429,86.5394,개인,False,-55.6738,-91.705,151.6351,개인,False
2024,032350,2024-05-31,52.1932,116.3622,-169.0059,외국인,True,10.2526,76.0818,-90.8062,외국인,True,-41.476,-125.9783,164.7844,개인,False
2024,065450,2024-06-03,0.0,-4.5402,3.3826,개인,False,0.0,0.7645,-1.9124,외국인,True,0.7739,19.6555,-19.7574,외국인,True
2024,002710,2024-06-05,11.0449,51.177,-62.0591,외국인,True,1.5592,18.4483,-18.0248,외국인,True,-1.2234,-10.235,5.2368,개인,False
2024,101360,2024-06-05,-4.8463,14.5784,-3.6378,외국인,False,2.2775,8.4728,0.1153,외국인,True,36.4175,-43.3738,-3.7091,기관,False
2024,253590,2024-06-05,0.0208,16.5971,-17.8407,외국인,True,-0.0371,17.2228,-16.3279,외국인,False,0.9023,43.7935,-44.8737,외국인,True
2024,036930,2024-06-07,-54.2771,-18.8743,68.9729,개인,False,-64.4675,-114.4471,174.5064,개인,False,80.6033,5.2427,-66.369,기관,True
2024,317330,2024-06-07,5.6634,81.413,-91.9597,외국인,True,4.4801,20.0307,-26.9428,외국인,True,-6.5258,235.7953,-239.3207,외국인,False
2024,336370,2024-06-07,15.7866,42.8067,-60.9481,외국인,True,14.08,25.7911,-40.1089,외국인,True,-0.8,-26.6068,29.8903,개인,False
2024,402340,2024-06-07,-160.0044,329.6348,-164.0226,외국인,False,-205.1327,189.3833,14.5793,외국인,False,105.1558,-45.1892,-61.9492,기관,False
2024,454910,2024-06-07,21.0324,161.9932,-173.4829,외국인,True,19.8429,142.5479,-153.5309,외국인,True,688.4689,252.2476,-921.3261,기관,True
2024,204270,2024-06-10,4.3868,-0.2466,-24.343,기관,False,-6.12,-4.2803,-8.487,외국인,False,-101.0545,202.3281,-83.8592,외국인,False
2024,281740,2024-06-10,54.673,-100.3481,45.979,기관,False,59.331,-64.9864,7.4004,기관,False,-91.0443,32.1912,55.4972,개인,False
2024,457190,2024-06-10,96.2455,7.2011,-104.5361,기관,True,61.5015,10.3371,-68.6338,기관,True,214.486,-173.8899,-38.9091,기관,False
2024,009520,2024-06-11,1.5994,6.2442,-4.1057,외국인,True,-0.9856,11.0598,-13.9064,외국인,False,-1.5317,-8.6606,12.1644,개인,False
2024,073570,2024-06-11,-3.2639,43.9147,10.2549,외국인,False,-2.6119,23.9771,-4.9238,외국인,False,-34.741,16.2044,28.4646,개인,False
2024,114190,2024-06-11,1.87,13.7736,-18.831,외국인,True,0.9875,21.4641,-27.0443,외국인,True,11.6553,53.4047,-67.9737,외국인,True
2024,161000,2024-06-11,17.8561,17.014,-34.148,기관,True,5.9303,7.7085,-13.2729,외국인,True,24.9337,-17.7346,-7.074,기관,False
2024,022100,2024-06-12,219.1617,-176.1014,-43.1967,기관,False,160.3488,-138.6289,-19.6395,기관,False,262.9435,-73.6627,-185.3563,기관,False
2024,171090,2024-06-12,17.5532,-14.1768,0.6483,기관,False,7.7173,-13.2794,6.8857,기관,False,0.4238,28.3536,-22.0882,외국인,True
2024,228760,2024-06-12,1.4079,7.2734,-14.9784,외국인,True,1.0569,8.5586,-5.6964,외국인,True,-7.572,25.5099,-15.3752,외국인,False
2024,147830,2024-06-13,-0.305,-53.4875,54.437,개인,False,-0.0582,-47.4997,49.317,개인,False,-0.2012,13.6676,-18.2473,외국인,False
2024,375500,2024-06-13,-62.0548,1.4596,63.543,개인,False,-6.9867,-9.8641,15.0242,개인,False,-16.7446,43.1888,-31.0144,외국인,False
2024,452430,2024-06-13,3.0525,25.3624,-18.0322,외국인,True,-13.0071,-3.4342,19.2829,개인,False,39.5355,-42.731,18.9636,기관,False
2024,005930,2024-06-14,-3559.6881,11182.6118,-7741.7081,외국인,False,-1678.9159,4023.7897,-2543.7665,외국인,False,3985.1244,8520.6279,-10708.7657,외국인,True
2024,166090,2024-06-14,126.2438,-16.6971,-119.6268,기관,False,16.298,-32.1629,2.0039,기관,False,13.7667,19.7992,-47.5166,외국인,True
2024,015750,2024-06-17,13.6483,0.988,-14.2601,기관,True,0.6343,7.5421,-7.9593,외국인,True,-0.8845,23.4057,-24.9983,외국인,False
2024,042660,2024-06-17,318.5791,1.7749,-307.894,기관,True,221.5732,-2.1361,-231.2113,기관,False,-31.0266,-61.023,89.1527,개인,False
2024,064350,2024-06-17,306.0668,654.7034,-944.0851,외국인,True,49.9328,78.4077,-129.2614,외국인,True,119.1313,-818.3966,692.3723,개인,False
2024,272210,2024-06-17,153.95,100.893,-260.9281,기관,True,77.0584,18.3478,-96.8467,기관,True,-248.4545,490.4137,-247.8786,외국인,False
2024,003720,2024-06-18,-8.3842,3.9535,3.9748,개인,False,-8.8882,-7.1005,15.9051,개인,False,-0.0147,-6.6649,6.5653,개인,False
2024,011210,2024-06-18,46.7822,7.5965,-53.7538,기관,True,15.0208,-25.3362,10.0934,기관,False,-3.2342,-10.951,15.2478,개인,False
2024,039440,2024-06-18,91.5933,85.418,-177.014,기관,True,29.8199,66.1775,-93.8712,외국인,True,144.6833,24.0866,-168.4167,기관,True
2024,087260,2024-06-18,0.5002,2.0221,-2.9989,외국인,True,-0.0004,11.774,-11.9686,외국인,False,-0.4507,5.1967,-4.1257,외국인,False
2024,034220,2024-06-19,18.2168,34.7213,-55.4315,외국인,True,1.4828,-56.6122,46.5204,개인,False,479.5423,44.4786,-510.2696,기관,True
2024,003280,2024-06-20,3.363,7.9653,-10.5424,외국인,True,2.0304,-0.4133,-1.8539,기관,False,5.7599,-3.225,-0.7983,기관,False
2024,023160,2024-06-20,-10.3753,-38.271,43.2374,개인,False,-23.0351,-14.4301,33.2678,개인,False,-12.9967,-2.2996,15.0031,개인,False
2024,053030,2024-06-20,22.6805,12.4703,-41.4611,기관,True,47.2933,-9.259,-40.9511,기관,False,12.7032,-25.6831,18.0128,개인,False
2024,102120,2024-06-20,-8.2298,-12.2221,19.5384,개인,False,-4.3921,8.8048,-3.1035,외국인,False,1.7003,10.1906,-10.1826,외국인,True
2024,108320,2024-06-20,11.3881,290.8443,-294.0419,외국인,True,-91.7623,110.3081,-17.243,외국인,False,97.38,18.0197,-113.7442,기관,True
2024,141080,2024-06-20,24.5317,442.5198,-473.777,외국인,True,-24.7544,116.1756,-102.7896,외국인,False,115.6265,-298.1531,184.0818,개인,False
2024,017510,2024-06-21,0.0,-1.6632,2.0737,개인,False,0.0,-0.7693,1.0795,개인,False,-0.0011,11.6149,-14.1164,외국인,False
2024,017670,2024-06-21,-20.063,46.5918,-43.1524,외국인,False,-85.0148,-245.5421,304.65,개인,False,-91.7606,-21.9875,101.9028,개인,False
2024,034230,2024-06-21,45.228,-26.0323,-27.2994,기관,False,14.343,-34.8036,11.2338,기관,False,-41.8815,-6.1978,33.4515,개인,False
2024,017860,2024-06-24,17.756,3.4742,-20.3037,기관,True,8.5528,-4.5804,-4.5825,기관,False,32.531,-11.6768,-21.1823,기관,False
2024,055550,2024-06-24,81.401,70.8629,-147.868,기관,True,81.6953,-63.4544,-19.1606,기관,False,115.8702,-129.6408,-25.6257,기관,False
2024,316140,2024-06-24,114.1549,56.0678,-231.1884,기관,True,27.8109,-153.4604,59.71,개인,False,-96.4027,34.6876,59.9389,개인,False
2024,460930,2024-06-24,4.2344,3.7758,-7.9778,기관,True,2.5619,-2.6887,-0.7964,기관,False,1.5553,13.9441,-16.4318,외국인,True
2024,016360,2024-06-25,154.5575,-59.2996,-101.2948,기관,False,230.0027,-169.4924,-71.6179,기관,False,257.3338,26.7039,-283.0974,기관,True
2024,028300,2024-06-25,-15.6144,942.7957,-901.7248,외국인,False,-38.031,283.2217,-250.1428,외국인,False,1.4192,-891.979,837.019,개인,False
2024,078150,2024-06-26,-0.7924,-14.1829,14.586,개인,False,-0.7849,-11.6244,11.1452,개인,False,10.4733,-33.8905,20.7756,개인,False
2024,095610,2024-06-26,69.3774,78.1639,-159.5723,외국인,True,-6.2701,15.9196,-15.8405,외국인,False,90.213,29.8611,-110.0194,기관,True
2024,006340,2024-06-27,10.8375,26.5973,-47.994,외국인,True,4.0981,133.8224,-150.0294,외국인,True,-2.2095,-14.1026,15.3052,개인,False
2024,028050,2024-06-28,-17.2133,228.6952,-203.9227,외국인,False,-54.8637,43.1611,17.1181,외국인,False,91.0872,-79.5589,-10.4852,기관,False
2024,033780,2024-06-28,-159.2362,86.8466,34.0505,외국인,False,-176.127,-82.3272,201.351,개인,False,156.2772,-76.6252,-75.3738,기관,False
2024,036200,2024-06-28,62.8467,43.9971,-111.0474,기관,True,34.0995,25.0389,-62.5816,기관,True,35.3489,-8.5695,-25.3638,기관,False
2024,900340,2024-06-28,-8.8218,162.3505,-145.0001,외국인,False,-4.0956,31.4443,-28.5996,외국인,False,-2.8679,-83.034,81.9202,개인,False
2024,010140,2024-07-01,178.2793,444.3142,-623.7627,외국인,True,-18.8769,380.6093,-366.2291,외국인,False,236.21,97.0099,-336.1382,기관,True
2024,092870,2024-07-01,3.7516,0.6672,-3.9013,기관,True,-0.4067,5.0608,-4.5521,외국인,False,2.5943,32.3789,-35.0142,외국인,True
2024,103140,2024-07-01,51.8377,24.7341,-77.4978,기관,True,-17.7495,-23.5402,38.0185,개인,False,32.8801,-73.59,36.0815,개인,False
2024,267270,2024-07-01,62.8181,42.8563,-102.1595,기관,True,-6.448,-7.1783,13.708,개인,False,-49.7428,-62.8504,112.1464,개인,False
2024,086790,2024-07-02,178.1272,129.2475,-297.4238,기관,True,131.1748,-0.5233,-134.9884,기관,False,367.6111,-200.0884,-153.7901,기관,False
2024,105560,2024-07-02,201.2223,113.4361,-322.7178,기관,True,105.5994,-280.4923,169.1392,개인,False,469.9017,-342.309,-115.5378,기관,False
2024,220100,2024-07-02,26.0733,13.0226,-39.0487,기관,True,19.1148,8.6563,-28.532,기관,True,-17.9949,77.33,-38.9056,외국인,False
2024,439580,2024-07-02,-7.5993,-3.6773,15.1633,개인,False,-3.746,-1.4697,4.9046,개인,False,-0.6199,2.5858,0.8645,외국인,False
2024,178320,2024-07-03,-29.8573,37.0663,105.2297,개인,False,-9.7915,-150.2158,162.6668,개인,False,-77.3564,-396.0369,779.5974,개인,False
2024,298380,2024-07-03,132.8945,-63.6748,-59.873,기관,False,48.6885,-3.3421,-45.2025,기관,False,185.8976,180.5856,-355.3061,기관,True
2024,008930,2024-07-04,-26.9579,-27.6667,53.5761,개인,False,-27.2208,3.8612,23.1009,개인,False,19.8312,1.4668,-15.7985,기관,True
2024,322310,2024-07-04,21.5583,14.9408,-33.1108,기관,True,-0.7053,-3.1373,2.2008,개인,False,-10.6291,-4.1928,11.5285,개인,False
2024,335890,2024-07-04,,,,,,,,,,,,,,,
2024,347850,2024-07-05,0.784,3.5766,1.5925,외국인,True,6.1081,0.7319,-1.4768,기관,True,-0.467,3.2082,7.8022,개인,False
2024,051370,2024-07-08,1.3078,1.1147,-0.1713,기관,True,1.1443,-11.1926,11.7649,개인,False,-3.1257,-35.1661,35.872,개인,False
2024,052690,2024-07-08,-13.4642,108.1416,-45.9696,외국인,False,-24.6074,-12.1982,32.7331,개인,False,-299.4244,105.3428,546.3564,개인,False
2024,060370,2024-07-08,-1.8309,50.2178,-89.7505,외국인,False,-6.167,-30.9476,-31.8894,기관,False,25.8464,76.2641,-134.3347,외국인,True
2024,064550,2024-07-08,16.0107,27.5359,-41.4499,외국인,True,1.0579,1.7297,-3.0405,외국인,True,28.4665,-75.0992,47.2208,개인,False
2024,131970,2024-07-08,154.8916,-172.9901,14.7507,기관,False,121.827,-136.4811,8.579,기관,False,54.8556,-35.0229,-19.5864,기관,False
2024,006910,2024-07-09,0.0778,-6.1688,4.2605,개인,False,0.0084,4.261,-4.2901,외국인,True,1.1392,1.6657,-1.5179,외국인,True
2024,007460,2024-07-09,448.7913,467.3136,-905.7377,외국인,True,68.7752,118.378,-205.3351,외국인,True,347.2979,-152.5911,-242.4227,기관,False
2024,032820,2024-07-09,8.428,64.3558,-49.2714,외국인,True,-1.2557,58.8784,-48.1176,외국인,False,68.7573,-35.2828,-42.7924,기관,False
2024,034020,2024-07-09,134.8349,848.0352,-989.1369,외국인,True,111.6831,361.2545,-461.7042,외국인,True,-137.586,70.9082,71.1266,개인,False
2024,103590,2024-07-09,55.3776,72.6261,-136.2526,외국인,True,40.8489,112.3549,-155.4097,외국인,True,177.171,14.2222,-175.6801,기관,True
2024,161580,2024-07-09,12.3976,11.8162,-29.6131,기관,True,8.1779,-61.3408,52.8063,개인,False,-10.682,-25.4473,37.5919,개인,False
2024,195940,2024-07-09,-25.1705,83.0655,-54.3656,외국인,False,-36.4027,6.8317,26.7997,개인,False,1.3512,19.6452,-25.4743,외국인,True
2024,457550,2024-07-09,3.1074,0.4028,-1.9377,기관,True,0.6722,7.6185,-8.6367,외국인,True,39.5021,0.1824,-43.73,기관,True
2024,010120,2024-07-10,60.511,52.3762,-110.6473,기관,True,18.6083,39.4742,-57.9252,외국인,True,29.1655,-109.0951,81.1113,개인,False
2024,019990,2024-07-10,-0.0,-14.0893,34.9455,개인,False,-0.0,-10.6947,31.5893,개인,False,0.0407,5.0221,-5.4263,외국인,True
2024,090460,2024-07-10,53.5146,40.6684,-96.9243,기관,True,-14.4858,81.2961,-66.3393,외국인,False,120.9704,111.9384,-235.838,기관,True
2024,229640,2024-07-10,37.3996,35.172,-71.2502,기관,True,23.7489,22.6383,-57.1547,기관,True,-2.7876,-31.3876,25.4838,개인,False
2024,237690,2024-07-10,92.2425,31.6916,-125.2086,기관,True,22.4841,23.052,-37.9491,외국인,True,-36.139,72.62,-36.7365,외국인,False
2024,251270,2024-07-10,2489.5369,38.9886,-27.4155,기관,True,-4.4917,37.7491,-33.9473,외국인,False,87.1132,75.7224,-161.6291,기관,True
2024,353200,2024-07-10,77.1332,181.4814,-255.479,외국인,True,-17.9799,18.6323,-3.3024,외국인,False,16.9065,9.2601,-27.5931,기관,True
2024,066790,2024-07-11,0.1651,44.574,-45.276,외국인,True,5.4838,34.1407,-41.4776,외국인,True,-0.4405,10.3422,-10.5185,외국인,False
2024,403870,2024-07-11,41.8383,482.5415,-487.3249,외국인,True,-52.6639,176.383,-141.7632,외국인,False,2.1908,-160.1384,166.7434,개인,False
2024,475150,2024-07-11,14.5281,-9.1281,-11.2914,기관,False,2.4788,4.8375,-12.6,외국인,True,-10.7241,35.199,-22.7844,외국인,False
2024,009420,2024-07-12,-47.0678,112.9072,-53.1222,외국인,False,-128.9543,88.5125,58.5121,외국인,False,-14.2353,-15.7876,34.4019,개인,False
2024,068760,2024-07-12,-36.9068,13.8917,12.6239,외국인,False,-55.9371,12.041,40.2719,개인,False,16.9924,-59.0413,40.2342,개인,False
2024,241560,2024-07-12,557.5494,-771.7977,192.742,기관,False,-133.1548,109.9057,25.8907,외국인,False,768.0186,-1057.3114,278.2185,기관,False
2024,041190,2024-07-15,-4.8479,15.2916,-10.092,외국인,False,-5.454,-35.053,37.7672,개인,False,78.2729,-63.4914,-16.7173,기관,False
2024,042670,2024-07-15,,,,,,,,,,,,,,,
2024,112040,2024-07-15,42.1249,24.338,-65.449,기관,True,0.2461,-5.9634,5.5748,개인,False,-3.029,-73.9355,66.8702,개인,False
2024,001470,2024-07-16,3.399,34.0086,-53.9212,외국인,True,2.8571,0.0621,-7.0304,기관,True,8.8622,160.1342,-182.4548,외국인,True
2024,064260,2024-07-16,0.4754,5.6991,-9.7824,외국인,True,0.0459,-5.4257,1.6248,개인,False,-0.3354,-5.5107,9.1811,개인,False
2024,094480,2024-07-16,12.6006,-15.7541,3.0037,기관,False,-0.8588,-15.1431,16.1868,개인,False,63.9323,-1.8628,-57.9043,기관,False
2024,270660,2024-07-16,-0.9872,-13.3498,14.4503,개인,False,-0.9684,-8.0292,8.9324,개인,False,0.0721,5.8937,-4.5762,외국인,True
2024,445090,2024-07-16,1.3082,16.8701,-26.7724,외국인,True,-4.3463,10.5818,-17.2956,외국인,False,-34.6457,-47.5661,78.9915,개인,False
2024,461030,2024-07-16,-1.4198,-47.6071,85.0082,개인,False,-1.1083,-26.5649,71.5306,개인,False,5.2014,-11.2754,27.4079,개인,False
2024,000720,2024-07-17,186.7752,1.3681,-200.973,기관,True,-57.0122,-37.2854,92.0501,개인,False,-79.9391,-225.7134,308.5407,개인,False
2024,039980,2024-07-17,7.5958,0.2963,-12.1135,기관,True,0.7118,9.6705,-5.5152,외국인,True,-6.4887,55.1401,-46.5541,외국인,False
2024,035900,2024-07-18,95.0498,-8.7068,-87.4713,기관,False,58.3377,-41.8296,-16.2027,기관,False,-41.9163,-125.1403,165.1502,개인,False
2024,000990,2024-07-19,486.1799,-4.2283,-476.8167,기관,False,363.9713,84.3568,-444.8186,기관,True,176.4217,-47.4246,-136.1055,기관,False
2024,018290,2024-07-19,175.2897,88.2785,-277.0575,기관,True,68.8869,39.8224,-131.4488,기관,True,58.7642,-179.7211,135.8233,개인,False
2024,039610,2024-07-19,2.6418,2.7495,-4.3715,외국인,True,0.1958,-8.1784,6.5384,개인,False,14.4534,13.4305,-28.7851,기관,True
2024,053080,2024-07-19,-0.197,9.195,-11.9298,외국인,False,-0.2794,15.5886,-17.1757,외국인,False,-0.0741,-9.8635,10.3108,개인,False
2024,112610,2024-07-19,3.1847,168.524,-172.0085,외국인,True,-36.7196,1.0154,35.8271,개인,False,-18.9227,-19.1582,36.708,개인,False
2024,039560,2024-07-22,-14.9735,-2.6073,16.9699,개인,False,0.2015,3.6197,-3.9768,외국인,True,-1.2584,1.7064,-0.2962,외국인,False
2024,082740,2024-07-23,9.4575,93.9045,-114.3452,외국인,True,-42.4933,43.886,-9.4358,외국인,False,-122.1076,-12.3289,138.593,개인,False
2024,272210,2024-07-23,135.0484,94.0351,-234.5122,기관,True,178.3082,42.8024,-223.27,기관,True,221.8477,107.6284,-252.6645,기관,True
2024,002720,2024-07-25,-1.4841,6.5414,-5.8473,외국인,False,-1.2135,15.1905,-13.3425,외국인,False,1.9453,2.9698,-4.5625,외국인,True
2024,445680,2024-07-26,-1.8029,58.7126,-40.9796,외국인,False,-6.3191,12.227,-6.6787,외국인,False,-0.9508,-4.499,5.0319,개인,False
2024,047810,2024-07-29,288.8038,378.879,-707.1503,외국인,True,105.1754,66.8343,-194.3009,기관,True,43.9367,1366.0778,-1349.0369,외국인,True
2024,051980,2024-07-29,-8.655,65.6804,-56.3679,외국인,False,-7.1815,-15.3008,23.1402,개인,False,-6.894,-31.517,52.7228,개인,False
2024,232140,2024-07-29,-37.245,125.6082,-109.1764,외국인,False,-44.0833,-23.0752,66.8325,개인,False,109.8774,24.9239,-125.6451,기관,True
2024,004090,2024-07-31,0.0931,-3.445,3.6366,개인,False,0.0205,-4.3538,4.5778,개인,False,-5.5556,20.9988,-15.3802,외국인,False
2024,152550,2024-07-31,,,,,,,,,,,,,,,
2024,161390,2024-07-31,-29.0431,133.9035,-102.7249,외국인,False,-44.7905,77.4721,-40.9434,외국인,False,-75.7902,-53.374,122.5835,개인,False
2024,003280,2024-08-01,0.9793,-5.9219,7.3673,개인,False,0.2441,-8.1067,8.784,개인,False,0.1718,19.6341,273.0535,개인,True
2024,015760,2024-08-01,99.1978,65.6229,-344.7179,기관,True,39.3631,-17.0201,-126.6589,기관,False,-63.5886,-84.1258,88.4051,개인,False
2024,042660,2024-08-01,-20.4236,550.2385,-548.3291,외국인,False,-276.8451,66.7904,198.2253,개인,False,288.9939,-291.569,4.2454,기관,False
2024,108860,2024-08-01,7.1621,18.2902,-27.6639,외국인,True,13.1937,0.3788,-14.4694,기관,True,18.8634,-4.2485,-11.1568,기관,False
2024,465770,2024-08-01,0.139,-9.2815,9.8761,개인,False,0.055,-3.9671,4.0849,개인,False,0.1892,3.6497,-1.3767,외국인,True
2024,019170,2024-08-07,3.532,-18.0331,13.6611,개인,False,4.3837,-10.6554,6.3775,개인,False,5.4215,-2.8758,2.3614,기관,False
2024,014710,2024-08-09,0.1821,27.8186,-32.8645,외국인,True,-0.0196,6.8793,-30.6945,외국인,False,0.252,-15.4847,12.031,개인,False
2024,439580,2024-08-09,-0.4633,2.3823,2.284,외국인,False,0.0963,-2.2333,2.5718,개인,False,0.0049,2.3683,-2.1521,외국인,True
2024,036460,2024-08-12,187.7422,93.3644,-295.381,기관,True,24.3821,100.2184,-139.0493,외국인,True,7.6181,-69.6401,56.9267,개인,False
2024,005860,2024-08-13,-0.1162,2.3966,-2.8775,외국인,False,0.0,11.7425,-10.8235,외국인,False,-0.6726,-1.0185,1.4305,개인,False
2024,028300,2024-08-13,-81.7801,93.1599,-37.4602,외국인,False,-11.1438,56.8563,-70.3522,외국인,False,147.8859,-981.8238,764.5794,개인,False
2024,137400,2024-08-13,-24.3197,-314.218,332.704,개인,False,-14.4443,-227.2892,205.7055,개인,False,-1.4014,-84.6635,88.4671,개인,False
2024,222080,2024-08-13,-5.0228,-48.1305,51.0628,개인,False,1.161,-23.3922,21.3787,개인,False,5.5479,-24.7895,19.5323,개인,False
2024,452190,2024-08-13,-50.4561,-9.2036,59.1468,개인,False,-27.8834,-6.2522,31.5574,개인,False,0.2797,15.2459,-18.2199,외국인,True
2024,453450,2024-08-13,-18.465,-44.1284,76.3514,개인,False,-5.4605,-8.9064,22.3755,개인,False,-59.2753,16.2428,121.081,개인,False
2024,009830,2024-08-14,318.2731,124.6349,-458.3984,기관,True,152.1407,48.6567,-193.7657,기관,True,-56.0769,-35.3921,83.2283,개인,False
2024,024840,2024-08-14,0.0021,-19.1759,20.499,개인,False,0.0021,-25.1797,25.2246,개인,False,0.0077,6.2644,-6.0958,외국인,True
2024,084370,2024-08-14,34.1406,-10.2658,-24.1009,기관,False,9.1428,21.739,-32.9194,외국인,True,43.8465,26.7758,-62.0216,기관,True
2024,101160,2024-08-14,12.5784,-6.6451,-12.8874,기관,False,-4.2051,-16.9815,19.6948,개인,False,90.3561,2.1573,-85.0751,기관,True
2024,123410,2024-08-14,5.9616,10.6674,-15.5883,외국인,True,-4.2107,-3.0312,7.0371,개인,False,10.8142,-2.1047,-11.2361,기관,False
2024,340570,2024-08-14,4.5996,-15.4047,7.1109,개인,False,-2.3313,-9.0444,8.0731,개인,False,55.7302,77.923,-131.9371,외국인,True
2024,004490,2024-08-16,-14.5392,-18.5983,41.3794,개인,False,-20.1721,-15.0655,35.3352,개인,False,13.1077,20.3144,-36.3813,외국인,True
2024,462510,2024-08-16,-7.5398,5.245,1.8364,외국인,False,-4.7733,8.104,-3.3617,외국인,False,-31.1552,-5.1417,37.3967,개인,False
2024,475150,2024-08-16,4.2493,61.2847,-59.9276,외국인,True,4.1415,30.0479,-30.4209,외국인,True,-0.1198,-47.1073,46.427,개인,False
2024,003220,2024-08-19,-6.425,-42.7386,49.8302,개인,False,-6.3117,35.9941,-30.0489,외국인,False,-4.9629,-46.6329,53.5746,개인,False
2024,033230,2024-08-19,0.0,-4.2288,3.1306,개인,False,0.0,3.3944,-3.2987,외국인,False,0.0333,0.3043,-0.7437,외국인,True
2024,419050,2024-08-19,0.0145,-9.328,8.2824,개인,False,0.0145,-8.6127,8.2828,개인,False,0.0,-1.3118,1.6232,개인,False
2024,457190,2024-08-19,9.4931,-119.488,108.2559,개인,False,1.0778,-86.8621,85.4769,개인,False,20.2282,0.8424,-9.7786,기관,True
2024,003490,2024-08-20,106.6271,110.3378,-214.4975,외국인,True,26.9967,60.3197,-89.9184,외국인,True,267.3615,152.9323,-415.9905,기관,True
2024,016360,2024-08-20,66.01,188.3957,-254.457,외국인,True,88.6996,2.3131,-87.5453,기관,True,33.2009,23.1667,-54.5652,기관,True
2024,024900,2024-08-20,0.0276,-4.1199,-1.8151,기관,False,0.2378,-6.5771,5.6555,개인,False,-0.0083,-2.3916,2.4269,개인,False
2024,039980,2024-08-20,-0.0564,39.3047,-34.0275,외국인,False,-0.258,-8.1885,14.7708,개인,False,-0.1089,-113.1957,112.2772,개인,False
2024,178320,2024-08-20,60.9713,-26.6151,-33.2492,기관,False,29.9549,-27.3266,-3.8684,기관,False,-20.0397,136.2181,-0.6718,외국인,False
2024,271560,2024-08-20,206.0519,54.8072,-118.3978,기관,True,161.8887,47.7915,-111.279,기관,True,98.3057,-139.6372,28.3006,기관,False
2024,397030,2024-08-20,18.7577,-31.2172,15.4665,기관,False,21.8609,-9.3202,-11.0154,기관,False,11.7735,60.0435,-37.9147,외국인,True
2024,086790,2024-08-21,689.5457,-243.7343,-463.4953,기관,False,533.6244,-308.1417,-238.4101,기관,False,398.2652,-480.594,91.64,기관,False
2024,001250,2024-08-22,-3.4025,-6.3709,6.9117,개인,False,1.6878,-10.5709,8.6253,개인,False,6.9815,-11.234,3.5062,기관,False
2024,058610,2024-08-22,-4.3888,-41.0595,51.0388,개인,False,13.5131,-16.4314,4.0316,기관,False,8.6164,-3.0191,-4.8043,기관,False
2024,317330,2024-08-22,1.666,13.8687,-20.4616,외국인,True,2.0565,4.0663,-5.5038,외국인,True,0.24,-20.5391,18.873,개인,False
2024,328130,2024-08-22,22.4622,-49.8666,26.3001,개인,False,3.0052,-34.0785,26.6644,개인,False,-2.7277,-51.2093,58.7244,개인,False
2024,199820,2024-08-23,0.1024,-35.0043,35.5343,개인,False,0.0061,-33.1545,33.3545,개인,False,-0.2355,0.4272,2.5083,개인,False
2024,006660,2024-08-26,-0.3354,-12.503,12.7308,개인,False,-0.0516,6.1903,-6.0724,외국인,False,0.3004,1.3014,-1.3336,외국인,True
2024,009420,2024-08-26,-11.0675,11.8335,9.2533,외국인,False,-25.9624,28.4304,2.6092,외국인,False,40.6997,-114.9936,65.2538,개인,False
2024,103140,2024-08-26,1.0616,13.3287,-18.8398,외국인,True,18.0876,5.1124,-23.2977,기관,True,46.4774,-33.8683,-0.9118,기관,False
2024,220100,2024-08-26,22.8223,42.7123,-54.722,외국인,True,-2.1624,9.7255,-6.6858,외국인,False,3.0015,-81.8187,85.3139,개인,False
2024,356680,2024-08-26,0.0,-6.4194,6.7005,개인,False,0.0,-8.0532,7.6145,개인,False,-0.0025,1.05,-1.2597,외국인,False
2024,042000,2024-08-27,42.3821,-40.2404,-6.4962,기관,False,46.1969,-99.9064,53.8319,개인,False,-49.4038,-56.4149,100.5836,개인,False
2024,047050,2024-08-27,125.0156,-67.2755,-59.1223,기관,False,87.4998,-100.8863,13.4603,기관,False,214.0745,5.1288,-230.8617,기관,True
2024,047560,2024-08-27,0.9553,-39.2419,38.9015,개인,False,0.2712,-17.9433,17.3728,개인,False,11.3514,7.5953,-17.2955,기관,True
2024,241560,2024-08-27,157.3526,-217.5182,51.6972,기관,False,39.6852,-144.6247,104.6304,개인,False,24.136,-146.2477,110.8361,개인,False
2024,013990,2024-08-28,-0.3003,-15.81,16.4535,개인,False,-0.0,-14.7926,15.2286,개인,False,11.3565,2.9032,-14.7379,기관,True
2024,031980,2024-08-28,9.2687,22.1357,-30.6359,외국인,True,-42.4663,7.3042,37.7038,개인,False,-177.5772,-54.1313,237.9285,개인,False
2024,378340,2024-08-28,-1.5377,-2.6819,4.6283,개인,False,-0.5906,-6.2435,7.112,개인,False,-15.5131,-36.1812,51.6402,개인,False
2024,450080,2024-08-29,34.6824,292.5745,-287.2732,외국인,True,36.9274,157.729,-142.2115,외국인,True,103.2404,62.2035,-160.3669,기관,True
2024,464080,2024-08-29,-14.0384,-7.0722,31.2022,개인,False,-14.0537,5.0242,17.3425,개인,False,-1.8386,0.5943,3.7154,개인,False
2024,090460,2024-08-30,56.3748,77.2812,-137.4625,외국인,True,-33.3997,-4.0437,36.4846,개인,False,-47.5238,-125.1042,172.0237,개인,False
2024,145170,2024-08-30,-5.6151,6.0244,-2.4737,외국인,False,-4.0571,1.5069,2.4921,개인,False,-1.7978,-10.6361,14.3401,개인,False
2024,171090,2024-08-30,2.0519,10.4519,-17.0944,외국인,True,8.493,-5.3982,-4.7119,기관,False,28.0483,-32.6964,4.3514,기관,False
2024,336060,2024-08-30,0.2358,-1.5477,-1.4636,기관,False,-0.0276,9.5301,-8.1551,외국인,False,-0.0363,13.4524,-13.0277,외국인,False
2024,002710,2024-09-02,7.6873,-16.2964,6.3742,기관,False,0.7521,3.3648,-4.1933,외국인,True,2.8296,-15.3369,14.1725,개인,False
2024,022100,2024-09-02,-34.9079,69.6619,-34.0333,외국인,False,7.2914,-9.061,2.7297,기관,False,-15.4898,-88.7383,103.0131,개인,False
2024,032820,2024-09-02,-0.1171,-28.445,34.2736,개인,False,-0.2311,-39.954,44.8318,개인,False,0.4015,-36.7579,34.0277,개인,False
2024,078140,2024-09-02,0.9369,-2.3024,0.0332,기관,False,0.4542,9.0697,-10.8385,외국인,True,3.4773,12.1689,-18.0573,외국인,True
2024,121600,2024-09-02,29.422,3.2158,-35.4066,기관,True,8.976,31.1237,-41.0337,외국인,True,-1.8002,0.1012,-1.3175,외국인,False
2024,417200,2024-09-02,-1.5962,-9.2075,9.2452,개인,False,-1.1332,17.9577,-16.9201,외국인,False,12.3773,6.876,-18.6266,기관,True
2024,003550,2024-09-03,77.3905,14.694,-89.318,기관,True,1.1967,-65.4511,65.7682,개인,False,250.0839,-189.2535,-56.6234,기관,False
2024,094480,2024-09-03,4.183,-4.131,7.5073,개인,False,0.3872,5.0259,-3.9517,외국인,True,2.2311,5.6713,-8.121,외국인,True
2024,112040,2024-09-03,36.1178,7.3209,-43.0107,기관,True,10.7103,29.2408,-40.1839,외국인,True,16.8943,-28.0733,11.311,기관,False
2024,241710,2024-09-03,39.8985,15.1239,-45.4447,기관,True,56.5167,3.698,-53.0434,기관,True,122.2103,-54.7076,-73.854,기관,False
2024,278470,2024-09-03,0.0097,6.2518,-8.5188,외국인,True,-44.7051,20.1638,23.3501,개인,False,39.8147,-17.7291,-22.6372,기관,False
2024,048870,2024-09-04,0.1041,-16.1136,16.4446,개인,False,-0.0182,-7.1503,7.0222,개인,False,-0.2736,14.4561,-5.8941,외국인,False
2024,130660,2024-09-04,1.7006,-57.7318,62.5384,개인,False,1.0436,10.341,-6.8788,외국인,True,7.9727,10.3406,-23.997,외국인,True
2024,451250,2024-09-06,-19.9863,-1.0387,20.8936,개인,False,-21.3404,-0.7424,21.3938,개인,False,-12.4305,5.7119,6.0949,개인,False
2024,161580,2024-09-11,-8.9033,-65.9258,71.0431,개인,False,-3.329,-6.5808,8.9968,개인,False,61.8332,11.1582,-72.0149,기관,True
2024,018290,2024-09-12,224.774,-46.7085,-193.7561,기관,False,153.1515,-35.8814,-131.3416,기관,False,91.9748,44.2702,-128.0198,기관,True
2024,214260,2024-09-13,-3.2351,13.8162,-14.0152,외국인,False,0.4797,21.1819,-23.997,외국인,True,0.001,4.7728,-2.5292,외국인,True
2024,336570,2024-09-13,19.4141,5.286,-26.9187,기관,True,9.1442,-31.2611,22.7056,개인,False,24.1876,-21.3239,-10.0241,기관,False
2024,034020,2024-09-19,69.866,139.7985,-207.1413,외국인,True,-18.2593,128.8015,-117.6722,외국인,False,211.9183,42.1284,-258.3155,기관,True
2024,099220,2024-09-19,-0.145,-102.2565,103.1059,개인,False,-0.145,-42.4702,43.2543,개인,False,0.0,90.859,-92.5656,외국인,False
2024,112610,2024-09-19,375.4539,-125.9574,-242.423,기관,False,262.5364,-97.7398,-160.9376,기관,False,197.2452,91.6812,-295.8701,기관,True
2024,257720,2024-09-19,145.6098,-47.7161,-109.627,기관,False,155.1934,161.965,-327.0347,외국인,True,-134.0343,144.9495,13.2006,외국인,False
2024,024060,2024-09-20,0.0,39.7789,-40.8282,외국인,False,0.0003,0.6679,-0.0723,외국인,True,-0.049,-32.8947,32.4195,개인,False
2024,034220,2024-09-20,81.8276,107.1578,-190.6182,외국인,True,7.6278,25.7169,-31.2015,외국인,True,192.2616,-64.5935,-127.7383,기관,False
2024,064350,2024-09-20,266.5463,519.6343,-784.2001,외국인,True,149.6475,145.6184,-289.0828,기관,True,-84.6498,-140.9737,246.2891,개인,False
2024,028300,2024-09-23,111.6347,19.2231,-84.9591,기관,True,20.7893,-48.3017,69.047,개인,False,-186.5944,109.1773,72.782,외국인,False
2024,115450,2024-09-23,-0.3198,143.8812,-138.2835,외국인,False,-2.0314,2.4084,-0.8716,외국인,False,93.4369,-49.0291,-44.088,기관,False
2024,295310,2024-09-23,9.525,12.2081,-16.0318,외국인,True,3.6377,-9.9396,2.6402,기관,False,3.318,4.9165,8.3807,개인,True
2024,465770,2024-09-23,-0.0098,-5.6248,4.8939,개인,False,0.0323,2.9517,-4.0788,외국인,True,0.141,4.1363,-3.9365,외국인,True
2024,009830,2024-09-24,149.358,-48.4572,-97.533,기관,False,-13.2435,-259.2607,278.7894,개인,False,136.1524,-131.3644,-5.0621,기관,False
2024,010140,2024-09-24,61.5934,532.5735,-616.1997,외국인,True,98.5325,505.1624,-617.9888,외국인,True,-162.4638,-161.2485,324.6389,개인,False
2024,011170,2024-09-24,54.6694,27.0522,-82.5354,기관,True,0.8866,-27.4781,24.9745,개인,False,496.368,-148.9618,-350.0071,기관,False
2024,011200,2024-09-24,161.4264,348.1707,-509.3465,외국인,True,80.2254,240.7559,-320.927,외국인,True,113.1311,422.8768,-484.4031,외국인,True
2024,086520,2024-09-24,178.3458,450.4747,-584.1204,외국인,True,110.618,207.4041,-285.8892,외국인,True,158.3709,81.6862,-237.2777,기관,True
2024,361610,2024-09-24,49.664,-22.8293,-25.4573,기관,False,29.958,-31.2374,4.2306,기관,False,19.731,-63.4476,43.3973,개인,False
2024,403870,2024-09-24,155.145,147.3878,-91.6762,기관,True,143.1023,195.5991,-127.672,외국인,True,98.89,41.5686,-139.4981,기관,True
2024,003280,2024-09-25,4.7115,-27.7388,23.1541,개인,False,2.6734,-19.6967,17.8149,개인,False,2.76,10.1245,-10.0748,외국인,True
2024,004090,2024-09-25,0.05,-23.1322,23.7087,개인,False,-0.0004,0.9201,-0.68,외국인,False,0.0067,17.0544,-14.8948,외국인,True
2024,028670,2024-09-25,68.8667,80.5077,-150.6446,외국인,True,-7.2268,19.3609,-12.4843,외국인,False,128.7509,2.1764,-131.3618,기관,True
2024,042670,2024-09-25,,,,,,,,,,,,,,,
2024,066790,2024-09-25,0.0,9.5195,-9.7144,외국인,False,0.0,-8.8515,8.3386,개인,False,0.0,17.9924,-19.0041,외국인,False
2024,204320,2024-09-25,117.1683,-45.3704,-76.6787,기관,False,19.504,-48.5921,29.1277,개인,False,119.23,-28.0569,-92.3948,기관,False
2024,383310,2024-09-25,31.0776,-8.2283,-21.3632,기관,False,23.894,15.0054,-36.0464,기관,True,42.7958,26.4406,-68.7059,기관,True
2024,001570,2024-09-26,-4.8315,-279.6791,278.2015,개인,False,-1.1964,-359.9501,354.338,개인,False,-7.9096,217.9164,-210.421,외국인,False
2024,009470,2024-09-26,49.3409,0.0596,-50.6392,기관,True,33.5996,-22.3451,-11.9077,기관,False,-4.5349,-44.4087,48.7489,개인,False
2024,033100,2024-09-26,-29.1076,-3.0949,39.7287,개인,False,-26.6143,-6.3863,40.0376,개인,False,-0.815,60.9871,-57.1411,외국인,False
2024,092870,2024-09-26,1.4758,-25.0355,21.6105,개인,False,-0.0453,-0.0191,0.0217,개인,False,-1.593,9.5527,-5.9464,외국인,False
2024,254490,2024-09-26,-0.0001,-3.1365,4.0019,개인,False,-0.0001,-1.7189,1.7632,개인,False,1.0308,-0.2864,-1.3268,기관,False
2024,402340,2024-09-26,243.0606,-136.6327,-110.6458,기관,False,174.9702,-211.4136,34.0673,기관,False,16.1936,-3.7971,-14.449,기관,False
2024,058850,2024-09-27,0.0855,-2.1082,2.7466,개인,False,0.0583,-10.1821,11.4985,개인,False,3.387,-7.259,5.0694,개인,False
2024,040300,2024-09-30,0.0,-2.8634,3.8257,개인,False,0.0,-1.2216,1.6004,개인,False,0.0094,4.4094,-4.0832,외국인,True
2024,084650,2024-09-30,-4.5923,-167.7066,166.4803,개인,False,0.0093,21.9525,-24.4241,외국인,True,3.4055,8.124,-12.0399,외국인,True
2024,337930,2024-09-30,34.9016,-37.4333,20.6206,기관,False,16.4746,-47.4151,39.9521,개인,False,-7.4459,-21.5075,33.3654,개인,False
2024,001440,2024-10-04,-3.4865,68.5893,-59.8768,외국인,False,37.4918,-30.841,-6.9252,기관,False,-1.9692,-125.6913,136.6941,개인,False
2024,225190,2024-10-04,-0.0164,4.1135,-4.2329,외국인,False,0.1267,2.9554,-4.8979,외국인,True,0.1012,9.2922,-9.3932,외국인,True
2024,010950,2024-10-07,25.9887,-25.778,-7.8072,기관,False,-55.8858,-14.2976,62.2083,개인,False,-43.3815,-82.5498,131.1704,개인,False
2024,017510,2024-10-07,0.0227,-1.8871,2.1103,개인,False,-0.0219,1.0889,-0.8955,외국인,False,-0.0218,2.3208,-2.2625,외국인,False
2024,051980,2024-10-07,0.2065,136.3322,-136.4365,외국인,True,-0.0099,-5.4598,3.1106,개인,False,0.7217,190.8195,-192.1011,외국인,True
2024,089030,2024-10-07,183.665,-145.4741,-47.2007,기관,False,142.7171,-143.9465,-7.4095,기관,False,-21.8827,-14.0138,33.6491,개인,False
2024,462870,2024-10-07,31.1264,112.6793,-146.0072,외국인,True,-28.2925,1.1797,27.6275,개인,False,-61.5102,-56.3004,121.0568,개인,False
2024,035720,2024-10-08,-130.2761,341.1926,-210.562,외국인,False,-149.676,323.087,-183.2687,외국인,False,-85.3124,307.6328,-218.6346,외국인,False
2024,035900,2024-10-08,22.8446,62.8134,-84.5117,외국인,True,27.4449,7.0372,-34.1497,기관,True,-23.8659,13.4909,9.2967,외국인,False
2024,105560,2024-10-08,-55.8319,1059.3233,-940.8746,외국인,False,-184.6181,1492.7435,-1278.771,외국인,False,298.2202,661.2284,-937.0469,외국인,True
2024,298380,2024-10-08,82.7223,7.9232,-95.5858,기관,True,24.2188,-27.475,2.4784,기관,False,-93.7738,612.753,-497.7747,외국인,False
2024,317330,2024-10-08,18.0814,30.6617,-45.17,외국인,True,17.6583,-2.9815,-13.172,기관,False,0.0631,-32.4295,33.1799,개인,False
2024,009420,2024-10-10,33.9681,135.8651,-107.8472,외국인,True,-7.5131,59.659,-81.6276,외국인,False,20.4701,-48.5684,8.7076,기관,False
2024,039200,2024-10-10,89.4902,106.6518,-188.7016,외국인,True,57.0512,116.9911,-171.063,외국인,True,24.6133,107.4376,-130.9289,외국인,True
2024,055550,2024-10-11,-151.8222,240.3698,-45.2042,외국인,False,-340.1414,420.9668,-53.1331,외국인,False,-179.1659,-11.734,192.5853,개인,False
2024,255220,2024-10-11,5.2119,36.6843,-42.418,외국인,True,3.241,-0.5999,-1.8176,기관,False,24.2444,-62.6399,55.7895,개인,False
2024,397030,2024-10-11,-20.1173,-41.9024,60.6418,개인,False,1.1544,-24.4897,23.0841,개인,False,-9.3487,12.3614,-3.1331,외국인,False
2024,010120,2024-10-14,-13.1804,91.9127,-77.6018,외국인,False,-18.9604,31.5803,-11.7963,외국인,False,-53.2102,-31.5193,83.8881,개인,False
2024,024110,2024-10-14,33.5574,70.3371,-118.1513,외국인,True,6.4215,-17.0531,0.3846,기관,False,81.834,-1.6004,-105.7688,기관,False
2024,086790,2024-10-14,114.7422,354.7418,-463.6224,외국인,True,-70.7094,91.5586,-22.4005,외국인,False,263.3859,-50.4966,-217.7535,기관,False
2024,316140,2024-10-14,60.0399,726.5667,-755.5334,외국인,True,-6.4222,297.9252,-292.2553,외국인,False,80.0629,-79.0598,-19.1614,기관,False
2024,007660,2024-10-15,310.4282,405.9633,-722.6176,외국인,True,92.6172,133.1575,-238.097,외국인,True,300.3218,-204.1985,-107.6382,기관,False
2024,232140,2024-10-15,36.5457,-5.6902,-29.6588,기관,False,36.5288,35.9161,-78.3493,기관,True,-49.1806,-11.5891,60.9572,개인,False
2024,335890,2024-10-16,,,,,,,,,,,,,,,
2024,365330,2024-10-16,0.0,-3.8849,3.9256,개인,False,0.0,-1.2355,1.3802,개인,False,-0.0765,17.7287,-17.9969,외국인,False
2024,149980,2024-10-17,-5.3043,0.7453,3.7963,개인,False,-5.7595,1.0905,5.647,개인,False,-0.9336,7.368,-6.7899,외국인,False
2024,375500,2024-10-17,23.2701,77.4523,-99.2655,외국인,True,-5.1941,-5.4472,9.9252,개인,False,17.5499,-3.2553,-15.084,기관,False
2024,457550,2024-10-17,8.2216,-11.6239,4.0032,기관,False,0.8595,-0.8159,-1.5526,기관,False,10.4214,-25.3811,24.9182,개인,False
2024,003350,2024-10-18,4.5213,16.3828,-20.9989,외국인,True,5.6693,-7.1012,1.0592,기관,False,-2.0362,-16.2331,18.5837,개인,False
2024,214610,2024-10-18,0.1623,52.4471,-51.6485,외국인,True,-0.1346,-96.5929,89.6636,개인,False,-0.1438,-165.3724,161.5084,개인,False
2024,241560,2024-10-18,-20.5753,87.8328,-67.6477,외국인,False,-210.1319,161.8006,49.2747,외국인,False,-65.2203,-74.7,132.6154,개인,False
2024,047810,2024-10-21,115.2799,155.6476,-283.7322,외국인,True,32.6701,48.4726,-91.4046,외국인,True,177.4623,279.3673,-445.8396,외국인,True
2024,454910,2024-10-21,178.9384,140.5508,-317.2605,기관,True,90.7004,39.3479,-132.8428,기관,True,93.2442,-20.2976,-61.8533,기관,False
2024,272210,2024-10-22,177.987,-13.1573,-168.8207,기관,False,131.0402,-13.293,-105.3778,기관,False,158.0145,-74.0829,-89.0985,기관,False
2024,388050,2024-10-23,-0.1321,-12.8082,12.4393,개인,False,-0.0984,-11.9173,11.0641,개인,False,0.5359,12.8665,-13.5381,외국인,True
2024,000080,2024-10-24,51.6003,-0.6583,-51.4482,기관,False,-5.137,-46.1311,50.7432,개인,False,64.408,-46.3654,-21.7355,기관,False
2024,015760,2024-10-24,635.7203,509.2265,-1156.1555,기관,True,423.7551,145.5909,-598.3773,기관,True,249.4546,40.6189,-316.9597,기관,True
2024,138930,2024-10-25,105.0519,-65.1975,-40.1037,기관,False,14.0985,-30.5484,15.4806,개인,False,6.9279,-105.9519,85.3746,개인,False
2024,007110,2024-10-29,0.188,23.1913,-25.6221,외국인,True,0.0117,-3.343,3.115,개인,False,-0.0807,-16.1165,20.368,개인,False
2024,163730,2024-10-29,-1.0408,10.2869,-8.6828,외국인,False,-1.2934,2.1012,-0.5324,외국인,False,-3.4373,7.6435,-3.5279,외국인,False
2024,012510,2024-10-30,,,,,,,,,,,,,,,
2024,140430,2024-10-31,0.0,3.7117,-4.3842,외국인,False,0.0,1.9763,-2.4467,외국인,False,-17.919,-3.5363,28.2485,개인,False
2024,200710,2024-11-01,-3.9816,-1.6767,8.4133,개인,False,-1.8702,6.4471,-4.9048,외국인,False,-2.9873,-2.3695,3.7366,개인,False
2024,011200,2024-11-04,81.5372,88.3527,-167.2857,외국인,True,70.3426,20.1428,-89.616,기관,True,-98.4978,-251.8479,339.9609,개인,False
2024,161390,2024-11-05,218.4949,-117.8546,-100.8304,기관,False,93.3011,-226.8324,132.2675,개인,False,73.9932,-126.7847,39.2222,기관,False
2024,222080,2024-11-05,5.8792,31.6543,-41.3915,외국인,True,12.5603,-0.0565,-13.4236,기관,False,9.977,-15.0298,6.0472,기관,False
2024,000670,2024-11-06,9.2468,0.4367,-9.5353,기관,True,6.6664,-0.3106,-6.3282,기관,False,4.9779,-4.3407,-0.3728,기관,False
2024,062040,2024-11-06,-10.9124,87.1959,-63.7288,외국인,False,-10.7679,-4.5752,24.6667,개인,False,-29.1443,15.9706,7.6037,외국인,False
2024,094480,2024-11-06,3.3304,-5.0606,1.1125,기관,False,-1.0536,-8.5275,10.5358,개인,False,-3.374,32.6612,-28.8006,외국인,False
2024,010140,2024-11-07,99.0182,843.4916,-936.2457,외국인,True,5.7249,113.4266,-127.9513,외국인,True,282.5062,1063.3454,-1312.1839,외국인,True
2024,017670,2024-11-07,-83.3416,171.6518,-105.2654,외국인,False,-58.2945,107.8318,-58.5701,외국인,False,73.728,-75.8509,-26.3052,기관,False
2024,042660,2024-11-07,179.3508,258.9601,-463.0205,외국인,True,-177.7789,-1.1562,169.1852,개인,False,-2166.9564,630.7029,1541.665,개인,False
2024,439090,2024-11-07,-14.2167,1.9227,9.8179,개인,False,-5.9549,-4.7316,10.5456,개인,False,0.8461,-1.7847,2.9368,개인,False
2024,018290,2024-11-08,122.8194,87.4611,-209.697,기관,True,91.4207,-4.0465,-86.5029,기관,False,-3.5365,-57.0094,43.5729,개인,False
2024,073570,2024-11-08,-0.1052,1.0631,-2.9904,외국인,False,0.1744,-7.8165,3.0002,개인,False,-0.0421,0.781,-5.4766,외국인,False
2024,042000,2024-11-12,83.4203,17.2938,-97.6845,기관,True,63.655,12.8507,-73.4892,기관,True,56.6929,19.7305,-75.8304,기관,True
2024,160190,2024-11-12,-13.4705,-13.7025,26.8963,개인,False,-6.8225,-6.0391,12.3598,개인,False,0.575,-2.0399,2.0135,개인,False
2024,178320,2024-11-12,8.7981,-39.7301,37.1061,개인,False,-8.1313,-12.8033,22.634,개인,False,41.1653,-84.1297,14.5529,기관,False
2024,328130,2024-11-12,-4.7443,14.2327,-9.0119,외국인,False,-5.4751,6.7076,0.4403,외국인,False,324.1949,-184.5495,-149.05,기관,False
2024,378340,2024-11-12,35.0185,26.5472,-60.8688,기관,True,18.8874,-3.499,-16.8443,기관,False,-16.0392,-19.1162,36.6834,개인,False
2024,199820,2024-11-13,3.113,-8.9685,5.9584,개인,False,3.4621,-2.3294,-1.117,기관,False,-6.3713,-1.8449,7.5513,개인,False
2024,041020,2024-11-15,0.3134,-2.9488,2.0661,개인,False,0.2795,6.6954,-7.5269,외국인,True,1.4065,10.7979,-12.3886,외국인,True
2024,036460,2024-11-18,1.4044,125.1825,-126.7588,외국인,True,0.2028,8.8156,-7.8974,외국인,True,84.8451,132.0526,-228.5598,외국인,True
2024,065350,2024-11-18,-1.6247,66.6274,-66.4102,외국인,False,-1.6938,38.5783,-37.2225,외국인,False,5.7124,96.8366,-105.3504,외국인,True
2024,108860,2024-11-18,17.2284,19.6223,-37.0472,외국인,True,11.7821,11.7277,-23.7214,기관,True,26.6135,-12.4837,-14.3025,기관,False
2024,298830,2024-11-18,-5.8167,30.3432,-21.2841,외국인,False,-0.8738,7.5349,-3.9888,외국인,False,1.4665,-17.8014,16.035,개인,False
2024,299660,2024-11-18,-0.2944,2.4911,-1.2166,외국인,False,-0.3231,-4.157,5.7032,개인,False,-0.0272,-4.9131,2.7541,개인,False
2024,032820,2024-11-19,1.0825,37.1552,-45.164,외국인,True,1.5526,6.8205,-8.1032,외국인,True,-0.9205,10.8115,-17.6122,외국인,False
2024,064350,2024-11-19,-99.3462,912.5516,-816.0082,외국인,False,-137.0356,552.3627,-433.254,외국인,False,-931.5436,317.5591,654.896,개인,False
2024,000270,2024-11-20,249.2793,504.7021,-760.971,외국인,True,194.4229,352.0779,-547.3459,외국인,True,-29.3831,-189.7575,280.979,개인,False
2024,208370,2024-11-20,0.3791,-2.7131,1.0951,개인,False,0.5116,-1.9113,1.5955,개인,False,0.7791,0.7658,-0.7144,기관,True
2024,039610,2024-11-22,1.1711,-20.2116,20.1495,개인,False,0.9541,-15.3519,15.9868,개인,False,-1.511,-4.1937,6.0754,개인,False
2024,066570,2024-11-22,48.0295,68.025,-334.9342,외국인,True,38.2253,-15.7221,-252.3137,기관,False,96.3132,-240.6591,30.6848,기관,False
2024,071970,2024-11-25,16.4117,4.1665,-24.4305,기관,True,3.5869,-20.036,13.8657,개인,False,1.5945,338.4049,75.6129,외국인,True
2024,316140,2024-11-25,6.3786,411.1215,-481.5933,외국인,True,-37.297,469.0254,-515.7186,외국인,False,116.8505,146.4227,-232.6628,외국인,True
2024,443670,2024-11-25,-5.566,0.469,11.8829,개인,False,-6.462,12.036,-0.607,외국인,False,-1.0125,1.1377,-0.4279,외국인,False
2024,042670,2024-11-26,,,,,,,,,,,,,,,
2024,082270,2024-11-26,14.852,26.3196,-35.2181,외국인,True,13.5988,15.489,-23.8289,외국인,True,-3.6238,-38.3095,47.3051,개인,False
2024,090460,2024-11-26,21.222,67.8593,-90.0652,외국인,True,17.6831,24.2333,-42.6709,외국인,True,-0.6971,-9.0417,10.0615,개인,False
2024,035720,2024-11-27,463.8421,166.4941,-619.3919,기관,True,295.4933,27.7361,-313.5463,기관,True,1772.6422,633.1502,-2437.7401,기관,True
2024,086790,2024-11-27,199.5289,133.9788,-330.0326,기관,True,201.5011,-15.2719,-165.8153,기관,False,-294.8784,-270.7075,536.3442,개인,False
2024,105560,2024-11-27,273.9415,151.8341,-422.0778,기관,True,283.816,250.5679,-531.5904,기관,True,-197.9195,-291.3603,542.7798,개인,False
2024,454910,2024-11-27,36.3381,13.2134,-54.8064,기관,True,18.1248,-5.825,-20.3634,기관,False,16.4533,-85.9036,73.365,개인,False
2024,323410,2024-12-02,183.4357,116.3754,-302.977,기관,True,103.312,43.5716,-144.4797,기관,True,347.6377,-56.6523,-282.227,기관,False
2024,356680,2024-12-02,0.0,-19.7292,21.3243,개인,False,0.0,-18.9163,19.1054,개인,False,0.3316,-0.2635,-0.8466,기관,False
2024,376930,2024-12-02,4.9248,-52.3445,48.1231,개인,False,4.8243,-25.6052,22.1325,개인,False,3.7222,12.5012,178.2998,개인,True
2024,377300,2024-12-02,81.1443,6.9477,-93.7639,기관,True,17.6077,29.9065,-46.532,외국인,True,350.086,-379.2706,38.9336,기관,False
2024,071050,2024-12-03,130.1721,-1.4025,-117.4995,기관,False,80.2376,-39.8993,-25.839,기관,False,38.3934,-23.9902,-5.9492,기관,False
2024,139480,2024-12-03,58.7048,131.6545,-188.812,외국인,True,20.9088,61.0486,-84.9048,외국인,True,40.6704,-20.5171,-16.5973,기관,False
2024,241560,2024-12-03,146.0749,-163.586,0.0567,기관,False,150.3823,-112.7751,-38.6108,기관,False,38.3497,-81.1848,28.0633,기관,False
2024,228760,2024-12-04,0.3864,19.8596,-26.692,외국인,True,-0.2066,6.5602,-5.5642,외국인,False,4.7006,-12.5859,7.2239,개인,False
2024,278470,2024-12-05,126.8618,75.786,-85.8639,기관,True,45.539,89.0853,-36.2709,외국인,True,281.4348,-228.613,-30.8463,기관,False
2024,004020,2024-12-10,84.0199,28.234,-118.9685,기관,True,22.0955,-52.761,23.7191,개인,False,36.2845,-84.639,48.9907,개인,False
2024,214610,2024-12-11,0.982,-52.8396,147.2821,개인,False,-0.34,4.4502,106.9605,개인,False,-1.4991,-93.3662,143.2454,개인,False
2024,302440,2024-12-11,146.7167,34.0304,-205.1431,기관,True,20.9545,-6.117,-15.4227,기관,False,2.6234,-0.5164,-12.365,기관,False
2024,148150,2024-12-12,10.8379,-7.0379,-5.4917,기관,False,12.9476,-25.2465,8.7288,기관,False,44.0922,-21.332,-31.7055,기관,False
2024,178320,2024-12-12,20.0413,-36.5454,1.2326,기관,False,11.4226,-100.9783,74.6685,개인,False,-15.1337,21.9197,1.5836,외국인,False
2024,317330,2024-12-12,87.9634,-20.2983,-66.9703,기관,False,1.0432,31.5799,-32.0554,외국인,True,2.8106,-17.9938,15.1295,개인,False
2024,010120,2024-12-13,8.4494,23.8359,-33.0615,외국인,True,23.1584,29.0073,-52.6397,외국인,True,-61.9628,64.0277,-1.6178,외국인,False
2024,103590,2024-12-13,163.7543,-15.5963,-138.5865,기관,False,206.2935,-49.3007,-145.72,기관,False,75.5893,40.1413,-111.499,기관,True
2024,166480,2024-12-13,-4.9576,12.3817,-10.595,외국인,False,-6.2032,-5.6132,12.3004,개인,False,-11.8514,-9.4199,22.7592,개인,False
2024,257720,2024-12-13,292.4555,-199.6352,-92.4234,기관,False,220.7131,-124.2988,-92.0118,기관,False,266.2822,-190.6068,-98.5171,기관,False
2024,462870,2024-12-13,55.996,53.8382,-111.8285,기관,True,-5.2735,18.2122,-11.561,외국인,False,-32.0841,36.1427,-3.3961,외국인,False
2024,001440,2024-12-16,-8.6692,101.2885,-89.3532,외국인,False,-18.763,128.346,-102.0758,외국인,False,-49.7068,23.6002,24.3759,개인,False
2024,000520,2024-12-17,28.3829,-44.2398,19.1075,기관,False,19.7655,-28.3098,9.6638,기관,False,3.0154,-18.4909,16.4711,개인,False
2024,042700,2024-12-17,579.1252,-775.2167,194.2109,기관,False,440.9634,-574.7642,131.4623,기관,False,126.5059,-24.8464,-100.6556,기관,False
2024,138610,2024-12-17,-38.2435,-1.1157,39.828,개인,False,-24.7508,12.8647,11.8822,외국인,False,-0.0114,-6.5846,5.9836,개인,False
2024,161580,2024-12-17,21.9531,-32.4713,10.9701,기관,False,9.3455,-18.7665,8.6436,기관,False,-8.9737,-87.5551,99.81,개인,False
2024,321820,2024-12-18,1.404,14.1064,-15.252,외국인,True,1.3403,-29.7404,31.2021,개인,False,-1.1233,-3.1243,3.5981,개인,False
2024,333430,2024-12-20,9.2452,16.7456,5.0146,외국인,True,2.9426,-12.6492,8.9854,개인,False,0.0016,-18.8056,18.714,개인,False
2024,389470,2024-12-20,-5.2434,-0.803,7.9042,개인,False,-5.5419,0.9422,4.9288,개인,False,18.7551,6.6918,-25.4048,기관,True
2024,232140,2024-12-23,4.6925,29.2246,-33.0724,외국인,True,-8.8651,-6.9103,16.0515,개인,False,29.8683,-30.7012,-3.7919,기관,False
2024,007660,2024-12-24,87.2956,85.592,-183.4394,기관,True,178.0211,21.9097,-225.8846,기관,True,219.1027,-144.6844,-53.4093,기관,False
2024,033100,2024-12-24,4.0465,-16.4314,12.2948,개인,False,-5.2326,61.319,-55.4056,외국인,False,-6.4566,-0.3147,3.9669,개인,False
2024,042660,2024-12-26,199.9108,102.6833,-306.287,기관,True,-146.8115,-51.4125,186.7278,개인,False,-79.7344,-136.8268,152.1542,개인,False
2024,115450,2024-12-26,0.0203,54.1353,-41.1927,외국인,True,2.0504,-6.8279,3.9645,개인,False,11.0836,88.0012,-98.5022,외국인,True
2024,160190,2024-12-26,20.1959,3.8536,-22.2711,기관,True,-0.0115,-2.0564,3.0957,개인,False,29.4458,23.7056,-50.8319,기관,True
2024,003160,2024-12-27,44.2507,-29.6445,-16.5878,기관,False,10.17,-6.6126,-4.1831,기관,False,79.7825,-88.1332,8.7104,기관,False
2024,437730,2024-12-27,-4.7178,-8.6311,13.6344,개인,False,-0.3818,-11.4208,12.2478,개인,False,-3.4597,11.4803,-8.7892,외국인,False
2024,466100,2024-12-27,-35.6156,-25.5941,127.1156,개인,False,-34.2867,-6.1208,108.17,개인,False,61.7672,10.3914,-16.4932,기관,True
2024,009420,2024-12-30,83.7525,69.625,-153.9915,기관,True,39.8337,55.672,-88.4773,외국인,True,37.5012,-119.8803,65.1507,개인,False
