종목코드,date,close
000080,2024-09-30,20350.0
000080,2024-10-02,20000.0
000080,2024-10-04,20350.0
000080,2024-10-07,20400.0
000080,2024-10-08,20150.0
000080,2024-10-10,20150.0
000080,2024-10-11,20150.0
000080,2024-10-14,20300.0
000080,2024-10-15,20250.0
000080,2024-10-16,20150.0
000080,2024-10-17,20050.0
000080,2024-10-18,20000.0
000080,2024-10-21,20100.0
000080,2024-10-22,19980.0
000080,2024-10-23,20000.0
000080,2024-10-24,21200.0
000080,2024-10-25,21050.0
000080,2024-10-28,21300.0
000080,2024-10-29,21200.0
000080,2024-10-30,21000.0
000080,2024-10-31,21200.0
000080,2024-11-01,20850.0
000080,2024-11-04,20500.0
000080,2024-11-05,20250.0
000080,2024-11-06,20300.0
000080,2024-11-07,20350.0
000080,2024-11-08,20200.0
000080,2024-11-11,20050.0
000080,2024-11-12,19900.0
000080,2024-11-13,20050.0
000080,2024-11-14,20000.0
000080,2024-11-15,20650.0
000080,2024-11-18,20750.0
000100,2024-04-22,71600.0
000100,2024-04-23,73200.0
000100,2024-04-24,72300.0
000100,2024-04-25,71500.0
000100,2024-04-26,71000.0
000100,2024-04-29,72900.0
000100,2024-04-30,72400.0
000100,2024-05-02,72000.0
000100,2024-05-03,71900.0
000100,2024-05-07,72300.0
000100,2024-05-08,72500.0
000100,2024-05-09,71500.0
000100,2024-05-10,71600.0
000100,2024-05-13,70600.0
000100,2024-05-14,69900.0
000100,2024-05-16,74000.0
000100,2024-05-17,77400.0
000100,2024-05-20,76500.0
000100,2024-05-21,76800.0
000100,2024-05-22,72900.0
000100,2024-05-23,71800.0
000100,2024-05-24,70000.0
000100,2024-05-27,70800.0
000100,2024-05-28,70300.0
000100,2024-05-29,69700.0
000100,2024-05-30,69800.0
000100,2024-05-31,68800.0
000100,2024-06-03,75000.0
000100,2024-06-04,78500.0
000100,2024-06-05,79600.0
000100,2024-06-07,81800.0
000100,2024-06-10,78400.0
000120,2023-07-10,70800.0
000120,2023-07-11,71700.0
000120,2023-07-12,72800.0
000120,2023-07-13,72100.0
000120,2023-07-14,75200.0
000120,2023-07-17,75200.0
000120,2023-07-18,72800.0
000120,2023-07-19,75200.0
000120,2023-07-20,77400.0
000120,2023-07-21,75700.0
000120,2023-07-24,74400.0
000120,2023-07-25,73700.0
000120,2023-07-26,71300.0
000120,2023-07-27,73700.0
000120,2023-07-28,73000.0
000120,2023-07-31,72000.0
000120,2023-08-01,73000.0
000120,2023-08-02,73300.0
000120,2023-08-03,74600.0
000120,2023-08-04,82500.0
000120,2023-08-07,80800.0
000120,2023-08-08,77700.0
000120,2023-08-09,78300.0
000120,2023-08-10,80500.0
000120,2023-08-11,83000.0
000120,2023-08-14,81300.0
000120,2023-08-16,80800.0
000120,2023-08-17,78900.0
000120,2023-08-18,81100.0
000120,2023-08-21,80000.0
000120,2023-08-22,79200.0
000120,2023-08-23,79500.0
000120,2023-08-24,78600.0
000120,2023-08-25,78700.0
000120,2023-08-28,81000.0
000120,2023-08-29,80600.0
000250,2023-06-26,57200.0
000250,2023-06-27,60800.0
000250,2023-06-28,60100.0
000250,2023-06-29,51800.0
000250,2023-06-30,54900.0
000250,2023-07-03,52900.0
000250,2023-07-04,53900.0
000250,2023-07-05,52400.0
000250,2023-07-06,51000.0
000250,2023-07-07,50700.0
000250,2023-07-10,49950.0
000250,2023-07-11,52400.0
000250,2023-07-12,53100.0
000250,2023-07-13,53000.0
000250,2023-07-14,53900.0
000250,2023-07-17,54300.0
000250,2023-07-18,55400.0
000250,2023-07-19,62500.0
000250,2023-07-20,62800.0
000250,2023-07-21,64900.0
000250,2023-07-24,63200.0
000250,2023-07-25,62700.0
000250,2023-07-26,60600.0
000250,2023-07-27,63200.0
000250,2023-07-28,65400.0
000250,2023-07-31,63800.0
000250,2023-08-01,66300.0
000250,2023-08-02,64300.0
000250,2023-08-03,67500.0
000250,2023-08-04,67000.0
000250,2023-08-07,64800.0
000250,2023-08-08,64300.0
000250,2023-08-09,65300.0
000250,2023-08-10,65500.0
000250,2023-08-11,65000.0
000250,2024-01-29,65600.0
000250,2024-01-30,67200.0
000250,2024-01-31,64100.0
000250,2024-02-01,64200.0
000250,2024-02-02,65500.0
000250,2024-02-05,62600.0
000250,2024-02-06,62600.0
000250,2024-02-07,62400.0
000250,2024-02-08,64800.0
000250,2024-02-13,68800.0
000250,2024-02-14,70200.0
000250,2024-02-15,70200.0
000250,2024-02-16,70800.0
000250,2024-02-19,69800.0
000250,2024-02-20,68200.0
000250,2024-02-21,67000.0
000250,2024-02-22,69300.0
000250,2024-02-23,73500.0
000250,2024-02-26,73400.0
000250,2024-02-27,69400.0
000250,2024-02-28,77200.0
000250,2024-02-29,71600.0
000250,2024-03-04,75800.0
000250,2024-03-05,76400.0
000250,2024-03-06,77100.0
000250,2024-03-07,76300.0
000250,2024-03-08,81300.0
000250,2024-03-11,80700.0
000250,2024-03-12,78200.0
000250,2024-03-13,80000.0
000250,2024-03-14,79900.0
000250,2024-03-15,77800.0
000250,2024-03-18,86500.0
000250,2024-03-19,88000.0
000270,2023-06-05,86200.0
000270,2023-06-07,82000.0
000270,2023-06-08,81400.0
000270,2023-06-09,82900.0
000270,2023-06-12,81600.0
000270,2023-06-13,82300.0
000270,2023-06-14,83000.0
000270,2023-06-15,82300.0
000270,2023-06-16,81600.0
000270,2023-06-19,82300.0
000270,2023-06-20,81700.0
000270,2023-06-21,83900.0
000270,2023-06-22,83400.0
000270,2023-06-23,83400.0
000270,2023-06-26,85500.0
000270,2023-06-27,86200.0
000270,2023-06-28,86400.0
000270,2023-06-29,86000.0
000270,2023-06-30,88500.0
000270,2023-07-03,88500.0
000270,2023-07-04,88900.0
000270,2023-07-05,88100.0
000270,2023-07-06,89000.0
000270,2023-07-07,87900.0
000270,2023-07-10,87500.0
000270,2023-07-11,88500.0
000270,2023-07-12,88400.0
000270,2023-07-13,87500.0
000270,2023-07-14,88700.0
000270,2023-07-17,86600.0
000270,2023-07-18,85900.0
000270,2023-07-19,86000.0
000270,2023-07-20,84300.0
000270,2023-07-21,84500.0
000520,2024-11-22,12900.0
000520,2024-11-25,12700.0
000520,2024-11-26,12430.0
000520,2024-11-27,12210.0
000520,2024-11-28,12760.0
000520,2024-11-29,12100.0
000520,2024-12-02,10840.0
000520,2024-12-03,11560.0
000520,2024-12-04,11140.0
000520,2024-12-05,12580.0
000520,2024-12-06,11790.0
000520,2024-12-09,10740.0
000520,2024-12-10,11720.0
000520,2024-12-11,11750.0
000520,2024-12-12,12120.0
000520,2024-12-13,12650.0
000520,2024-12-16,12920.0
000520,2024-12-17,14180.0
000520,2024-12-18,13670.0
000520,2024-12-19,13100.0
000520,2024-12-20,12840.0
000520,2024-12-23,12840.0
000520,2024-12-24,12860.0
000520,2024-12-26,12760.0
000520,2024-12-27,12270.0
000520,2024-12-30,13150.0
000520,2025-01-02,13900.0
000520,2025-01-03,13880.0
000520,2025-01-06,14070.0
000520,2025-01-07,14880.0
000520,2025-01-08,14390.0
000520,2025-01-09,14310.0
000520,2025-01-10,14040.0
000660,2022-12-12,81100.0
000660,2022-12-13,82300.0
000660,2022-12-14,81800.0
000660,2022-12-15,80200.0
000660,2022-12-16,78400.0
000660,2022-12-19,79000.0
000660,2022-12-20,78300.0
000660,2022-12-21,78000.0
000660,2022-12-22,79200.0
000660,2022-12-23,77800.0
000660,2022-12-26,77000.0
000660,2022-12-27,77000.0
000660,2022-12-28,76000.0
000660,2022-12-29,75000.0
000660,2023-01-02,75700.0
000660,2023-01-03,75600.0
000660,2023-01-04,81000.0
000660,2023-01-05,81400.0
000660,2023-01-06,83100.0
000660,2023-01-09,86000.0
000660,2023-01-10,86500.0
000660,2023-01-11,87300.0
000660,2023-01-12,86800.0
000660,2023-01-13,85700.0
000660,2023-01-16,85800.0
000660,2023-01-17,86000.0
000660,2023-01-18,85100.0
000660,2023-01-19,85500.0
000660,2023-01-20,87600.0
000660,2023-01-25,91400.0
000660,2023-01-26,92300.0
000660,2023-01-27,91500.0
000660,2023-01-30,90700.0
000660,2023-01-31,88500.0
000660,2023-03-13,84300.0
000660,2023-03-14,81100.0
000660,2023-03-15,79100.0
000660,2023-03-16,79000.0
000660,2023-03-17,84000.0
000660,2023-03-20,83700.0
000660,2023-03-21,83600.0
000660,2023-03-22,86900.0
000660,2023-03-23,88500.0
000660,2023-03-24,87300.0
000660,2023-03-27,85500.0
000660,2023-03-28,88400.0
000660,2023-03-29,86900.0
000660,2023-03-30,88800.0
000660,2023-03-31,88600.0
000660,2023-04-03,87200.0
000660,2023-04-04,84500.0
000660,2023-04-05,84600.0
000660,2023-04-06,83800.0
000660,2023-04-07,89100.0
000660,2023-04-10,90700.0
000660,2023-04-11,91800.0
000660,2023-04-12,90300.0
000660,2023-04-13,88700.0
000660,2023-04-14,89300.0
000660,2023-04-17,88500.0
000660,2023-04-18,87600.0
000660,2023-04-19,88200.0
000660,2023-04-20,87700.0
000660,2023-04-21,89100.0
000660,2023-04-24,87200.0
000660,2023-04-25,85500.0
000660,2023-04-26,87400.0
000660,2023-04-27,88800.0
000660,2023-04-28,89500.0
000660,2023-05-02,90200.0
000660,2023-05-03,89800.0
000660,2023-05-04,88700.0
000660,2023-05-08,88700.0
000660,2023-05-09,87300.0
000660,2023-05-10,86900.0
000660,2023-05-11,86300.0
000660,2023-05-12,87200.0
000660,2023-05-15,86400.0
000660,2023-05-16,90400.0
000660,2023-05-17,91900.0
000660,2023-05-18,93600.0
000660,2023-05-19,97300.0
000660,2023-05-22,98200.0
000660,2023-05-23,97900.0
000660,2023-05-24,97700.0
000660,2023-05-25,103500.0
000660,2023-05-26,109200.0
000660,2023-05-30,110300.0
000660,2023-05-31,108600.0
000660,2023-06-01,110300.0
000660,2023-06-02,110300.0
000660,2023-06-05,108700.0
000660,2023-06-07,108000.0
000660,2023-06-08,109700.0
000660,2023-06-09,115400.0
000670,2024-10-14,40519.56400359284
000670,2024-10-15,39671.48010584322
000670,2024-10-16,39624.36433374602
000670,2024-10-17,35949.334110164345
000670,2024-10-18,35007.01866822033
000670,2024-10-21,34017.587454179105
000670,2024-10-22,33640.661277401494
000670,2024-10-23,35713.75524967834
000670,2024-10-24,36043.56565435875
000670,2024-10-25,34771.43980773432
000670,2024-10-28,37362.807273080376
000670,2024-10-29,36467.60760323356
000670,2024-10-30,33923.355909984704
000670,2024-10-31,37692.61767776078
000670,2024-11-01,37221.45995678877
000670,2024-11-04,38352.2384871216
000670,2024-11-05,39671.48010584322
000670,2024-11-06,41980.15293860607
000670,2024-11-07,41980.15293860607
000670,2024-11-08,42309.96334328648
000670,2024-11-11,42781.121064258485
000670,2024-11-12,44100.362682980114
000670,2024-11-13,42498.42643167528
000670,2024-11-14,40613.79554778724
000670,2024-11-15,39718.595877940425
000670,2024-11-18,39765.71165003762
000670,2024-11-19,38682.048891802
000670,2024-11-20,37268.575728885975
000670,2024-11-21,37032.99686839997
000670,2024-11-22,36373.376059039154
000670,2024-11-25,40331.10091520404
000670,2024-11-26,41084.95326875925
000670,2024-11-27,40755.14286407884
000670,2024-11-28,41980.15293860607
000670,2024-11-29,39483.01701745442
000720,2023-06-01,37850.0
000720,2023-06-02,38200.0
000720,2023-06-05,39150.0
000720,2023-06-07,39050.0
000720,2023-06-08,39250.0
000720,2023-06-09,39300.0
000720,2023-06-12,38950.0
000720,2023-06-13,39400.0
000720,2023-06-14,38450.0
000720,2023-06-15,38300.0
000720,2023-06-16,38600.0
000720,2023-06-19,39950.0
000720,2023-06-20,39600.0
000720,2023-06-21,39400.0
000720,2023-06-22,40100.0
000720,2023-06-23,38400.0
000720,2023-06-26,40800.0
000720,2023-06-27,39100.0
000720,2023-06-28,38500.0
000720,2023-06-29,37750.0
000720,2023-06-30,38100.0
000720,2023-07-03,38750.0
000720,2023-07-04,37900.0
000720,2023-07-05,36850.0
000720,2023-07-06,35450.0
000720,2023-07-07,34650.0
000720,2023-07-10,35850.0
000720,2023-07-11,36500.0
000720,2023-07-12,36600.0
000720,2023-07-13,36950.0
000720,2023-07-14,37500.0
000720,2023-07-17,39000.0
000720,2023-07-18,37500.0
000720,2023-07-19,37450.0
000720,2023-07-20,37400.0
000720,2023-07-21,37700.0
000720,2024-06-24,31950.0
000720,2024-06-25,32050.0
000720,2024-06-26,31750.0
000720,2024-06-27,31700.0
000720,2024-06-28,32050.0
000720,2024-07-01,33200.0
000720,2024-07-02,32200.0
000720,2024-07-03,32200.0
000720,2024-07-04,31850.0
000720,2024-07-05,31900.0
000720,2024-07-08,31850.0
000720,2024-07-09,32100.0
000720,2024-07-10,31800.0
000720,2024-07-11,32150.0
000720,2024-07-12,31950.0
000720,2024-07-15,32900.0
000720,2024-07-16,32850.0
000720,2024-07-17,34450.0
000720,2024-07-18,33400.0
000720,2024-07-19,32600.0
000720,2024-07-22,33000.0
000720,2024-07-23,32300.0
000720,2024-07-24,32050.0
000720,2024-07-25,32150.0
000720,2024-07-26,32950.0
000720,2024-07-29,33200.0
000720,2024-07-30,32900.0
000720,2024-07-31,33450.0
000720,2024-08-01,33150.0
000720,2024-08-02,32400.0
000720,2024-08-05,29650.0
000720,2024-08-06,29950.0
000720,2024-08-07,29900.0
000720,2024-08-08,31200.0
000720,2024-08-09,30950.0
000880,2024-01-05,29471.718377088306
000880,2024-01-08,29171.59904534606
000880,2024-01-09,29171.59904534606
000880,2024-01-10,29051.551312649164
000880,2024-01-11,28931.503579952267
000880,2024-01-12,28871.479713603818
000880,2024-01-15,28571.36038186157
000880,2024-01-16,28691.40811455847
000880,2024-01-17,27671.00238663484
000880,2024-01-18,27550.954653937944
000880,2024-01-19,27971.12171837709
000880,2024-01-22,27791.05011933174
000880,2024-01-23,28271.24105011933
000880,2024-01-24,27971.12171837709
000880,2024-01-25,28391.288782816227
000880,2024-01-26,28511.336515513125
000880,2024-01-29,30672.19570405728
000880,2024-01-30,32052.7446300716
000880,2024-01-31,32713.007159904533
000880,2024-02-01,36014.31980906921
000880,2024-02-02,37334.84486873508
000880,2024-02-05,36554.53460620525
000880,2024-02-06,34513.723150358
000880,2024-02-07,36914.67780429594
000880,2024-02-08,36674.58233890215
000880,2024-02-13,36254.415274463005
000880,2024-02-14,35294.033412887824
000880,2024-02-15,34573.747016706446
000880,2024-02-16,35474.10501193317
000880,2024-02-19,36374.4630071599
000880,2024-02-20,36134.36754176611
000880,2024-02-21,35654.17661097852
000880,2024-02-22,35173.985680190926
000880,2024-02-23,35294.033412887824
000880,2024-03-14,34453.69928400955
000880,2024-03-15,33553.341288782816
000880,2024-03-18,34933.89021479713
000880,2024-03-19,34153.579952267304
000880,2024-03-20,34033.53221957041
000880,2024-03-21,34933.89021479713
000880,2024-03-22,34333.65155131265
000880,2024-03-25,33673.389021479714
000880,2024-03-26,34033.53221957041
000880,2024-03-27,33733.41288782816
000880,2024-03-28,33853.46062052506
000880,2024-03-29,32472.911694510734
000880,2024-04-01,32412.88782816229
000880,2024-04-02,32052.7446300716
000880,2024-04-03,34393.6754176611
000880,2024-04-04,34633.770883054895
000880,2024-04-05,33613.365155131265
000880,2024-04-08,35354.05727923627
000880,2024-04-09,33553.341288782816
000880,2024-04-11,33073.150357995226
000880,2024-04-12,32172.79236276849
000880,2024-04-15,32713.007159904533
000880,2024-04-16,31572.55369928401
000880,2024-04-17,31032.33890214797
000880,2024-04-18,31512.52983293556
000880,2024-04-19,31332.45823389021
000880,2024-04-22,32052.7446300716
000880,2024-04-23,31992.720763723148
000880,2024-04-24,31872.67303102625
000880,2024-04-25,32232.816229116943
000880,2024-04-26,32112.768496420045
000880,2024-04-29,33373.26968973747
000880,2024-04-30,32833.05489260143
000880,2024-05-02,32652.983293556084
000880,2024-05-03,32352.86396181384
000910,2023-03-02,5740.0
000910,2023-03-03,5630.0
000910,2023-03-06,5650.0
000910,2023-03-07,5620.0
000910,2023-03-08,5850.0
000910,2023-03-09,5740.0
000910,2023-03-10,5610.0
000910,2023-03-13,5330.0
000910,2023-03-14,5130.0
000910,2023-03-15,5430.0
000910,2023-03-16,5300.0
000910,2023-03-17,5440.0
000910,2023-03-20,5600.0
000910,2023-03-21,5550.0
000910,2023-03-22,5580.0
000910,2023-03-23,5520.0
000910,2023-03-24,5430.0
000910,2023-03-27,6060.0
000910,2023-03-28,6860.0
000910,2023-03-29,6860.0
000910,2023-03-30,6450.0
000910,2023-03-31,6330.0
000910,2023-04-03,6900.0
000910,2023-04-04,7200.0
000910,2023-04-05,6700.0
000910,2023-04-06,8710.0
000910,2023-04-07,7970.0
000910,2023-04-10,8050.0
000910,2023-04-11,7600.0
000910,2023-04-12,7460.0
000910,2023-04-13,7260.0
000910,2023-04-14,7320.0
000910,2023-04-17,7290.0
000910,2023-04-18,7110.0
000910,2023-04-19,7580.0
000910,2023-04-20,7000.0
000910,2023-04-21,7050.0
001250,2024-07-29,3630.0
001250,2024-07-30,3320.0
001250,2024-07-31,3425.0
001250,2024-08-01,3405.0
001250,2024-08-02,3335.0
001250,2024-08-05,2995.0
001250,2024-08-06,3220.0
001250,2024-08-07,3325.0
001250,2024-08-08,3160.0
001250,2024-08-09,3590.0
001250,2024-08-12,3475.0
001250,2024-08-13,3400.0
001250,2024-08-14,3475.0
001250,2024-08-16,3520.0
001250,2024-08-19,3495.0
001250,2024-08-20,3470.0
001250,2024-08-21,3530.0
001250,2024-08-22,3935.0
001250,2024-08-23,3960.0
001250,2024-08-26,4015.0
001250,2024-08-27,3995.0
001250,2024-08-28,3820.0
001250,2024-08-29,3755.0
001250,2024-08-30,3990.0
001250,2024-09-02,3990.0
001250,2024-09-03,3930.0
001250,2024-09-04,3730.0
001250,2024-09-05,3405.0
001250,2024-09-06,3275.0
001250,2024-09-09,3310.0
001250,2024-09-10,3325.0
001250,2024-09-11,3470.0
001250,2024-09-12,3510.0
001250,2024-09-13,4190.0
001440,2024-01-02,9320.29906542056
001440,2024-01-03,9165.869158878504
001440,2024-01-04,9020.523364485982
001440,2024-01-05,9029.607476635514
001440,2024-01-08,9029.607476635514
001440,2024-01-09,9102.280373831776
001440,2024-01-10,8993.271028037383
001440,2024-01-11,9011.43925233645
001440,2024-01-12,8993.271028037383
001440,2024-01-15,8847.92523364486
001440,2024-01-16,8820.672897196262
001440,2024-01-17,8575.401869158879
001440,2024-01-18,8475.476635514018
001440,2024-01-19,8766.168224299066
001440,2024-01-22,8684.41121495327
001440,2024-01-23,8911.514018691589
001440,2024-01-24,9801.757009345794
001440,2024-01-25,9865.345794392524
001440,2024-01-26,9720.0
001440,2024-01-29,9720.0
001440,2024-01-30,9250.0
001440,2024-01-31,9310.0
001440,2024-02-01,9320.0
001440,2024-02-02,9650.0
001440,2024-02-05,9600.0
001440,2024-02-06,9600.0
001440,2024-02-07,9670.0
001440,2024-02-08,9810.0
001440,2024-02-13,9980.0
001440,2024-02-14,9910.0
001440,2024-02-15,9920.0
001440,2024-02-16,9930.0
001440,2024-09-09,10770.0
001440,2024-09-10,10630.0
001440,2024-09-11,10780.0
001440,2024-09-12,11220.0
001440,2024-09-13,11270.0
001440,2024-09-19,11410.0
001440,2024-09-20,11700.0
001440,2024-09-23,11630.0
001440,2024-09-24,11950.0
001440,2024-09-25,12050.0
001440,2024-09-26,12390.0
001440,2024-09-27,12260.0
001440,2024-09-30,12030.0
001440,2024-10-02,11940.0
001440,2024-10-04,13280.0
001440,2024-10-07,12850.0
001440,2024-10-08,12490.0
001440,2024-10-10,12610.0
001440,2024-10-11,12130.0
001440,2024-10-14,12700.0
001440,2024-10-15,12660.0
001440,2024-10-16,12360.0
001440,2024-10-17,12790.0
001440,2024-10-18,12470.0
001440,2024-10-21,12290.0
001440,2024-10-22,12000.0
001440,2024-10-23,11880.0
001440,2024-10-24,11700.0
001440,2024-10-25,11640.0
001440,2024-10-28,12320.0
001440,2024-10-29,12190.0
001440,2024-11-21,11440.0
001440,2024-11-22,11210.0
001440,2024-11-25,11940.0
001440,2024-11-26,11910.0
001440,2024-11-27,11690.0
001440,2024-11-28,11580.0
001440,2024-11-29,11310.0
001440,2024-12-02,11020.0
001440,2024-12-03,11380.0
001440,2024-12-04,11010.0
001440,2024-12-05,11010.0
001440,2024-12-06,10550.0
001440,2024-12-09,10000.0
001440,2024-12-10,11100.0
001440,2024-12-11,11470.0
001440,2024-12-12,11350.0
001440,2024-12-13,11530.0
001440,2024-12-16,12040.0
001440,2024-12-17,11790.0
001440,2024-12-18,11740.0
001440,2024-12-19,11750.0
001440,2024-12-20,11340.0
001440,2024-12-23,11760.0
001440,2024-12-24,11700.0
001440,2024-12-26,11570.0
001440,2024-12-27,11260.0
001440,2024-12-30,11150.0
001440,2025-01-02,11680.0
001440,2025-01-03,11650.0
001440,2025-01-06,11810.0
001440,2025-01-07,11990.0
001440,2025-01-08,12000.0
001440,2025-01-09,12170.0
001440,2025-01-10,12240.0
001450,2023-01-30,30800.0
001450,2023-01-31,30950.0
001450,2023-02-01,30800.0
001450,2023-02-02,29950.0
001450,2023-02-03,30250.0
001450,2023-02-06,30300.0
001450,2023-02-07,30600.0
001450,2023-02-08,31700.0
001450,2023-02-09,30750.0
001450,2023-02-10,31050.0
001450,2023-02-13,31450.0
001450,2023-02-14,31400.0
001450,2023-02-15,31500.0
001450,2023-02-16,31650.0
001450,2023-02-17,31450.0
001450,2023-02-20,31000.0
001450,2023-02-21,31100.0
001450,2023-02-22,31550.0
001450,2023-02-23,33850.0
001450,2023-02-24,34950.0
001450,2023-02-27,35500.0
001450,2023-02-28,35200.0
001450,2023-03-02,35000.0
001450,2023-03-03,33650.0
001450,2023-03-06,33850.0
001450,2023-03-07,34000.0
001450,2023-03-08,33950.0
001450,2023-03-09,34700.0
001450,2023-03-10,35100.0
001450,2023-03-13,35200.0
001450,2023-03-14,34500.0
001450,2023-03-15,35150.0
001450,2023-03-16,34150.0
001450,2023-03-17,34550.0
001450,2023-03-20,33400.0
001450,2023-08-14,30650.0
001450,2023-08-16,27850.0
001450,2023-08-17,27850.0
001450,2023-08-18,28300.0
001450,2023-08-21,28550.0
001450,2023-08-22,28050.0
001450,2023-08-23,28600.0
001450,2023-08-24,28650.0
001450,2023-08-25,30450.0
001450,2023-08-28,30550.0
001450,2023-08-29,30800.0
001450,2023-08-30,30250.0
001450,2023-08-31,30250.0
001450,2023-09-01,29850.0
001450,2023-09-04,30200.0
001450,2023-09-05,29700.0
001450,2023-09-06,30500.0
001450,2023-09-07,30700.0
001450,2023-09-08,31950.0
001450,2023-09-11,32850.0
001450,2023-09-12,31800.0
001450,2023-09-13,32550.0
001450,2023-09-14,32800.0
001450,2023-09-15,33100.0
001450,2023-09-18,32900.0
001450,2023-09-19,33350.0
001450,2023-09-20,33600.0
001450,2023-09-21,33150.0
001450,2023-09-22,33100.0
001450,2023-09-25,33100.0
001450,2023-09-26,32700.0
001450,2023-09-27,32450.0
001570,2023-01-05,24400.0
001570,2023-01-06,24600.0
001570,2023-01-09,25200.0
001570,2023-01-10,24800.0
001570,2023-01-11,25350.0
001570,2023-01-12,25350.0
001570,2023-01-13,25150.0
001570,2023-01-16,24750.0
001570,2023-01-17,24200.0
001570,2023-01-18,23400.0
001570,2023-01-19,22800.0
001570,2023-01-20,23050.0
001570,2023-01-25,23450.0
001570,2023-01-26,24800.0
001570,2023-01-27,24950.0
001570,2023-01-30,26200.0
001570,2023-01-31,26400.0
001570,2023-02-01,26100.0
001570,2023-02-02,26350.0
001570,2023-02-03,25550.0
001570,2023-02-06,26750.0
001570,2023-02-07,26650.0
001570,2023-02-08,26000.0
001570,2023-02-09,26400.0
001570,2023-02-10,26450.0
001570,2023-02-13,28050.0
001570,2023-02-14,29800.0
001570,2023-02-15,30400.0
001570,2023-02-16,31900.0
001570,2023-02-17,32150.0
001570,2023-02-20,31050.0
001570,2023-02-21,34700.0
001570,2023-02-22,36000.0
001570,2023-02-23,38950.0
001570,2023-02-24,39500.0
001570,2023-05-22,55000.0
001570,2023-05-23,55100.0
001570,2023-05-24,53500.0
001570,2023-05-25,52200.0
001570,2023-05-26,48950.0
001570,2023-05-30,48900.0
001570,2023-05-31,48250.0
001570,2023-06-01,48200.0
001570,2023-06-02,48400.0
001570,2023-06-05,50500.0
001570,2023-06-07,52200.0
001570,2023-06-08,57000.0
001570,2023-06-09,54800.0
001570,2023-06-12,55000.0
001570,2023-06-13,55300.0
001570,2023-06-14,58600.0
001570,2023-06-15,60400.0
001570,2023-06-16,60300.0
001570,2023-06-19,59400.0
001570,2023-06-20,60300.0
001570,2023-06-21,58800.0
001570,2023-06-22,59600.0
001570,2023-06-23,58100.0
001570,2023-06-26,56000.0
001570,2023-06-27,53600.0
001570,2023-06-28,53700.0
001570,2023-06-29,52300.0
001570,2023-06-30,53100.0
001570,2023-07-03,55800.0
001570,2023-07-04,58800.0
001570,2023-07-05,71200.0
001570,2023-07-06,73600.0
001570,2023-07-07,83000.0
001570,2023-07-10,86900.0
001790,2023-07-31,3015.0
001790,2023-08-01,2980.0
001790,2023-08-02,2955.0
001790,2023-08-03,2885.0
001790,2023-08-04,2945.0
001790,2023-08-07,2980.0
001790,2023-08-08,3035.0
001790,2023-08-09,3045.0
001790,2023-08-10,3010.0
001790,2023-08-11,3055.0
001790,2023-08-14,3025.0
001790,2023-08-16,2885.0
001790,2023-08-17,2830.0
001790,2023-08-18,2875.0
001790,2023-08-21,2900.0
001790,2023-08-22,2975.0
001790,2023-08-23,2990.0
001790,2023-08-24,3080.0
001790,2023-08-25,3200.0
001790,2023-08-28,3260.0
001790,2023-08-29,3285.0
001790,2023-08-30,3255.0
001790,2023-08-31,3180.0
001790,2023-09-01,3120.0
001790,2023-09-04,3205.0
001790,2023-09-05,3140.0
001790,2023-09-06,3460.0
001790,2023-09-07,3170.0
001790,2023-09-08,3340.0
001790,2023-09-11,3350.0
001790,2023-09-12,3280.0
001790,2023-09-13,3400.0
001790,2023-09-14,3305.0
001790,2023-09-15,3475.0
001790,2023-09-18,3385.0
002710,2024-05-13,49850.0
002710,2024-05-14,51100.0
002710,2024-05-16,51300.0
002710,2024-05-17,50200.0
002710,2024-05-20,49300.0
002710,2024-05-21,48350.0
002710,2024-05-22,47350.0
002710,2024-05-23,47350.0
002710,2024-05-24,49100.0
002710,2024-05-27,50400.0
002710,2024-05-28,47250.0
002710,2024-05-29,46300.0
002710,2024-05-30,45250.0
002710,2024-05-31,48550.0
002710,2024-06-03,47450.0
002710,2024-06-04,49350.0
002710,2024-06-05,54500.0
002710,2024-06-07,54400.0
002710,2024-06-10,56900.0
002710,2024-06-11,61000.0
002710,2024-06-12,59400.0
002710,2024-06-13,59100.0
002710,2024-06-14,55300.0
002710,2024-06-17,56700.0
002710,2024-06-18,54000.0
002710,2024-06-19,56000.0
002710,2024-06-20,56100.0
002710,2024-06-21,54400.0
002710,2024-06-24,53500.0
002710,2024-06-25,51600.0
002710,2024-06-26,54300.0
002710,2024-06-27,57200.0
002710,2024-06-28,55700.0
002720,2024-07-01,5640.0
002720,2024-07-02,5580.0
002720,2024-07-03,5850.0
002720,2024-07-04,5650.0
002720,2024-07-05,5750.0
002720,2024-07-08,5870.0
002720,2024-07-09,5840.0
002720,2024-07-10,5840.0
002720,2024-07-11,5610.0
002720,2024-07-12,5700.0
002720,2024-07-15,5680.0
002720,2024-07-16,6140.0
002720,2024-07-17,6120.0
002720,2024-07-18,5680.0
002720,2024-07-19,5600.0
002720,2024-07-22,5610.0
002720,2024-07-23,5840.0
002720,2024-07-24,5980.0
002720,2024-07-25,6620.0
002720,2024-07-26,6320.0
002720,2024-07-29,6100.0
002720,2024-07-30,6170.0
002720,2024-07-31,6220.0
002720,2024-08-01,6450.0
002720,2024-08-02,6420.0
002720,2024-08-05,5250.0
002720,2024-08-06,6210.0
002720,2024-08-07,6450.0
002720,2024-08-08,7480.0
002720,2024-08-09,7210.0
002720,2024-08-12,7160.0
002720,2024-08-13,6650.0
002720,2024-08-14,6680.0
002720,2024-08-16,6980.0
002720,2024-08-19,7090.0
002900,2023-01-26,8894.401840490797
002900,2023-01-27,9232.592024539876
002900,2023-01-30,9046.587423312883
002900,2023-01-31,9080.40644171779
002900,2023-02-01,8945.13036809816
002900,2023-02-02,8860.58282208589
002900,2023-02-03,8843.673312883435
002900,2023-02-06,8776.035276073619
002900,2023-02-07,8674.578220858895
002900,2023-02-08,8742.216257668711
002900,2023-02-09,8759.125766871166
002900,2023-02-10,8556.211656441717
002900,2023-02-13,8826.763803680982
002900,2023-02-14,8809.854294478528
002900,2023-02-15,8640.759202453988
002900,2023-02-16,8826.763803680982
002900,2023-02-17,9046.587423312883
002900,2023-02-20,9266.411042944785
002900,2023-02-21,9350.958588957055
002900,2023-02-22,9672.23926380368
002900,2023-02-23,9722.967791411043
002900,2023-02-24,9418.596625766872
002900,2023-02-27,9317.139570552146
002900,2023-02-28,9198.773006134968
002900,2023-03-02,9536.96319018405
002900,2023-03-03,9486.234662576688
002900,2023-03-06,9215.682515337425
002900,2023-03-07,9097.315950920243
002900,2023-03-08,8843.673312883435
002900,2023-03-09,8776.035276073619
002900,2023-03-10,8370.207055214723
002900,2023-03-13,8285.659509202455
002900,2023-03-14,7778.374233128834
002900,2023-03-15,7947.469325153374
002900,2023-03-16,7761.46472392638
002900,2023-03-17,7846.01226993865
003160,2024-05-07,20200.0
003160,2024-05-08,20100.0
003160,2024-05-09,18650.0
003160,2024-05-10,17300.0
003160,2024-05-13,16880.0
003160,2024-05-14,17540.0
003160,2024-05-16,18670.0
003160,2024-05-17,19590.0
003160,2024-05-20,18900.0
003160,2024-05-21,19950.0
003160,2024-05-22,19790.0
003160,2024-05-23,19800.0
003160,2024-05-24,19170.0
003160,2024-05-27,18970.0
003160,2024-05-28,17860.0
003160,2024-05-29,17330.0
003160,2024-05-30,18130.0
003160,2024-05-31,21000.0
003160,2024-06-03,19810.0
003160,2024-06-04,20800.0
003160,2024-06-05,22200.0
003160,2024-06-07,20300.0
003160,2024-06-10,21250.0
003160,2024-06-11,21800.0
003160,2024-06-12,20850.0
003160,2024-06-13,22150.0
003160,2024-06-14,20950.0
003160,2024-06-17,20650.0
003160,2024-06-18,21800.0
003160,2024-06-19,24200.0
003160,2024-06-20,23500.0
003160,2024-06-21,25900.0
003160,2024-06-24,28700.0
003160,2024-06-25,27050.0
003160,2024-12-02,11010.0
003160,2024-12-03,11220.0
003160,2024-12-04,10830.0
003160,2024-12-05,11600.0
003160,2024-12-06,10550.0
003160,2024-12-09,9870.0
003160,2024-12-10,10460.0
003160,2024-12-11,10940.0
003160,2024-12-12,11160.0
003160,2024-12-13,11340.0
003160,2024-12-16,11370.0
003160,2024-12-17,11550.0
003160,2024-12-18,11700.0
003160,2024-12-19,11260.0
003160,2024-12-20,10770.0
003160,2024-12-23,12200.0
003160,2024-12-24,12250.0
003160,2024-12-26,12120.0
003160,2024-12-27,13820.0
003160,2024-12-30,14480.0
003160,2025-01-02,14480.0
003160,2025-01-03,15370.0
003160,2025-01-06,17000.0
003160,2025-01-07,16840.0
003160,2025-01-08,17210.0
003160,2025-01-09,17240.0
003160,2025-01-10,18420.0
003160,2025-01-13,17930.0
003160,2025-01-14,17770.0
003160,2025-01-15,17090.0
003160,2025-01-16,17480.0
003160,2025-01-17,18300.0
003160,2025-01-20,18520.0
003160,2025-01-21,18830.0
003220,2024-07-25,15730.0
003220,2024-07-26,16010.0
003220,2024-07-29,15940.0
003220,2024-07-30,16060.0
003220,2024-07-31,15900.0
003220,2024-08-01,15840.0
003220,2024-08-02,15730.0
003220,2024-08-05,14700.0
003220,2024-08-06,15300.0
003220,2024-08-07,16300.0
003220,2024-08-08,16500.0
003220,2024-08-09,16600.0
003220,2024-08-12,16430.0
003220,2024-08-13,16160.0
003220,2024-08-14,16250.0
003220,2024-08-16,16300.0
003220,2024-08-19,17830.0
003220,2024-08-20,16520.0
003220,2024-08-21,15770.0
003220,2024-08-22,15420.0
003220,2024-08-23,15280.0
003220,2024-08-26,15070.0
003220,2024-08-27,14910.0
003220,2024-08-28,14870.0
003220,2024-08-29,14980.0
003220,2024-08-30,15130.0
003220,2024-09-02,14800.0
003220,2024-09-03,14600.0
003220,2024-09-04,14240.0
003220,2024-09-05,14200.0
003220,2024-09-06,14100.0
003220,2024-09-09,14300.0
003220,2024-09-10,14230.0
003220,2024-09-11,14250.0
003220,2024-09-12,14620.0
003220,2024-09-13,14600.0
003280,2024-03-04,2760.0
003280,2024-03-05,2730.0
003280,2024-03-06,2690.0
003280,2024-03-07,2695.0
003280,2024-03-08,2645.0
003280,2024-03-11,2640.0
003280,2024-03-12,2610.0
003280,2024-03-13,2625.0
003280,2024-03-14,2705.0
003280,2024-03-15,2620.0
003280,2024-03-18,2800.0
003280,2024-03-19,2705.0
003280,2024-03-20,2620.0
003280,2024-03-21,2655.0
003280,2024-03-22,2540.0
003280,2024-03-25,2540.0
003280,2024-03-26,2555.0
003280,2024-03-27,2915.0
003280,2024-03-28,2890.0
003280,2024-03-29,2665.0
003280,2024-04-01,2640.0
003280,2024-04-02,2875.0
003280,2024-04-03,3515.0
003280,2024-04-04,3435.0
003280,2024-04-05,3360.0
003280,2024-04-08,3810.0
003280,2024-04-09,3470.0
003280,2024-04-11,3730.0
003280,2024-04-12,3130.0
003280,2024-04-15,2980.0
003280,2024-04-16,2965.0
003280,2024-04-17,3005.0
003280,2024-04-18,2935.0
003280,2024-04-19,3220.0
003550,2024-01-08,79700.0
003550,2024-01-09,79500.0
003550,2024-01-10,78800.0
003550,2024-01-11,77400.0
003550,2024-01-12,76300.0
003550,2024-01-15,77000.0
003550,2024-01-16,75200.0
003550,2024-01-17,72200.0
003550,2024-01-18,72100.0
003550,2024-01-19,72200.0
003550,2024-01-22,71700.0
003550,2024-01-23,73000.0
003550,2024-01-24,73000.0
003550,2024-01-25,73600.0
003550,2024-01-26,73700.0
003550,2024-01-29,75800.0
003550,2024-01-30,77700.0
003550,2024-01-31,82000.0
003550,2024-02-01,88100.0
003550,2024-02-02,92100.0
003550,2024-02-05,91200.0
003550,2024-02-06,90200.0
003550,2024-02-07,93900.0
003550,2024-02-08,94000.0
003550,2024-02-13,93000.0
003550,2024-02-14,92000.0
003550,2024-02-15,92500.0
003550,2024-02-16,96500.0
003550,2024-02-19,103500.0
003550,2024-02-20,101600.0
003550,2024-02-21,101000.0
003550,2024-02-22,99000.0
003550,2024-02-23,101500.0
003580,2024-02-29,6300.0
003580,2024-03-04,6300.0
003580,2024-03-05,6180.0
003580,2024-03-06,6130.0
003580,2024-03-07,6080.0
003580,2024-03-08,6540.0
003580,2024-03-11,6620.0
003580,2024-03-12,6500.0
003580,2024-03-13,7000.0
003580,2024-03-14,6870.0
003580,2024-03-15,7040.0
003580,2024-03-18,6890.0
003580,2024-03-19,6890.0
003580,2024-03-20,6700.0
003580,2024-03-21,6940.0
003580,2024-03-22,6730.0
003580,2024-03-25,8110.0
003580,2024-03-26,8650.0
003580,2024-03-27,8160.0
003580,2024-03-28,8480.0
003580,2024-03-29,8170.0
003580,2024-04-01,7860.0
003580,2024-04-02,7330.0
003580,2024-04-03,7060.0
003580,2024-04-04,6730.0
003580,2024-04-05,6390.0
003580,2024-04-08,6860.0
003580,2024-04-09,7250.0
003580,2024-04-11,7520.0
003580,2024-04-12,7720.0
003580,2024-04-15,7560.0
003580,2024-04-16,7290.0
003580,2024-04-17,7230.0
003580,2024-04-18,7250.0
003580,2024-04-19,7230.0
004020,2023-07-03,34250.0
004020,2023-07-04,33650.0
004020,2023-07-05,34000.0
004020,2023-07-06,33400.0
004020,2023-07-07,32950.0
004020,2023-07-10,33700.0
004020,2023-07-11,33250.0
004020,2023-07-12,33450.0
004020,2023-07-13,33750.0
004020,2023-07-14,34450.0
004020,2023-07-17,33850.0
004020,2023-07-18,33650.0
004020,2023-07-19,33450.0
004020,2023-07-20,33400.0
004020,2023-07-21,33700.0
004020,2023-07-24,33950.0
004020,2023-07-25,34450.0
004020,2023-07-26,32900.0
004020,2023-07-27,34950.0
004020,2023-07-28,35850.0
004020,2023-07-31,36150.0
004020,2023-08-01,36650.0
004020,2023-08-02,35900.0
004020,2023-08-03,36900.0
004020,2023-08-04,35800.0
004020,2023-08-07,35150.0
004020,2023-08-08,35600.0
004020,2023-08-09,34950.0
004020,2023-08-10,35050.0
004020,2023-08-11,34700.0
004020,2023-08-14,34600.0
004020,2023-08-16,34300.0
004020,2023-08-17,34700.0
004020,2023-08-18,34150.0
004020,2023-08-21,34150.0
004020,2024-11-15,20850.0
004020,2024-11-18,21500.0
004020,2024-11-19,21500.0
004020,2024-11-20,21750.0
004020,2024-11-21,21800.0
004020,2024-11-22,21650.0
004020,2024-11-25,20950.0
004020,2024-11-26,21400.0
004020,2024-11-27,21700.0
004020,2024-11-28,22000.0
004020,2024-11-29,20950.0
004020,2024-12-02,21000.0
004020,2024-12-03,21800.0
004020,2024-12-04,21450.0
004020,2024-12-05,20650.0
004020,2024-12-06,21150.0
004020,2024-12-09,19900.0
004020,2024-12-10,22700.0
004020,2024-12-11,22100.0
004020,2024-12-12,21900.0
004020,2024-12-13,22050.0
004020,2024-12-16,21900.0
004020,2024-12-17,21850.0
004020,2024-12-18,22100.0
004020,2024-12-19,22000.0
004020,2024-12-20,21150.0
004020,2024-12-23,21750.0
004020,2024-12-24,21700.0
004020,2024-12-26,21350.0
004020,2024-12-27,21100.0
004020,2024-12-30,21050.0
004020,2025-01-02,20850.0
004020,2025-01-03,21350.0
004090,2024-07-08,17970.0
004090,2024-07-09,17550.0
004090,2024-07-10,17280.0
004090,2024-07-11,17730.0
004090,2024-07-12,17300.0
004090,2024-07-15,16810.0
004090,2024-07-16,17130.0
004090,2024-07-17,16710.0
004090,2024-07-18,17640.0
004090,2024-07-19,17260.0
004090,2024-07-22,17370.0
004090,2024-07-23,17000.0
004090,2024-07-24,16340.0
004090,2024-07-25,15660.0
004090,2024-07-26,15810.0
004090,2024-07-29,16760.0
004090,2024-07-30,16340.0
004090,2024-07-31,20350.0
004090,2024-08-01,20200.0
004090,2024-08-02,23000.0
004090,2024-08-05,22600.0
004090,2024-08-06,23050.0
004090,2024-08-07,22800.0
004090,2024-08-08,21050.0
004090,2024-08-09,21600.0
004090,2024-08-12,21600.0
004090,2024-08-13,23000.0
004090,2024-08-14,21850.0
004090,2024-08-16,20600.0
004090,2024-08-19,19140.0
004090,2024-08-20,18670.0
004090,2024-08-21,18420.0
004090,2024-08-22,18650.0
004090,2024-08-23,18090.0
004560,2024-02-16,18840.0
004560,2024-02-19,19420.0
004560,2024-02-20,19070.0
004560,2024-02-21,18750.0
004560,2024-02-22,18700.0
004560,2024-02-23,19270.0
004560,2024-02-26,19300.0
004560,2024-02-27,18780.0
004560,2024-02-28,19150.0
004560,2024-02-29,18910.0
004560,2024-03-04,18880.0
004560,2024-03-05,18020.0
004560,2024-03-06,17900.0
004560,2024-03-07,17910.0
004560,2024-03-08,17890.0
004560,2024-03-11,17970.0
004560,2024-03-12,20900.0
004560,2024-03-13,20300.0
004560,2024-03-14,20250.0
004560,2024-03-15,20600.0
004560,2024-03-18,20600.0
004560,2024-03-19,20650.0
004560,2024-03-20,20550.0
004560,2024-03-21,20850.0
004560,2024-03-22,21100.0
004560,2024-03-25,20700.0
004560,2024-03-26,20650.0
004560,2024-03-27,20950.0
004560,2024-03-28,22200.0
004560,2024-03-29,20900.0
004560,2024-04-01,20850.0
004560,2024-04-02,19800.0
004560,2024-04-03,19090.0
004560,2024-04-04,19450.0
004560,2024-04-05,20500.0
004830,2024-02-26,9490.0
004830,2024-02-27,9080.0
004830,2024-02-28,9190.0
004830,2024-02-29,8750.0
004830,2024-03-04,9080.0
004830,2024-03-05,8360.0
004830,2024-03-06,8470.0
004830,2024-03-07,8100.0
004830,2024-03-08,8150.0
004830,2024-03-11,8140.0
004830,2024-03-12,8080.0
004830,2024-03-13,7920.0
004830,2024-03-14,7800.0
004830,2024-03-15,7810.0
004830,2024-03-18,7970.0
004830,2024-03-19,10210.0
004830,2024-03-20,9510.0
004830,2024-03-21,10490.0
004830,2024-03-22,10250.0
004830,2024-03-25,10180.0
004830,2024-03-26,9800.0
004830,2024-03-27,9290.0
004830,2024-03-28,8960.0
004830,2024-03-29,8910.0
004830,2024-04-01,8850.0
004830,2024-04-02,8600.0
004830,2024-04-03,8500.0
004830,2024-04-04,9220.0
004830,2024-04-05,8860.0
004830,2024-04-08,8070.0
004830,2024-04-09,8100.0
004830,2024-04-11,7470.0
004830,2024-04-12,7200.0
004830,2024-04-15,7300.0
005290,2023-07-06,39400.0
005290,2023-07-07,39950.0
005290,2023-07-10,36850.0
005290,2023-07-11,37900.0
005290,2023-07-12,39600.0
005290,2023-07-13,40250.0
005290,2023-07-14,40550.0
005290,2023-07-17,40150.0
005290,2023-07-18,39950.0
005290,2023-07-19,40050.0
005290,2023-07-20,39600.0
005290,2023-07-21,38300.0
005290,2023-07-24,39050.0
005290,2023-07-25,39500.0
005290,2023-07-26,38400.0
005290,2023-07-27,39500.0
005290,2023-07-28,41100.0
005290,2023-07-31,42350.0
005290,2023-08-01,40850.0
005290,2023-08-02,39050.0
005290,2023-08-03,38600.0
005290,2023-08-04,37800.0
005290,2023-08-07,37850.0
005290,2023-08-08,36450.0
005290,2023-08-09,37050.0
005290,2023-08-10,36200.0
005290,2023-08-11,36250.0
005290,2023-08-14,35900.0
005290,2023-08-16,35450.0
005290,2023-08-17,36300.0
005290,2023-08-18,36100.0
005290,2023-08-21,36250.0
005290,2023-08-22,35350.0
005290,2023-08-23,34050.0
005290,2023-08-24,34850.0
005290,2023-08-25,33600.0
005290,2024-02-13,40000.0
005290,2024-02-14,40300.0
005290,2024-02-15,39900.0
005290,2024-02-16,38750.0
005290,2024-02-19,38600.0
005290,2024-02-20,38350.0
005290,2024-02-21,38200.0
005290,2024-02-22,38200.0
005290,2024-02-23,36750.0
005290,2024-02-26,36150.0
005290,2024-02-27,35200.0
005290,2024-02-28,36800.0
005290,2024-02-29,37200.0
005290,2024-03-04,38350.0
005290,2024-03-05,37950.0
005290,2024-03-06,41500.0
005290,2024-03-07,40250.0
005290,2024-03-08,40150.0
005290,2024-03-11,40100.0
005290,2024-03-12,40500.0
005290,2024-03-13,39750.0
005290,2024-03-14,38700.0
005290,2024-03-15,38650.0
005290,2024-03-18,39300.0
005290,2024-03-19,39100.0
005290,2024-03-20,41150.0
005290,2024-03-21,47950.0
005290,2024-03-22,44700.0
005290,2024-03-25,44000.0
005290,2024-03-26,43750.0
005290,2024-03-27,44550.0
005290,2024-03-28,46600.0
005290,2024-03-29,48250.0
005420,2023-09-18,41750.0
005420,2023-09-19,41150.0
005420,2023-09-20,41000.0
005420,2023-09-21,39250.0
005420,2023-09-22,39100.0
005420,2023-09-25,38150.0
005420,2023-09-26,37500.0
005420,2023-09-27,38450.0
005420,2023-10-04,35100.0
005420,2023-10-05,37300.0
005420,2023-10-06,36750.0
005420,2023-10-10,36200.0
005420,2023-10-11,39250.0
005420,2023-10-12,43400.0
005420,2023-10-13,40400.0
005420,2023-10-16,38600.0
005420,2023-10-17,37500.0
005420,2023-10-18,36800.0
005420,2023-10-19,35250.0
005420,2023-10-20,33850.0
005420,2023-10-23,34100.0
005420,2023-10-24,34600.0
005420,2023-10-25,33150.0
005420,2023-10-26,31750.0
005420,2023-10-27,32500.0
005420,2023-10-30,33150.0
005420,2023-10-31,31250.0
005420,2023-11-01,31300.0
005420,2023-11-02,33900.0
005420,2023-11-03,35050.0
005420,2023-11-06,42250.0
005850,2023-04-21,31300.0
005850,2023-04-24,32100.0
005850,2023-04-25,32650.0
005850,2023-04-26,31650.0
005850,2023-04-27,31300.0
005850,2023-04-28,31000.0
005850,2023-05-02,31200.0
005850,2023-05-03,30000.0
005850,2023-05-04,30550.0
005850,2023-05-08,30700.0
005850,2023-05-09,30900.0
005850,2023-05-10,32050.0
005850,2023-05-11,32200.0
005850,2023-05-12,32700.0
005850,2023-05-15,32550.0
005850,2023-05-16,37500.0
005850,2023-05-17,38700.0
005850,2023-05-18,38500.0
005850,2023-05-19,37100.0
005850,2023-05-22,36700.0
005850,2023-05-23,36400.0
005850,2023-05-24,37150.0
005850,2023-05-25,36200.0
005850,2023-05-26,35750.0
005850,2023-05-30,35900.0
005850,2023-05-31,36050.0
005850,2023-06-01,36250.0
005850,2023-06-02,36000.0
005850,2023-06-05,37300.0
005850,2023-06-07,34850.0
005850,2023-06-08,34550.0
005850,2023-06-09,35300.0
005930,2022-12-15,59300.0
005930,2022-12-16,59500.0
005930,2022-12-19,59500.0
005930,2022-12-20,58600.0
005930,2022-12-21,58000.0
005930,2022-12-22,59100.0
005930,2022-12-23,58100.0
005930,2022-12-26,57900.0
005930,2022-12-27,58100.0
005930,2022-12-28,56600.0
005930,2022-12-29,55300.0
005930,2023-01-02,55500.0
005930,2023-01-03,55400.0
005930,2023-01-04,57800.0
005930,2023-01-05,58200.0
005930,2023-01-06,59000.0
005930,2023-01-09,60700.0
005930,2023-01-10,60400.0
005930,2023-01-11,60500.0
005930,2023-01-12,60500.0
005930,2023-01-13,60800.0
005930,2023-01-16,61100.0
005930,2023-01-17,61000.0
005930,2023-01-18,60400.0
005930,2023-01-19,61500.0
005930,2023-01-20,61800.0
005930,2023-01-25,63400.0
005930,2023-01-26,63900.0
005930,2023-01-27,64600.0
005930,2023-01-30,63300.0
005930,2023-01-31,61000.0
005930,2023-02-01,61800.0
005930,2023-02-02,63500.0
005930,2023-02-03,63800.0
005930,2023-10-12,68900.0
005930,2023-10-13,68000.0
005930,2023-10-16,67300.0
005930,2023-10-17,69400.0
005930,2023-10-18,70500.0
005930,2023-10-19,69500.0
005930,2023-10-20,68800.0
005930,2023-10-23,68400.0
005930,2023-10-24,68500.0
005930,2023-10-25,68000.0
005930,2023-10-26,66700.0
005930,2023-10-27,67300.0
005930,2023-10-30,67300.0
005930,2023-10-31,66900.0
005930,2023-11-01,68600.0
005930,2023-11-02,69700.0
005930,2023-11-03,69600.0
005930,2023-11-06,70900.0
005930,2023-11-07,70900.0
005930,2023-11-08,69900.0
005930,2023-11-09,70300.0
005930,2023-11-10,70500.0
005930,2023-11-13,70400.0
005930,2023-11-14,70800.0
005930,2023-11-15,72200.0
005930,2023-11-16,72800.0
005930,2023-11-17,72500.0
005930,2023-11-20,72700.0
005930,2023-11-21,72800.0
005930,2023-11-22,72800.0
005930,2023-11-23,72400.0
005930,2023-11-24,71700.0
005930,2023-11-27,71300.0
005930,2023-11-28,72700.0
005930,2023-11-29,72700.0
005930,2023-11-30,72800.0
005930,2023-12-01,72000.0
005930,2024-02-26,72800.0
005930,2024-02-27,72900.0
005930,2024-02-28,73200.0
005930,2024-02-29,73400.0
005930,2024-03-04,74900.0
005930,2024-03-05,73700.0
005930,2024-03-06,72900.0
005930,2024-03-07,72200.0
005930,2024-03-08,73300.0
005930,2024-03-11,72400.0
005930,2024-03-12,73300.0
005930,2024-03-13,74100.0
005930,2024-03-14,74300.0
005930,2024-03-15,72300.0
005930,2024-03-18,72800.0
005930,2024-03-19,72800.0
005930,2024-03-20,76900.0
005930,2024-03-21,79300.0
005930,2024-03-22,78900.0
005930,2024-03-25,78200.0
005930,2024-03-26,79900.0
005930,2024-03-27,79800.0
005930,2024-03-28,80800.0
005930,2024-03-29,82400.0
005930,2024-04-01,82000.0
005930,2024-04-02,85000.0
005930,2024-04-03,84100.0
005930,2024-04-04,85300.0
005930,2024-04-05,84500.0
005930,2024-04-08,84500.0
005930,2024-04-09,83600.0
005930,2024-04-11,84100.0
005930,2024-04-12,83700.0
005950,2023-01-12,9875.0
005950,2023-01-13,9700.0
005950,2023-01-16,9600.0
005950,2023-01-17,9400.0
005950,2023-01-18,9250.0
005950,2023-01-19,9100.0
005950,2023-01-20,9200.0
005950,2023-01-25,9265.0
005950,2023-01-26,9650.0
005950,2023-01-27,9505.0
005950,2023-01-30,9400.0
005950,2023-01-31,9710.0
005950,2023-02-01,9850.0
005950,2023-02-02,9735.0
005950,2023-02-03,9725.0
005950,2023-02-06,10550.0
005950,2023-02-07,10725.0
005950,2023-02-08,10750.0
005950,2023-02-09,10625.0
005950,2023-02-10,10200.0
005950,2023-02-13,10075.0
005950,2023-02-14,10025.0
005950,2023-02-15,10150.0
005950,2023-02-16,10750.0
005950,2023-02-17,10900.0
005950,2023-02-20,10850.0
005950,2023-02-21,10750.0
005950,2023-02-22,10300.0
005950,2023-02-23,10300.0
005950,2023-02-24,10375.0
005950,2023-02-27,10125.0
005950,2023-02-28,12200.0
005950,2023-03-02,13350.0
005950,2023-03-03,14075.0
005950,2024-02-01,12180.0
005950,2024-02-02,12360.0
005950,2024-02-05,12430.0
005950,2024-02-06,13310.0
005950,2024-02-07,13160.0
005950,2024-02-08,12910.0
005950,2024-02-13,13080.0
005950,2024-02-14,13070.0
005950,2024-02-15,13080.0
005950,2024-02-16,13240.0
005950,2024-02-19,13110.0
005950,2024-02-20,13070.0
005950,2024-02-21,13020.0
005950,2024-02-22,13060.0
005950,2024-02-23,12930.0
005950,2024-02-26,14210.0
005950,2024-02-27,13880.0
005950,2024-02-28,14440.0
005950,2024-02-29,14030.0
005950,2024-03-04,13660.0
005950,2024-03-05,14310.0
005950,2024-03-06,13850.0
005950,2024-03-07,14430.0
005950,2024-03-08,14310.0
005950,2024-03-11,13940.0
005950,2024-03-12,14780.0
005950,2024-03-13,14450.0
005950,2024-03-14,14320.0
005950,2024-03-15,14040.0
005950,2024-03-18,14530.0
005950,2024-03-19,14150.0
005950,2024-03-20,14080.0
005950,2024-03-21,14070.0
005950,2024-03-22,13880.0
006110,2024-05-02,78500.0
006110,2024-05-03,79500.0
006110,2024-05-07,80100.0
006110,2024-05-08,78800.0
006110,2024-05-09,77500.0
006110,2024-05-10,77300.0
006110,2024-05-13,75700.0
006110,2024-05-14,76200.0
006110,2024-05-16,78400.0
006110,2024-05-17,76300.0
006110,2024-05-20,75500.0
006110,2024-05-21,74500.0
006110,2024-05-22,71000.0
006110,2024-05-23,69100.0
006110,2024-05-24,72700.0
006110,2024-05-27,81900.0
006110,2024-05-28,81100.0
006110,2024-05-29,81600.0
006110,2024-05-30,82000.0
006110,2024-05-31,83400.0
006110,2024-06-03,82100.0
006110,2024-06-04,83700.0
006110,2024-06-05,86700.0
006110,2024-06-07,88200.0
006110,2024-06-10,93500.0
006110,2024-06-11,96300.0
006110,2024-06-12,92300.0
006110,2024-06-13,89900.0
006110,2024-06-14,85900.0
006110,2024-06-17,86600.0
006110,2024-06-18,81400.0
006110,2024-06-19,81400.0
006110,2024-06-20,80000.0
006110,2024-06-21,79800.0
006220,2024-03-22,12500.0
006220,2024-03-25,12470.0
006220,2024-03-26,12590.0
006220,2024-03-27,12530.0
006220,2024-03-28,12400.0
006220,2024-03-29,12400.0
006220,2024-04-01,12130.0
006220,2024-04-02,12240.0
006220,2024-04-03,12370.0
006220,2024-04-04,12440.0
006220,2024-04-05,12300.0
006220,2024-04-08,12540.0
006220,2024-04-09,12890.0
006220,2024-04-11,12620.0
006220,2024-04-12,12590.0
006220,2024-04-15,12590.0
006220,2024-04-16,14770.0
006220,2024-04-17,15420.0
006220,2024-04-18,14750.0
006220,2024-04-19,14910.0
006220,2024-04-22,15310.0
006220,2024-04-23,15080.0
006220,2024-04-24,14960.0
006220,2024-04-25,15810.0
006220,2024-04-26,15050.0
006220,2024-04-29,14860.0
006220,2024-04-30,14910.0
006220,2024-05-02,13790.0
006220,2024-05-03,13650.0
006220,2024-05-07,13510.0
006220,2024-05-08,13620.0
006220,2024-05-09,13930.0
006220,2024-05-10,13280.0
006260,2023-11-09,78100.0
006260,2023-11-10,76700.0
006260,2023-11-13,76500.0
006260,2023-11-14,78800.0
006260,2023-11-15,78700.0
006260,2023-11-16,77600.0
006260,2023-11-17,76800.0
006260,2023-11-20,80500.0
006260,2023-11-21,83000.0
006260,2023-11-22,85500.0
006260,2023-11-23,85100.0
006260,2023-11-24,85100.0
006260,2023-11-27,84500.0
006260,2023-11-28,84700.0
006260,2023-11-29,85000.0
006260,2023-11-30,84700.0
006260,2023-12-01,84000.0
006260,2023-12-04,87700.0
006260,2023-12-05,86500.0
006260,2023-12-06,86900.0
006260,2023-12-07,85600.0
006260,2023-12-08,85700.0
006260,2023-12-11,85100.0
006260,2023-12-12,86300.0
006260,2023-12-13,83400.0
006260,2023-12-14,87100.0
006260,2023-12-15,90200.0
006260,2023-12-18,90400.0
006260,2023-12-19,90800.0
006260,2023-12-20,92400.0
006260,2023-12-21,93000.0
006260,2023-12-22,90300.0
006260,2023-12-26,91400.0
006260,2023-12-27,91200.0
006260,2023-12-28,93200.0
006360,2024-03-11,15110.0
006360,2024-03-12,15100.0
006360,2024-03-13,15110.0
006360,2024-03-14,15250.0
006360,2024-03-15,15390.0
006360,2024-03-18,15200.0
006360,2024-03-19,15020.0
006360,2024-03-20,15010.0
006360,2024-03-21,15210.0
006360,2024-03-22,15190.0
006360,2024-03-25,14980.0
006360,2024-03-26,15010.0
006360,2024-03-27,15070.0
006360,2024-03-28,15180.0
006360,2024-03-29,14950.0
006360,2024-04-01,15060.0
006360,2024-04-02,14980.0
006360,2024-04-03,15630.0
006360,2024-04-04,15190.0
006360,2024-04-05,15120.0
006360,2024-04-08,14940.0
006360,2024-04-09,14960.0
006360,2024-04-11,14610.0
006360,2024-04-12,14480.0
006360,2024-04-15,14470.0
006360,2024-04-16,14300.0
006360,2024-04-17,14080.0
006360,2024-04-18,14270.0
006360,2024-04-19,14410.0
006360,2024-04-22,14700.0
006360,2024-04-23,14900.0
006360,2024-04-24,14910.0
006360,2024-04-25,14920.0
006360,2024-04-26,15150.0
006660,2024-08-01,14190.0
006660,2024-08-02,12610.0
006660,2024-08-05,11050.0
006660,2024-08-06,11670.0
006660,2024-08-07,11920.0
006660,2024-08-08,11520.0
006660,2024-08-09,11930.0
006660,2024-08-12,12270.0
006660,2024-08-13,12060.0
006660,2024-08-14,12110.0
006660,2024-08-16,12080.0
006660,2024-08-19,11750.0
006660,2024-08-20,12530.0
006660,2024-08-21,12160.0
006660,2024-08-22,11830.0
006660,2024-08-23,11730.0
006660,2024-08-26,14290.0
006660,2024-08-27,15100.0
006660,2024-08-28,14500.0
006660,2024-08-29,15700.0
006660,2024-08-30,15510.0
006660,2024-09-02,15470.0
006660,2024-09-03,14860.0
006660,2024-09-04,13850.0
006660,2024-09-05,13990.0
006660,2024-09-06,12980.0
006660,2024-09-09,13360.0
006660,2024-09-10,13020.0
006660,2024-09-11,13020.0
006660,2024-09-12,13400.0
006660,2024-09-13,13060.0
006660,2024-09-19,13140.0
006660,2024-09-20,12950.0
006800,2024-01-02,7520.0
006800,2024-01-03,7220.0
006800,2024-01-04,7110.0
006800,2024-01-05,7110.0
006800,2024-01-08,7040.0
006800,2024-01-09,7140.0
006800,2024-01-10,7060.0
006800,2024-01-11,7060.0
006800,2024-01-12,6970.0
006800,2024-01-15,7020.0
006800,2024-01-16,6850.0
006800,2024-01-17,6670.0
006800,2024-01-18,6440.0
006800,2024-01-19,6490.0
006800,2024-01-22,6430.0
006800,2024-01-23,6740.0
006800,2024-01-24,6790.0
006800,2024-01-25,7140.0
006800,2024-01-26,7680.0
006800,2024-01-29,7700.0
006800,2024-01-30,7890.0
006800,2024-01-31,7870.0
006800,2024-02-01,8290.0
006800,2024-02-02,8620.0
006800,2024-02-05,8530.0
006800,2024-02-06,8460.0
006800,2024-02-07,8660.0
006800,2024-02-08,8650.0
006800,2024-02-13,8680.0
006800,2024-02-14,8440.0
006800,2024-02-15,8390.0
006800,2024-02-16,8950.0
006800,2024-02-19,9020.0
006800,2024-02-20,8700.0
006910,2023-03-23,3785.0
006910,2023-03-24,3840.0
006910,2023-03-27,3760.0
006910,2023-03-28,3805.0
006910,2023-03-29,3935.0
006910,2023-03-30,3895.0
006910,2023-03-31,4120.0
006910,2023-04-03,4105.0
006910,2023-04-04,4220.0
006910,2023-04-05,4080.0
006910,2023-04-06,4035.0
006910,2023-04-07,4010.0
006910,2023-04-10,3980.0
006910,2023-04-11,4050.0
006910,2023-04-12,4120.0
006910,2023-04-13,4140.0
006910,2023-04-14,4160.0
006910,2023-04-17,4590.0
006910,2023-04-18,4490.0
006910,2023-04-19,4535.0
006910,2023-04-20,4390.0
006910,2023-04-21,4475.0
006910,2023-04-24,4445.0
006910,2023-04-25,4440.0
006910,2023-04-26,4105.0
006910,2023-04-27,3950.0
006910,2023-04-28,3870.0
006910,2023-05-02,3870.0
006910,2023-05-03,3805.0
006910,2023-05-04,3850.0
006910,2023-05-08,3865.0
006910,2023-05-09,3820.0
006910,2023-05-10,3810.0
006910,2023-05-11,3840.0
006910,2023-05-12,3790.0
007070,2023-07-14,18987.47300215983
007070,2023-07-17,18602.59179265659
007070,2023-07-18,18474.29805615551
007070,2023-07-19,18388.76889848812
007070,2023-07-20,18303.239740820736
007070,2023-07-21,18388.76889848812
007070,2023-07-24,18217.710583153348
007070,2023-07-25,17747.300215982723
007070,2023-07-26,17148.596112311017
007070,2023-07-27,18388.76889848812
007070,2023-07-28,18003.887688984883
007070,2023-07-31,18174.946004319656
007070,2023-08-01,18688.120950323973
007070,2023-08-02,18730.88552915767
007070,2023-08-03,18816.414686825054
007070,2023-08-04,18944.70842332613
007070,2023-08-07,18944.70842332613
007070,2023-08-08,19457.88336933045
007070,2023-08-09,20484.233261339094
007070,2023-08-10,20954.64362850972
007070,2023-08-11,20826.34989200864
007070,2023-08-14,20698.05615550756
007070,2023-08-16,20526.997840172786
007070,2023-08-17,20313.17494600432
007070,2023-08-18,20783.585313174943
007070,2023-08-21,20313.17494600432
007070,2023-08-22,20227.645788336933
007070,2023-08-23,20013.82289416847
007070,2023-08-24,19971.05831533477
007070,2023-08-25,20313.17494600432
007070,2023-08-28,20270.41036717063
007070,2023-08-29,20826.34989200864
007070,2023-08-30,20355.939524838013
007070,2023-08-31,20227.645788336933
007070,2023-09-01,20099.352051835853
007660,2023-12-28,28640.74074074074
007660,2024-01-02,28981.123058542413
007660,2024-01-03,27522.341696535244
007660,2024-01-04,27765.47192353644
007660,2024-01-05,27765.47192353644
007660,2024-01-08,27765.47192353644
007660,2024-01-09,28640.74074074074
007660,2024-01-10,28008.602150537637
007660,2024-01-11,28057.228195937874
007660,2024-01-12,27716.8458781362
007660,2024-01-15,27279.21146953405
007660,2024-01-16,26403.942652329748
007660,2024-01-17,26452.56869772999
007660,2024-01-18,26744.324970131423
007660,2024-01-19,27133.33333333333
007660,2024-01-22,33065.71087216248
007660,2024-01-23,29905.017921146955
007660,2024-01-24,31120.66905615293
007660,2024-01-25,29613.26164874552
007660,2024-01-26,28786.61887694146
007660,2024-01-29,27911.35005973716
007660,2024-01-30,28786.61887694146
007660,2024-01-31,26744.324970131423
007660,2024-02-01,26258.064516129038
007660,2024-02-02,28105.85424133811
007660,2024-02-05,27522.341696535244
007660,2024-02-06,29029.749103942653
007660,2024-02-07,28494.862604540023
007660,2024-02-08,29613.26164874552
007660,2024-02-13,30391.278375149344
007660,2024-02-14,30634.40860215054
007660,2024-02-15,30974.79091995221
007660,2024-02-16,29175.62724014337
007660,2024-11-29,21687.21624850657
007660,2024-12-02,20520.19115890084
007660,2024-12-03,26014.93428912784
007660,2024-12-04,25528.673835125446
007660,2024-12-05,22416.606929510155
007660,2024-12-06,23097.3715651135
007660,2024-12-09,22513.859020310632
007660,2024-12-10,22173.47670250896
007660,2024-12-11,23729.51015531661
007660,2024-12-12,20520.19115890084
007660,2024-12-13,21152.32974910394
007660,2024-12-16,24264.39665471924
007660,2024-12-17,25966.3082437276
007660,2024-12-18,25771.804062126645
007660,2024-12-19,25723.178016726404
007660,2024-12-20,24118.51851851852
007660,2024-12-23,25625.925925925927
007660,2024-12-24,26938.829151732378
007660,2024-12-26,27425.089605734767
007660,2024-12-27,27133.33333333333
007660,2024-12-30,26598.446833930702
007660,2025-01-02,26695.698924731183
007660,2025-01-03,27668.21983273596
007660,2025-01-06,28543.488649940264
007660,2025-01-07,26112.18637992832
007660,2025-01-08,26209.438470728797
007660,2025-01-09,28397.610513739543
007660,2025-01-10,26549.820788530466
007660,2025-01-13,25528.673835125446
007660,2025-01-14,25236.91756272401
007660,2025-01-15,25771.804062126645
007660,2025-01-16,25869.05615292712
007660,2025-01-17,27522.341696535244
008770,2023-06-15,72000.0
008770,2023-06-16,73400.0
008770,2023-06-19,73200.0
008770,2023-06-20,74100.0
008770,2023-06-21,72900.0
008770,2023-06-22,73100.0
008770,2023-06-23,72300.0
008770,2023-06-26,72800.0
008770,2023-06-27,73000.0
008770,2023-06-28,74300.0
008770,2023-06-29,73200.0
008770,2023-06-30,73400.0
008770,2023-07-03,74800.0
008770,2023-07-04,73000.0
008770,2023-07-05,73700.0
008770,2023-07-06,73400.0
008770,2023-07-07,73500.0
008770,2023-07-10,75400.0
008770,2023-07-11,75400.0
008770,2023-07-12,76300.0
008770,2023-07-13,75400.0
008770,2023-07-14,75400.0
008770,2023-07-17,75400.0
008770,2023-07-18,73600.0
008770,2023-07-19,72800.0
008770,2023-07-20,71900.0
008770,2023-07-21,71300.0
008770,2023-07-24,70600.0
008770,2023-07-25,69000.0
008770,2023-07-26,68200.0
008770,2023-07-27,71900.0
008770,2023-07-28,72300.0
008770,2023-07-31,75300.0
008770,2023-08-01,75600.0
008770,2023-08-02,73800.0
008770,2023-08-03,73500.0
008770,2023-08-04,75000.0
008930,2024-03-04,39650.0
008930,2024-03-05,39500.0
008930,2024-03-06,39900.0
008930,2024-03-07,37600.0
008930,2024-03-08,38900.0
008930,2024-03-11,39950.0
008930,2024-03-12,39500.0
008930,2024-03-13,40550.0
008930,2024-03-14,40550.0
008930,2024-03-15,39800.0
008930,2024-03-18,39700.0
008930,2024-03-19,39450.0
008930,2024-03-20,39700.0
008930,2024-03-21,41400.0
008930,2024-03-22,42100.0
008930,2024-03-25,43850.0
008930,2024-03-26,40650.0
008930,2024-03-27,40650.0
008930,2024-03-28,44350.0
008930,2024-03-29,38300.0
008930,2024-04-01,37250.0
008930,2024-04-02,38100.0
008930,2024-04-03,38800.0
008930,2024-04-04,37700.0
008930,2024-04-05,38200.0
008930,2024-04-08,36700.0
008930,2024-04-09,35150.0
008930,2024-04-11,35500.0
008930,2024-04-12,35000.0
008930,2024-04-15,33900.0
008930,2024-04-16,32800.0
008930,2024-04-17,31750.0
008930,2024-04-18,32700.0
008930,2024-04-19,32000.0
008930,2024-04-22,32850.0
009420,2024-09-19,37350.0
009420,2024-09-20,38000.0
009420,2024-09-23,38650.0
009420,2024-09-24,38500.0
009420,2024-09-25,36800.0
009420,2024-09-26,37950.0
009420,2024-09-27,37500.0
009420,2024-09-30,38750.0
009420,2024-10-02,37400.0
009420,2024-10-04,39000.0
009420,2024-10-07,38700.0
009420,2024-10-08,38800.0
009420,2024-10-10,42700.0
009420,2024-10-11,43350.0
009420,2024-10-14,46650.0
009420,2024-10-15,46100.0
009420,2024-10-16,45150.0
009420,2024-10-17,44550.0
009420,2024-10-18,44250.0
009420,2024-10-21,49500.0
009420,2024-10-22,49800.0
009420,2024-10-23,47750.0
009420,2024-10-24,47600.0
009420,2024-10-25,47250.0
009420,2024-10-28,46100.0
009420,2024-10-29,45700.0
009420,2024-10-30,44800.0
009420,2024-10-31,44200.0
009420,2024-11-01,42000.0
009420,2024-11-04,44200.0
009420,2024-12-05,35400.0
009420,2024-12-06,34300.0
009420,2024-12-09,31600.0
009420,2024-12-10,33950.0
009420,2024-12-11,33950.0
009420,2024-12-12,34250.0
009420,2024-12-13,35000.0
009420,2024-12-16,34600.0
009420,2024-12-17,35750.0
009420,2024-12-18,34800.0
009420,2024-12-19,32650.0
009420,2024-12-20,31850.0
009420,2024-12-23,33950.0
009420,2024-12-24,34500.0
009420,2024-12-26,34100.0
009420,2024-12-27,33550.0
009420,2024-12-30,38650.0
009420,2025-01-02,38500.0
009420,2025-01-03,40100.0
009420,2025-01-06,40250.0
009420,2025-01-07,41550.0
009420,2025-01-08,40800.0
009420,2025-01-09,41550.0
009420,2025-01-10,41050.0
009420,2025-01-13,40600.0
009420,2025-01-14,39250.0
009420,2025-01-15,38000.0
009420,2025-01-16,40200.0
009420,2025-01-17,39100.0
009420,2025-01-20,40700.0
009420,2025-01-21,39950.0
009420,2025-01-22,40200.0
009420,2025-01-23,40400.0
009420,2025-01-24,41150.0
009520,2023-08-11,28550.0
009520,2023-08-14,28000.0
009520,2023-08-16,26500.0
009520,2023-08-17,27150.0
009520,2023-08-18,26050.0
009520,2023-08-21,26900.0
009520,2023-08-22,27150.0
009520,2023-08-23,26300.0
009520,2023-08-24,27400.0
009520,2023-08-25,28800.0
009520,2023-08-28,32600.0
009520,2023-08-29,31600.0
009520,2023-08-30,30800.0
009520,2023-08-31,31300.0
009520,2023-09-01,29500.0
009520,2023-09-04,31200.0
009520,2023-09-05,34600.0
009520,2023-09-06,33500.0
009520,2023-09-07,33950.0
009520,2023-09-08,32900.0
009520,2023-09-11,31400.0
009520,2023-09-12,30100.0
009520,2023-09-13,28750.0
009520,2023-09-14,29700.0
009520,2023-09-15,32100.0
009520,2023-09-18,32450.0
009520,2023-09-19,30950.0
009520,2023-09-20,31700.0
009520,2023-09-21,30300.0
009520,2023-09-22,30200.0
009520,2023-09-25,28550.0
009520,2023-09-26,28800.0
009520,2023-09-27,29050.0
009520,2024-05-17,20350.0
009520,2024-05-20,20400.0
009520,2024-05-21,20150.0
009520,2024-05-22,19840.0
009520,2024-05-23,19830.0
009520,2024-05-24,19420.0
009520,2024-05-27,20100.0
009520,2024-05-28,19810.0
009520,2024-05-29,19120.0
009520,2024-05-30,19180.0
009520,2024-05-31,20200.0
009520,2024-06-03,20150.0
009520,2024-06-04,20000.0
009520,2024-06-05,20500.0
009520,2024-06-07,20700.0
009520,2024-06-10,20350.0
009520,2024-06-11,22550.0
009520,2024-06-12,21750.0
009520,2024-06-13,22400.0
009520,2024-06-14,21850.0
009520,2024-06-17,21250.0
009520,2024-06-18,20850.0
009520,2024-06-19,20950.0
009520,2024-06-20,21450.0
009520,2024-06-21,22100.0
009520,2024-06-24,21400.0
009520,2024-06-25,20850.0
009520,2024-06-26,20650.0
009520,2024-06-27,20650.0
009520,2024-06-28,20550.0
009520,2024-07-01,21000.0
009520,2024-07-02,20200.0
009520,2024-07-03,20200.0
009520,2024-07-04,20050.0
009520,2024-07-05,20100.0
009830,2023-03-31,50652.16216216217
009830,2023-04-03,47633.78378378379
009830,2023-04-04,47539.45945945946
009830,2023-04-05,46171.75675675676
009830,2023-04-06,46926.35135135135
009830,2023-04-07,48011.08108108108
009830,2023-04-10,49708.91891891892
009830,2023-04-11,49048.64864864865
009830,2023-04-12,47916.75675675676
009830,2023-04-13,49237.2972972973
009830,2023-04-14,48671.35135135135
009830,2023-04-17,49331.62162162162
009830,2023-04-18,51595.40540540541
009830,2023-04-19,51123.78378378379
009830,2023-04-20,50086.21621621622
009830,2023-04-21,51972.70270270271
009830,2023-04-24,51501.08108108108
009830,2023-04-25,51972.70270270271
009830,2023-04-26,50086.21621621622
009830,2023-04-27,48294.05405405405
009830,2023-04-28,45228.51351351351
009830,2023-05-02,44426.75675675676
009830,2023-05-03,42917.56756756757
009830,2023-05-04,43153.37837837838
009830,2023-05-08,43153.37837837838
009830,2023-05-09,42162.97297297297
009830,2023-05-10,42351.62162162162
009830,2023-05-11,43530.67567567568
009830,2023-05-12,42304.45945945946
009830,2023-05-15,44332.43243243243
009830,2023-05-16,44190.94594594595
009900,2023-04-20,19320.0
009900,2023-04-21,18880.0
009900,2023-04-24,18910.0
009900,2023-04-25,18840.0
009900,2023-04-26,18350.0
009900,2023-04-27,18210.0
009900,2023-04-28,18020.0
009900,2023-05-02,18210.0
009900,2023-05-03,17780.0
009900,2023-05-04,17850.0
009900,2023-05-08,18420.0
009900,2023-05-09,18130.0
009900,2023-05-10,18360.0
009900,2023-05-11,18660.0
009900,2023-05-12,20600.0
009900,2023-05-15,21300.0
009900,2023-05-16,20500.0
009900,2023-05-17,22500.0
009900,2023-05-18,22750.0
009900,2023-05-19,22750.0
009900,2023-05-22,22500.0
009900,2023-05-23,22500.0
009900,2023-05-24,22800.0
009900,2023-05-25,21650.0
009900,2023-05-26,21850.0
009900,2023-05-30,21800.0
009900,2023-05-31,22400.0
009900,2023-06-01,21600.0
009900,2023-06-02,21950.0
009900,2023-06-05,22350.0
009900,2023-06-07,21600.0
009900,2023-06-08,21500.0
009900,2023-06-09,23350.0
010120,2024-02-13,13420.0
010120,2024-02-14,13320.0
010120,2024-02-15,13680.0
010120,2024-02-16,13700.0
010120,2024-02-19,13740.0
010120,2024-02-20,13940.0
010120,2024-02-21,13820.0
010120,2024-02-22,13800.0
010120,2024-02-23,13560.0
010120,2024-02-26,13540.0
010120,2024-02-27,12640.0
010120,2024-02-28,12940.0
010120,2024-02-29,12820.0
010120,2024-03-04,13740.0
010120,2024-03-05,15560.0
010120,2024-03-06,15820.0
010120,2024-03-07,15360.0
010120,2024-03-08,15840.0
010120,2024-03-11,16220.0
010120,2024-03-12,16220.0
010120,2024-03-13,17060.0
010120,2024-03-14,17360.0
010120,2024-03-15,17300.0
010120,2024-03-18,18140.0
010120,2024-03-19,18360.0
010120,2024-03-20,18080.0
010120,2024-03-21,18520.0
010120,2024-03-22,18560.0
010120,2024-03-25,18540.0
010120,2024-03-26,18840.0
010120,2024-03-27,19760.0
010120,2024-03-28,19680.0
010120,2024-03-29,19560.0
010120,2024-06-17,41300.0
010120,2024-06-18,40300.0
010120,2024-06-19,38900.0
010120,2024-06-20,38060.0
010120,2024-06-21,42000.0
010120,2024-06-24,39260.0
010120,2024-06-25,38980.0
010120,2024-06-26,40400.0
010120,2024-06-27,43300.0
010120,2024-06-28,44100.0
010120,2024-07-01,40900.0
010120,2024-07-02,42100.0
010120,2024-07-03,40700.0
010120,2024-07-04,39400.0
010120,2024-07-05,38720.0
010120,2024-07-08,39520.0
010120,2024-07-09,42600.0
010120,2024-07-10,44900.0
010120,2024-07-11,44900.0
010120,2024-07-12,43900.0
010120,2024-07-15,45500.0
010120,2024-07-16,46800.0
010120,2024-07-17,43500.0
010120,2024-07-18,42600.0
010120,2024-07-19,44600.0
010120,2024-07-22,43800.0
010120,2024-07-23,51800.0
010120,2024-07-24,52000.0
010120,2024-07-25,43100.0
010120,2024-07-26,40100.0
010120,2024-07-29,39160.0
010120,2024-07-30,36980.0
010120,2024-07-31,36800.0
010120,2024-08-01,37040.0
010120,2024-08-02,33980.0
010120,2024-11-18,26660.0
010120,2024-11-19,27900.0
010120,2024-11-20,26920.0
010120,2024-11-21,26260.0
010120,2024-11-22,26340.0
010120,2024-11-25,30020.0
010120,2024-11-26,29060.0
010120,2024-11-27,29520.0
010120,2024-11-28,28740.0
010120,2024-11-29,28800.0
010120,2024-12-02,29060.0
010120,2024-12-03,31220.0
010120,2024-12-04,30640.0
010120,2024-12-05,30780.0
010120,2024-12-06,30180.0
010120,2024-12-09,28720.0
010120,2024-12-10,29720.0
010120,2024-12-11,30900.0
010120,2024-12-12,31000.0
010120,2024-12-13,31460.0
010120,2024-12-16,31500.0
010120,2024-12-17,31860.0
010120,2024-12-18,31460.0
010120,2024-12-19,30800.0
010120,2024-12-20,30480.0
010120,2024-12-23,31480.0
010120,2024-12-24,32580.0
010120,2024-12-26,31880.0
010120,2024-12-27,32000.0
010120,2024-12-30,32160.0
010120,2025-01-02,34680.0
010120,2025-01-03,34840.0
010120,2025-01-06,35000.0
010120,2025-01-07,34720.0
010140,2024-10-14,9880.0
010140,2024-10-15,10230.0
010140,2024-10-16,10060.0
010140,2024-10-17,10250.0
010140,2024-10-18,10050.0
010140,2024-10-21,10000.0
010140,2024-10-22,9990.0
010140,2024-10-23,10140.0
010140,2024-10-24,10050.0
010140,2024-10-25,9900.0
010140,2024-10-28,9720.0
010140,2024-10-29,9750.0
010140,2024-10-30,9590.0
010140,2024-10-31,9590.0
010140,2024-11-01,9470.0
010140,2024-11-04,9540.0
010140,2024-11-05,9620.0
010140,2024-11-06,9920.0
010140,2024-11-07,10830.0
010140,2024-11-08,11010.0
010140,2024-11-11,11820.0
010140,2024-11-12,11580.0
010140,2024-11-13,11230.0
010140,2024-11-14,11720.0
010140,2024-11-15,11890.0
010140,2024-11-18,11690.0
010140,2024-11-19,11750.0
010140,2024-11-20,11900.0
010140,2024-11-21,11810.0
010140,2024-11-22,12030.0
010140,2024-11-25,11910.0
010140,2024-11-26,11820.0
010140,2024-11-27,11900.0
010140,2024-11-28,11840.0
010140,2024-11-29,11620.0
010140,2024-12-02,10920.0
010780,2022-12-12,29350.0
010780,2022-12-13,29650.0
010780,2022-12-14,29800.0
010780,2022-12-15,29850.0
010780,2022-12-16,29250.0
010780,2022-12-19,29400.0
010780,2022-12-20,28950.0
010780,2022-12-21,28600.0
010780,2022-12-22,30250.0
010780,2022-12-23,29200.0
010780,2022-12-26,29250.0
010780,2022-12-27,30200.0
010780,2022-12-28,29500.0
010780,2022-12-29,28200.0
010780,2023-01-02,26800.0
010780,2023-01-03,26500.0
010780,2023-01-04,27150.0
010780,2023-01-05,32750.0
010780,2023-01-06,33150.0
010780,2023-01-09,34050.0
010780,2023-01-10,33550.0
010780,2023-01-11,34250.0
010780,2023-01-12,35050.0
010780,2023-01-13,33650.0
010780,2023-01-16,34050.0
010780,2023-01-17,35000.0
010780,2023-01-18,34250.0
010780,2023-01-19,34100.0
010780,2023-01-20,35000.0
010780,2023-01-25,36200.0
010780,2023-01-26,35650.0
010780,2023-01-27,36050.0
010780,2023-01-30,34750.0
010820,2023-09-25,3210.0
010820,2023-09-26,3165.0
010820,2023-09-27,3235.0
010820,2023-10-04,3090.0
010820,2023-10-05,3045.0
010820,2023-10-06,3150.0
010820,2023-10-10,3805.0
010820,2023-10-11,3750.0
010820,2023-10-12,3625.0
010820,2023-10-13,3605.0
010820,2023-10-16,3570.0
010820,2023-10-17,3580.0
010820,2023-10-18,3760.0
010820,2023-10-19,3870.0
010820,2023-10-20,3745.0
010820,2023-10-23,3855.0
010820,2023-10-24,3585.0
010820,2023-10-25,3700.0
010820,2023-10-26,3400.0
010820,2023-10-27,3280.0
010820,2023-10-30,3500.0
010820,2023-10-31,3335.0
010820,2023-11-01,3410.0
010820,2023-11-02,3445.0
010820,2023-11-03,3530.0
010820,2023-11-06,3465.0
010820,2023-11-07,3330.0
010820,2023-11-08,3250.0
010820,2023-11-09,3185.0
010820,2023-11-10,3240.0
010820,2023-11-13,3285.0
010950,2024-01-11,66000.0
010950,2024-01-12,66200.0
010950,2024-01-15,66500.0
010950,2024-01-16,65600.0
010950,2024-01-17,64700.0
010950,2024-01-18,64900.0
010950,2024-01-19,66500.0
010950,2024-01-22,65300.0
010950,2024-01-23,66500.0
010950,2024-01-24,66000.0
010950,2024-01-25,67000.0
010950,2024-01-26,68000.0
010950,2024-01-29,69000.0
010950,2024-01-30,67000.0
010950,2024-01-31,68300.0
010950,2024-02-01,67800.0
010950,2024-02-02,68800.0
010950,2024-02-05,69800.0
010950,2024-02-06,69200.0
010950,2024-02-07,69800.0
010950,2024-02-08,69400.0
010950,2024-02-13,71500.0
010950,2024-02-14,71400.0
010950,2024-02-15,71900.0
010950,2024-02-16,72500.0
010950,2024-02-19,74800.0
010950,2024-02-20,75800.0
010950,2024-02-21,74300.0
010950,2024-02-22,74300.0
010950,2024-02-23,75100.0
010950,2024-02-26,72200.0
010950,2024-02-27,72800.0
010950,2024-02-28,75800.0
010950,2024-02-29,76400.0
011200,2023-03-20,20100.0
011200,2023-03-21,20400.0
011200,2023-03-22,20300.0
011200,2023-03-23,20150.0
011200,2023-03-24,20200.0
011200,2023-03-27,19740.0
011200,2023-03-28,20050.0
011200,2023-03-29,19910.0
011200,2023-03-30,20000.0
011200,2023-03-31,20350.0
011200,2023-04-03,20000.0
011200,2023-04-04,20100.0
011200,2023-04-05,20100.0
011200,2023-04-06,19530.0
011200,2023-04-07,19710.0
011200,2023-04-10,19770.0
011200,2023-04-11,20050.0
011200,2023-04-12,20300.0
011200,2023-04-13,20600.0
011200,2023-04-14,20600.0
011200,2023-04-17,21350.0
011200,2023-04-18,21600.0
011200,2023-04-19,21650.0
011200,2023-04-20,21850.0
011200,2023-04-21,21700.0
011200,2023-04-24,21150.0
011200,2023-04-25,20800.0
011200,2023-04-26,20300.0
011200,2023-04-27,20000.0
011200,2023-04-28,20400.0
011200,2023-05-02,20100.0
011200,2023-05-03,19990.0
011200,2023-05-04,20050.0
011200,2023-05-08,20050.0
011200,2024-03-28,15750.0
011200,2024-03-29,15720.0
011200,2024-04-01,15870.0
011200,2024-04-02,15700.0
011200,2024-04-03,15950.0
011200,2024-04-04,15670.0
011200,2024-04-05,15380.0
011200,2024-04-08,15050.0
011200,2024-04-09,15800.0
011200,2024-04-11,15600.0
011200,2024-04-12,15380.0
011200,2024-04-15,15480.0
011200,2024-04-16,14550.0
011200,2024-04-17,14700.0
011200,2024-04-18,14660.0
011200,2024-04-19,15500.0
011200,2024-04-22,16120.0
011200,2024-04-23,14910.0
011200,2024-04-24,14950.0
011200,2024-04-25,14850.0
011200,2024-04-26,15080.0
011200,2024-04-29,16020.0
011200,2024-04-30,15850.0
011200,2024-05-02,15600.0
011200,2024-05-03,15310.0
011200,2024-05-07,15800.0
011200,2024-05-08,16270.0
011200,2024-05-09,17300.0
011200,2024-05-10,18340.0
011200,2024-05-13,18560.0
011200,2024-05-14,18010.0
011200,2024-05-16,16520.0
011200,2024-05-17,16180.0
011200,2024-10-10,16870.0
011200,2024-10-11,16870.0
011200,2024-10-14,17240.0
011200,2024-10-15,17040.0
011200,2024-10-16,17360.0
011200,2024-10-17,17450.0
011200,2024-10-18,17180.0
011200,2024-10-21,17450.0
011200,2024-10-22,17160.0
011200,2024-10-23,17050.0
011200,2024-10-24,17050.0
011200,2024-10-25,16830.0
011200,2024-10-28,17290.0
011200,2024-10-29,17360.0
011200,2024-10-30,17270.0
011200,2024-10-31,17120.0
011200,2024-11-01,17070.0
011200,2024-11-04,17860.0
011200,2024-11-05,17840.0
011200,2024-11-06,17080.0
011200,2024-11-07,17100.0
011200,2024-11-08,17050.0
011200,2024-11-11,15750.0
011200,2024-11-12,16020.0
011200,2024-11-13,17020.0
011200,2024-11-14,17620.0
011200,2024-11-15,18240.0
011200,2024-11-18,18060.0
011200,2024-11-19,18320.0
011200,2024-11-20,18320.0
011200,2024-11-21,18700.0
011200,2024-11-22,18590.0
011200,2024-11-25,18880.0
011200,2024-11-26,18500.0
011200,2024-11-27,18520.0
011200,2024-11-28,18620.0
011200,2024-11-29,17960.0
012030,2023-03-06,1464.0
012030,2023-03-07,1410.0
012030,2023-03-08,1441.0
012030,2023-03-09,1435.0
012030,2023-03-10,1405.0
012030,2023-03-13,1441.0
012030,2023-03-14,1450.0
012030,2023-03-15,1459.0
012030,2023-03-16,1350.0
012030,2023-03-17,1328.0
012030,2023-03-20,1318.0
012030,2023-03-21,1331.0
012030,2023-03-22,1310.0
012030,2023-03-23,1327.0
012030,2023-03-24,1327.0
012030,2023-03-27,1574.0
012030,2023-03-28,1501.0
012030,2023-03-29,1398.0
012030,2023-03-30,1456.0
012030,2023-03-31,1685.0
012030,2023-04-03,1950.0
012030,2023-04-04,1885.0
012030,2023-04-05,1750.0
012030,2023-04-06,1973.0
012030,2023-04-07,2560.0
012030,2023-04-10,2840.0
012030,2023-04-11,2735.0
012030,2023-04-12,2855.0
012030,2023-04-13,2645.0
012030,2023-04-14,2470.0
012030,2023-04-17,2375.0
012030,2023-04-18,2370.0
012030,2023-04-19,2345.0
012030,2023-04-20,2200.0
012030,2023-04-21,2160.0
012030,2023-04-24,2265.0
012030,2023-04-25,1980.0
012510,2024-03-11,41700.0
012510,2024-03-12,42700.0
012510,2024-03-13,45300.0
012510,2024-03-14,46300.0
012510,2024-03-15,45200.0
012510,2024-03-18,44400.0
012510,2024-03-19,44800.0
012510,2024-03-20,44550.0
012510,2024-03-21,44150.0
012510,2024-03-22,43450.0
012510,2024-03-25,43100.0
012510,2024-03-26,42350.0
012510,2024-03-27,42300.0
012510,2024-03-28,41950.0
012510,2024-03-29,43300.0
012510,2024-04-01,43550.0
012510,2024-04-02,44700.0
012510,2024-04-03,44050.0
012510,2024-04-04,53300.0
012510,2024-04-05,50100.0
012510,2024-04-08,49050.0
012510,2024-04-09,57800.0
012510,2024-04-11,56600.0
012510,2024-04-12,58700.0
012510,2024-04-15,56200.0
012510,2024-04-16,52400.0
012510,2024-04-17,54700.0
012510,2024-04-18,56900.0
012510,2024-04-19,54700.0
012510,2024-04-22,53900.0
012510,2024-04-23,52800.0
012510,2024-04-24,53200.0
012510,2024-04-25,53600.0
012510,2024-04-26,56000.0
012510,2024-04-29,56000.0
012510,2024-10-07,47200.0
012510,2024-10-08,47150.0
012510,2024-10-10,46700.0
012510,2024-10-11,47800.0
012510,2024-10-14,48250.0
012510,2024-10-15,48400.0
012510,2024-10-16,48300.0
012510,2024-10-17,47350.0
012510,2024-10-18,47750.0
012510,2024-10-21,47850.0
012510,2024-10-22,47400.0
012510,2024-10-23,50000.0
012510,2024-10-24,52200.0
012510,2024-10-25,54000.0
012510,2024-10-28,52400.0
012510,2024-10-29,53600.0
012510,2024-10-30,58900.0
012510,2024-10-31,59400.0
012510,2024-11-01,57000.0
012510,2024-11-04,58300.0
012510,2024-11-05,57300.0
012510,2024-11-06,63300.0
012510,2024-11-07,61400.0
012510,2024-11-08,61700.0
012510,2024-11-11,61000.0
012510,2024-11-12,62800.0
012510,2024-11-13,62100.0
012510,2024-11-14,66500.0
012510,2024-11-15,66500.0
012510,2024-11-18,66600.0
012510,2024-11-19,68200.0
012510,2024-11-20,66300.0
012510,2024-11-21,62800.0
012510,2024-11-22,63600.0
013310,2023-06-01,5647.07729468599
013310,2023-06-02,5440.362318840579
013310,2023-06-05,5759.830917874396
013310,2023-06-07,5449.75845410628
013310,2023-06-08,5590.700483091787
013310,2023-06-09,5440.362318840579
013310,2023-06-12,5365.193236714976
013310,2023-06-13,5468.550724637681
013310,2023-06-14,5308.816425120773
013310,2023-06-15,5299.420289855072
013310,2023-06-16,5280.628019323672
013310,2023-06-19,5290.024154589371
013310,2023-06-20,5383.985507246377
013310,2023-06-21,5656.47342995169
013310,2023-06-22,5524.927536231884
013310,2023-06-23,5318.212560386473
013310,2023-06-26,5816.207729468599
013310,2023-06-27,5825.603864734299
013310,2023-06-28,6098.091787439614
013310,2023-06-29,5712.850241545893
013310,2023-06-30,6182.657004830918
013310,2023-07-03,6257.826086956521
013310,2023-07-04,6737.028985507246
013310,2023-07-05,6943.743961352657
013310,2023-07-06,7094.082125603864
013310,2023-07-07,6737.028985507246
013310,2023-07-10,6793.405797101449
013310,2023-07-11,7122.270531400965
013310,2023-07-12,6934.347826086956
013310,2023-07-13,7018.91304347826
013310,2023-07-14,6784.009661835748
013310,2023-07-17,6539.710144927536
013310,2023-07-18,6643.067632850241
013310,2023-07-19,6746.425120772947
013310,2023-07-20,6577.294685990338
013310,2023-07-21,6586.690821256038
013990,2024-02-05,5520.0
013990,2024-02-06,5150.0
013990,2024-02-07,5440.0
013990,2024-02-08,5250.0
013990,2024-02-13,5430.0
013990,2024-02-14,5790.0
013990,2024-02-15,5840.0
013990,2024-02-16,5970.0
013990,2024-02-19,5910.0
013990,2024-02-20,6350.0
013990,2024-02-21,6120.0
013990,2024-02-22,6160.0
013990,2024-02-23,6140.0
013990,2024-02-26,6160.0
013990,2024-02-27,6210.0
013990,2024-02-28,6090.0
013990,2024-02-29,6450.0
013990,2024-03-04,6450.0
013990,2024-03-05,6030.0
013990,2024-03-06,6020.0
013990,2024-03-07,5690.0
013990,2024-03-08,5730.0
013990,2024-03-11,5860.0
013990,2024-03-12,5880.0
013990,2024-03-13,5870.0
013990,2024-03-14,5660.0
013990,2024-03-15,5560.0
013990,2024-03-18,5540.0
013990,2024-03-19,5520.0
013990,2024-03-20,5480.0
013990,2024-03-21,5330.0
013990,2024-03-22,5310.0
013990,2024-03-25,5360.0
014530,2023-09-22,4090.0
014530,2023-09-25,4070.0
014530,2023-09-26,4000.0
014530,2023-09-27,3950.0
014530,2023-10-04,3750.0
014530,2023-10-05,3610.0
014530,2023-10-06,3640.0
014530,2023-10-10,4590.0
014530,2023-10-11,4350.0
014530,2023-10-12,4045.0
014530,2023-10-13,4240.0
014530,2023-10-16,4600.0
014530,2023-10-17,5260.0
014530,2023-10-18,5160.0
014530,2023-10-19,4810.0
014530,2023-10-20,4655.0
014530,2023-10-23,4245.0
014530,2023-10-24,4020.0
014530,2023-10-25,3955.0
014530,2023-10-26,4850.0
014530,2023-10-27,4930.0
014530,2023-10-30,5430.0
014530,2023-10-31,5240.0
014530,2023-11-01,5030.0
014530,2023-11-02,5060.0
014530,2023-11-03,5030.0
014530,2023-11-06,4620.0
014530,2023-11-07,4370.0
014530,2023-11-08,4140.0
014530,2023-11-09,4110.0
014530,2023-11-10,4030.0
014710,2024-07-15,7020.0
014710,2024-07-16,6660.0
014710,2024-07-17,6770.0
014710,2024-07-18,6960.0
014710,2024-07-19,7030.0
014710,2024-07-22,7120.0
014710,2024-07-23,7010.0
014710,2024-07-24,7010.0
014710,2024-07-25,7070.0
014710,2024-07-26,7070.0
014710,2024-07-29,7200.0
014710,2024-07-30,7400.0
014710,2024-07-31,7250.0
014710,2024-08-01,7260.0
014710,2024-08-02,6710.0
014710,2024-08-05,6350.0
014710,2024-08-06,6670.0
014710,2024-08-07,6970.0
014710,2024-08-08,6700.0
014710,2024-08-09,7750.0
014710,2024-08-12,7450.0
014710,2024-08-13,7200.0
014710,2024-08-14,7200.0
014710,2024-08-16,6880.0
014710,2024-08-19,6800.0
014710,2024-08-20,6800.0
014710,2024-08-21,6790.0
014710,2024-08-22,6710.0
014710,2024-08-23,6660.0
014710,2024-08-26,6550.0
014710,2024-08-27,6500.0
014710,2024-08-28,6360.0
014710,2024-08-29,6270.0
014710,2024-08-30,6240.0
014710,2024-09-02,6250.0
014710,2024-09-03,6290.0
015750,2023-06-09,9420.0
015750,2023-06-12,9390.0
015750,2023-06-13,9360.0
015750,2023-06-14,9310.0
015750,2023-06-15,9140.0
015750,2023-06-16,9160.0
015750,2023-06-19,9150.0
015750,2023-06-20,8950.0
015750,2023-06-21,9500.0
015750,2023-06-22,9210.0
015750,2023-06-23,9130.0
015750,2023-06-26,9360.0
015750,2023-06-27,9570.0
015750,2023-06-28,9580.0
015750,2023-06-29,9440.0
015750,2023-06-30,9930.0
015750,2023-07-03,10070.0
015750,2023-07-04,10340.0
015750,2023-07-05,10690.0
015750,2023-07-06,13520.0
015750,2023-07-07,13720.0
015750,2023-07-10,14200.0
015750,2023-07-11,14500.0
015750,2023-07-12,14990.0
015750,2023-07-13,15000.0
015750,2023-07-14,15110.0
015750,2023-07-17,14280.0
015750,2023-07-18,14450.0
015750,2023-07-19,14250.0
015750,2023-07-20,13730.0
015750,2023-07-21,14000.0
015750,2023-07-24,13550.0
015750,2023-07-25,14040.0
015750,2023-07-26,12850.0
015750,2023-07-27,12480.0
015750,2023-07-28,12640.0
015760,2023-03-02,17930.0
015760,2023-03-03,17870.0
015760,2023-03-06,18020.0
015760,2023-03-07,17900.0
015760,2023-03-08,17710.0
015760,2023-03-09,17590.0
015760,2023-03-10,17630.0
015760,2023-03-13,17510.0
015760,2023-03-14,17230.0
015760,2023-03-15,17330.0
015760,2023-03-16,17300.0
015760,2023-03-17,17950.0
015760,2023-03-20,18310.0
015760,2023-03-21,17830.0
015760,2023-03-22,17760.0
015760,2023-03-23,17920.0
015760,2023-03-24,17940.0
015760,2023-03-27,18380.0
015760,2023-03-28,18400.0
015760,2023-03-29,18670.0
015760,2023-03-30,18890.0
015760,2023-03-31,18010.0
015760,2023-04-03,17890.0
015760,2023-04-04,18030.0
015760,2023-04-05,18010.0
015760,2023-04-06,18130.0
015760,2023-04-07,18080.0
015760,2023-04-10,18080.0
015760,2023-04-11,18210.0
015760,2023-04-12,18650.0
015760,2023-04-13,18510.0
015760,2023-04-14,18730.0
015760,2023-04-17,18930.0
015760,2023-04-18,18490.0
015760,2023-04-19,18720.0
015760,2023-04-20,18940.0
015760,2023-04-21,19080.0
015760,2023-10-19,16910.0
015760,2023-10-20,16720.0
015760,2023-10-23,16370.0
015760,2023-10-24,16320.0
015760,2023-10-25,16530.0
015760,2023-10-26,16370.0
015760,2023-10-27,16640.0
015760,2023-10-30,16920.0
015760,2023-10-31,16920.0
015760,2023-11-01,16770.0
015760,2023-11-02,16190.0
015760,2023-11-03,16460.0
015760,2023-11-06,17100.0
015760,2023-11-07,17240.0
015760,2023-11-08,17640.0
015760,2023-11-09,17190.0
015760,2023-11-10,16950.0
015760,2023-11-13,17870.0
015760,2023-11-14,17400.0
015760,2023-11-15,17480.0
015760,2023-11-16,17650.0
015760,2023-11-17,17780.0
015760,2023-11-20,17760.0
015760,2023-11-21,17950.0
015760,2023-11-22,18140.0
015760,2023-11-23,18750.0
015760,2023-11-24,18790.0
015760,2023-11-27,19000.0
015760,2023-11-28,18980.0
015760,2023-11-29,18570.0
015760,2023-11-30,18850.0
015760,2023-12-01,19080.0
015760,2023-12-04,19130.0
015760,2023-12-05,19170.0
015760,2023-12-06,19160.0
015760,2023-12-07,19650.0
015760,2023-12-08,19340.0
015760,2024-01-04,18810.0
015760,2024-01-05,18840.0
015760,2024-01-08,18550.0
015760,2024-01-09,19140.0
015760,2024-01-10,18890.0
015760,2024-01-11,18640.0
015760,2024-01-12,18670.0
015760,2024-01-15,18690.0
015760,2024-01-16,19240.0
015760,2024-01-17,18980.0
015760,2024-01-18,18720.0
015760,2024-01-19,18030.0
015760,2024-01-22,18430.0
015760,2024-01-23,18270.0
015760,2024-01-24,18390.0
015760,2024-01-25,19160.0
015760,2024-01-26,19200.0
015760,2024-01-29,19920.0
015760,2024-01-30,19600.0
015760,2024-01-31,19770.0
015760,2024-02-01,20400.0
015760,2024-02-02,20350.0
015760,2024-02-05,20200.0
015760,2024-02-06,20400.0
015760,2024-02-07,20850.0
015760,2024-02-08,20400.0
015760,2024-02-13,21300.0
015760,2024-02-14,21100.0
015760,2024-02-15,20700.0
015760,2024-02-16,21100.0
015760,2024-02-19,23200.0
015760,2024-02-20,23400.0
015760,2024-02-21,22900.0
015760,2024-02-22,23050.0
015760,2024-02-23,23550.0
015760,2024-09-30,20550.0
015760,2024-10-02,20050.0
015760,2024-10-04,20200.0
015760,2024-10-07,19980.0
015760,2024-10-08,19950.0
015760,2024-10-10,19850.0
015760,2024-10-11,19850.0
015760,2024-10-14,20550.0
015760,2024-10-15,20600.0
015760,2024-10-16,20650.0
015760,2024-10-17,20650.0
015760,2024-10-18,21050.0
015760,2024-10-21,21250.0
015760,2024-10-22,21800.0
015760,2024-10-23,21950.0
015760,2024-10-24,23050.0
015760,2024-10-25,22800.0
015760,2024-10-28,22800.0
015760,2024-10-29,23050.0
015760,2024-10-30,22950.0
015760,2024-10-31,23100.0
015760,2024-11-01,23050.0
015760,2024-11-04,23100.0
015760,2024-11-05,23050.0
015760,2024-11-06,23000.0
015760,2024-11-07,22800.0
015760,2024-11-08,22200.0
015760,2024-11-11,22250.0
015760,2024-11-12,21500.0
015760,2024-11-13,22200.0
015760,2024-11-14,23100.0
015760,2024-11-15,22600.0
015760,2024-11-18,23600.0
016360,2024-05-31,36100.0
016360,2024-06-03,36600.0
016360,2024-06-04,35800.0
016360,2024-06-05,36300.0
016360,2024-06-07,36350.0
016360,2024-06-10,36250.0
016360,2024-06-11,35800.0
016360,2024-06-12,36000.0
016360,2024-06-13,36150.0
016360,2024-06-14,36100.0
016360,2024-06-17,36400.0
016360,2024-06-18,37150.0
016360,2024-06-19,37900.0
016360,2024-06-20,38150.0
016360,2024-06-21,38000.0
016360,2024-06-24,37600.0
016360,2024-06-25,38300.0
016360,2024-06-26,38250.0
016360,2024-06-27,38450.0
016360,2024-06-28,39800.0
016360,2024-07-01,39500.0
016360,2024-07-02,40200.0
016360,2024-07-03,41300.0
016360,2024-07-04,42550.0
016360,2024-07-05,42800.0
016360,2024-07-08,43100.0
016360,2024-07-09,43450.0
016360,2024-07-10,43200.0
016360,2024-07-11,44550.0
016360,2024-07-12,44100.0
016360,2024-07-15,44400.0
016360,2024-07-16,45750.0
016360,2024-07-17,45400.0
016360,2024-07-18,45100.0
016360,2024-07-19,45250.0
016790,2023-11-20,5630.0
016790,2023-11-21,5670.0
016790,2023-11-22,5390.0
016790,2023-11-23,5170.0
016790,2023-11-24,5110.0
016790,2023-11-27,4950.0
016790,2023-11-28,5040.0
016790,2023-11-29,4960.0
016790,2023-11-30,5320.0
016790,2023-12-01,5050.0
016790,2023-12-04,4985.0
016790,2023-12-05,5290.0
016790,2023-12-06,5310.0
016790,2023-12-07,5350.0
016790,2023-12-08,5470.0
016790,2023-12-11,5330.0
016790,2023-12-12,5340.0
016790,2023-12-13,6290.0
016790,2023-12-14,6330.0
016790,2023-12-15,5550.0
016790,2023-12-18,5560.0
016790,2023-12-19,5730.0
016790,2023-12-20,5410.0
016790,2023-12-21,5100.0
016790,2023-12-22,5060.0
016790,2023-12-26,4980.0
016790,2023-12-27,4910.0
016790,2023-12-28,5150.0
016790,2024-01-02,5290.0
016790,2024-01-03,5120.0
016790,2024-01-04,5130.0
016790,2024-01-05,5050.0
017510,2024-05-27,5160.0
017510,2024-05-28,5050.0
017510,2024-05-29,4840.0
017510,2024-05-30,4680.0
017510,2024-05-31,4640.0
017510,2024-06-03,4645.0
017510,2024-06-04,4375.0
017510,2024-06-05,4365.0
017510,2024-06-07,4330.0
017510,2024-06-10,5620.0
017510,2024-06-11,5650.0
017510,2024-06-12,5740.0
017510,2024-06-13,5640.0
017510,2024-06-14,5350.0
017510,2024-06-17,5180.0
017510,2024-06-18,4985.0
017510,2024-06-19,5180.0
017510,2024-06-20,5180.0
017510,2024-06-21,5770.0
017510,2024-06-24,5550.0
017510,2024-06-25,7080.0
017510,2024-06-26,7290.0
017510,2024-06-27,9010.0
017510,2024-06-28,8830.0
017510,2024-07-01,8060.0
017510,2024-07-02,7890.0
017510,2024-07-03,8170.0
017510,2024-07-04,8140.0
017510,2024-07-05,8500.0
017510,2024-07-08,8610.0
017510,2024-07-09,8510.0
017510,2024-07-10,8780.0
017510,2024-07-11,8890.0
017510,2024-07-12,8470.0
017510,2024-07-15,8190.0
017510,2024-07-16,8070.0
017670,2023-02-23,44900.0
017670,2023-02-24,45100.0
017670,2023-02-27,44950.0
017670,2023-02-28,45150.0
017670,2023-03-02,45050.0
017670,2023-03-03,45600.0
017670,2023-03-06,46250.0
017670,2023-03-07,47450.0
017670,2023-03-08,46700.0
017670,2023-03-09,47500.0
017670,2023-03-10,46600.0
017670,2023-03-13,46500.0
017670,2023-03-14,46950.0
017670,2023-03-15,47600.0
017670,2023-03-16,47200.0
017670,2023-03-17,46850.0
017670,2023-03-20,47650.0
017670,2023-03-21,48800.0
017670,2023-03-22,48600.0
017670,2023-03-23,47800.0
017670,2023-03-24,48350.0
017670,2023-03-27,48400.0
017670,2023-03-28,48500.0
017670,2023-03-29,48850.0
017670,2023-03-30,47800.0
017670,2023-03-31,48300.0
017670,2023-04-03,47550.0
017670,2023-04-04,47700.0
017670,2023-04-05,47950.0
017670,2023-04-06,47850.0
017670,2023-04-07,47600.0
017670,2023-04-10,47650.0
017670,2023-04-11,47750.0
017670,2023-04-12,47800.0
017670,2023-04-13,48250.0
017670,2023-04-14,48300.0
017670,2024-05-27,52000.0
017670,2024-05-28,51600.0
017670,2024-05-29,51800.0
017670,2024-05-30,51700.0
017670,2024-05-31,51000.0
017670,2024-06-03,51500.0
017670,2024-06-04,51100.0
017670,2024-06-05,51500.0
017670,2024-06-07,51900.0
017670,2024-06-10,51400.0
017670,2024-06-11,51100.0
017670,2024-06-12,51300.0
017670,2024-06-13,51100.0
017670,2024-06-14,50900.0
017670,2024-06-17,51000.0
017670,2024-06-18,51500.0
017670,2024-06-19,51200.0
017670,2024-06-20,51200.0
017670,2024-06-21,52200.0
017670,2024-06-24,52400.0
017670,2024-06-25,52300.0
017670,2024-06-26,52000.0
017670,2024-06-27,51400.0
017670,2024-06-28,51500.0
017670,2024-07-01,51500.0
017670,2024-07-02,51700.0
017670,2024-07-03,51200.0
017670,2024-07-04,51500.0
017670,2024-07-05,51600.0
017670,2024-07-08,51400.0
017670,2024-07-09,51300.0
017670,2024-07-10,51200.0
017670,2024-07-11,52300.0
017670,2024-07-12,52300.0
017670,2024-07-15,52300.0
017670,2024-07-16,52800.0
017860,2024-05-30,32012.422360248445
017860,2024-05-31,31945.729813664595
017860,2024-06-03,31312.150621118013
017860,2024-06-04,30845.302795031057
017860,2024-06-05,30911.995341614907
017860,2024-06-07,32679.34782608696
017860,2024-06-10,33412.96583850931
017860,2024-06-11,34179.9301242236
017860,2024-06-12,33579.69720496894
017860,2024-06-13,33279.58074534161
017860,2024-06-14,32679.34782608696
017860,2024-06-17,32179.153726708075
017860,2024-06-18,31145.419254658384
017860,2024-06-19,31712.30590062112
017860,2024-06-20,34680.124223602485
017860,2024-06-21,34846.855590062114
017860,2024-06-24,40949.22360248448
017860,2024-06-25,42749.92236024845
017860,2024-06-26,45317.58540372671
017860,2024-06-27,45350.93167701864
017860,2024-06-28,40015.52795031056
017860,2024-07-01,40782.492236024846
017860,2024-07-02,38248.17546583851
017860,2024-07-03,38181.48291925466
017860,2024-07-04,41182.64751552795
017860,2024-07-05,38614.98447204969
017860,2024-07-08,38181.48291925466
017860,2024-07-09,37281.13354037267
017860,2024-07-10,35680.51242236025
017860,2024-07-11,35447.08850931677
017860,2024-07-12,35413.742236024846
017860,2024-07-15,35513.78105590062
017860,2024-07-16,33979.85248447205
017860,2024-07-17,33246.23447204969
017860,2024-07-18,32779.38664596273
017860,2024-07-19,33379.61956521739
017890,2023-10-10,10200.0
017890,2023-10-11,10350.0
017890,2023-10-12,10620.0
017890,2023-10-13,10500.0
017890,2023-10-16,10240.0
017890,2023-10-17,10320.0
017890,2023-10-18,10070.0
017890,2023-10-19,9870.0
017890,2023-10-20,12040.0
017890,2023-10-23,11950.0
017890,2023-10-24,11950.0
017890,2023-10-25,11940.0
017890,2023-10-26,10560.0
017890,2023-10-27,10910.0
017890,2023-10-30,10720.0
017890,2023-10-31,10200.0
017890,2023-11-01,12080.0
017890,2023-11-02,12080.0
017890,2023-11-03,11700.0
017890,2023-11-06,13410.0
017890,2023-11-07,12060.0
017890,2023-11-08,11570.0
017890,2023-11-09,11820.0
017890,2023-11-10,12070.0
017890,2023-11-13,11960.0
017890,2023-11-14,12420.0
017890,2023-11-15,12190.0
017890,2023-11-16,12230.0
017890,2023-11-17,11830.0
017890,2023-11-20,11550.0
017890,2023-11-21,11620.0
017890,2023-11-22,11470.0
017890,2023-11-23,11340.0
017890,2023-11-24,11320.0
018290,2024-01-02,17330.0
018290,2024-01-03,16400.0
018290,2024-01-04,15300.0
018290,2024-01-05,15250.0
018290,2024-01-08,15750.0
018290,2024-01-09,15910.0
018290,2024-01-10,15930.0
018290,2024-01-11,16690.0
018290,2024-01-12,16750.0
018290,2024-01-15,15560.0
018290,2024-01-16,15700.0
018290,2024-01-17,14950.0
018290,2024-01-18,15970.0
018290,2024-01-19,15790.0
018290,2024-01-22,15490.0
018290,2024-01-23,16540.0
018290,2024-01-24,17730.0
018290,2024-01-25,17220.0
018290,2024-01-26,16740.0
018290,2024-01-29,16130.0
018290,2024-01-30,17320.0
018290,2024-01-31,16600.0
018290,2024-02-01,15690.0
018290,2024-02-02,15600.0
018290,2024-02-05,15460.0
018290,2024-02-06,16140.0
018290,2024-02-07,16000.0
018290,2024-02-08,15580.0
018290,2024-02-13,15950.0
018290,2024-02-14,18940.0
018290,2024-02-15,17930.0
018290,2024-02-16,17500.0
018290,2024-08-19,31900.0
018290,2024-08-20,32000.0
018290,2024-08-21,30650.0
018290,2024-08-22,30000.0
018290,2024-08-23,29800.0
018290,2024-08-26,28900.0
018290,2024-08-27,30000.0
018290,2024-08-28,30350.0
018290,2024-08-29,28750.0
018290,2024-08-30,29550.0
018290,2024-09-02,31000.0
018290,2024-09-03,31250.0
018290,2024-09-04,30050.0
018290,2024-09-05,29450.0
018290,2024-09-06,30800.0
018290,2024-09-09,33400.0
018290,2024-09-10,33950.0
018290,2024-09-11,33600.0
018290,2024-09-12,35200.0
018290,2024-09-13,35850.0
018290,2024-09-19,36400.0
018290,2024-09-20,38000.0
018290,2024-09-23,37050.0
018290,2024-09-24,34500.0
018290,2024-09-25,33600.0
018290,2024-09-26,34200.0
018290,2024-09-27,34050.0
018290,2024-09-30,33800.0
018290,2024-10-02,32250.0
018290,2024-10-04,33550.0
018290,2024-10-07,34350.0
018290,2024-10-14,33100.0
018290,2024-10-15,33100.0
018290,2024-10-16,31850.0
018290,2024-10-17,32550.0
018290,2024-10-18,31500.0
018290,2024-10-21,32300.0
018290,2024-10-22,30900.0
018290,2024-10-23,30500.0
018290,2024-10-24,31650.0
018290,2024-10-25,30350.0
018290,2024-10-28,30950.0
018290,2024-10-29,31500.0
018290,2024-10-30,31850.0
018290,2024-10-31,34000.0
018290,2024-11-01,32500.0
018290,2024-11-04,33150.0
018290,2024-11-05,33100.0
018290,2024-11-06,33350.0
018290,2024-11-07,33000.0
018290,2024-11-08,34850.0
018290,2024-11-11,33900.0
018290,2024-11-12,31550.0
018290,2024-11-13,30700.0
018290,2024-11-14,29100.0
018290,2024-11-15,30950.0
018290,2024-11-18,29650.0
018290,2024-11-19,29500.0
018290,2024-11-20,30000.0
018290,2024-11-21,30250.0
018290,2024-11-22,28900.0
018290,2024-11-25,29550.0
018290,2024-11-26,30000.0
018290,2024-11-27,30050.0
018290,2024-11-28,30200.0
018290,2024-11-29,29100.0
018290,2024-12-02,28100.0
018290,2024-12-03,35700.0
018470,2023-02-24,11075.0
018470,2023-02-27,10900.0
018470,2023-02-28,10800.0
018470,2023-03-02,10625.0
018470,2023-03-03,11050.0
018470,2023-03-06,11000.0
018470,2023-03-07,11125.0
018470,2023-03-08,10850.0
018470,2023-03-09,10775.0
018470,2023-03-10,11000.0
018470,2023-03-13,10675.0
018470,2023-03-14,10150.0
018470,2023-03-15,11400.0
018470,2023-03-16,11075.0
018470,2023-03-17,10800.0
018470,2023-03-20,11225.0
018470,2023-03-21,12100.0
018470,2023-03-22,15150.0
018470,2023-03-23,15725.0
018470,2023-03-24,16025.0
018470,2023-03-27,15650.0
018470,2023-03-28,15875.0
018470,2023-03-29,17400.0
018470,2023-03-30,17925.0
018470,2023-03-31,16350.0
018470,2023-04-03,17725.0
018470,2023-04-04,18500.0
018470,2023-04-05,17350.0
018470,2023-04-06,16750.0
018470,2023-04-07,16375.0
018470,2023-04-10,16575.0
018470,2023-04-11,16075.0
018470,2023-04-12,16375.0
018470,2023-04-13,15700.0
018470,2023-04-14,17275.0
019170,2024-02-26,12440.0
019170,2024-02-27,12280.0
019170,2024-02-28,12080.0
019170,2024-02-29,12000.0
019170,2024-03-04,11830.0
019170,2024-03-05,11950.0
019170,2024-03-06,12160.0
019170,2024-03-07,11980.0
019170,2024-03-08,12220.0
019170,2024-03-11,12000.0
019170,2024-03-12,12040.0
019170,2024-03-13,11870.0
019170,2024-03-14,11850.0
019170,2024-03-15,11650.0
019170,2024-03-18,11740.0
019170,2024-03-19,11810.0
019170,2024-03-20,12770.0
019170,2024-03-21,12670.0
019170,2024-03-22,16260.0
019170,2024-03-25,18320.0
019170,2024-03-26,16820.0
019170,2024-03-27,16150.0
019170,2024-03-28,15820.0
019170,2024-03-29,15510.0
019170,2024-04-01,16300.0
019170,2024-04-02,15000.0
019170,2024-04-03,14250.0
019170,2024-04-04,14080.0
019170,2024-04-05,13750.0
019170,2024-04-08,13350.0
019170,2024-04-09,13590.0
019170,2024-04-11,13250.0
019170,2024-04-12,13700.0
019170,2024-04-15,13320.0
019170,2024-04-16,12990.0
019170,2024-07-15,12320.0
019170,2024-07-16,12050.0
019170,2024-07-17,11980.0
019170,2024-07-18,11810.0
019170,2024-07-19,11800.0
019170,2024-07-22,11560.0
019170,2024-07-23,11620.0
019170,2024-07-24,11900.0
019170,2024-07-25,11870.0
019170,2024-07-26,12080.0
019170,2024-07-29,12080.0
019170,2024-07-30,11910.0
019170,2024-07-31,11860.0
019170,2024-08-01,12000.0
019170,2024-08-02,12040.0
019170,2024-08-05,10460.0
019170,2024-08-06,11420.0
019170,2024-08-07,12500.0
019170,2024-08-08,13660.0
019170,2024-08-09,13770.0
019170,2024-08-12,17900.0
019170,2024-08-13,15830.0
019170,2024-08-14,17900.0
019170,2024-08-16,18150.0
019170,2024-08-19,18740.0
019170,2024-08-20,18090.0
019170,2024-08-21,16500.0
019170,2024-08-22,15850.0
019170,2024-08-23,14990.0
019170,2024-08-26,14070.0
019170,2024-08-27,13700.0
019170,2024-08-28,13600.0
019170,2024-08-29,13400.0
019170,2024-08-30,13250.0
020560,2023-10-06,10050.0
020560,2023-10-10,10040.0
020560,2023-10-11,10090.0
020560,2023-10-12,10120.0
020560,2023-10-13,10030.0
020560,2023-10-16,10000.0
020560,2023-10-17,10050.0
020560,2023-10-18,10050.0
020560,2023-10-19,9900.0
020560,2023-10-20,9640.0
020560,2023-10-23,9580.0
020560,2023-10-24,9410.0
020560,2023-10-25,9620.0
020560,2023-10-26,9390.0
020560,2023-10-27,9640.0
020560,2023-10-30,10320.0
020560,2023-10-31,11150.0
020560,2023-11-01,11180.0
020560,2023-11-02,10210.0
020560,2023-11-03,10120.0
020560,2023-11-06,10400.0
020560,2023-11-07,10180.0
020560,2023-11-08,10250.0
020560,2023-11-09,10490.0
020560,2023-11-10,10490.0
020560,2023-11-13,10380.0
020560,2023-11-14,10470.0
020560,2023-11-15,10640.0
020560,2023-11-16,10780.0
020560,2023-11-17,10890.0
020560,2023-11-20,11000.0
020560,2023-11-21,10980.0
020560,2023-11-22,10770.0
020560,2023-11-23,10830.0
020560,2023-11-24,10830.0
022100,2023-03-03,6860.0
022100,2023-03-06,7040.0
022100,2023-03-07,7010.0
022100,2023-03-08,7140.0
022100,2023-03-09,6990.0
022100,2023-03-10,6700.0
022100,2023-03-13,6570.0
022100,2023-03-14,6150.0
022100,2023-03-15,6160.0
022100,2023-03-16,6220.0
022100,2023-03-17,6540.0
022100,2023-03-20,6530.0
022100,2023-03-21,6600.0
022100,2023-03-22,6530.0
022100,2023-03-23,6540.0
022100,2023-03-24,6670.0
022100,2023-03-27,6830.0
022100,2023-03-28,8640.0
022100,2023-03-29,8700.0
022100,2023-03-30,8880.0
022100,2023-03-31,9500.0
022100,2023-04-03,9890.0
022100,2023-04-04,9600.0
022100,2023-04-05,9860.0
022100,2023-04-06,10020.0
022100,2023-04-07,10340.0
022100,2023-04-10,10770.0
022100,2023-04-11,10630.0
022100,2023-04-12,10210.0
022100,2023-04-13,11660.0
022100,2023-04-14,12000.0
022100,2023-04-17,15600.0
022100,2023-04-18,16940.0
022100,2023-04-19,16600.0
022100,2023-04-20,16790.0
022100,2023-04-21,15140.0
022100,2023-10-12,56600.0
022100,2023-10-13,57100.0
022100,2023-10-16,57100.0
022100,2023-10-17,54900.0
022100,2023-10-18,55500.0
022100,2023-10-19,54600.0
022100,2023-10-20,52700.0
022100,2023-10-23,50600.0
022100,2023-10-24,49250.0
022100,2023-10-25,46150.0
022100,2023-10-26,42500.0
022100,2023-10-27,45950.0
022100,2023-10-30,49950.0
022100,2023-10-31,49050.0
022100,2023-11-01,47400.0
022100,2023-11-02,50000.0
022100,2023-11-03,50000.0
022100,2023-11-06,63500.0
022100,2023-11-07,59800.0
022100,2023-11-08,57000.0
022100,2023-11-09,56800.0
022100,2023-11-10,57900.0
022100,2023-11-13,57700.0
022100,2023-11-14,58800.0
022100,2023-11-15,56800.0
022100,2023-11-16,54700.0
022100,2023-11-17,56500.0
022100,2023-11-20,56500.0
022100,2023-11-21,55300.0
022100,2023-11-22,55400.0
022100,2023-11-23,56500.0
022100,2023-11-24,57100.0
022100,2023-11-27,55800.0
022100,2023-11-28,57500.0
022100,2023-11-29,58000.0
022100,2023-11-30,57300.0
022100,2023-12-01,52700.0
022100,2024-05-20,39750.0
022100,2024-05-21,39100.0
022100,2024-05-22,38250.0
022100,2024-05-23,38450.0
022100,2024-05-24,37300.0
022100,2024-05-27,38400.0
022100,2024-05-28,37350.0
022100,2024-05-29,35700.0
022100,2024-05-30,34650.0
022100,2024-05-31,35350.0
022100,2024-06-03,35650.0
022100,2024-06-04,36450.0
022100,2024-06-05,37550.0
022100,2024-06-07,39350.0
022100,2024-06-10,38150.0
022100,2024-06-11,40500.0
022100,2024-06-12,41050.0
022100,2024-06-13,42900.0
022100,2024-06-14,41900.0
022100,2024-06-17,41600.0
022100,2024-06-18,40500.0
022100,2024-06-19,40250.0
022100,2024-06-20,39750.0
022100,2024-06-21,39250.0
022100,2024-06-24,38450.0
022100,2024-06-25,37800.0
022100,2024-06-26,37450.0
022100,2024-06-27,37650.0
022100,2024-06-28,38350.0
022100,2024-07-01,38750.0
022100,2024-07-02,36750.0
022100,2024-07-03,36850.0
022100,2024-07-04,37050.0
022100,2024-07-05,37350.0
024060,2024-08-26,16100.0
024060,2024-08-27,16210.0
024060,2024-08-28,14920.0
024060,2024-08-29,15050.0
024060,2024-08-30,15380.0
024060,2024-09-02,14670.0
024060,2024-09-03,15030.0
024060,2024-09-04,14080.0
024060,2024-09-05,14340.0
024060,2024-09-06,14550.0
024060,2024-09-09,14720.0
024060,2024-09-10,14550.0
024060,2024-09-11,14600.0
024060,2024-09-12,14980.0
024060,2024-09-13,15040.0
024060,2024-09-19,15160.0
024060,2024-09-20,16550.0
024060,2024-09-23,17230.0
024060,2024-09-24,17240.0
024060,2024-09-25,18880.0
024060,2024-09-26,17490.0
024060,2024-09-27,16950.0
024060,2024-09-30,17480.0
024060,2024-10-02,18730.0
024060,2024-10-04,21800.0
024060,2024-10-07,21050.0
024060,2024-10-08,21600.0
024060,2024-10-10,20250.0
024060,2024-10-11,20150.0
024060,2024-10-14,19850.0
024060,2024-10-15,17800.0
024840,2024-07-22,2610.0
024840,2024-07-23,2625.0
024840,2024-07-24,2485.0
024840,2024-07-25,2345.0
024840,2024-07-26,2310.0
024840,2024-07-29,2380.0
024840,2024-07-30,2235.0
024840,2024-07-31,2265.0
024840,2024-08-01,2940.0
024840,2024-08-02,2765.0
024840,2024-08-05,2365.0
024840,2024-08-06,2475.0
024840,2024-08-07,2545.0
024840,2024-08-08,2380.0
024840,2024-08-09,2765.0
024840,2024-08-12,2690.0
024840,2024-08-13,2695.0
024840,2024-08-14,3065.0
024840,2024-08-16,3230.0
024840,2024-08-19,3035.0
024840,2024-08-20,3230.0
024840,2024-08-21,3075.0
024840,2024-08-22,2995.0
024840,2024-08-23,3035.0
024840,2024-08-26,3035.0
024840,2024-08-27,3230.0
024840,2024-08-28,3185.0
024840,2024-08-29,3255.0
024840,2024-08-30,3210.0
024840,2024-09-02,3030.0
024840,2024-09-03,2980.0
024840,2024-09-04,2825.0
024840,2024-09-05,2725.0
024840,2024-09-06,2670.0
024900,2024-07-26,3850.0
024900,2024-07-29,3920.0
024900,2024-07-30,3830.0
024900,2024-07-31,3860.0
024900,2024-08-01,3900.0
024900,2024-08-02,3685.0
024900,2024-08-05,3155.0
024900,2024-08-06,3320.0
024900,2024-08-07,3470.0
024900,2024-08-08,3355.0
024900,2024-08-09,3430.0
024900,2024-08-12,3690.0
024900,2024-08-13,3955.0
024900,2024-08-14,3855.0
024900,2024-08-16,3995.0
024900,2024-08-19,3955.0
024900,2024-08-20,4245.0
024900,2024-08-21,4290.0
024900,2024-08-22,4160.0
024900,2024-08-23,4135.0
024900,2024-08-26,4065.0
024900,2024-08-27,4095.0
024900,2024-08-28,4065.0
024900,2024-08-29,3965.0
024900,2024-08-30,3955.0
024900,2024-09-02,3900.0
024900,2024-09-03,3950.0
024900,2024-09-04,3705.0
024900,2024-09-05,3675.0
024900,2024-09-06,3645.0
024900,2024-09-09,3605.0
024900,2024-09-10,3560.0
024900,2024-09-11,3490.0
024900,2024-09-12,3660.0
024900,2024-09-13,3660.0
024910,2024-04-08,2370.0
024910,2024-04-09,2350.0
024910,2024-04-11,2335.0
024910,2024-04-12,2435.0
024910,2024-04-15,2400.0
024910,2024-04-16,2275.0
024910,2024-04-17,2255.0
024910,2024-04-18,2270.0
024910,2024-04-19,2295.0
024910,2024-04-22,2330.0
024910,2024-04-23,2340.0
024910,2024-04-24,2370.0
024910,2024-04-25,2405.0
024910,2024-04-26,2375.0
024910,2024-04-29,2370.0
024910,2024-04-30,2335.0
024910,2024-05-02,2760.0
024910,2024-05-03,2830.0
024910,2024-05-07,2860.0
024910,2024-05-08,2870.0
024910,2024-05-09,2730.0
024910,2024-05-10,2720.0
024910,2024-05-13,2610.0
024910,2024-05-14,2595.0
024910,2024-05-16,2600.0
024910,2024-05-17,2555.0
024910,2024-05-20,2535.0
024910,2024-05-21,2700.0
024910,2024-05-22,2745.0
024910,2024-05-23,2695.0
024910,2024-05-24,2700.0
024910,2024-05-27,2680.0
024910,2024-05-28,2590.0
028050,2022-12-12,23050.0
028050,2022-12-13,22800.0
028050,2022-12-14,23200.0
028050,2022-12-15,22900.0
028050,2022-12-16,22550.0
028050,2022-12-19,23050.0
028050,2022-12-20,23100.0
028050,2022-12-21,23050.0
028050,2022-12-22,23000.0
028050,2022-12-23,22200.0
028050,2022-12-26,22150.0
028050,2022-12-27,22650.0
028050,2022-12-28,23100.0
028050,2022-12-29,22250.0
028050,2023-01-02,23000.0
028050,2023-01-03,22400.0
028050,2023-01-04,22650.0
028050,2023-01-05,22900.0
028050,2023-01-06,23600.0
028050,2023-01-09,23900.0
028050,2023-01-10,24350.0
028050,2023-01-11,23900.0
028050,2023-01-12,23850.0
028050,2023-01-13,24450.0
028050,2023-01-16,24300.0
028050,2023-01-17,24200.0
028050,2023-01-18,24050.0
028050,2023-01-19,23950.0
028050,2023-01-20,24350.0
028050,2023-01-25,24200.0
028050,2023-01-26,24350.0
028050,2023-01-27,24600.0
028050,2023-01-30,24250.0
028050,2023-01-31,25850.0
028050,2024-03-22,24650.0
028050,2024-03-25,24200.0
028050,2024-03-26,24300.0
028050,2024-03-27,24900.0
028050,2024-03-28,25200.0
028050,2024-03-29,25000.0
028050,2024-04-01,25200.0
028050,2024-04-02,24650.0
028050,2024-04-03,25300.0
028050,2024-04-04,26050.0
028050,2024-04-05,26100.0
028050,2024-04-08,26100.0
028050,2024-04-09,25400.0
028050,2024-04-11,25000.0
028050,2024-04-12,24950.0
028050,2024-04-15,25800.0
028050,2024-04-16,26150.0
028050,2024-04-17,24800.0
028050,2024-04-18,25700.0
028050,2024-04-19,24750.0
028050,2024-04-22,26300.0
028050,2024-04-23,26200.0
028050,2024-04-24,26200.0
028050,2024-04-25,25850.0
028050,2024-04-26,26600.0
028050,2024-04-29,26550.0
028050,2024-04-30,26450.0
028050,2024-05-02,25900.0
028050,2024-05-03,25800.0
028050,2024-05-07,25900.0
028050,2024-05-08,25900.0
028050,2024-05-09,25550.0
028050,2024-05-10,25500.0
028300,2023-06-26,30378.539493293592
028300,2023-06-27,30044.709388971685
028300,2023-06-28,30283.159463487333
028300,2023-06-29,30044.709388971685
028300,2023-06-30,30998.50968703428
028300,2023-07-03,30950.819672131147
028300,2023-07-04,30664.679582712368
028300,2023-07-05,30712.3695976155
028300,2023-07-06,29424.739195231
028300,2023-07-07,29329.35916542474
028300,2023-07-10,28709.388971684053
028300,2023-07-11,29710.879284649774
028300,2023-07-12,29758.569299552903
028300,2023-07-13,30092.399403874813
028300,2023-07-14,29806.259314456034
028300,2023-07-17,30616.98956780924
028300,2023-07-18,29138.59910581222
028300,2023-07-19,29567.809239940387
028300,2023-07-20,32476.90014903129
028300,2023-07-21,31952.309985096872
028300,2023-07-24,30807.74962742176
028300,2023-07-25,30378.539493293592
028300,2023-07-26,29233.97913561848
028300,2023-07-27,30855.439642324887
028300,2023-07-28,30473.91952309985
028300,2023-07-31,31332.339791356186
028300,2023-08-01,32000.0
028300,2023-08-02,30850.0
028300,2023-08-03,31800.0
028300,2023-08-04,30900.0
028300,2023-08-07,30650.0
028300,2023-08-08,30100.0
028300,2023-08-09,30900.0
028300,2023-08-10,31200.0
028300,2023-08-11,31000.0
028300,2023-08-14,30600.0
028300,2024-05-31,61200.0
028300,2024-06-03,57300.0
028300,2024-06-04,57800.0
028300,2024-06-05,59600.0
028300,2024-06-07,59600.0
028300,2024-06-10,59200.0
028300,2024-06-11,58500.0
028300,2024-06-12,60600.0
028300,2024-06-13,63600.0
028300,2024-06-14,62300.0
028300,2024-06-17,63200.0
028300,2024-06-18,62800.0
028300,2024-06-19,63400.0
028300,2024-06-20,63500.0
028300,2024-06-21,64300.0
028300,2024-06-24,66000.0
028300,2024-06-25,72800.0
028300,2024-06-26,65000.0
028300,2024-06-27,63900.0
028300,2024-06-28,58500.0
028300,2024-07-01,62600.0
028300,2024-07-02,59100.0
028300,2024-07-03,76800.0
028300,2024-07-04,82100.0
028300,2024-07-05,93100.0
028300,2024-07-08,92200.0
028300,2024-07-09,95100.0
028300,2024-07-10,93700.0
028300,2024-07-11,89700.0
028300,2024-07-12,84600.0
028300,2024-07-15,85100.0
028300,2024-07-16,82500.0
028300,2024-07-17,84300.0
028300,2024-07-18,83800.0
028300,2024-07-19,83400.0
028300,2024-07-22,81300.0
028300,2024-07-23,83000.0
028300,2024-07-24,80600.0
028300,2024-07-25,80000.0
028300,2024-07-26,79200.0
028300,2024-07-29,77200.0
028300,2024-07-30,77700.0
028300,2024-07-31,80800.0
028300,2024-08-01,82800.0
028300,2024-08-02,81000.0
028300,2024-08-05,77200.0
028300,2024-08-06,80300.0
028300,2024-08-07,82400.0
028300,2024-08-08,79400.0
028300,2024-08-09,82000.0
028300,2024-08-12,82600.0
028300,2024-08-13,84700.0
028300,2024-08-14,85500.0
028300,2024-08-16,90900.0
028300,2024-08-19,90500.0
028300,2024-08-20,92300.0
028300,2024-08-21,83300.0
028300,2024-08-22,82400.0
028300,2024-08-23,85800.0
028300,2024-08-26,85700.0
028300,2024-08-27,83200.0
028300,2024-08-28,83400.0
028300,2024-08-29,85100.0
028300,2024-08-30,89800.0
028300,2024-09-02,90200.0
028300,2024-09-03,88000.0
028300,2024-09-04,86800.0
028300,2024-09-05,87500.0
028300,2024-09-06,85400.0
030200,2023-09-04,32600.0
030200,2023-09-05,32450.0
030200,2023-09-06,32050.0
030200,2023-09-07,31950.0
030200,2023-09-08,32350.0
030200,2023-09-11,31200.0
030200,2023-09-12,30800.0
030200,2023-09-13,31250.0
030200,2023-09-14,32000.0
030200,2023-09-15,32850.0
030200,2023-09-18,32350.0
030200,2023-09-19,32250.0
030200,2023-09-20,32900.0
030200,2023-09-21,32800.0
030200,2023-09-22,32650.0
030200,2023-09-25,32900.0
030200,2023-09-26,32850.0
030200,2023-09-27,33150.0
030200,2023-10-04,33150.0
030200,2023-10-05,32850.0
030200,2023-10-06,32900.0
030200,2023-10-10,33550.0
030200,2023-10-11,33500.0
030200,2023-10-12,33300.0
030200,2023-10-13,32550.0
030200,2023-10-16,32950.0
030200,2023-10-17,33350.0
030200,2023-10-18,33350.0
030200,2023-10-19,33100.0
030200,2023-10-20,32650.0
030200,2024-01-02,34150.0
030200,2024-01-03,33600.0
030200,2024-01-04,33550.0
030200,2024-01-05,33500.0
030200,2024-01-08,33650.0
030200,2024-01-09,33700.0
030200,2024-01-10,33700.0
030200,2024-01-11,33450.0
030200,2024-01-12,33550.0
030200,2024-01-15,33550.0
030200,2024-01-16,33150.0
030200,2024-01-17,33300.0
030200,2024-01-18,33800.0
030200,2024-01-19,33750.0
030200,2024-01-22,33700.0
030200,2024-01-23,33650.0
030200,2024-01-24,33700.0
030200,2024-01-25,34200.0
030200,2024-01-26,34800.0
030200,2024-01-29,34750.0
030200,2024-01-30,35100.0
030200,2024-01-31,35400.0
030200,2024-02-01,36900.0
030200,2024-02-02,38550.0
030200,2024-02-05,38000.0
030200,2024-02-06,37850.0
030200,2024-02-07,38150.0
030200,2024-02-08,37650.0
030200,2024-02-13,38350.0
030200,2024-02-14,37850.0
030200,2024-02-15,38450.0
030200,2024-02-16,39450.0
030200,2024-02-19,42200.0
030200,2024-02-20,41450.0
030200,2024-04-19,33300.0
030200,2024-04-22,34300.0
030200,2024-04-23,34550.0
030200,2024-04-24,34650.0
030200,2024-04-25,34100.0
030200,2024-04-26,34500.0
030200,2024-04-29,34600.0
030200,2024-04-30,34600.0
030200,2024-05-02,34600.0
030200,2024-05-03,34500.0
030200,2024-05-07,35600.0
030200,2024-05-08,35400.0
030200,2024-05-09,35650.0
030200,2024-05-10,35800.0
030200,2024-05-13,35800.0
030200,2024-05-14,36550.0
030200,2024-05-16,37700.0
030200,2024-05-17,37250.0
030200,2024-05-20,37100.0
030200,2024-05-21,36800.0
030200,2024-05-22,37050.0
030200,2024-05-23,36250.0
030200,2024-05-24,36350.0
030200,2024-05-27,36600.0
030200,2024-05-28,36150.0
030200,2024-05-29,36000.0
030200,2024-05-30,36150.0
030200,2024-05-31,36600.0
030200,2024-06-03,37250.0
030200,2024-06-04,36450.0
030200,2024-06-05,36750.0
030200,2024-06-07,37150.0
030520,2023-06-23,13070.0
030520,2023-06-26,13120.0
030520,2023-06-27,13230.0
030520,2023-06-28,13570.0
030520,2023-06-29,13310.0
030520,2023-06-30,13350.0
030520,2023-07-03,13410.0
030520,2023-07-04,13130.0
030520,2023-07-05,12200.0
030520,2023-07-06,12150.0
030520,2023-07-07,11990.0
030520,2023-07-10,11920.0
030520,2023-07-11,12450.0
030520,2023-07-12,12420.0
030520,2023-07-13,12550.0
030520,2023-07-14,12520.0
030520,2023-07-17,13220.0
030520,2023-07-18,15030.0
030520,2023-07-19,13880.0
030520,2023-07-20,13420.0
030520,2023-07-21,13300.0
030520,2023-07-24,12500.0
030520,2023-07-25,12090.0
030520,2023-07-26,11800.0
030520,2023-07-27,12200.0
030520,2023-07-28,12370.0
030520,2023-07-31,13200.0
030520,2023-08-01,13790.0
030520,2023-08-02,13830.0
030520,2023-08-03,13220.0
030520,2023-08-04,13490.0
030520,2023-08-07,14200.0
030520,2023-08-08,13840.0
030520,2023-08-09,13870.0
030520,2023-08-10,13750.0
030520,2023-08-11,13900.0
030520,2024-03-29,21200.0
030520,2024-04-01,21950.0
030520,2024-04-02,20950.0
030520,2024-04-03,20450.0
030520,2024-04-04,20500.0
030520,2024-04-05,20500.0
030520,2024-04-08,20200.0
030520,2024-04-09,20150.0
030520,2024-04-11,20350.0
030520,2024-04-12,20300.0
030520,2024-04-15,20400.0
030520,2024-04-16,20400.0
030520,2024-04-17,20550.0
030520,2024-04-18,22250.0
030520,2024-04-19,21850.0
030520,2024-04-22,22150.0
030520,2024-04-23,24800.0
030520,2024-04-24,24900.0
030520,2024-04-25,25000.0
030520,2024-04-26,24050.0
030520,2024-04-29,23900.0
030520,2024-04-30,24000.0
030520,2024-05-02,24750.0
030520,2024-05-03,27100.0
030520,2024-05-07,27550.0
030520,2024-05-08,26900.0
030520,2024-05-09,27950.0
030520,2024-05-10,24950.0
030520,2024-05-13,25600.0
030520,2024-05-14,30100.0
030520,2024-05-16,30000.0
030520,2024-05-17,28950.0
032350,2024-05-07,9920.0
032350,2024-05-08,9880.0
032350,2024-05-09,9830.0
032350,2024-05-10,9920.0
032350,2024-05-13,9890.0
032350,2024-05-14,9950.0
032350,2024-05-16,9930.0
032350,2024-05-17,9710.0
032350,2024-05-20,9590.0
032350,2024-05-21,9310.0
032350,2024-05-22,9390.0
032350,2024-05-23,9650.0
032350,2024-05-24,9950.0
032350,2024-05-27,10070.0
032350,2024-05-28,9990.0
032350,2024-05-29,9730.0
032350,2024-05-30,9970.0
032350,2024-05-31,10840.0
032350,2024-06-03,10340.0
032350,2024-06-04,9840.0
032350,2024-06-05,9980.0
032350,2024-06-07,9880.0
032350,2024-06-10,9790.0
032350,2024-06-11,9750.0
032350,2024-06-12,9860.0
032350,2024-06-13,10190.0
032350,2024-06-14,10060.0
032350,2024-06-17,9950.0
032350,2024-06-18,9860.0
032350,2024-06-19,9620.0
032350,2024-06-20,9710.0
032350,2024-06-21,9700.0
032350,2024-06-24,9660.0
032350,2024-06-25,9660.0
032830,2023-06-15,66300.0
032830,2023-06-16,66500.0
032830,2023-06-19,65600.0
032830,2023-06-20,64600.0
032830,2023-06-21,65400.0
032830,2023-06-22,65800.0
032830,2023-06-23,63900.0
032830,2023-06-26,65100.0
032830,2023-06-27,65300.0
032830,2023-06-28,66500.0
032830,2023-06-29,66900.0
032830,2023-06-30,67300.0
032830,2023-07-03,68000.0
032830,2023-07-04,67400.0
032830,2023-07-05,66700.0
032830,2023-07-06,66700.0
032830,2023-07-07,66400.0
032830,2023-07-10,70500.0
032830,2023-07-11,71300.0
032830,2023-07-12,71000.0
032830,2023-07-13,69200.0
032830,2023-07-14,71000.0
032830,2023-07-17,69800.0
032830,2023-07-18,69100.0
032830,2023-07-19,69100.0
032830,2023-07-20,68900.0
032830,2023-07-21,69100.0
032830,2023-07-24,68400.0
032830,2023-07-25,68700.0
032830,2023-07-26,68200.0
032830,2023-07-27,69500.0
032830,2023-07-28,69100.0
032830,2023-07-31,69800.0
032830,2023-08-01,69900.0
032830,2023-08-02,69800.0
032830,2023-08-03,69100.0
032830,2023-08-04,69800.0
032830,2023-08-21,66000.0
032830,2023-08-22,65800.0
032830,2023-08-23,67300.0
032830,2023-08-24,66400.0
032830,2023-08-25,67100.0
032830,2023-08-28,67700.0
032830,2023-08-29,67400.0
032830,2023-08-30,67600.0
032830,2023-08-31,67600.0
032830,2023-09-01,67600.0
032830,2023-09-04,67800.0
032830,2023-09-05,67900.0
032830,2023-09-06,67500.0
032830,2023-09-07,67500.0
032830,2023-09-08,68400.0
032830,2023-09-11,69900.0
032830,2023-09-12,69600.0
032830,2023-09-13,71600.0
032830,2023-09-14,71600.0
032830,2023-09-15,72400.0
032830,2023-09-18,71200.0
032830,2023-09-19,71600.0
032830,2023-09-20,72000.0
032830,2023-09-21,71700.0
032830,2023-09-22,72100.0
032830,2023-09-25,71400.0
032830,2023-09-26,70700.0
032830,2023-09-27,70300.0
032830,2023-10-04,71900.0
032830,2023-10-05,71900.0
032830,2023-10-06,72000.0
032850,2023-04-17,6420.0
032850,2023-04-18,6430.0
032850,2023-04-19,6320.0
032850,2023-04-20,6130.0
032850,2023-04-21,6140.0
032850,2023-04-24,6100.0
032850,2023-04-25,5980.0
032850,2023-04-26,5770.0
032850,2023-04-27,5730.0
032850,2023-04-28,5660.0
032850,2023-05-02,5810.0
032850,2023-05-03,5930.0
032850,2023-05-04,6420.0
032850,2023-05-08,6380.0
032850,2023-05-09,6230.0
032850,2023-05-10,6270.0
032850,2023-05-11,6660.0
032850,2023-05-12,6610.0
032850,2023-05-15,6550.0
032850,2023-05-16,6650.0
032850,2023-05-17,6750.0
032850,2023-05-18,6710.0
032850,2023-05-19,6760.0
032850,2023-05-22,6850.0
032850,2023-05-23,6710.0
032850,2023-05-24,6640.0
032850,2023-05-25,6710.0
032850,2023-05-26,6730.0
032850,2023-05-30,6950.0
032850,2023-05-31,6730.0
032850,2023-06-01,6800.0
032850,2023-06-02,7040.0
032850,2023-06-05,6840.0
033100,2023-12-11,20050.0
033100,2023-12-12,20000.0
033100,2023-12-13,19360.0
033100,2023-12-14,19880.0
033100,2023-12-15,20550.0
033100,2023-12-18,21000.0
033100,2023-12-19,20550.0
033100,2023-12-20,20750.0
033100,2023-12-21,20600.0
033100,2023-12-22,20100.0
033100,2023-12-26,19790.0
033100,2023-12-27,19800.0
033100,2023-12-28,20050.0
033100,2024-01-02,20400.0
033100,2024-01-03,22050.0
033100,2024-01-04,22250.0
033100,2024-01-05,22400.0
033100,2024-01-08,22150.0
033100,2024-01-09,22200.0
033100,2024-01-10,22300.0
033100,2024-01-11,22250.0
033100,2024-01-12,22600.0
033100,2024-01-15,22950.0
033100,2024-01-16,22000.0
033100,2024-01-17,21300.0
033100,2024-01-18,22450.0
033100,2024-01-19,22050.0
033100,2024-01-22,21600.0
033100,2024-01-23,22350.0
033100,2024-01-24,22600.0
033100,2024-01-25,22900.0
033100,2024-01-26,22000.0
033100,2024-11-29,41100.0
033100,2024-12-02,39200.0
033100,2024-12-03,41100.0
033100,2024-12-04,39600.0
033100,2024-12-05,40400.0
033100,2024-12-06,38950.0
033100,2024-12-09,36800.0
033100,2024-12-10,40550.0
033100,2024-12-11,43700.0
033100,2024-12-12,43900.0
033100,2024-12-13,44350.0
033100,2024-12-16,45350.0
033100,2024-12-17,45700.0
033100,2024-12-18,45200.0
033100,2024-12-19,44450.0
033100,2024-12-20,43150.0
033100,2024-12-23,46650.0
033100,2024-12-24,47400.0
033100,2024-12-26,47350.0
033100,2024-12-27,45400.0
033100,2024-12-30,45950.0
033100,2025-01-02,47450.0
033100,2025-01-03,48050.0
033100,2025-01-06,48500.0
033100,2025-01-07,48900.0
033100,2025-01-08,48350.0
033100,2025-01-09,49000.0
033100,2025-01-10,48850.0
033100,2025-01-13,51000.0
033100,2025-01-14,50100.0
033100,2025-01-15,51900.0
033100,2025-01-16,56200.0
033100,2025-01-17,57400.0
033230,2024-07-25,2370.0
033230,2024-07-26,2365.0
033230,2024-07-29,2365.0
033230,2024-07-30,2315.0
033230,2024-07-31,2295.0
033230,2024-08-01,2350.0
033230,2024-08-02,2190.0
033230,2024-08-05,1813.0
033230,2024-08-06,2020.0
033230,2024-08-07,2055.0
033230,2024-08-08,2150.0
033230,2024-08-09,2165.0
033230,2024-08-12,2165.0
033230,2024-08-13,2115.0
033230,2024-08-14,2185.0
033230,2024-08-16,2310.0
033230,2024-08-19,2560.0
033230,2024-08-20,2595.0
033230,2024-08-21,2460.0
033230,2024-08-22,2365.0
033230,2024-08-23,2275.0
033230,2024-08-26,2600.0
033230,2024-08-27,2730.0
033230,2024-08-28,2660.0
033230,2024-08-29,2345.0
033230,2024-08-30,2635.0
033230,2024-09-02,2665.0
033230,2024-09-03,2705.0
033230,2024-09-04,2540.0
033230,2024-09-05,2465.0
033230,2024-09-06,2390.0
033230,2024-09-09,2320.0
033230,2024-09-10,2305.0
033230,2024-09-11,2200.0
033230,2024-09-12,2325.0
033230,2024-09-13,2325.0
033780,2023-02-20,88800.0
033780,2023-02-21,89700.0
033780,2023-02-22,89100.0
033780,2023-02-23,90300.0
033780,2023-02-24,90300.0
033780,2023-02-27,89700.0
033780,2023-02-28,88700.0
033780,2023-03-02,87600.0
033780,2023-03-03,87200.0
033780,2023-03-06,87000.0
033780,2023-03-07,87000.0
033780,2023-03-08,86000.0
033780,2023-03-09,85900.0
033780,2023-03-10,85100.0
033780,2023-03-13,85400.0
033780,2023-03-14,85100.0
033780,2023-03-15,86900.0
033780,2023-03-16,87200.0
033780,2023-03-17,91800.0
033780,2023-03-20,90600.0
033780,2023-03-21,89900.0
033780,2023-03-22,89000.0
033780,2023-03-23,88400.0
033780,2023-03-24,87500.0
033780,2023-03-27,87500.0
033780,2023-03-28,85400.0
033780,2023-03-29,86000.0
033780,2023-03-30,84200.0
033780,2023-03-31,83900.0
033780,2023-04-03,83600.0
033780,2023-04-04,84300.0
033780,2023-04-05,83900.0
033780,2023-04-06,83800.0
033780,2023-04-07,83400.0
033780,2023-04-10,83000.0
033780,2023-04-11,82700.0
033780,2023-06-01,83000.0
033780,2023-06-02,83200.0
033780,2023-06-05,83100.0
033780,2023-06-07,83000.0
033780,2023-06-08,83000.0
033780,2023-06-09,83100.0
033780,2023-06-12,83200.0
033780,2023-06-13,83100.0
033780,2023-06-14,81600.0
033780,2023-06-15,81900.0
033780,2023-06-16,82500.0
033780,2023-06-19,82400.0
033780,2023-06-20,82200.0
033780,2023-06-21,82000.0
033780,2023-06-22,83100.0
033780,2023-06-23,82800.0
033780,2023-06-26,83900.0
033780,2023-06-27,84400.0
033780,2023-06-28,84000.0
033780,2023-06-29,82000.0
033780,2023-06-30,82800.0
033780,2023-07-03,82800.0
033780,2023-07-04,82300.0
033780,2023-07-05,82000.0
033780,2023-07-06,81700.0
033780,2023-07-07,81300.0
033780,2023-07-10,81600.0
033780,2023-07-11,82100.0
033780,2023-07-12,82000.0
033780,2023-07-13,82700.0
033780,2023-07-14,82800.0
033780,2023-07-17,82000.0
033780,2023-07-18,82000.0
033780,2023-07-19,82000.0
033780,2023-07-20,82000.0
033780,2023-07-21,82300.0
034020,2024-06-14,19660.0
034020,2024-06-17,19680.0
034020,2024-06-18,19720.0
034020,2024-06-19,21150.0
034020,2024-06-20,20850.0
034020,2024-06-21,20900.0
034020,2024-06-24,20800.0
034020,2024-06-25,20500.0
034020,2024-06-26,20400.0
034020,2024-06-27,19890.0
034020,2024-06-28,20100.0
034020,2024-07-01,19950.0
034020,2024-07-02,19330.0
034020,2024-07-03,19260.0
034020,2024-07-04,19450.0
034020,2024-07-05,19540.0
034020,2024-07-08,21000.0
034020,2024-07-09,22250.0
034020,2024-07-10,21850.0
034020,2024-07-11,21850.0
034020,2024-07-12,20900.0
034020,2024-07-15,21600.0
034020,2024-07-16,21000.0
034020,2024-07-17,21250.0
034020,2024-07-18,21000.0
034020,2024-07-19,20200.0
034020,2024-07-22,20200.0
034020,2024-07-23,19880.0
034020,2024-07-24,19820.0
034020,2024-07-25,18930.0
034020,2024-07-26,18870.0
034020,2024-07-29,18530.0
034020,2024-07-30,18560.0
034020,2024-07-31,18830.0
034020,2024-08-01,18710.0
034020,2024-08-02,17690.0
034020,2024-08-26,17430.0
034020,2024-08-27,17860.0
034020,2024-08-28,18480.0
034020,2024-08-29,17750.0
034020,2024-08-30,18100.0
034020,2024-09-02,17890.0
034020,2024-09-03,17650.0
034020,2024-09-04,17200.0
034020,2024-09-05,16620.0
034020,2024-09-06,16570.0
034020,2024-09-09,16800.0
034020,2024-09-10,16560.0
034020,2024-09-11,16370.0
034020,2024-09-12,17710.0
034020,2024-09-13,18160.0
034020,2024-09-19,18710.0
034020,2024-09-20,17960.0
034020,2024-09-23,18200.0
034020,2024-09-24,18160.0
034020,2024-09-25,18100.0
034020,2024-09-26,18450.0
034020,2024-09-27,18050.0
034020,2024-09-30,17910.0
034020,2024-10-02,17310.0
034020,2024-10-04,17410.0
034020,2024-10-07,18270.0
034020,2024-10-08,18370.0
034020,2024-10-10,18200.0
034020,2024-10-11,18100.0
034020,2024-10-14,18470.0
034220,2023-12-08,11489.155749636098
034220,2023-12-11,11646.288209606986
034220,2023-12-12,11683.260553129548
034220,2023-12-13,11683.260553129548
034220,2023-12-14,11997.525473071324
034220,2023-12-15,12117.685589519651
034220,2023-12-18,11378.238719068411
034220,2023-12-19,10934.570596797672
034220,2023-12-20,11544.61426491994
034220,2023-12-21,11248.835516739447
034220,2023-12-22,11452.183406113538
034220,2023-12-26,11322.78020378457
034220,2023-12-27,11452.183406113538
034220,2023-12-28,11775.691411935954
034220,2024-01-02,12339.519650655022
034220,2024-01-03,12274.81804949054
034220,2024-01-04,12062.227074235809
034220,2024-01-05,12284.06113537118
034220,2024-01-08,13097.45269286754
034220,2024-01-09,12884.86171761281
034220,2024-01-10,12385.735080058224
034220,2024-01-11,12570.596797671034
034220,2024-01-12,12256.331877729255
034220,2024-01-15,12154.657933042212
034220,2024-01-16,11895.85152838428
034220,2024-01-17,11784.934497816594
034220,2024-01-18,12182.387190684134
034220,2024-01-19,12043.740902474528
034220,2024-01-22,12330.276564774382
034220,2024-01-23,12857.132459970888
034220,2024-01-24,12700.0
034220,2024-01-25,12310.0
034220,2024-01-26,12340.0
035720,2022-12-15,55300.0
035720,2022-12-16,54400.0
035720,2022-12-19,55800.0
035720,2022-12-20,54300.0
035720,2022-12-21,54200.0
035720,2022-12-22,55100.0
035720,2022-12-23,53400.0
035720,2022-12-26,53600.0
035720,2022-12-27,54400.0
035720,2022-12-28,53600.0
035720,2022-12-29,53100.0
035720,2023-01-02,52700.0
035720,2023-01-03,53300.0
035720,2023-01-04,55700.0
035720,2023-01-05,57700.0
035720,2023-01-06,57200.0
035720,2023-01-09,61100.0
035720,2023-01-10,60700.0
035720,2023-01-11,61900.0
035720,2023-01-12,61500.0
035720,2023-01-13,62000.0
035720,2023-01-16,64500.0
035720,2023-01-17,61800.0
035720,2023-01-18,61600.0
035720,2023-01-19,60800.0
035720,2023-01-20,61200.0
035720,2023-01-25,62600.0
035720,2023-01-26,63700.0
035720,2023-01-27,64700.0
035720,2023-01-30,63500.0
035720,2023-01-31,61400.0
035720,2023-02-01,62200.0
035720,2023-02-02,64500.0
035720,2023-02-03,67200.0
035720,2023-07-07,49850.0
035720,2023-07-10,49850.0
035720,2023-07-11,50700.0
035720,2023-07-12,51600.0
035720,2023-07-13,51900.0
035720,2023-07-14,52800.0
035720,2023-07-17,52700.0
035720,2023-07-18,51800.0
035720,2023-07-19,50400.0
035720,2023-07-20,50500.0
035720,2023-07-21,50600.0
035720,2023-07-24,49850.0
035720,2023-07-25,48850.0
035720,2023-07-26,47800.0
035720,2023-07-27,50600.0
035720,2023-07-28,50600.0
035720,2023-07-31,51300.0
035720,2023-08-01,54900.0
035720,2023-08-02,53200.0
035720,2023-08-03,53300.0
035720,2023-08-04,51800.0
035720,2023-08-07,52700.0
035720,2023-08-08,51800.0
035720,2023-08-09,52800.0
035720,2023-08-10,52600.0
035720,2023-08-11,51600.0
035720,2023-08-14,50700.0
035720,2023-08-16,50300.0
035720,2023-08-17,49250.0
035720,2023-08-18,48450.0
035720,2023-08-21,48400.0
035720,2023-08-22,48650.0
035720,2023-08-23,48900.0
035720,2023-08-24,49100.0
035720,2023-08-25,48100.0
035720,2023-10-12,43650.0
035720,2023-10-13,43200.0
035720,2023-10-16,43150.0
035720,2023-10-17,42800.0
035720,2023-10-18,41800.0
035720,2023-10-19,40500.0
035720,2023-10-20,39050.0
035720,2023-10-23,37950.0
035720,2023-10-24,39600.0
035720,2023-10-25,38950.0
035720,2023-10-26,37650.0
035720,2023-10-27,37750.0
035720,2023-10-30,38000.0
035720,2023-10-31,37800.0
035720,2023-11-01,37600.0
035720,2023-11-02,38550.0
035720,2023-11-03,41300.0
035720,2023-11-06,44700.0
035720,2023-11-07,43750.0
035720,2023-11-08,43950.0
035720,2023-11-09,45600.0
035720,2023-11-10,45650.0
035720,2023-11-13,45000.0
035720,2023-11-14,46350.0
035720,2023-11-15,48300.0
035720,2023-11-16,48200.0
035720,2023-11-17,47500.0
035720,2023-11-20,47800.0
035720,2023-11-21,49250.0
035720,2023-11-22,50300.0
035720,2023-11-23,50300.0
035720,2023-11-24,50500.0
035720,2023-11-27,49850.0
035720,2023-11-28,51100.0
035720,2023-11-29,50500.0
035720,2023-11-30,50500.0
035720,2023-12-01,49700.0
035720,2024-09-13,35600.0
035720,2024-09-19,35300.0
035720,2024-09-20,34900.0
035720,2024-09-23,35500.0
035720,2024-09-24,36100.0
035720,2024-09-25,35850.0
035720,2024-09-26,36750.0
035720,2024-09-27,36650.0
035720,2024-09-30,36150.0
035720,2024-10-02,36000.0
035720,2024-10-04,36700.0
035720,2024-10-07,36750.0
035720,2024-10-08,37000.0
035720,2024-10-10,37350.0
035720,2024-10-11,37400.0
035720,2024-10-14,36500.0
035720,2024-10-15,37650.0
035720,2024-10-16,37600.0
035720,2024-10-17,37350.0
035720,2024-10-18,38500.0
035720,2024-10-21,39400.0
035720,2024-10-22,37350.0
035720,2024-10-23,37700.0
035720,2024-10-24,37450.0
035720,2024-10-25,36500.0
035720,2024-10-28,37450.0
035720,2024-10-29,37350.0
035720,2024-10-30,37350.0
035720,2024-10-31,36950.0
035720,2024-11-01,36150.0
035720,2024-11-04,37350.0
035720,2024-11-05,37750.0
035720,2024-11-06,36550.0
035720,2024-11-07,36550.0
035720,2024-11-08,35000.0
035720,2024-11-11,33700.0
035720,2024-11-12,33250.0
035720,2024-11-13,33400.0
035720,2024-11-14,32800.0
035720,2024-11-15,34050.0
035720,2024-11-18,35100.0
035720,2024-11-19,36250.0
035720,2024-11-20,35500.0
035720,2024-11-21,35150.0
035720,2024-11-22,36050.0
035720,2024-11-25,36150.0
035720,2024-11-26,37000.0
035720,2024-11-27,38350.0
035720,2024-11-28,38200.0
035720,2024-11-29,40100.0
035720,2024-12-02,42150.0
035720,2024-12-03,42950.0
035720,2024-12-04,46600.0
035720,2024-12-05,44100.0
035720,2024-12-06,44500.0
035720,2024-12-09,42300.0
035720,2024-12-10,43850.0
035720,2024-12-11,44600.0
035720,2024-12-12,43700.0
035720,2024-12-13,45900.0
035720,2024-12-16,43950.0
035720,2024-12-17,42850.0
035720,2024-12-18,43400.0
035720,2024-12-19,41200.0
035720,2024-12-20,40800.0
035900,2023-03-20,70100.0
035900,2023-03-21,69900.0
035900,2023-03-22,68300.0
035900,2023-03-23,69100.0
035900,2023-03-24,72600.0
035900,2023-03-27,72100.0
035900,2023-03-28,77300.0
035900,2023-03-29,77200.0
035900,2023-03-30,77500.0
035900,2023-03-31,77400.0
035900,2023-04-03,76900.0
035900,2023-04-04,78100.0
035900,2023-04-05,77200.0
035900,2023-04-06,77900.0
035900,2023-04-07,77200.0
035900,2023-04-10,76400.0
035900,2023-04-11,76600.0
035900,2023-04-12,75900.0
035900,2023-04-13,80600.0
035900,2023-04-14,85000.0
035900,2023-04-17,88300.0
035900,2023-04-18,87800.0
035900,2023-04-19,88000.0
035900,2023-04-20,86300.0
035900,2023-04-21,85700.0
035900,2023-04-24,86100.0
035900,2023-04-25,85800.0
035900,2023-04-26,87700.0
035900,2023-04-27,88000.0
035900,2023-04-28,90200.0
035900,2023-05-02,93800.0
035900,2023-05-03,94800.0
035900,2023-05-04,94900.0
035900,2023-05-08,92200.0
035900,2024-06-24,55100.0
035900,2024-06-25,55000.0
035900,2024-06-26,55400.0
035900,2024-06-27,55800.0
035900,2024-06-28,57300.0
035900,2024-07-01,57500.0
035900,2024-07-02,55500.0
035900,2024-07-03,54800.0
035900,2024-07-04,54800.0
035900,2024-07-05,55700.0
035900,2024-07-08,56700.0
035900,2024-07-09,56100.0
035900,2024-07-10,56400.0
035900,2024-07-11,55600.0
035900,2024-07-12,57500.0
035900,2024-07-15,56700.0
035900,2024-07-16,57000.0
035900,2024-07-17,55800.0
035900,2024-07-18,57900.0
035900,2024-07-19,59000.0
035900,2024-07-22,56000.0
035900,2024-07-23,56300.0
035900,2024-07-24,55100.0
035900,2024-07-25,53200.0
035900,2024-07-26,53200.0
035900,2024-07-29,54400.0
035900,2024-07-30,55800.0
035900,2024-07-31,57700.0
035900,2024-08-01,57700.0
035900,2024-08-02,56400.0
035900,2024-08-05,50900.0
035900,2024-08-06,52000.0
035900,2024-08-07,56400.0
035900,2024-08-08,57000.0
035900,2024-08-09,56700.0
035900,2024-08-12,56600.0
035900,2024-09-13,45200.0
035900,2024-09-19,44700.0
035900,2024-09-20,44650.0
035900,2024-09-23,45150.0
035900,2024-09-24,48550.0
035900,2024-09-25,47550.0
035900,2024-09-26,49800.0
035900,2024-09-27,51000.0
035900,2024-09-30,50400.0
035900,2024-10-02,50400.0
035900,2024-10-04,50900.0
035900,2024-10-07,50100.0
035900,2024-10-08,51800.0
035900,2024-10-10,51200.0
035900,2024-10-11,50500.0
035900,2024-10-14,51200.0
035900,2024-10-15,52100.0
035900,2024-10-16,50700.0
035900,2024-10-17,51100.0
035900,2024-10-18,50200.0
035900,2024-10-21,50800.0
035900,2024-10-22,51400.0
035900,2024-10-23,52900.0
035900,2024-10-24,51200.0
035900,2024-10-25,50900.0
035900,2024-10-28,50800.0
035900,2024-10-29,50000.0
035900,2024-10-30,49450.0
035900,2024-10-31,48850.0
035900,2024-11-01,48750.0
036200,2024-05-07,10650.0
036200,2024-05-08,10460.0
036200,2024-05-09,10510.0
036200,2024-05-10,9910.0
036200,2024-05-13,9540.0
036200,2024-05-14,9770.0
036200,2024-05-16,10210.0
036200,2024-05-17,10170.0
036200,2024-05-20,10400.0
036200,2024-05-21,10290.0
036200,2024-05-22,10250.0
036200,2024-05-23,10120.0
036200,2024-05-24,9790.0
036200,2024-05-27,10050.0
036200,2024-05-28,10310.0
036200,2024-05-29,11940.0
036200,2024-05-30,10950.0
036200,2024-05-31,10590.0
036200,2024-06-03,10490.0
036200,2024-06-04,10100.0
036200,2024-06-05,10120.0
036200,2024-06-07,10300.0
036200,2024-06-10,10320.0
036200,2024-06-11,10220.0
036200,2024-06-12,10370.0
036200,2024-06-13,10670.0
036200,2024-06-14,10690.0
036200,2024-06-17,10530.0
036200,2024-06-18,10690.0
036200,2024-06-19,10900.0
036200,2024-06-20,10430.0
036200,2024-06-21,10100.0
036460,2024-01-04,24350.0
036460,2024-01-05,24250.0
036460,2024-01-08,24150.0
036460,2024-01-09,24350.0
036460,2024-01-10,24400.0
036460,2024-01-11,23900.0
036460,2024-01-12,23650.0
036460,2024-01-15,23550.0
036460,2024-01-16,23600.0
036460,2024-01-17,23000.0
036460,2024-01-18,23000.0
036460,2024-01-19,22900.0
036460,2024-01-22,23300.0
036460,2024-01-23,23200.0
036460,2024-01-24,23050.0
036460,2024-01-25,23550.0
036460,2024-01-26,23600.0
036460,2024-01-29,26300.0
036460,2024-01-30,26250.0
036460,2024-01-31,26450.0
036460,2024-02-01,27550.0
036460,2024-02-02,27550.0
036460,2024-02-05,27400.0
036460,2024-02-06,26900.0
036460,2024-02-07,28000.0
036460,2024-02-08,27650.0
036460,2024-02-13,27300.0
036460,2024-02-14,26800.0
036460,2024-02-15,26400.0
036460,2024-02-16,27150.0
036460,2024-02-19,30600.0
036460,2024-02-20,30100.0
036460,2024-02-21,30000.0
036460,2024-02-22,30150.0
036460,2024-02-23,30200.0
036460,2024-07-18,41400.0
036460,2024-07-19,41700.0
036460,2024-07-22,40900.0
036460,2024-07-23,41300.0
036460,2024-07-24,40700.0
036460,2024-07-25,38650.0
036460,2024-07-26,38950.0
036460,2024-07-29,44100.0
036460,2024-07-30,42400.0
036460,2024-07-31,44500.0
036460,2024-08-01,43200.0
036460,2024-08-02,41400.0
036460,2024-08-05,37950.0
036460,2024-08-06,40450.0
036460,2024-08-07,42150.0
036460,2024-08-08,41250.0
036460,2024-08-09,41400.0
036460,2024-08-12,46200.0
036460,2024-08-13,47000.0
036460,2024-08-14,47450.0
036460,2024-08-16,50500.0
036460,2024-08-19,46900.0
036460,2024-08-20,46300.0
036460,2024-08-21,46900.0
036460,2024-08-22,47150.0
036460,2024-08-23,48600.0
036460,2024-08-26,50300.0
036460,2024-08-27,51600.0
036460,2024-08-28,50100.0
036460,2024-08-29,50300.0
036460,2024-08-30,52200.0
036460,2024-09-02,51100.0
036460,2024-09-03,53300.0
036460,2024-09-04,50300.0
036460,2024-09-05,48450.0
036460,2024-09-06,44900.0
036460,2024-10-24,40250.0
036460,2024-10-25,40350.0
036460,2024-10-28,40950.0
036460,2024-10-29,39500.0
036460,2024-10-30,39400.0
036460,2024-10-31,39200.0
036460,2024-11-01,37750.0
036460,2024-11-04,40500.0
036460,2024-11-05,40700.0
036460,2024-11-06,40000.0
036460,2024-11-07,42000.0
036460,2024-11-08,41550.0
036460,2024-11-11,40000.0
036460,2024-11-12,40050.0
036460,2024-11-13,40400.0
036460,2024-11-14,40800.0
036460,2024-11-15,40450.0
036460,2024-11-18,42100.0
036460,2024-11-19,46000.0
036460,2024-11-20,45200.0
036460,2024-11-21,46450.0
036460,2024-11-22,46350.0
036460,2024-11-25,47650.0
036460,2024-11-26,47200.0
036460,2024-11-27,45450.0
036460,2024-11-28,44950.0
036460,2024-11-29,44650.0
036460,2024-12-02,40050.0
036460,2024-12-03,40800.0
036460,2024-12-04,33150.0
036460,2024-12-05,34650.0
036460,2024-12-06,32350.0
036460,2024-12-09,31750.0
036460,2024-12-10,33700.0
036460,2024-12-11,33050.0
036460,2024-12-12,33450.0
036460,2024-12-13,32650.0
036540,2023-02-20,4460.0
036540,2023-02-21,4430.0
036540,2023-02-22,4295.0
036540,2023-02-23,4370.0
036540,2023-02-24,4365.0
036540,2023-02-27,4235.0
036540,2023-02-28,4270.0
036540,2023-03-02,4170.0
036540,2023-03-03,4165.0
036540,2023-03-06,4265.0
036540,2023-03-07,4195.0
036540,2023-03-08,4080.0
036540,2023-03-09,4125.0
036540,2023-03-10,4000.0
036540,2023-03-13,4020.0
036540,2023-03-14,3855.0
036540,2023-03-15,3900.0
036540,2023-03-16,4565.0
036540,2023-03-17,4875.0
036540,2023-03-20,4855.0
036540,2023-03-21,4665.0
036540,2023-03-22,4795.0
036540,2023-03-23,4720.0
036540,2023-03-24,5010.0
036540,2023-03-27,5030.0
036540,2023-03-28,5080.0
036540,2023-03-29,5380.0
036540,2023-03-30,5830.0
036540,2023-03-31,5660.0
036540,2023-04-03,5950.0
036540,2023-04-04,5620.0
036540,2023-04-05,5700.0
036540,2023-04-06,5500.0
036540,2023-04-07,5820.0
036540,2023-04-10,5710.0
036540,2023-04-11,5860.0
036810,2023-06-23,21950.0
036810,2023-06-26,22300.0
036810,2023-06-27,22200.0
036810,2023-06-28,22200.0
036810,2023-06-29,22200.0
036810,2023-06-30,21800.0
036810,2023-07-03,23550.0
036810,2023-07-04,23850.0
036810,2023-07-05,20200.0
036810,2023-07-06,18770.0
036810,2023-07-07,18700.0
036810,2023-07-10,18230.0
036810,2023-07-11,18780.0
036810,2023-07-12,19190.0
036810,2023-07-13,19720.0
036810,2023-07-14,20550.0
036810,2023-07-17,21000.0
036810,2023-07-18,24450.0
036810,2023-07-19,26400.0
036810,2023-07-20,27350.0
036810,2023-07-21,28650.0
036810,2023-07-24,27650.0
036810,2023-07-25,27450.0
036810,2023-07-26,25950.0
036810,2023-07-27,26600.0
036810,2023-07-28,28150.0
036810,2023-07-31,27700.0
036810,2023-08-01,27950.0
036810,2023-08-02,25650.0
036810,2023-08-03,25350.0
036810,2023-08-04,25100.0
036810,2023-08-07,24850.0
036810,2023-08-08,24500.0
036810,2023-08-09,24550.0
036810,2023-08-10,23800.0
036810,2023-08-11,23550.0
036890,2023-01-26,11730.0
036890,2023-01-27,12810.0
036890,2023-01-30,13080.0
036890,2023-01-31,12970.0
036890,2023-02-01,12030.0
036890,2023-02-02,11900.0
036890,2023-02-03,11870.0
036890,2023-02-06,11790.0
036890,2023-02-07,11610.0
036890,2023-02-08,11680.0
036890,2023-02-09,11900.0
036890,2023-02-10,11670.0
036890,2023-02-13,11880.0
036890,2023-02-14,12280.0
036890,2023-02-15,12000.0
036890,2023-02-16,12000.0
036890,2023-02-17,12860.0
036890,2023-02-20,13370.0
036890,2023-02-21,13220.0
036890,2023-02-22,12910.0
036890,2023-02-23,12690.0
036890,2023-02-24,12350.0
036890,2023-02-27,12350.0
036890,2023-02-28,12360.0
036890,2023-03-02,12810.0
036890,2023-03-03,12740.0
036890,2023-03-06,12300.0
036890,2023-03-07,12020.0
036890,2023-03-08,11920.0
036890,2023-03-09,11880.0
036890,2023-03-10,11600.0
036890,2023-03-13,10880.0
036890,2023-03-14,10430.0
036890,2023-03-15,10620.0
036890,2023-03-16,10620.0
036890,2023-03-17,10790.0
036930,2023-02-27,11720.0
036930,2023-02-28,11720.0
036930,2023-03-02,11490.0
036930,2023-03-03,11470.0
036930,2023-03-06,11740.0
036930,2023-03-07,11600.0
036930,2023-03-08,11280.0
036930,2023-03-09,11300.0
036930,2023-03-10,10970.0
036930,2023-03-13,11050.0
036930,2023-03-14,10450.0
036930,2023-03-15,10410.0
036930,2023-03-16,10880.0
036930,2023-03-17,11610.0
036930,2023-03-20,11560.0
036930,2023-03-21,11870.0
036930,2023-03-22,11950.0
036930,2023-03-23,12780.0
036930,2023-03-24,15240.0
036930,2023-03-27,15640.0
036930,2023-03-28,15800.0
036930,2023-03-29,15980.0
036930,2023-03-30,16360.0
036930,2023-03-31,16100.0
036930,2023-04-03,15700.0
036930,2023-04-04,15330.0
036930,2023-04-05,15360.0
036930,2023-04-06,14810.0
036930,2023-04-07,15900.0
036930,2023-04-10,17130.0
036930,2023-04-11,19100.0
036930,2023-04-12,18260.0
036930,2023-04-13,18020.0
036930,2023-04-14,17630.0
036930,2023-04-17,17350.0
036930,2023-10-12,29450.0
036930,2023-10-13,29000.0
036930,2023-10-16,28500.0
036930,2023-10-17,29300.0
036930,2023-10-18,29100.0
036930,2023-10-19,27800.0
036930,2023-10-20,27350.0
036930,2023-10-23,26000.0
036930,2023-10-24,27750.0
036930,2023-10-25,28150.0
036930,2023-10-26,27300.0
036930,2023-10-27,25900.0
036930,2023-10-30,25200.0
036930,2023-10-31,24550.0
036930,2023-11-01,25150.0
036930,2023-11-02,27800.0
036930,2023-11-03,27850.0
036930,2023-11-06,31650.0
036930,2023-11-07,32250.0
036930,2023-11-08,32500.0
036930,2023-11-09,31500.0
036930,2023-11-10,32700.0
036930,2023-11-13,33300.0
036930,2023-11-14,34300.0
036930,2023-11-15,36850.0
036930,2023-11-16,35550.0
036930,2023-11-17,35550.0
036930,2023-11-20,35450.0
036930,2023-11-21,34400.0
036930,2023-11-22,34800.0
036930,2023-11-23,33000.0
036930,2023-11-24,33600.0
036930,2023-11-27,33250.0
036930,2023-11-28,35150.0
036930,2023-11-29,34250.0
036930,2023-11-30,35250.0
036930,2023-12-01,36500.0
036930,2024-01-02,33400.0
036930,2024-01-03,32150.0
036930,2024-01-04,32350.0
036930,2024-01-05,32400.0
036930,2024-01-08,32000.0
036930,2024-01-09,33150.0
036930,2024-01-10,33400.0
036930,2024-01-11,34200.0
036930,2024-01-12,32500.0
036930,2024-01-15,30400.0
036930,2024-01-16,29500.0
036930,2024-01-17,29750.0
036930,2024-01-18,31300.0
036930,2024-01-19,33550.0
036930,2024-01-22,33950.0
036930,2024-01-23,33600.0
036930,2024-01-24,34250.0
036930,2024-01-25,35100.0
036930,2024-01-26,32850.0
036930,2024-01-29,33050.0
036930,2024-01-30,33600.0
036930,2024-01-31,33050.0
036930,2024-02-01,31150.0
036930,2024-02-02,31500.0
036930,2024-02-05,30100.0
036930,2024-02-06,29300.0
036930,2024-02-07,28750.0
036930,2024-02-08,30550.0
036930,2024-02-13,31950.0
036930,2024-02-14,32000.0
036930,2024-02-15,31750.0
036930,2024-02-16,31200.0
036930,2024-02-19,30900.0
036930,2024-03-11,35900.0
036930,2024-03-12,36100.0
036930,2024-03-13,35700.0
036930,2024-03-14,34050.0
036930,2024-03-15,34100.0
036930,2024-03-18,34750.0
036930,2024-03-19,33750.0
036930,2024-03-20,34450.0
036930,2024-03-21,35900.0
036930,2024-03-22,35400.0
036930,2024-03-25,34900.0
036930,2024-03-26,36550.0
036930,2024-03-27,37350.0
036930,2024-03-28,37150.0
036930,2024-03-29,36650.0
036930,2024-04-01,35500.0
036930,2024-04-02,36750.0
036930,2024-04-03,35300.0
036930,2024-04-04,37400.0
036930,2024-04-05,38400.0
036930,2024-04-08,36500.0
036930,2024-04-09,35300.0
036930,2024-04-11,36000.0
036930,2024-04-12,36450.0
036930,2024-04-15,36750.0
036930,2024-04-16,34950.0
036930,2024-04-17,34450.0
036930,2024-04-18,34950.0
036930,2024-04-19,33250.0
036930,2024-04-22,32500.0
036930,2024-04-23,32050.0
036930,2024-04-24,33150.0
036930,2024-04-25,34450.0
036930,2024-04-26,35050.0
036930,2024-04-29,34150.0
036930,2024-05-13,32250.0
036930,2024-05-14,32400.0
036930,2024-05-16,33350.0
036930,2024-05-17,32750.0
036930,2024-05-20,32750.0
036930,2024-05-21,32700.0
036930,2024-05-22,33600.0
036930,2024-05-23,33300.0
036930,2024-05-24,33650.0
036930,2024-05-27,33450.0
036930,2024-05-28,33500.0
036930,2024-05-29,33750.0
036930,2024-05-30,32850.0
036930,2024-05-31,32750.0
036930,2024-06-03,32600.0
036930,2024-06-04,31850.0
036930,2024-06-05,33450.0
036930,2024-06-07,35500.0
036930,2024-06-10,34200.0
036930,2024-06-11,33850.0
036930,2024-06-12,36050.0
036930,2024-06-13,36100.0
036930,2024-06-14,34400.0
036930,2024-06-17,34750.0
036930,2024-06-18,35700.0
036930,2024-06-19,36600.0
036930,2024-06-20,35050.0
036930,2024-06-21,34800.0
036930,2024-06-24,33800.0
036930,2024-06-25,33900.0
036930,2024-06-26,34100.0
036930,2024-06-27,34700.0
036930,2024-06-28,37350.0
036930,2024-07-01,38300.0
036930,2024-07-02,37650.0
039030,2023-02-27,75800.0
039030,2023-02-28,76400.0
039030,2023-03-02,75200.0
039030,2023-03-03,73500.0
039030,2023-03-06,75300.0
039030,2023-03-07,74000.0
039030,2023-03-08,72100.0
039030,2023-03-09,73400.0
039030,2023-03-10,71400.0
039030,2023-03-13,71800.0
039030,2023-03-14,68300.0
039030,2023-03-15,70300.0
039030,2023-03-16,73000.0
039030,2023-03-17,76300.0
039030,2023-03-20,77000.0
039030,2023-03-21,75200.0
039030,2023-03-22,75900.0
039030,2023-03-23,75900.0
039030,2023-03-24,81500.0
039030,2023-03-27,80900.0
039030,2023-03-28,84800.0
039030,2023-03-29,84900.0
039030,2023-03-30,88900.0
039030,2023-03-31,89100.0
039030,2023-04-03,87500.0
039030,2023-04-04,89900.0
039030,2023-04-05,87100.0
039030,2023-04-06,85600.0
039030,2023-04-07,87500.0
039030,2023-04-10,86900.0
039030,2023-04-11,89600.0
039030,2023-04-12,87100.0
039030,2023-04-13,85600.0
039030,2023-04-14,86200.0
039030,2023-04-17,85700.0
039030,2023-04-18,83000.0
039200,2024-09-19,35750.0
039200,2024-09-20,37600.0
039200,2024-09-23,37100.0
039200,2024-09-24,36000.0
039200,2024-09-25,34150.0
039200,2024-09-26,34300.0
039200,2024-09-27,32850.0
039200,2024-09-30,34700.0
039200,2024-10-02,33950.0
039200,2024-10-04,38050.0
039200,2024-10-07,38200.0
039200,2024-10-08,37450.0
039200,2024-10-10,38950.0
039200,2024-10-11,39800.0
039200,2024-10-14,38700.0
039200,2024-10-15,42250.0
039200,2024-10-16,42150.0
039200,2024-10-17,39950.0
039200,2024-10-18,40100.0
039200,2024-10-21,39600.0
039200,2024-10-22,38100.0
039200,2024-10-23,33700.0
039200,2024-10-24,31550.0
039200,2024-10-25,28700.0
039200,2024-10-28,29200.0
039200,2024-10-29,28950.0
039200,2024-10-30,28400.0
039200,2024-10-31,28300.0
039200,2024-11-01,27500.0
039200,2024-11-04,28250.0
039440,2024-01-15,26050.0
039440,2024-01-16,25900.0
039440,2024-01-17,25600.0
039440,2024-01-18,26650.0
039440,2024-01-19,28000.0
039440,2024-01-22,29100.0
039440,2024-01-23,27850.0
039440,2024-01-24,30000.0
039440,2024-01-25,28950.0
039440,2024-01-26,27000.0
039440,2024-01-29,26900.0
039440,2024-01-30,28800.0
039440,2024-01-31,26700.0
039440,2024-02-01,26150.0
039440,2024-02-02,27450.0
039440,2024-02-05,27300.0
039440,2024-02-06,29000.0
039440,2024-02-07,28750.0
039440,2024-02-08,30500.0
039440,2024-02-13,33650.0
039440,2024-02-14,33800.0
039440,2024-02-15,34950.0
039440,2024-02-16,32350.0
039440,2024-02-19,32500.0
039440,2024-02-20,34000.0
039440,2024-02-21,32750.0
039440,2024-02-22,35200.0
039440,2024-02-23,34250.0
039440,2024-02-26,35400.0
039440,2024-02-27,33900.0
039440,2024-02-28,34650.0
039440,2024-02-29,32800.0
039440,2024-03-04,34350.0
039440,2024-03-25,34350.0
039440,2024-03-26,35400.0
039440,2024-03-27,36650.0
039440,2024-03-28,36750.0
039440,2024-03-29,36500.0
039440,2024-04-01,34900.0
039440,2024-04-02,34700.0
039440,2024-04-03,33900.0
039440,2024-04-04,36000.0
039440,2024-04-05,34300.0
039440,2024-04-08,33300.0
039440,2024-04-09,32050.0
039440,2024-04-11,33350.0
039440,2024-04-12,35200.0
039440,2024-04-15,35750.0
039440,2024-04-16,34200.0
039440,2024-04-17,36250.0
039440,2024-04-18,42000.0
039440,2024-04-19,37950.0
039440,2024-04-22,34650.0
039440,2024-04-23,33100.0
039440,2024-04-24,35000.0
039440,2024-04-25,36700.0
039440,2024-04-26,38200.0
039440,2024-04-29,36550.0
039440,2024-04-30,36250.0
039440,2024-05-02,35750.0
039440,2024-05-03,34900.0
039440,2024-05-07,36400.0
039440,2024-05-08,35550.0
039440,2024-05-09,33450.0
039440,2024-05-10,32550.0
039440,2024-05-13,31850.0
039440,2024-05-24,33150.0
039440,2024-05-27,33950.0
039440,2024-05-28,34050.0
039440,2024-05-29,33500.0
039440,2024-05-30,32400.0
039440,2024-05-31,31950.0
039440,2024-06-03,31600.0
039440,2024-06-04,31750.0
039440,2024-06-05,32150.0
039440,2024-06-07,33850.0
039440,2024-06-10,34100.0
039440,2024-06-11,35100.0
039440,2024-06-12,35650.0
039440,2024-06-13,35850.0
039440,2024-06-14,34450.0
039440,2024-06-17,34750.0
039440,2024-06-18,37150.0
039440,2024-06-19,39700.0
039440,2024-06-20,38950.0
039440,2024-06-21,37950.0
039440,2024-06-24,38300.0
039440,2024-06-25,41200.0
039440,2024-06-26,40600.0
039440,2024-06-27,40200.0
039440,2024-06-28,39750.0
039440,2024-07-01,37850.0
039440,2024-07-02,37700.0
039440,2024-07-03,37000.0
039440,2024-07-04,38050.0
039440,2024-07-05,37650.0
039440,2024-07-08,36500.0
039440,2024-07-09,37550.0
039440,2024-07-10,36050.0
039440,2024-07-11,35550.0
039440,2024-07-12,34300.0
039610,2024-06-24,8380.0
039610,2024-06-25,8390.0
039610,2024-06-26,8300.0
039610,2024-06-27,7780.0
039610,2024-06-28,7860.0
039610,2024-07-01,7140.0
039610,2024-07-02,7020.0
039610,2024-07-03,7120.0
039610,2024-07-04,7010.0
039610,2024-07-05,7060.0
039610,2024-07-08,7170.0
039610,2024-07-09,7270.0
039610,2024-07-10,7130.0
039610,2024-07-11,7250.0
039610,2024-07-12,6950.0
039610,2024-07-15,7310.0
039610,2024-07-16,7120.0
039610,2024-07-17,7340.0
039610,2024-07-18,9180.0
039610,2024-07-19,9280.0
039610,2024-07-22,9750.0
039610,2024-07-23,10990.0
039610,2024-07-24,10270.0
039610,2024-07-25,9780.0
039610,2024-07-26,10270.0
039610,2024-07-29,11950.0
039610,2024-07-30,10830.0
039610,2024-07-31,11020.0
039610,2024-08-01,11250.0
039610,2024-08-02,10080.0
039610,2024-08-05,9540.0
039610,2024-08-06,9950.0
039610,2024-08-07,11560.0
039610,2024-08-08,10950.0
039610,2024-08-09,11250.0
039610,2024-08-12,11350.0
039610,2024-08-13,10770.0
039610,2024-10-28,9700.0
039610,2024-10-29,9760.0
039610,2024-10-30,9510.0
039610,2024-10-31,9480.0
039610,2024-11-01,9270.0
039610,2024-11-04,10930.0
039610,2024-11-05,11050.0
039610,2024-11-06,11070.0
039610,2024-11-07,10530.0
039610,2024-11-08,10690.0
039610,2024-11-11,10550.0
039610,2024-11-12,10210.0
039610,2024-11-13,10110.0
039610,2024-11-14,9770.0
039610,2024-11-15,9970.0
039610,2024-11-18,10190.0
039610,2024-11-19,10820.0
039610,2024-11-20,10470.0
039610,2024-11-21,10950.0
039610,2024-11-22,11660.0
039610,2024-11-25,12460.0
039610,2024-11-26,12510.0
039610,2024-11-27,11330.0
039610,2024-11-28,11020.0
039610,2024-11-29,11160.0
039610,2024-12-02,9930.0
039610,2024-12-03,10140.0
039610,2024-12-04,7500.0
039610,2024-12-05,7900.0
039610,2024-12-06,7620.0
039610,2024-12-09,7050.0
039610,2024-12-10,7760.0
039610,2024-12-11,7540.0
039610,2024-12-12,7580.0
039610,2024-12-13,7330.0
039610,2024-12-16,7930.0
039610,2024-12-17,7890.0
039980,2024-04-08,9871.661039837947
039980,2024-04-09,9796.610398379473
039980,2024-04-11,9586.468602295745
039980,2024-04-12,9966.725185685347
039980,2024-04-15,9656.515867656988
039980,2024-04-16,9151.174881836596
039980,2024-04-17,8815.94868332208
039980,2024-04-18,8675.854152599595
039980,2024-04-19,8445.698852126941
039980,2024-04-22,8300.600945307224
039980,2024-04-23,8185.523295070898
039980,2024-04-24,9896.677920324104
039980,2024-04-25,10757.25860904794
039980,2024-04-26,10457.056043214045
039980,2024-04-29,11182.545577312623
039980,2024-04-30,10757.25860904794
039980,2024-05-02,11432.714382174208
039980,2024-05-03,13484.098582039162
039980,2024-05-07,14409.723160027008
039980,2024-05-08,18712.626603646186
039980,2024-05-09,18587.542201215398
039980,2024-05-10,18862.72788656313
039980,2024-05-13,17686.934503713706
039980,2024-05-14,17036.4956110736
039980,2024-05-16,17586.866981769075
039980,2024-05-17,17736.96826468602
039980,2024-05-20,19288.01485482782
039980,2024-05-21,18187.272113436866
039980,2024-05-22,18437.440918298445
039980,2024-05-23,16861.377447670493
039980,2024-05-24,17461.782579338284
039980,2024-05-27,18387.407157326128
039980,2024-07-26,13008.77785280216
039980,2024-07-29,12933.727211343688
039980,2024-07-30,12183.220796758946
039980,2024-07-31,12108.170155300471
039980,2024-08-01,12758.60904794058
039980,2024-08-02,11607.832545577312
039980,2024-08-05,9881.66779203241
039980,2024-08-06,10932.376772451044
039980,2024-08-07,10882.34301147873
039980,2024-08-08,10331.971640783251
039980,2024-08-09,11157.528696826468
039980,2024-08-12,11057.461174881835
039980,2024-08-13,10782.2754895341
039980,2024-08-14,11032.444294395678
039980,2024-08-16,11482.748143146522
039980,2024-08-19,11157.528696826468
039980,2024-08-20,14334.672518568534
039980,2024-08-21,13559.149223497636
039980,2024-08-22,12633.52464550979
039980,2024-08-23,12283.28831870358
039980,2024-08-26,12558.474004051315
039980,2024-08-27,14259.62187711006
039980,2024-08-28,14234.604996623902
039980,2024-08-29,13684.233625928426
039980,2024-08-30,14259.62187711006
039980,2024-09-02,14835.010128291691
039980,2024-09-03,13584.166103983796
039980,2024-09-04,13033.794733288318
039980,2024-09-05,13158.879135719108
039980,2024-09-06,12033.119513841995
039980,2024-09-09,12808.642808912897
039980,2024-09-10,12458.406482106684
039980,2024-09-11,12358.338960162053
039980,2024-09-12,13333.997299122211
039980,2024-09-13,13158.879135719108
041020,2023-09-25,4175.0
041020,2023-09-26,4050.0
041020,2023-09-27,4125.0
041020,2023-10-04,3895.0
041020,2023-10-05,5060.0
041020,2023-10-06,5180.0
041020,2023-10-10,4445.0
041020,2023-10-11,4585.0
041020,2023-10-12,5250.0
041020,2023-10-13,5290.0
041020,2023-10-16,5310.0
041020,2023-10-17,5240.0
041020,2023-10-18,5320.0
041020,2023-10-19,4760.0
041020,2023-10-20,4345.0
041020,2023-10-23,4225.0
041020,2023-10-24,4545.0
041020,2023-10-25,4285.0
041020,2023-10-26,4225.0
041020,2023-10-27,4215.0
041020,2023-10-30,4405.0
041020,2023-10-31,4100.0
041020,2023-11-01,4215.0
041020,2023-11-02,4525.0
041020,2023-11-03,4735.0
041020,2023-11-06,4865.0
041020,2023-11-07,4635.0
041020,2023-11-08,4435.0
041020,2023-11-09,4365.0
041020,2023-11-10,4305.0
041020,2024-02-05,6210.0
041020,2024-02-06,6070.0
041020,2024-02-07,6660.0
041020,2024-02-08,6650.0
041020,2024-02-13,6410.0
041020,2024-02-14,6860.0
041020,2024-02-15,6750.0
041020,2024-02-16,6990.0
041020,2024-02-19,6910.0
041020,2024-02-20,6700.0
041020,2024-02-21,6400.0
041020,2024-02-22,7060.0
041020,2024-02-23,7250.0
041020,2024-02-26,6750.0
041020,2024-02-27,6690.0
041020,2024-02-28,6520.0
041020,2024-02-29,7940.0
041020,2024-03-04,8000.0
041020,2024-03-05,7640.0
041020,2024-03-06,7970.0
041020,2024-03-07,7800.0
041020,2024-03-08,7530.0
041020,2024-03-11,7430.0
041020,2024-03-12,7270.0
041020,2024-03-13,7550.0
041020,2024-03-14,7330.0
041020,2024-03-15,7210.0
041020,2024-03-18,7390.0
041020,2024-03-19,7280.0
041020,2024-03-20,7340.0
041020,2024-03-21,7240.0
041020,2024-03-22,7160.0
041020,2024-03-25,7000.0
041020,2024-10-21,4860.0
041020,2024-10-22,4735.0
041020,2024-10-23,4835.0
041020,2024-10-24,4670.0
041020,2024-10-25,4980.0
041020,2024-10-28,5060.0
041020,2024-10-29,5120.0
041020,2024-10-30,5370.0
041020,2024-10-31,5230.0
041020,2024-11-01,5070.0
041020,2024-11-04,5160.0
041020,2024-11-05,5130.0
041020,2024-11-06,5320.0
041020,2024-11-07,5260.0
041020,2024-11-08,5320.0
041020,2024-11-11,5080.0
041020,2024-11-12,4790.0
041020,2024-11-13,4785.0
041020,2024-11-14,4985.0
041020,2024-11-15,5400.0
041020,2024-11-18,5900.0
041020,2024-11-19,5490.0
041020,2024-11-20,5530.0
041020,2024-11-21,5260.0
041020,2024-11-22,5500.0
041020,2024-11-25,5780.0
041020,2024-11-26,5850.0
041020,2024-11-27,6890.0
041020,2024-11-28,6500.0
041020,2024-11-29,6530.0
041020,2024-12-02,6510.0
041020,2024-12-03,6440.0
041020,2024-12-04,5950.0
041020,2024-12-05,6120.0
041020,2024-12-06,5670.0
041020,2024-12-09,5300.0
041020,2024-12-10,5660.0
041190,2024-06-20,8220.0
041190,2024-06-21,8120.0
041190,2024-06-24,7680.0
041190,2024-06-25,7780.0
041190,2024-06-26,7740.0
041190,2024-06-27,7720.0
041190,2024-06-28,7840.0
041190,2024-07-01,8230.0
041190,2024-07-02,8060.0
041190,2024-07-03,7900.0
041190,2024-07-04,7700.0
041190,2024-07-05,7380.0
041190,2024-07-08,7390.0
041190,2024-07-09,7450.0
041190,2024-07-10,7550.0
041190,2024-07-11,7420.0
041190,2024-07-12,7380.0
041190,2024-07-15,8500.0
041190,2024-07-16,8830.0
041190,2024-07-17,9040.0
041190,2024-07-18,8820.0
041190,2024-07-19,8450.0
041190,2024-07-22,8750.0
041190,2024-07-23,8600.0
041190,2024-07-24,8670.0
041190,2024-07-25,8200.0
041190,2024-07-26,8710.0
041190,2024-07-29,9010.0
041190,2024-07-30,8370.0
041190,2024-07-31,8440.0
041190,2024-08-01,8270.0
041190,2024-08-02,7840.0
041190,2024-08-05,6510.0
041190,2024-08-06,7160.0
041190,2024-08-07,7300.0
041190,2024-08-08,7230.0
041190,2024-08-09,7510.0
041510,2023-12-04,83000.0
041510,2023-12-05,82500.0
041510,2023-12-06,86900.0
041510,2023-12-07,84700.0
041510,2023-12-08,88200.0
041510,2023-12-11,86400.0
041510,2023-12-12,84100.0
041510,2023-12-13,85800.0
041510,2023-12-14,84100.0
041510,2023-12-15,85800.0
041510,2023-12-18,87200.0
041510,2023-12-19,90300.0
041510,2023-12-20,89400.0
041510,2023-12-21,91000.0
041510,2023-12-22,90100.0
041510,2023-12-26,90400.0
041510,2023-12-27,93600.0
041510,2023-12-28,92100.0
041510,2024-01-02,93300.0
041510,2024-01-03,90000.0
041510,2024-01-04,90000.0
041510,2024-01-05,93700.0
041510,2024-01-08,93300.0
041510,2024-01-09,95000.0
041510,2024-01-10,94600.0
041510,2024-01-11,95300.0
041510,2024-01-12,88200.0
041510,2024-01-15,85500.0
041510,2024-01-16,80000.0
041510,2024-01-17,79800.0
041510,2024-01-18,79300.0
041510,2024-01-19,79100.0
041510,2024-04-29,80400.0
041510,2024-04-30,79300.0
041510,2024-05-02,81600.0
041510,2024-05-03,85800.0
041510,2024-05-07,86000.0
041510,2024-05-08,84300.0
041510,2024-05-09,82200.0
041510,2024-05-10,83200.0
041510,2024-05-13,78500.0
041510,2024-05-14,81000.0
041510,2024-05-16,82700.0
041510,2024-05-17,85900.0
041510,2024-05-20,81700.0
041510,2024-05-21,81900.0
041510,2024-05-22,81600.0
041510,2024-05-23,90800.0
041510,2024-05-24,91000.0
041510,2024-05-27,95800.0
041510,2024-05-28,90700.0
041510,2024-05-29,86500.0
041510,2024-05-30,90100.0
041510,2024-05-31,91300.0
041510,2024-06-03,89200.0
041510,2024-06-04,81900.0
041510,2024-06-05,85500.0
041510,2024-06-07,83500.0
041510,2024-06-10,85600.0
041510,2024-06-11,83200.0
041510,2024-06-12,81400.0
041510,2024-06-13,82000.0
041510,2024-06-14,79900.0
041510,2024-06-17,80000.0
042000,2024-10-18,25350.0
042000,2024-10-21,25700.0
042000,2024-10-22,24950.0
042000,2024-10-23,25000.0
042000,2024-10-24,24900.0
042000,2024-10-25,24700.0
042000,2024-10-28,24650.0
042000,2024-10-29,24700.0
042000,2024-10-30,24650.0
042000,2024-10-31,24050.0
042000,2024-11-01,23700.0
042000,2024-11-04,24800.0
042000,2024-11-05,24400.0
042000,2024-11-06,23700.0
042000,2024-11-07,23900.0
042000,2024-11-08,28050.0
042000,2024-11-11,28200.0
042000,2024-11-12,28850.0
042000,2024-11-13,27350.0
042000,2024-11-14,30150.0
042000,2024-11-15,30200.0
042000,2024-11-18,29100.0
042000,2024-11-19,29300.0
042000,2024-11-20,30000.0
042000,2024-11-21,29450.0
042000,2024-11-22,30450.0
042000,2024-11-25,31150.0
042000,2024-11-26,31600.0
042000,2024-11-27,34650.0
042000,2024-11-28,34500.0
042000,2024-11-29,33150.0
042000,2024-12-02,32500.0
042000,2024-12-03,33750.0
042000,2024-12-04,33350.0
042000,2024-12-05,34650.0
042000,2024-12-06,34850.0
042370,2023-08-28,8240.0
042370,2023-08-29,8250.0
042370,2023-08-30,7980.0
042370,2023-08-31,7780.0
042370,2023-09-01,7650.0
042370,2023-09-04,7540.0
042370,2023-09-05,7640.0
042370,2023-09-06,7360.0
042370,2023-09-07,7190.0
042370,2023-09-08,7250.0
042370,2023-09-11,7220.0
042370,2023-09-12,7080.0
042370,2023-09-13,7010.0
042370,2023-09-14,7150.0
042370,2023-09-15,7140.0
042370,2023-09-18,7120.0
042370,2023-09-19,8470.0
042370,2023-09-20,9730.0
042370,2023-09-21,12100.0
042370,2023-09-22,9120.0
042370,2023-09-25,8390.0
042370,2023-09-26,8510.0
042370,2023-09-27,8370.0
042370,2023-10-04,8260.0
042370,2023-10-05,8030.0
042370,2023-10-06,8800.0
042370,2023-10-10,8190.0
042370,2023-10-11,8620.0
042370,2023-10-12,8630.0
042370,2023-10-13,8260.0
042660,2024-10-14,30700.0
042660,2024-10-15,31150.0
042660,2024-10-16,30950.0
042660,2024-10-17,31350.0
042660,2024-10-18,30850.0
042660,2024-10-21,31000.0
042660,2024-10-22,30500.0
042660,2024-10-23,30550.0
042660,2024-10-24,29750.0
042660,2024-10-25,29750.0
042660,2024-10-28,29550.0
042660,2024-10-29,28450.0
042660,2024-10-30,27550.0
042660,2024-10-31,26750.0
042660,2024-11-01,26800.0
042660,2024-11-04,27050.0
042660,2024-11-05,27600.0
042660,2024-11-06,27800.0
042660,2024-11-07,33850.0
042660,2024-11-08,36200.0
042660,2024-11-11,37300.0
042660,2024-11-12,36800.0
042660,2024-11-13,33800.0
042660,2024-11-14,39200.0
042660,2024-11-15,39100.0
042660,2024-11-18,38100.0
042660,2024-11-19,37050.0
042660,2024-11-20,37550.0
042660,2024-11-21,35850.0
042660,2024-11-22,38150.0
042660,2024-11-25,37750.0
042660,2024-11-26,36000.0
042660,2024-11-27,36400.0
042660,2024-11-28,36000.0
042660,2024-11-29,35000.0
042660,2024-12-02,33200.0
042660,2024-12-03,34500.0
042660,2024-12-04,33750.0
042660,2024-12-05,32550.0
042660,2024-12-06,31900.0
042660,2024-12-09,29850.0
042660,2024-12-10,31800.0
042660,2024-12-11,33100.0
042660,2024-12-12,33150.0
042660,2024-12-13,34050.0
042660,2024-12-16,33700.0
042660,2024-12-17,32300.0
042660,2024-12-18,32350.0
042660,2024-12-19,32250.0
042660,2024-12-20,33400.0
042660,2024-12-23,35750.0
042660,2024-12-24,36000.0
042660,2024-12-26,37750.0
042660,2024-12-27,36900.0
042660,2024-12-30,37350.0
042660,2025-01-02,37800.0
042660,2025-01-03,37350.0
042660,2025-01-06,38100.0
042660,2025-01-07,42900.0
042660,2025-01-08,44300.0
042660,2025-01-09,44750.0
042660,2025-01-10,45000.0
042660,2025-01-13,45150.0
042660,2025-01-14,47950.0
042660,2025-01-15,51000.0
042660,2025-01-16,51500.0
042660,2025-01-17,50700.0
042660,2025-01-20,51800.0
042670,2023-01-19,7480.0
042670,2023-01-20,7390.0
042670,2023-01-25,7270.0
042670,2023-01-26,7310.0
042670,2023-01-27,7620.0
042670,2023-01-30,7610.0
042670,2023-01-31,7750.0
042670,2023-02-01,7380.0
042670,2023-02-02,7410.0
042670,2023-02-03,7440.0
042670,2023-02-06,7520.0
042670,2023-02-07,7350.0
042670,2023-02-08,7560.0
042670,2023-02-09,7740.0
042670,2023-02-10,7800.0
042670,2023-02-13,8210.0
042670,2023-02-14,8280.0
042670,2023-02-15,8350.0
042670,2023-02-16,8690.0
042670,2023-02-17,9300.0
042670,2023-02-20,9370.0
042670,2023-02-21,9360.0
042670,2023-02-22,9400.0
042670,2023-02-23,9000.0
042670,2023-02-24,8880.0
042670,2023-02-27,8660.0
042670,2023-02-28,8540.0
042670,2023-03-02,9150.0
042670,2023-03-03,8930.0
042670,2023-03-06,8580.0
042670,2023-03-07,8490.0
042670,2023-03-08,8350.0
042670,2023-03-09,8260.0
042670,2023-03-10,8110.0
042670,2023-03-20,7530.0
042670,2023-03-21,7400.0
042670,2023-03-22,7470.0
042670,2023-03-23,7380.0
042670,2023-03-24,7430.0
042670,2023-03-27,7190.0
042670,2023-03-28,7380.0
042670,2023-03-29,7400.0
042670,2023-03-30,7410.0
042670,2023-03-31,7530.0
042670,2023-04-03,7550.0
042670,2023-04-04,8000.0
042670,2023-04-05,7670.0
042670,2023-04-06,7640.0
042670,2023-04-07,7430.0
042670,2023-04-10,7370.0
042670,2023-04-11,7540.0
042670,2023-04-12,8950.0
042670,2023-04-13,9060.0
042670,2023-04-14,9220.0
042670,2023-04-17,9380.0
042670,2023-04-18,9110.0
042670,2023-04-19,8960.0
042670,2023-04-20,8780.0
042670,2023-04-21,8790.0
042670,2023-04-24,8980.0
042670,2023-04-25,9170.0
042670,2023-04-26,9410.0
042670,2023-04-27,9890.0
042670,2023-04-28,9860.0
042670,2023-05-02,10210.0
042670,2023-05-03,10300.0
042670,2023-05-04,10720.0
042670,2024-02-13,7820.0
042670,2024-02-14,7750.0
042670,2024-02-15,7700.0
042670,2024-02-16,7990.0
042670,2024-02-19,7990.0
042670,2024-02-20,8000.0
042670,2024-02-21,7920.0
042670,2024-02-22,7920.0
042670,2024-02-23,7860.0
042670,2024-02-26,8010.0
042670,2024-02-27,7820.0
042670,2024-02-28,8180.0
042670,2024-02-29,8050.0
042670,2024-03-04,7990.0
042670,2024-03-05,7960.0
042670,2024-03-06,7970.0
042670,2024-03-07,8020.0
042670,2024-03-08,8300.0
042670,2024-03-11,7970.0
042670,2024-03-12,7860.0
042670,2024-03-13,8320.0
042670,2024-03-14,8260.0
042670,2024-03-15,8390.0
042670,2024-03-18,8370.0
042670,2024-03-19,8220.0
042670,2024-03-20,8270.0
042670,2024-03-21,8570.0
042670,2024-03-22,8480.0
042670,2024-03-25,8210.0
042670,2024-03-26,8320.0
042670,2024-03-27,8440.0
042670,2024-03-28,8560.0
042670,2024-03-29,8430.0
042670,2024-04-01,8360.0
042670,2024-04-02,8250.0
042670,2024-11-01,6680.0
042670,2024-11-04,6700.0
042670,2024-11-05,6730.0
042670,2024-11-06,7420.0
042670,2024-11-07,7350.0
042670,2024-11-08,7380.0
042670,2024-11-11,7470.0
042670,2024-11-12,7330.0
042670,2024-11-13,7220.0
042670,2024-11-14,7150.0
042670,2024-11-15,7470.0
042670,2024-11-18,7410.0
042670,2024-11-19,7220.0
042670,2024-11-20,7230.0
042670,2024-11-21,7280.0
042670,2024-11-22,7240.0
042670,2024-11-25,7470.0
042670,2024-11-26,7790.0
042670,2024-11-27,7640.0
042670,2024-11-28,7720.0
042670,2024-11-29,7580.0
042670,2024-12-02,7400.0
042670,2024-12-03,7480.0
042670,2024-12-04,7160.0
042670,2024-12-05,6940.0
042670,2024-12-06,6980.0
042670,2024-12-09,6640.0
042670,2024-12-10,7290.0
042670,2024-12-11,7310.0
042670,2024-12-12,7140.0
042670,2024-12-13,7180.0
042670,2024-12-16,7100.0
042670,2024-12-17,7000.0
042670,2024-12-18,7040.0
042670,2024-12-19,7030.0
042670,2024-12-20,6840.0
042700,2024-01-12,57100.0
042700,2024-01-15,56200.0
042700,2024-01-16,52700.0
042700,2024-01-17,52400.0
042700,2024-01-18,56200.0
042700,2024-01-19,57700.0
042700,2024-01-22,57700.0
042700,2024-01-23,57700.0
042700,2024-01-24,59200.0
042700,2024-01-25,57700.0
042700,2024-01-26,58700.0
042700,2024-01-29,59800.0
042700,2024-01-30,59500.0
042700,2024-01-31,58700.0
042700,2024-02-01,57400.0
042700,2024-02-02,59400.0
042700,2024-02-05,58800.0
042700,2024-02-06,61000.0
042700,2024-02-07,60400.0
042700,2024-02-08,78500.0
042700,2024-02-13,81000.0
042700,2024-02-14,79000.0
042700,2024-02-15,75500.0
042700,2024-02-16,75400.0
042700,2024-02-19,74500.0
042700,2024-02-20,74500.0
042700,2024-02-21,71600.0
042700,2024-02-22,76400.0
042700,2024-02-23,73800.0
042700,2024-02-26,77700.0
042700,2024-02-27,82700.0
042700,2024-02-28,90100.0
042700,2024-02-29,84800.0
042700,2024-11-22,83400.0
042700,2024-11-25,84200.0
042700,2024-11-26,80700.0
042700,2024-11-27,76600.0
042700,2024-11-28,76900.0
042700,2024-11-29,74600.0
042700,2024-12-02,72300.0
042700,2024-12-03,74900.0
042700,2024-12-04,74100.0
042700,2024-12-05,74400.0
042700,2024-12-06,72300.0
042700,2024-12-09,70100.0
042700,2024-12-10,71000.0
042700,2024-12-11,80900.0
042700,2024-12-12,83800.0
042700,2024-12-13,83000.0
042700,2024-12-16,83800.0
042700,2024-12-17,86700.0
042700,2024-12-18,86900.0
042700,2024-12-19,84900.0
042700,2024-12-20,79800.0
042700,2024-12-23,86700.0
042700,2024-12-24,84700.0
042700,2024-12-26,82500.0
042700,2024-12-27,83200.0
042700,2024-12-30,82500.0
042700,2025-01-02,87100.0
042700,2025-01-03,93300.0
042700,2025-01-06,99500.0
042700,2025-01-07,101300.0
042700,2025-01-08,115800.0
042700,2025-01-09,115500.0
042700,2025-01-10,112900.0
047050,2023-01-30,23350.0
047050,2023-01-31,23450.0
047050,2023-02-01,23750.0
047050,2023-02-02,23300.0
047050,2023-02-03,23200.0
047050,2023-02-06,23300.0
047050,2023-02-07,22200.0
047050,2023-02-08,22200.0
047050,2023-02-09,22050.0
047050,2023-02-10,22300.0
047050,2023-02-13,23050.0
047050,2023-02-14,22750.0
047050,2023-02-15,22350.0
047050,2023-02-16,22900.0
047050,2023-02-17,22700.0
047050,2023-02-20,22650.0
047050,2023-02-21,23550.0
047050,2023-02-22,24050.0
047050,2023-02-23,23850.0
047050,2023-02-24,24200.0
047050,2023-02-27,23350.0
047050,2023-02-28,22600.0
047050,2023-03-02,23050.0
047050,2023-03-03,22850.0
047050,2023-03-06,22600.0
047050,2023-03-07,22500.0
047050,2023-03-08,22150.0
047050,2023-03-09,22100.0
047050,2023-03-10,21400.0
047050,2023-03-13,21650.0
047050,2023-03-14,20900.0
047050,2023-03-15,21050.0
047050,2023-03-16,20700.0
047050,2023-03-17,20750.0
047050,2023-11-23,58200.0
047050,2023-11-24,58900.0
047050,2023-11-27,57300.0
047050,2023-11-28,57600.0
047050,2023-11-29,58000.0
047050,2023-11-30,57200.0
047050,2023-12-01,55700.0
047050,2023-12-04,54900.0
047050,2023-12-05,53400.0
047050,2023-12-06,55600.0
047050,2023-12-07,56600.0
047050,2023-12-08,56900.0
047050,2023-12-11,56900.0
047050,2023-12-12,56800.0
047050,2023-12-13,55200.0
047050,2023-12-14,56000.0
047050,2023-12-15,58500.0
047050,2023-12-18,61200.0
047050,2023-12-19,59400.0
047050,2023-12-20,59200.0
047050,2023-12-21,59600.0
047050,2023-12-22,58000.0
047050,2023-12-26,56300.0
047050,2023-12-27,62300.0
047050,2023-12-28,62400.0
047050,2024-01-02,59200.0
047050,2024-01-03,58400.0
047050,2024-01-04,57700.0
047050,2024-01-05,58200.0
047050,2024-01-08,56600.0
047050,2024-01-09,55400.0
047050,2024-01-10,54000.0
047050,2024-01-11,54000.0
047050,2024-01-12,54300.0
047310,2023-12-11,6690.0
047310,2023-12-12,6660.0
047310,2023-12-13,6320.0
047310,2023-12-14,6300.0
047310,2023-12-15,6590.0
047310,2023-12-18,6450.0
047310,2023-12-19,6660.0
047310,2023-12-20,6590.0
047310,2023-12-21,6440.0
047310,2023-12-22,6360.0
047310,2023-12-26,6530.0
047310,2023-12-27,6670.0
047310,2023-12-28,6670.0
047310,2024-01-02,6650.0
047310,2024-01-03,6740.0
047310,2024-01-04,7630.0
047310,2024-01-05,7400.0
047310,2024-01-08,9620.0
047310,2024-01-09,9680.0
047310,2024-01-10,8950.0
047310,2024-01-11,9040.0
047310,2024-01-12,8520.0
047310,2024-01-15,8370.0
047310,2024-01-16,8190.0
047310,2024-01-17,7670.0
047310,2024-01-18,7820.0
047310,2024-01-19,8260.0
047310,2024-01-22,10730.0
047310,2024-01-23,11230.0
047310,2024-01-24,11100.0
047310,2024-01-25,10430.0
047310,2024-01-26,12730.0
047310,2024-01-29,12100.0
047810,2024-04-01,52100.0
047810,2024-04-02,52300.0
047810,2024-04-03,50300.0
047810,2024-04-04,50600.0
047810,2024-04-05,49950.0
047810,2024-04-08,49100.0
047810,2024-04-09,49450.0
047810,2024-04-11,49650.0
047810,2024-04-12,48600.0
047810,2024-04-15,49900.0
047810,2024-04-16,48750.0
047810,2024-04-17,48550.0
047810,2024-04-18,49050.0
047810,2024-04-19,49200.0
047810,2024-04-22,50100.0
047810,2024-04-23,51300.0
047810,2024-04-24,52600.0
047810,2024-04-25,52500.0
047810,2024-04-26,52800.0
047810,2024-04-29,53700.0
047810,2024-04-30,51800.0
047810,2024-05-02,54100.0
047810,2024-05-03,53200.0
047810,2024-05-07,53200.0
047810,2024-05-08,53300.0
047810,2024-05-09,53100.0
047810,2024-05-10,53500.0
047810,2024-05-13,54300.0
047810,2024-05-14,54500.0
047810,2024-05-16,54900.0
047810,2024-05-17,54300.0
047810,2024-07-04,49050.0
047810,2024-07-05,49400.0
047810,2024-07-08,49900.0
047810,2024-07-09,50300.0
047810,2024-07-10,49600.0
047810,2024-07-11,49250.0
047810,2024-07-12,49050.0
047810,2024-07-15,49400.0
047810,2024-07-16,48900.0
047810,2024-07-17,50000.0
047810,2024-07-18,49100.0
047810,2024-07-19,49100.0
047810,2024-07-22,48900.0
047810,2024-07-23,49700.0
047810,2024-07-24,50600.0
047810,2024-07-25,49650.0
047810,2024-07-26,51100.0
047810,2024-07-29,54600.0
047810,2024-07-30,57100.0
047810,2024-07-31,57000.0
047810,2024-08-01,57400.0
047810,2024-08-02,55200.0
047810,2024-08-05,50200.0
047810,2024-08-06,51500.0
047810,2024-08-07,53400.0
047810,2024-08-08,54300.0
047810,2024-08-09,53700.0
047810,2024-08-12,54900.0
047810,2024-08-13,55900.0
047810,2024-08-14,58600.0
047810,2024-08-16,57400.0
047810,2024-08-19,58200.0
047810,2024-08-20,57600.0
047810,2024-08-21,55800.0
047810,2024-08-22,55500.0
047810,2024-08-23,55800.0
047920,2024-01-04,12716.666666666666
047920,2024-01-05,12707.451690821255
047920,2024-01-08,12596.871980676327
047920,2024-01-09,12818.031400966183
047920,2024-01-10,12495.507246376812
047920,2024-01-11,12532.367149758456
047920,2024-01-12,12301.992753623188
047920,2024-01-15,12071.618357487923
047920,2024-01-16,12117.693236714977
047920,2024-01-17,12320.42270531401
047920,2024-01-18,12707.451690821255
047920,2024-01-19,12431.002415458936
047920,2024-01-22,12541.582125603863
047920,2024-01-23,12993.115942028986
047920,2024-01-24,12560.012077294688
047920,2024-01-25,13158.985507246376
047920,2024-01-26,13923.82850241546
047920,2024-01-29,15269.21497584541
047920,2024-01-30,16494.806763285025
047920,2024-01-31,16872.62077294686
047920,2024-02-01,16310.507246376812
047920,2024-02-02,17646.67874396135
047920,2024-02-05,19581.823671497583
047920,2024-02-06,20134.722222222223
047920,2024-02-07,19858.272946859903
047920,2024-02-08,19167.149758454107
047920,2024-02-13,18890.700483091787
047920,2024-02-14,17895.48309178744
047920,2024-02-15,16817.330917874395
047920,2024-02-16,16725.181159420288
047920,2024-02-19,17941.557971014492
047920,2024-02-20,17849.408212560385
047920,2024-02-21,17692.753623188404
047920,2024-02-22,17259.649758454107
047920,2024-02-23,17056.920289855072
048410,2023-04-10,9988.972431077693
048410,2023-04-11,9965.413533834586
048410,2023-04-12,10153.884711779448
048410,2023-04-13,10224.561403508773
048410,2023-04-14,10106.766917293233
048410,2023-04-17,9729.824561403508
048410,2023-04-18,9753.383458646616
048410,2023-04-19,9753.383458646616
048410,2023-04-20,9447.117794486216
048410,2023-04-21,9776.942355889723
048410,2023-04-24,9447.117794486216
048410,2023-04-25,9282.20551378446
048410,2023-04-26,9107.869674185464
048410,2023-04-27,9494.235588972431
048410,2023-04-28,9541.353383458649
048410,2023-05-02,10224.561403508773
048410,2023-05-03,9682.706766917292
048410,2023-05-04,11025.563909774435
048410,2023-05-08,10907.769423558895
048410,2023-05-09,10130.32581453634
048410,2023-05-10,9894.736842105263
048410,2023-05-11,10012.531328320802
048410,2023-05-12,10177.443609022555
048410,2023-05-15,10248.12030075188
048410,2023-05-16,10460.15037593985
048410,2023-05-17,10413.032581453634
048410,2023-05-18,10460.15037593985
048410,2023-05-19,10837.092731829573
048410,2023-05-22,10837.092731829573
048410,2023-05-23,10837.092731829573
048410,2023-05-24,10742.857142857143
048410,2023-05-25,10672.18045112782
048410,2023-05-26,10648.621553884712
048410,2023-07-10,10978.44611528822
048410,2023-07-11,11049.122807017544
048410,2023-07-12,11119.799498746866
048410,2023-07-13,11308.270676691727
048410,2023-07-14,11096.24060150376
048410,2023-07-17,11143.358395989975
048410,2023-07-18,10907.769423558895
048410,2023-07-19,11119.799498746866
048410,2023-07-20,11214.035087719298
048410,2023-07-21,11402.50626566416
048410,2023-07-24,11214.035087719298
048410,2023-07-25,10907.769423558895
048410,2023-07-26,10625.062656641603
048410,2023-07-27,11237.593984962405
048410,2023-07-28,11214.035087719298
048410,2023-07-31,11708.77192982456
048410,2023-08-01,11426.065162907267
048410,2023-08-02,11119.799498746866
048410,2023-08-03,13145.864661654135
048410,2023-08-04,11378.947368421052
048410,2023-08-07,10907.769423558895
048410,2023-08-08,10931.328320802004
048410,2023-08-09,13122.305764411029
048410,2023-08-10,13216.541353383458
048410,2023-08-11,13475.689223057643
048410,2023-08-14,12203.508771929824
048410,2023-08-16,13475.689223057643
048410,2023-08-17,13075.187969924811
048410,2023-08-18,13546.365914786968
048410,2023-08-21,12792.481203007515
048410,2023-08-22,12745.363408521303
048410,2023-08-23,11967.919799498746
048410,2023-08-24,11967.919799498746
048410,2023-08-25,12062.155388471178
048410,2023-08-28,12227.067669172931
048410,2023-08-29,12957.393483709271
048410,2023-08-30,13028.070175438595
048410,2023-08-31,12792.481203007515
048410,2023-09-01,12533.333333333332
048410,2023-09-04,12297.744360902256
048410,2023-09-05,12250.62656641604
048410,2023-09-06,12227.067669172931
048410,2023-09-07,12227.067669172931
048410,2023-09-08,12462.65664160401
048410,2023-09-11,12745.363408521303
048410,2023-09-12,12839.598997493733
048410,2023-09-13,12792.481203007515
048410,2023-09-14,12839.598997493733
048410,2023-09-15,13240.100250626563
048410,2023-09-18,12910.275689223055
048410,2023-09-19,12910.275689223055
048410,2023-09-20,12627.568922305763
048410,2023-09-21,12179.949874686716
048410,2023-09-22,13357.894736842103
048410,2023-09-25,12980.95238095238
048410,2023-09-26,13028.070175438595
048410,2023-09-27,13852.631578947368
048410,2023-10-04,13169.423558897242
048410,2023-10-05,13051.629072681704
048410,2023-10-06,13240.100250626563
048410,2023-10-10,13263.659147869674
048410,2023-10-11,13569.924812030074
048410,2023-10-12,13711.27819548872
048410,2023-10-13,12745.363408521303
048410,2023-10-16,12910.275689223055
048410,2023-10-17,12910.275689223055
048410,2024-02-26,10012.531328320802
048410,2024-02-27,9753.383458646616
048410,2024-02-28,9612.03007518797
048410,2024-02-29,9729.824561403508
048410,2024-03-04,9635.588972431076
048410,2024-03-05,9494.235588972431
048410,2024-03-06,9145.563909774435
048410,2024-03-07,9329.323308270676
048410,2024-03-08,9423.558897243109
048410,2024-03-11,9659.147869674183
048410,2024-03-12,9941.85463659148
048410,2024-03-13,9541.353383458649
048410,2024-03-14,9357.593984962405
048410,2024-03-15,9084.310776942357
048410,2024-03-18,9169.122807017544
048410,2024-03-19,9089.022556390975
048410,2024-03-20,9894.736842105263
048410,2024-03-21,9824.06015037594
048410,2024-03-22,10766.41604010025
048410,2024-03-25,10436.59147869674
048410,2024-03-26,10130.32581453634
048410,2024-03-27,9965.413533834586
048410,2024-03-28,9894.736842105263
048410,2024-03-29,9894.736842105263
048410,2024-04-01,10201.002506265664
048410,2024-04-02,9824.06015037594
048410,2024-04-03,9635.588972431076
048410,2024-04-04,9494.235588972431
048410,2024-04-05,9447.117794486216
048410,2024-04-08,9310.47619047619
048410,2024-04-09,9301.052631578948
048410,2024-04-11,9447.117794486216
048410,2024-04-12,9367.017543859649
048410,2024-04-15,9060.751879699248
048410,2024-04-16,9305.764411027569
048870,2024-08-12,2795.0
048870,2024-08-13,2755.0
048870,2024-08-14,2850.0
048870,2024-08-16,2805.0
048870,2024-08-19,2750.0
048870,2024-08-20,2740.0
048870,2024-08-21,2730.0
048870,2024-08-22,2670.0
048870,2024-08-23,2830.0
048870,2024-08-26,2810.0
048870,2024-08-27,2720.0
048870,2024-08-28,2715.0
048870,2024-08-29,2650.0
048870,2024-08-30,2770.0
048870,2024-09-02,2770.0
048870,2024-09-03,2715.0
048870,2024-09-04,3170.0
048870,2024-09-05,3230.0
048870,2024-09-06,3260.0
048870,2024-09-09,3360.0
048870,2024-09-10,3175.0
048870,2024-09-11,2945.0
048870,2024-09-12,3035.0
048870,2024-09-13,3010.0
048870,2024-09-19,3210.0
048870,2024-09-20,3175.0
048870,2024-09-23,3190.0
048870,2024-09-24,3130.0
048870,2024-09-25,3010.0
048870,2024-09-26,3025.0
048870,2024-09-27,2865.0
049180,2023-06-08,4190.0
049180,2023-06-09,4185.0
049180,2023-06-12,4135.0
049180,2023-06-13,4185.0
049180,2023-06-14,4320.0
049180,2023-06-15,4395.0
049180,2023-06-16,4315.0
049180,2023-06-19,4400.0
049180,2023-06-20,4300.0
049180,2023-06-21,4200.0
049180,2023-06-22,4160.0
049180,2023-06-23,4165.0
049180,2023-06-26,4265.0
049180,2023-06-27,4130.0
049180,2023-06-28,4015.0
049180,2023-06-29,3840.0
049180,2023-06-30,4380.0
049180,2023-07-03,4625.0
049180,2023-07-04,4390.0
049180,2023-07-05,4275.0
049180,2023-07-06,4060.0
049180,2023-07-07,4035.0
049180,2023-07-10,4020.0
049180,2023-07-11,4065.0
049180,2023-07-12,4030.0
049180,2023-07-13,4050.0
049180,2023-07-14,3995.0
049180,2023-07-17,3995.0
049180,2023-07-18,3940.0
049180,2023-07-19,3975.0
049180,2023-07-20,3975.0
049180,2023-07-21,3980.0
049180,2023-07-24,3825.0
049180,2023-07-25,3650.0
049180,2023-07-26,3400.0
049180,2023-07-27,3420.0
049180,2023-07-28,3585.0
049950,2024-03-18,31300.0
049950,2024-03-19,29900.0
049950,2024-03-20,29800.0
049950,2024-03-21,30200.0
049950,2024-03-22,30250.0
049950,2024-03-25,28950.0
049950,2024-03-26,28700.0
049950,2024-03-27,28300.0
049950,2024-03-28,28500.0
049950,2024-03-29,27850.0
049950,2024-04-01,28250.0
049950,2024-04-02,27750.0
049950,2024-04-03,27200.0
049950,2024-04-04,27300.0
049950,2024-04-05,27600.0
049950,2024-04-08,30000.0
049950,2024-04-09,29500.0
049950,2024-04-11,32800.0
049950,2024-04-12,30900.0
049950,2024-04-15,31000.0
049950,2024-04-16,29000.0
049950,2024-04-17,28950.0
049950,2024-04-18,29550.0
049950,2024-04-19,27850.0
049950,2024-04-22,27850.0
049950,2024-04-23,27900.0
049950,2024-04-24,30200.0
049950,2024-04-25,29700.0
049950,2024-04-26,29850.0
049950,2024-04-29,30400.0
049950,2024-04-30,30050.0
049950,2024-05-02,29950.0
049950,2024-05-03,29650.0
051370,2024-04-19,13830.0
051370,2024-04-22,13580.0
051370,2024-04-23,13660.0
051370,2024-04-24,14190.0
051370,2024-04-25,14090.0
051370,2024-04-26,14780.0
051370,2024-04-29,14720.0
051370,2024-04-30,14690.0
051370,2024-05-02,14700.0
051370,2024-05-03,14830.0
051370,2024-05-07,15000.0
051370,2024-05-08,14830.0
051370,2024-05-09,14320.0
051370,2024-05-10,14360.0
051370,2024-05-13,14290.0
051370,2024-05-14,15620.0
051370,2024-05-16,16050.0
051370,2024-05-17,15710.0
051370,2024-05-20,15850.0
051370,2024-05-21,15780.0
051370,2024-05-22,15540.0
051370,2024-05-23,15410.0
051370,2024-05-24,15290.0
051370,2024-05-27,15750.0
051370,2024-05-28,15850.0
051370,2024-05-29,15720.0
051370,2024-05-30,16000.0
051370,2024-05-31,15680.0
051370,2024-06-03,15930.0
051370,2024-06-04,16780.0
051370,2024-06-05,16560.0
051370,2024-06-07,15810.0
051980,2024-04-29,4730.0
051980,2024-04-30,4810.0
051980,2024-05-02,4830.0
051980,2024-05-03,5010.0
051980,2024-05-07,4970.0
051980,2024-05-08,4875.0
051980,2024-05-09,4710.0
051980,2024-05-10,4550.0
051980,2024-05-13,4290.0
051980,2024-05-14,4460.0
051980,2024-05-16,4445.0
051980,2024-05-17,4845.0
051980,2024-05-20,4605.0
051980,2024-05-21,4770.0
051980,2024-05-22,6010.0
051980,2024-05-23,7330.0
051980,2024-05-24,7800.0
051980,2024-05-27,8890.0
051980,2024-05-28,10650.0
051980,2024-05-29,9390.0
051980,2024-05-30,8910.0
051980,2024-05-31,9520.0
051980,2024-06-03,9810.0
051980,2024-06-04,9900.0
051980,2024-06-05,9310.0
051980,2024-06-07,10700.0
051980,2024-06-10,11000.0
051980,2024-06-11,11560.0
051980,2024-06-12,11070.0
051980,2024-06-13,13800.0
051980,2024-06-14,14450.0
051980,2024-09-12,10450.0
051980,2024-09-13,10570.0
051980,2024-09-19,10710.0
051980,2024-09-20,11200.0
051980,2024-09-23,10800.0
051980,2024-09-24,10830.0
051980,2024-09-25,10500.0
051980,2024-09-26,10630.0
051980,2024-09-27,10660.0
051980,2024-09-30,10040.0
051980,2024-10-02,10100.0
051980,2024-10-04,10100.0
051980,2024-10-07,12190.0
051980,2024-10-08,12480.0
051980,2024-10-10,14840.0
051980,2024-10-11,14920.0
051980,2024-10-14,15160.0
051980,2024-10-15,14200.0
051980,2024-10-16,13690.0
051980,2024-10-17,12970.0
051980,2024-10-18,12500.0
051980,2024-10-21,12950.0
051980,2024-10-22,12400.0
051980,2024-10-23,12410.0
051980,2024-10-24,11960.0
051980,2024-10-25,11660.0
051980,2024-10-28,11880.0
051980,2024-10-29,11460.0
051980,2024-10-30,11080.0
051980,2024-10-31,11620.0
051980,2024-11-01,11620.0
052690,2022-12-12,56200.0
052690,2022-12-13,56400.0
052690,2022-12-14,58000.0
052690,2022-12-15,59100.0
052690,2022-12-16,58800.0
052690,2022-12-19,56500.0
052690,2022-12-20,55700.0
052690,2022-12-21,55600.0
052690,2022-12-22,56200.0
052690,2022-12-23,54300.0
052690,2022-12-26,54100.0
052690,2022-12-27,54700.0
052690,2022-12-28,55500.0
052690,2022-12-29,54600.0
052690,2023-01-02,53400.0
052690,2023-01-03,52800.0
052690,2023-01-04,54700.0
052690,2023-01-05,56400.0
052690,2023-01-06,59200.0
052690,2023-01-09,60500.0
052690,2023-01-10,62600.0
052690,2023-01-11,62100.0
052690,2023-01-12,61800.0
052690,2023-01-13,63300.0
052690,2023-01-16,60800.0
052690,2023-01-17,60900.0
052690,2023-01-18,60000.0
052690,2023-01-19,60700.0
052690,2023-01-20,61800.0
052690,2023-01-25,64000.0
052690,2023-01-26,64100.0
052690,2023-01-27,64500.0
052690,2023-01-30,64300.0
052690,2023-01-31,65700.0
053690,2022-12-12,29850.0
053690,2022-12-13,29350.0
053690,2022-12-14,30350.0
053690,2022-12-15,28700.0
053690,2022-12-16,28550.0
053690,2022-12-19,29100.0
053690,2022-12-20,28700.0
053690,2022-12-21,29400.0
053690,2022-12-22,28050.0
053690,2022-12-23,27400.0
053690,2022-12-26,27000.0
053690,2022-12-27,27850.0
053690,2022-12-28,27600.0
053690,2022-12-29,26900.0
053690,2023-01-02,27150.0
053690,2023-01-03,26650.0
053690,2023-01-04,27200.0
053690,2023-01-05,33400.0
053690,2023-01-06,30600.0
053690,2023-01-09,32000.0
053690,2023-01-10,31200.0
053690,2023-01-11,32400.0
053690,2023-01-12,32700.0
053690,2023-01-13,33400.0
053690,2023-01-16,32250.0
053690,2023-01-17,31550.0
053690,2023-01-18,30000.0
053690,2023-01-19,29950.0
053690,2023-01-20,31800.0
053690,2023-01-25,31800.0
053690,2023-01-26,31800.0
053690,2023-01-27,31950.0
053690,2023-01-30,31750.0
053690,2023-03-13,26350.0
053690,2023-03-14,25500.0
053690,2023-03-15,26850.0
053690,2023-03-16,26150.0
053690,2023-03-17,26600.0
053690,2023-03-20,27000.0
053690,2023-03-21,26500.0
053690,2023-03-22,26000.0
053690,2023-03-23,25600.0
053690,2023-03-24,25700.0
053690,2023-03-27,25400.0
053690,2023-03-28,25500.0
053690,2023-03-29,25250.0
053690,2023-03-30,28950.0
053690,2023-03-31,26400.0
053690,2023-04-03,26600.0
053690,2023-04-04,27500.0
053690,2023-04-05,28550.0
053690,2023-04-06,31250.0
053690,2023-04-07,33000.0
053690,2023-04-10,30700.0
053690,2023-04-11,31200.0
053690,2023-04-12,34150.0
053690,2023-04-13,35100.0
053690,2023-04-14,36400.0
053690,2023-04-17,35500.0
053690,2023-04-18,35950.0
053690,2023-04-19,34050.0
053690,2023-04-20,32900.0
053690,2023-04-21,37250.0
053690,2023-04-24,33850.0
053690,2023-04-25,35650.0
053690,2023-04-26,34450.0
053690,2023-04-27,33600.0
053690,2023-04-28,36000.0
053800,2024-03-18,67700.0
053800,2024-03-19,67000.0
053800,2024-03-20,66800.0
053800,2024-03-21,66800.0
053800,2024-03-22,66700.0
053800,2024-03-25,66400.0
053800,2024-03-26,65900.0
053800,2024-03-27,66500.0
053800,2024-03-28,66800.0
053800,2024-03-29,67000.0
053800,2024-04-01,68700.0
053800,2024-04-02,69000.0
053800,2024-04-03,68900.0
053800,2024-04-04,67200.0
053800,2024-04-05,64400.0
053800,2024-04-08,62600.0
053800,2024-04-09,63600.0
053800,2024-04-11,64800.0
053800,2024-04-12,69200.0
053800,2024-04-15,67000.0
053800,2024-04-16,64900.0
053800,2024-04-17,64100.0
053800,2024-04-18,64400.0
053800,2024-04-19,64400.0
053800,2024-04-22,64300.0
053800,2024-04-23,64500.0
053800,2024-04-24,63000.0
053800,2024-04-25,63600.0
053800,2024-04-26,63000.0
053800,2024-04-29,63200.0
053800,2024-04-30,63500.0
053800,2024-05-02,63600.0
053800,2024-05-03,63800.0
053800,2024-05-07,64800.0
055550,2023-07-03,34500.0
055550,2023-07-04,34100.0
055550,2023-07-05,33750.0
055550,2023-07-06,33050.0
055550,2023-07-07,32500.0
055550,2023-07-10,32700.0
055550,2023-07-11,33150.0
055550,2023-07-12,33350.0
055550,2023-07-13,33350.0
055550,2023-07-14,34100.0
055550,2023-07-17,34050.0
055550,2023-07-18,33600.0
055550,2023-07-19,33550.0
055550,2023-07-20,33800.0
055550,2023-07-21,33950.0
055550,2023-07-24,33300.0
055550,2023-07-25,33050.0
055550,2023-07-26,33400.0
055550,2023-07-27,35150.0
055550,2023-07-28,34900.0
055550,2023-07-31,35050.0
055550,2023-08-01,35950.0
055550,2023-08-02,35600.0
055550,2023-08-03,34950.0
055550,2023-08-04,35100.0
055550,2023-08-07,35550.0
055550,2023-08-08,35650.0
055550,2023-08-09,35100.0
055550,2023-08-10,34800.0
055550,2023-08-11,34800.0
055550,2023-08-14,34950.0
055550,2023-08-16,34550.0
055550,2023-08-17,34750.0
055550,2023-08-18,34800.0
055550,2023-08-21,35100.0
055550,2024-04-04,44550.0
055550,2024-04-05,44100.0
055550,2024-04-08,44400.0
055550,2024-04-09,43600.0
055550,2024-04-11,43100.0
055550,2024-04-12,41850.0
055550,2024-04-15,42150.0
055550,2024-04-16,41050.0
055550,2024-04-17,40550.0
055550,2024-04-18,41900.0
055550,2024-04-19,41750.0
055550,2024-04-22,44300.0
055550,2024-04-23,43900.0
055550,2024-04-24,43300.0
055550,2024-04-25,43500.0
055550,2024-04-26,46750.0
055550,2024-04-29,46850.0
055550,2024-04-30,46650.0
055550,2024-05-02,45800.0
055550,2024-05-03,46450.0
055550,2024-05-07,46250.0
055550,2024-05-08,47300.0
055550,2024-05-09,46500.0
055550,2024-05-10,47750.0
055550,2024-05-13,47750.0
055550,2024-05-14,47500.0
055550,2024-05-16,48150.0
055550,2024-05-17,47700.0
055550,2024-05-20,49000.0
055550,2024-05-21,48900.0
055550,2024-05-22,47850.0
055550,2024-05-23,47550.0
055550,2024-05-24,47400.0
055550,2024-09-19,56900.0
055550,2024-09-20,55500.0
055550,2024-09-23,55800.0
055550,2024-09-24,56400.0
055550,2024-09-25,53500.0
055550,2024-09-26,57000.0
055550,2024-09-27,56200.0
055550,2024-09-30,55500.0
055550,2024-10-02,55900.0
055550,2024-10-04,54900.0
055550,2024-10-07,55500.0
055550,2024-10-08,55400.0
055550,2024-10-10,56800.0
055550,2024-10-11,57500.0
055550,2024-10-14,58100.0
055550,2024-10-15,57800.0
055550,2024-10-16,56400.0
055550,2024-10-17,56800.0
055550,2024-10-18,56500.0
055550,2024-10-21,55800.0
055550,2024-10-22,56000.0
055550,2024-10-23,56300.0
055550,2024-10-24,56100.0
055550,2024-10-25,58000.0
055550,2024-10-28,56000.0
055550,2024-10-29,56700.0
055550,2024-10-30,54500.0
055550,2024-10-31,51300.0
055550,2024-11-01,54000.0
055550,2024-11-04,54500.0
055550,2024-11-05,54200.0
058470,2024-02-15,43550.49332559489
058470,2024-02-16,41948.63609982588
058470,2024-02-19,41748.40394660476
058470,2024-02-20,41448.05571677307
058470,2024-02-21,40947.47533372026
058470,2024-02-22,40847.359257109696
058470,2024-02-23,39926.29135229252
058470,2024-02-26,40006.38421358096
058470,2024-02-27,39445.73418456181
058470,2024-02-28,40947.47533372026
058470,2024-02-29,41648.287869994194
058470,2024-03-04,41548.17179338363
058470,2024-03-05,40847.359257109696
058470,2024-03-06,41448.05571677307
058470,2024-03-07,41047.59141033082
058470,2024-03-08,43150.02901915264
058470,2024-03-11,48556.29715612304
058470,2024-03-12,48356.06500290192
058470,2024-03-13,47154.67208357516
058470,2024-03-14,48856.64538595473
058470,2024-03-15,51059.19907138712
058470,2024-03-18,50858.96691816599
058470,2024-03-19,51760.01160766106
058470,2024-03-20,50258.270458502615
058470,2024-03-21,49757.6900754498
058470,2024-03-22,49657.57399883924
058470,2024-03-25,49056.87753917585
058470,2024-03-26,49056.87753917585
058470,2024-03-27,51159.31514799768
058470,2024-03-28,51659.8955310505
058470,2024-03-29,51159.31514799768
058470,2024-04-01,53662.21706326176
058470,2024-04-02,53962.565293093445
058470,2024-04-03,53461.98491004063
058470,2024-04-04,52661.05629715612
058470,2024-04-05,52460.824143935
058610,2022-12-09,17200.0
058610,2022-12-12,17000.0
058610,2022-12-13,17000.0
058610,2022-12-14,17350.0
058610,2022-12-15,17550.0
058610,2022-12-16,17150.0
058610,2022-12-19,17500.0
058610,2022-12-20,17550.0
058610,2022-12-21,17400.0
058610,2022-12-22,17450.0
058610,2022-12-23,16900.0
058610,2022-12-26,16750.0
058610,2022-12-27,17400.0
058610,2022-12-28,17450.0
058610,2022-12-29,17200.0
058610,2023-01-02,16350.0
058610,2023-01-03,17600.0
058610,2023-01-04,17950.0
058610,2023-01-05,17300.0
058610,2023-01-06,18050.0
058610,2023-01-09,18900.0
058610,2023-01-10,19250.0
058610,2023-01-11,18950.0
058610,2023-01-12,18150.0
058610,2023-01-13,18650.0
058610,2023-01-16,18450.0
058610,2023-01-17,18850.0
058610,2023-01-18,19500.0
058610,2023-01-19,19200.0
058610,2023-01-20,19800.0
058610,2023-01-25,20400.0
058610,2023-01-26,18930.0
058610,2023-01-27,19300.0
058850,2024-09-02,2685.0
058850,2024-09-03,2675.0
058850,2024-09-04,2580.0
058850,2024-09-05,2505.0
058850,2024-09-06,2420.0
058850,2024-09-09,2480.0
058850,2024-09-10,2420.0
058850,2024-09-11,2420.0
058850,2024-09-12,2455.0
058850,2024-09-13,2460.0
058850,2024-09-19,2805.0
058850,2024-09-20,2770.0
058850,2024-09-23,2735.0
058850,2024-09-24,2735.0
058850,2024-09-25,2680.0
058850,2024-09-26,2715.0
058850,2024-09-27,2945.0
058850,2024-09-30,3120.0
058850,2024-10-02,3050.0
058850,2024-10-04,3025.0
058850,2024-10-07,2990.0
058850,2024-10-08,3040.0
058850,2024-10-10,3220.0
058850,2024-10-11,3065.0
058850,2024-10-14,3045.0
058850,2024-10-15,2975.0
058850,2024-10-16,3130.0
058850,2024-10-17,3015.0
058850,2024-10-18,2960.0
058850,2024-10-21,2880.0
058850,2024-10-22,2835.0
058970,2023-06-16,45150.0
058970,2023-06-19,45600.0
058970,2023-06-20,45250.0
058970,2023-06-21,44050.0
058970,2023-06-22,44300.0
058970,2023-06-23,45200.0
058970,2023-06-26,48600.0
058970,2023-06-27,49850.0
058970,2023-06-28,49450.0
058970,2023-06-29,51100.0
058970,2023-06-30,52000.0
058970,2023-07-03,51300.0
058970,2023-07-04,50400.0
058970,2023-07-05,51500.0
058970,2023-07-06,48000.0
058970,2023-07-07,46250.0
058970,2023-07-10,48500.0
058970,2023-07-11,55900.0
058970,2023-07-12,55900.0
058970,2023-07-13,60700.0
058970,2023-07-14,69500.0
058970,2023-07-17,80500.0
058970,2023-07-18,89400.0
058970,2023-07-19,92400.0
058970,2023-07-20,89000.0
058970,2023-07-21,93200.0
058970,2023-07-24,87700.0
058970,2023-07-25,83600.0
058970,2023-07-26,76300.0
058970,2023-07-27,73600.0
058970,2023-07-28,82600.0
058970,2023-07-31,81100.0
058970,2023-08-01,86400.0
058970,2023-08-02,77000.0
058970,2023-08-03,68900.0
058970,2023-08-04,70800.0
058970,2023-12-18,76000.0
058970,2023-12-19,73200.0
058970,2023-12-20,72900.0
058970,2023-12-21,72000.0
058970,2023-12-22,70500.0
058970,2023-12-26,67500.0
058970,2023-12-27,67400.0
058970,2023-12-28,69000.0
058970,2024-01-02,72000.0
058970,2024-01-03,68800.0
058970,2024-01-04,67000.0
058970,2024-01-05,70300.0
058970,2024-01-08,70000.0
058970,2024-01-09,72000.0
058970,2024-01-10,74900.0
058970,2024-01-11,73800.0
058970,2024-01-12,76400.0
058970,2024-01-15,80000.0
058970,2024-01-16,77100.0
058970,2024-01-17,72100.0
058970,2024-01-18,74000.0
058970,2024-01-19,77000.0
058970,2024-01-22,77400.0
058970,2024-01-23,81900.0
058970,2024-01-24,80100.0
058970,2024-01-25,75400.0
058970,2024-01-26,75600.0
058970,2024-01-29,72300.0
058970,2024-01-30,67200.0
058970,2024-01-31,64900.0
058970,2024-02-01,59800.0
058970,2024-02-02,60000.0
058970,2024-02-05,58500.0
058970,2024-02-06,57200.0
060250,2023-12-18,10150.0
060250,2023-12-19,10620.0
060250,2023-12-20,10870.0
060250,2023-12-21,10410.0
060250,2023-12-22,10500.0
060250,2023-12-26,10350.0
060250,2023-12-27,10210.0
060250,2023-12-28,10280.0
060250,2024-01-02,9980.0
060250,2024-01-03,9910.0
060250,2024-01-04,9690.0
060250,2024-01-05,9750.0
060250,2024-01-08,10290.0
060250,2024-01-09,10380.0
060250,2024-01-10,11980.0
060250,2024-01-11,12600.0
060250,2024-01-12,12060.0
060250,2024-01-15,12160.0
060250,2024-01-16,11960.0
060250,2024-01-17,11590.0
060250,2024-01-18,12280.0
060250,2024-01-19,11860.0
060250,2024-01-22,11910.0
060250,2024-01-23,11620.0
060250,2024-01-24,12300.0
060250,2024-01-25,12820.0
060250,2024-01-26,12440.0
060250,2024-01-29,12390.0
060250,2024-01-30,12050.0
060250,2024-01-31,12250.0
060250,2024-02-01,11290.0
060250,2024-02-02,11070.0
060250,2024-02-05,11130.0
060280,2023-07-27,16770.0
060280,2023-07-28,17350.0
060280,2023-07-31,17630.0
060280,2023-08-01,17110.0
060280,2023-08-02,16560.0
060280,2023-08-03,16550.0
060280,2023-08-04,16370.0
060280,2023-08-07,17540.0
060280,2023-08-08,17950.0
060280,2023-08-09,18040.0
060280,2023-08-10,17580.0
060280,2023-08-11,19160.0
060280,2023-08-14,19470.0
060280,2023-08-16,18600.0
060280,2023-08-17,18520.0
060280,2023-08-18,19200.0
060280,2023-08-21,20500.0
060280,2023-08-22,19950.0
060280,2023-08-23,20550.0
060280,2023-08-24,24400.0
060280,2023-08-25,23800.0
060280,2023-08-28,22950.0
060280,2023-08-29,23400.0
060280,2023-08-30,22300.0
060280,2023-08-31,23250.0
060280,2023-09-01,21500.0
060280,2023-09-04,21850.0
060280,2023-09-05,22750.0
060280,2023-09-06,22750.0
060280,2023-09-07,22550.0
060280,2023-09-08,23000.0
060280,2023-09-11,22400.0
060280,2023-09-12,20000.0
060280,2023-09-13,19830.0
060280,2023-09-14,20850.0
060280,2023-09-15,20100.0
062040,2024-10-14,43800.0
062040,2024-10-15,43450.0
062040,2024-10-16,40700.0
062040,2024-10-17,44600.0
062040,2024-10-18,44650.0
062040,2024-10-21,44250.0
062040,2024-10-22,42200.0
062040,2024-10-23,42750.0
062040,2024-10-24,41650.0
062040,2024-10-25,41850.0
062040,2024-10-28,39700.0
062040,2024-10-29,41100.0
062040,2024-10-30,43950.0
062040,2024-10-31,42150.0
062040,2024-11-01,44900.0
062040,2024-11-04,46700.0
062040,2024-11-05,46500.0
062040,2024-11-06,54300.0
062040,2024-11-07,55200.0
062040,2024-11-08,62500.0
062040,2024-11-11,61700.0
062040,2024-11-12,61200.0
062040,2024-11-13,59100.0
062040,2024-11-14,64100.0
062040,2024-11-15,63100.0
062040,2024-11-18,63900.0
062040,2024-11-19,58200.0
062040,2024-11-20,60200.0
062040,2024-11-21,56300.0
062040,2024-11-22,56300.0
062040,2024-11-25,58400.0
062040,2024-11-26,55000.0
062040,2024-11-27,57700.0
062040,2024-11-28,60700.0
062040,2024-11-29,61500.0
064350,2023-01-02,27850.0
064350,2023-01-03,27000.0
064350,2023-01-04,26600.0
064350,2023-01-05,25800.0
064350,2023-01-06,26100.0
064350,2023-01-09,27000.0
064350,2023-01-10,26650.0
064350,2023-01-11,27050.0
064350,2023-01-12,27350.0
064350,2023-01-13,28400.0
064350,2023-01-16,27800.0
064350,2023-01-17,27600.0
064350,2023-01-18,26700.0
064350,2023-01-19,26300.0
064350,2023-01-20,26500.0
064350,2023-01-25,26450.0
064350,2023-01-26,29300.0
064350,2023-01-27,28800.0
064350,2023-01-30,27000.0
064350,2023-01-31,27600.0
064350,2023-02-01,28150.0
064350,2023-02-02,28250.0
064350,2023-02-03,28350.0
064350,2023-02-06,26700.0
064350,2023-02-07,26400.0
064350,2023-02-08,26700.0
064350,2023-02-09,26700.0
064350,2023-02-10,26900.0
064350,2023-02-13,26600.0
064350,2023-02-14,26400.0
064350,2023-02-15,25350.0
064350,2023-02-16,25700.0
064350,2023-02-17,25700.0
064350,2023-02-20,25800.0
064350,2023-03-09,25400.0
064350,2023-03-10,24600.0
064350,2023-03-13,24550.0
064350,2023-03-14,24050.0
064350,2023-03-15,25250.0
064350,2023-03-16,25600.0
064350,2023-03-17,25550.0
064350,2023-03-20,25800.0
064350,2023-03-21,25850.0
064350,2023-03-22,24950.0
064350,2023-03-23,25000.0
064350,2023-03-24,25000.0
064350,2023-03-27,25100.0
064350,2023-03-28,25700.0
064350,2023-03-29,25550.0
064350,2023-03-30,25750.0
064350,2023-03-31,25800.0
064350,2023-04-03,26350.0
064350,2023-04-04,26450.0
064350,2023-04-05,27400.0
064350,2023-04-06,26750.0
064350,2023-04-07,26550.0
064350,2023-04-10,26300.0
064350,2023-04-11,26200.0
064350,2023-04-12,26850.0
064350,2023-04-13,27200.0
064350,2023-04-14,27250.0
064350,2023-04-17,28150.0
064350,2023-04-18,28350.0
064350,2023-04-19,28400.0
064350,2023-04-20,31700.0
064350,2023-04-21,33200.0
064350,2023-04-24,35150.0
064350,2023-04-25,36400.0
064350,2023-04-26,34400.0
064350,2023-04-27,34750.0
064350,2023-04-28,32900.0
064350,2024-01-02,26750.0
064350,2024-01-03,27500.0
064350,2024-01-04,27000.0
064350,2024-01-05,27300.0
064350,2024-01-08,26700.0
064350,2024-01-09,26550.0
064350,2024-01-10,27200.0
064350,2024-01-11,26550.0
064350,2024-01-12,26600.0
064350,2024-01-15,26900.0
064350,2024-01-16,26400.0
064350,2024-01-17,25500.0
064350,2024-01-18,26000.0
064350,2024-01-19,26450.0
064350,2024-01-22,27450.0
064350,2024-01-23,27800.0
064350,2024-01-24,27700.0
064350,2024-01-25,28150.0
064350,2024-01-26,28500.0
064350,2024-01-29,27500.0
064350,2024-01-30,27100.0
064350,2024-01-31,28350.0
064350,2024-02-01,27500.0
064350,2024-02-02,27150.0
064350,2024-02-05,27250.0
064350,2024-02-06,27150.0
064350,2024-02-07,28450.0
064350,2024-02-08,29050.0
064350,2024-02-13,28950.0
064350,2024-02-14,29250.0
064350,2024-02-15,28800.0
064350,2024-02-16,28550.0
064350,2024-03-04,32050.0
064350,2024-03-05,31400.0
064350,2024-03-06,31950.0
064350,2024-03-07,31450.0
064350,2024-03-08,31700.0
064350,2024-03-11,31250.0
064350,2024-03-12,30000.0
064350,2024-03-13,30400.0
064350,2024-03-14,30350.0
064350,2024-03-15,30400.0
064350,2024-03-18,31250.0
064350,2024-03-19,31600.0
064350,2024-03-20,31400.0
064350,2024-03-21,31300.0
064350,2024-03-22,32400.0
064350,2024-03-25,32600.0
064350,2024-03-26,33200.0
064350,2024-03-27,34300.0
064350,2024-03-28,34400.0
064350,2024-03-29,36800.0
064350,2024-04-01,38000.0
064350,2024-04-02,38950.0
064350,2024-04-03,38000.0
064350,2024-04-04,38500.0
064350,2024-04-05,37300.0
064350,2024-04-08,37800.0
064350,2024-04-09,41150.0
064350,2024-04-11,41850.0
064350,2024-04-12,41600.0
064350,2024-04-15,39000.0
064350,2024-04-16,38500.0
064350,2024-04-17,40000.0
064350,2024-04-18,41150.0
064350,2024-04-19,41150.0
064350,2024-05-23,37850.0
064350,2024-05-24,38650.0
064350,2024-05-27,39050.0
064350,2024-05-28,39700.0
064350,2024-05-29,36800.0
064350,2024-05-30,36850.0
064350,2024-05-31,35950.0
064350,2024-06-03,36550.0
064350,2024-06-04,37200.0
064350,2024-06-05,36750.0
064350,2024-06-07,37900.0
064350,2024-06-10,38250.0
064350,2024-06-11,37750.0
064350,2024-06-12,37500.0
064350,2024-06-13,37900.0
064350,2024-06-14,38700.0
064350,2024-06-17,42600.0
064350,2024-06-18,40200.0
064350,2024-06-19,40900.0
064350,2024-06-20,40150.0
064350,2024-06-21,39650.0
064350,2024-06-24,39450.0
064350,2024-06-25,39550.0
064350,2024-06-26,38900.0
064350,2024-06-27,39600.0
064350,2024-06-28,40800.0
064350,2024-07-01,40100.0
064350,2024-07-02,38400.0
064350,2024-07-03,37650.0
064350,2024-07-04,38100.0
064350,2024-07-05,38000.0
064350,2024-07-08,38900.0
064350,2024-07-09,39350.0
064350,2024-07-10,41550.0
064350,2024-07-11,40750.0
064350,2024-07-12,39950.0
064350,2024-08-26,53700.0
064350,2024-08-27,53500.0
064350,2024-08-28,53500.0
064350,2024-08-29,52600.0
064350,2024-08-30,54000.0
064350,2024-09-02,52200.0
064350,2024-09-03,52600.0
064350,2024-09-04,52700.0
064350,2024-09-05,50800.0
064350,2024-09-06,49450.0
064350,2024-09-09,50000.0
064350,2024-09-10,49650.0
064350,2024-09-11,48200.0
064350,2024-09-12,49600.0
064350,2024-09-13,51800.0
064350,2024-09-19,53900.0
064350,2024-09-20,56100.0
064350,2024-09-23,55500.0
064350,2024-09-24,55100.0
064350,2024-09-25,55700.0
064350,2024-09-26,55100.0
064350,2024-09-27,54000.0
064350,2024-09-30,53600.0
064350,2024-10-02,54600.0
064350,2024-10-04,57000.0
064350,2024-10-07,61000.0
064350,2024-10-08,60800.0
064350,2024-10-10,60800.0
064350,2024-10-11,61500.0
064350,2024-10-14,62000.0
064350,2024-10-15,63400.0
064350,2024-10-25,64300.0
064350,2024-10-28,63600.0
064350,2024-10-29,64500.0
064350,2024-10-30,63800.0
064350,2024-10-31,62400.0
064350,2024-11-01,61500.0
064350,2024-11-04,61500.0
064350,2024-11-05,61000.0
064350,2024-11-06,62900.0
064350,2024-11-07,62700.0
064350,2024-11-08,63100.0
064350,2024-11-11,64100.0
064350,2024-11-12,62500.0
064350,2024-11-13,62200.0
064350,2024-11-14,64000.0
064350,2024-11-15,64800.0
064350,2024-11-18,63900.0
064350,2024-11-19,66400.0
064350,2024-11-20,67100.0
064350,2024-11-21,62100.0
064350,2024-11-22,64800.0
064350,2024-11-25,60000.0
064350,2024-11-26,52100.0
064350,2024-11-27,52000.0
064350,2024-11-28,52600.0
064350,2024-11-29,50600.0
064350,2024-12-02,50200.0
064350,2024-12-03,53600.0
064350,2024-12-04,51300.0
064350,2024-12-05,47800.0
064350,2024-12-06,47250.0
064350,2024-12-09,44450.0
064350,2024-12-10,46000.0
064350,2024-12-11,47550.0
064350,2024-12-12,49650.0
064350,2024-12-13,49900.0
064550,2023-07-17,43300.0
064550,2023-07-18,43300.0
064550,2023-07-19,45850.0
064550,2023-07-20,45850.0
064550,2023-07-21,46750.0
064550,2023-07-24,43650.0
064550,2023-07-25,43000.0
064550,2023-07-26,41500.0
064550,2023-07-27,42250.0
064550,2023-07-28,43300.0
064550,2023-07-31,46500.0
064550,2023-08-01,44950.0
064550,2023-08-02,42400.0
064550,2023-08-03,44950.0
064550,2023-08-04,45950.0
064550,2023-08-07,44100.0
064550,2023-08-08,42800.0
064550,2023-08-09,47000.0
064550,2023-08-10,46700.0
064550,2023-08-11,45450.0
064550,2023-08-14,44350.0
064550,2023-08-16,43550.0
064550,2023-08-17,43000.0
064550,2023-08-18,39200.0
064550,2023-08-21,40750.0
064550,2023-08-22,40700.0
064550,2023-08-23,40450.0
064550,2023-08-24,41250.0
064550,2023-08-25,41250.0
064550,2023-08-28,41950.0
064550,2023-08-29,42950.0
064550,2023-08-30,43250.0
064550,2023-08-31,42900.0
064550,2023-09-01,41650.0
065350,2023-12-11,39250.0
065350,2023-12-12,38200.0
065350,2023-12-13,33650.0
065350,2023-12-14,32150.0
065350,2023-12-15,35800.0
065350,2023-12-18,36000.0
065350,2023-12-19,37800.0
065350,2023-12-20,37300.0
065350,2023-12-21,36400.0
065350,2023-12-22,36900.0
065350,2023-12-26,39000.0
065350,2023-12-27,41500.0
065350,2023-12-28,41150.0
065350,2024-01-02,41550.0
065350,2024-01-03,43250.0
065350,2024-01-04,56200.0
065350,2024-01-05,58000.0
065350,2024-01-08,72500.0
065350,2024-01-09,69000.0
065350,2024-01-10,55000.0
065350,2024-01-11,61400.0
065350,2024-01-12,59400.0
065350,2024-01-15,59900.0
065350,2024-01-16,61100.0
065350,2024-01-17,57900.0
065350,2024-01-18,61400.0
065350,2024-01-19,62500.0
065350,2024-01-22,73900.0
065350,2024-01-23,75300.0
065350,2024-01-24,79100.0
065350,2024-01-25,73300.0
065350,2024-01-26,89500.0
065350,2024-10-24,44900.0
065350,2024-10-25,44300.0
065350,2024-10-28,44950.0
065350,2024-10-29,44150.0
065350,2024-10-30,43450.0
065350,2024-10-31,44750.0
065350,2024-11-01,43150.0
065350,2024-11-04,44700.0
065350,2024-11-05,44700.0
065350,2024-11-06,43050.0
065350,2024-11-07,42800.0
065350,2024-11-08,42850.0
065350,2024-11-11,41200.0
065350,2024-11-12,40050.0
065350,2024-11-13,38550.0
065350,2024-11-14,41600.0
065350,2024-11-15,41850.0
065350,2024-11-18,49200.0
065350,2024-11-19,51000.0
065350,2024-11-20,51300.0
065350,2024-11-21,50900.0
065350,2024-11-22,59400.0
065350,2024-11-25,62900.0
065350,2024-11-26,67500.0
065350,2024-11-27,67200.0
065350,2024-11-28,67800.0
065350,2024-11-29,65400.0
065350,2024-12-02,73900.0
065350,2024-12-03,77500.0
065350,2024-12-04,78400.0
065350,2024-12-05,73800.0
065350,2024-12-06,74600.0
065350,2024-12-09,70800.0
065350,2024-12-10,79600.0
065350,2024-12-11,94000.0
065350,2024-12-12,90700.0
065350,2024-12-13,88000.0
065450,2024-03-22,4970.0
065450,2024-03-25,4925.0
065450,2024-03-26,4830.0
065450,2024-03-27,4815.0
065450,2024-03-28,4820.0
065450,2024-03-29,4770.0
065450,2024-04-01,4850.0
065450,2024-04-02,5020.0
065450,2024-04-03,4890.0
065450,2024-04-04,4785.0
065450,2024-04-05,4865.0
065450,2024-04-08,5100.0
065450,2024-04-09,5070.0
065450,2024-04-11,5000.0
065450,2024-04-12,5120.0
065450,2024-04-15,5000.0
065450,2024-04-16,5250.0
065450,2024-04-17,5150.0
065450,2024-04-18,4930.0
065450,2024-04-19,5470.0
065450,2024-04-22,5110.0
065450,2024-04-23,4980.0
065450,2024-04-24,4970.0
065450,2024-04-25,4930.0
065450,2024-04-26,4950.0
065450,2024-04-29,4750.0
065450,2024-04-30,4590.0
065450,2024-05-02,4640.0
065450,2024-05-03,4810.0
065450,2024-05-07,4835.0
065450,2024-05-08,4765.0
065450,2024-05-09,4710.0
065450,2024-05-10,4750.0
065450,2024-05-13,4665.0
065450,2024-05-14,4665.0
065450,2024-05-16,4700.0
065450,2024-05-17,4750.0
065450,2024-05-20,4770.0
065450,2024-05-21,4630.0
065450,2024-05-22,4610.0
065450,2024-05-23,4610.0
065450,2024-05-24,4580.0
065450,2024-05-27,4800.0
065450,2024-05-28,4700.0
065450,2024-05-29,4725.0
065450,2024-05-30,4695.0
065450,2024-05-31,4715.0
065450,2024-06-03,4900.0
065450,2024-06-04,5390.0
065450,2024-06-05,5190.0
065450,2024-06-07,5300.0
065450,2024-06-10,5560.0
065450,2024-06-11,5160.0
065450,2024-06-12,5010.0
065450,2024-06-13,5040.0
065450,2024-06-14,5110.0
065450,2024-06-17,5110.0
065450,2024-06-18,5160.0
065450,2024-06-19,5090.0
065450,2024-06-20,5060.0
065450,2024-06-21,5310.0
065450,2024-06-24,5350.0
065450,2024-06-25,5240.0
065450,2024-06-26,5220.0
065450,2024-06-27,5160.0
065450,2024-06-28,5150.0
066570,2024-10-28,92400.0
066570,2024-10-29,91400.0
066570,2024-10-30,91500.0
066570,2024-10-31,89500.0
066570,2024-11-01,90800.0
066570,2024-11-04,92300.0
066570,2024-11-05,91900.0
066570,2024-11-06,91400.0
066570,2024-11-07,91600.0
066570,2024-11-08,91200.0
066570,2024-11-11,89900.0
066570,2024-11-12,87900.0
066570,2024-11-13,87700.0
066570,2024-11-14,89700.0
066570,2024-11-15,88500.0
066570,2024-11-18,90100.0
066570,2024-11-19,90800.0
066570,2024-11-20,93000.0
066570,2024-11-21,92600.0
066570,2024-11-22,93300.0
066570,2024-11-25,94200.0
066570,2024-11-26,94500.0
066570,2024-11-27,92100.0
066570,2024-11-28,91900.0
066570,2024-11-29,89700.0
066570,2024-12-02,88200.0
066570,2024-12-03,89000.0
066570,2024-12-04,87300.0
066570,2024-12-05,86000.0
066570,2024-12-06,85100.0
066570,2024-12-09,83200.0
066570,2024-12-10,84300.0
066570,2024-12-11,85900.0
066570,2024-12-12,87800.0
066570,2024-12-13,88300.0
066570,2024-12-16,87800.0
066570,2024-12-17,86800.0
066670,2023-03-17,6010.0
066670,2023-03-20,6090.0
066670,2023-03-21,6010.0
066670,2023-03-22,6160.0
066670,2023-03-23,6070.0
066670,2023-03-24,6400.0
066670,2023-03-27,6600.0
066670,2023-03-28,6340.0
066670,2023-03-29,6360.0
066670,2023-03-30,6530.0
066670,2023-03-31,6330.0
066670,2023-04-03,6350.0
066670,2023-04-04,6210.0
066670,2023-04-05,6200.0
066670,2023-04-06,6160.0
066670,2023-04-07,6510.0
066670,2023-04-10,6500.0
066670,2023-04-11,7620.0
066670,2023-04-12,7430.0
066670,2023-04-13,7800.0
066670,2023-04-14,7970.0
066670,2023-04-17,7580.0
066670,2023-04-18,7700.0
066670,2023-04-19,7960.0
066670,2023-04-20,7400.0
066670,2023-04-21,7010.0
066670,2023-04-24,6810.0
066670,2023-04-25,6730.0
066670,2023-04-26,7480.0
066670,2023-04-27,7660.0
066670,2023-04-28,6930.0
066670,2023-05-02,7080.0
066670,2023-05-03,7320.0
066670,2023-05-04,7030.0
066790,2024-01-02,2845.971198928332
066790,2024-01-03,2897.662424648359
066790,2024-01-04,3278.700602813128
066790,2024-01-05,3012.860013395847
066790,2024-01-08,3293.469524447421
066790,2024-01-09,3138.3958472873405
066790,2024-01-10,3005.4755525787004
066790,2024-01-11,3027.6289350301404
066790,2024-01-12,2946.399866041527
066790,2024-01-15,3042.3978566644337
066790,2024-01-16,3145.780308104488
066790,2024-01-17,3005.4755525787004
066790,2024-01-18,2990.706630944407
066790,2024-01-19,2953.784326858673
066790,2024-01-22,3094.0890823844607
066790,2024-01-23,2983.3221701272605
066790,2024-01-24,3278.700602813128
066790,2024-01-25,3352.545210984594
066790,2024-01-26,3101.4735432016078
066790,2024-01-29,2686.466845277964
066790,2024-01-30,1881.560616208975
066790,2024-01-31,1637.8734092431346
066790,2024-02-01,1476.8921634293367
066790,2024-02-02,1919.9598124581375
066790,2024-02-05,2495.947756195579
066790,2024-02-06,2741.1118553248493
066790,2024-02-07,3559.3101138647016
066790,2024-02-08,4054.0689886135297
066790,2024-02-13,5265.120562625586
066790,2024-02-14,6838.01071667783
066790,2024-02-16,7783.221701272605
066790,2024-02-19,6948.7776289350295
067000,2022-12-12,4235.0
067000,2022-12-13,4150.0
067000,2022-12-14,4205.0
067000,2022-12-15,4245.0
067000,2022-12-16,4135.0
067000,2022-12-19,4125.0
067000,2022-12-20,3935.0
067000,2022-12-21,3845.0
067000,2022-12-22,3845.0
067000,2022-12-23,3695.0
067000,2022-12-26,3650.0
067000,2022-12-27,3700.0
067000,2022-12-28,3635.0
067000,2022-12-29,4040.0
067000,2023-01-02,4115.0
067000,2023-01-03,4290.0
067000,2023-01-04,4800.0
067000,2023-01-05,4670.0
067000,2023-01-06,4600.0
067000,2023-01-09,4755.0
067000,2023-01-10,4780.0
067000,2023-01-11,4700.0
067000,2023-01-12,4745.0
067000,2023-01-13,4880.0
067000,2023-01-16,4920.0
067000,2023-01-17,4890.0
067000,2023-01-18,5160.0
067000,2023-01-19,5020.0
067000,2023-01-20,5100.0
067000,2023-01-25,5200.0
067000,2023-01-26,5150.0
067000,2023-01-27,5070.0
067080,2024-03-28,10160.0
067080,2024-03-29,10280.0
067080,2024-04-01,10540.0
067080,2024-04-02,10330.0
067080,2024-04-03,10390.0
067080,2024-04-04,10140.0
067080,2024-04-05,10200.0
067080,2024-04-08,10020.0
067080,2024-04-09,9830.0
067080,2024-04-11,9730.0
067080,2024-04-12,9840.0
067080,2024-04-15,9550.0
067080,2024-04-16,9480.0
067080,2024-04-17,9440.0
067080,2024-04-18,10200.0
067080,2024-04-19,10310.0
067080,2024-04-22,11550.0
067080,2024-04-23,11250.0
067080,2024-04-24,11110.0
067080,2024-04-25,11000.0
067080,2024-04-26,10690.0
067080,2024-04-29,11010.0
067080,2024-04-30,11070.0
067080,2024-05-02,11010.0
067080,2024-05-03,10790.0
067080,2024-05-07,10770.0
067080,2024-05-08,10890.0
067080,2024-05-09,10560.0
067080,2024-05-10,10150.0
067080,2024-05-13,10070.0
067080,2024-05-14,10210.0
067080,2024-05-16,10220.0
067080,2024-05-17,10020.0
067160,2023-07-07,71000.0
067160,2023-07-10,69100.0
067160,2023-07-11,70600.0
067160,2023-07-12,71200.0
067160,2023-07-13,72000.0
067160,2023-07-14,71700.0
067160,2023-07-17,70400.0
067160,2023-07-18,69100.0
067160,2023-07-19,67900.0
067160,2023-07-20,68900.0
067160,2023-07-21,68300.0
067160,2023-07-24,65400.0
067160,2023-07-25,64200.0
067160,2023-07-26,62200.0
067160,2023-07-27,66500.0
067160,2023-07-28,70100.0
067160,2023-07-31,73000.0
067160,2023-08-01,85400.0
067160,2023-08-02,82400.0
067160,2023-08-03,83600.0
067160,2023-08-04,81300.0
067160,2023-08-07,82000.0
067160,2023-08-08,84500.0
067160,2023-08-09,84200.0
067160,2023-08-10,84200.0
067160,2023-08-11,82900.0
067160,2023-08-14,82300.0
067160,2023-08-16,83000.0
067160,2023-08-17,83900.0
067160,2023-08-18,80200.0
067160,2023-08-21,78400.0
067160,2023-08-22,80700.0
067160,2023-08-23,81900.0
067160,2023-08-24,82700.0
067160,2023-08-25,78800.0
067310,2023-10-04,21091.79575444636
067310,2023-10-05,21439.70166379805
067310,2023-10-06,22005.04876649455
067310,2023-10-10,21526.678141135973
067310,2023-10-11,22787.83706253586
067310,2023-10-12,22918.301778542744
067310,2023-10-13,23135.74297188755
067310,2023-10-16,22396.442914515203
067310,2023-10-17,23048.766494549625
067310,2023-10-18,22831.32530120482
067310,2023-10-19,21570.16637980493
067310,2023-10-20,22048.53700516351
067310,2023-10-23,21178.77223178428
067310,2023-10-24,24396.901893287435
067310,2023-10-25,24440.3901319564
067310,2023-10-26,24179.46069994263
067310,2023-10-27,22700.860585197934
067310,2023-10-30,22309.46643717728
067310,2023-10-31,21178.77223178428
067310,2023-11-01,21961.560527825583
067310,2023-11-02,25658.06081468732
067310,2023-11-03,25527.596098680435
067310,2023-11-06,27180.149168100976
067310,2023-11-07,28876.19047619048
067310,2023-11-08,27919.44922547332
067310,2023-11-09,27441.078600114743
067310,2023-11-10,28876.19047619048
067310,2023-11-13,27223.637406769936
067310,2023-11-14,27571.543316121628
067310,2023-11-15,28397.8198508319
067310,2023-11-16,27049.68445209409
067310,2023-11-17,26310.384394721743
067630,2024-01-02,11147.91489361702
067630,2024-01-03,10962.765957446809
067630,2024-01-04,9988.297872340425
067630,2024-01-05,10066.255319148937
067630,2024-01-08,10066.255319148937
067630,2024-01-09,10407.31914893617
067630,2024-01-10,10173.446808510638
067630,2024-01-11,10192.936170212766
067630,2024-01-12,10066.255319148937
067630,2024-01-15,9890.851063829788
067630,2024-01-16,9861.617021276596
067630,2024-01-17,9890.851063829788
067630,2024-01-18,10105.234042553191
067630,2024-01-19,9998.04255319149
067630,2024-01-22,10095.489361702128
067630,2024-01-23,10280.63829787234
067630,2024-01-24,10056.510638297872
067630,2024-01-25,10524.255319148937
067630,2024-01-26,11469.489361702128
067630,2024-01-29,12862.978723404254
067630,2024-01-30,14987.319148936169
067630,2024-01-31,15396.59574468085
067630,2024-02-01,15182.212765957447
067630,2024-02-02,16624.425531914894
067630,2024-02-05,16634.170212765956
067630,2024-02-06,16760.851063829785
067630,2024-02-07,16731.617021276594
067630,2024-02-08,16263.87234042553
067630,2024-02-13,16000.765957446809
067630,2024-02-14,15006.808510638297
067630,2024-02-15,13905.659574468084
067630,2024-02-16,13632.808510638297
067630,2024-02-19,14841.148936170212
067630,2024-02-20,14850.893617021276
067630,2024-02-21,14724.212765957447
067630,2024-02-22,14431.87234042553
067630,2024-02-23,14227.234042553191
067630,2024-02-26,13905.659574468084
067630,2024-02-27,13379.446808510638
067630,2024-02-28,13564.59574468085
067630,2024-02-29,13730.255319148937
067630,2024-03-04,14558.553191489362
067630,2024-03-05,14198.0
067630,2024-03-06,14217.489361702128
067630,2024-03-07,13827.702127659571
067630,2024-03-08,14967.829787234044
067630,2024-03-11,15825.36170212766
067630,2024-03-12,15766.893617021276
067630,2024-03-13,18358.978723404256
067630,2024-03-14,18797.489361702126
067630,2024-03-15,18797.489361702126
067630,2024-03-18,18661.063829787232
067630,2024-03-19,18846.212765957447
067630,2024-03-20,18349.23404255319
067630,2024-03-21,20658.72340425532
067630,2024-03-22,19421.14893617021
067630,2024-03-25,23679.574468085106
067630,2024-03-26,23192.340425531915
067630,2024-03-27,21097.23404255319
067630,2024-03-28,20853.617021276597
067630,2024-03-29,19927.87234042553
067630,2024-04-01,19089.82978723404
067630,2024-04-02,18261.531914893618
067630,2024-04-03,17384.51063829787
067630,2024-04-04,16468.51063829787
067630,2024-04-05,15494.042553191488
068760,2023-06-19,73795.95643998965
068760,2023-06-20,72250.96720417705
068760,2023-06-21,70251.56936959605
068760,2023-06-22,71069.5048473792
068760,2023-06-23,73614.19300048228
068760,2023-06-26,74068.60159925069
068760,2023-06-27,69706.27905107397
068760,2023-06-28,69706.27905107397
068760,2023-06-29,69251.87045230556
068760,2023-06-30,69342.75217205923
068760,2023-07-03,68252.17153501506
068760,2023-07-04,66707.18229920247
068760,2023-07-05,66979.82745846351
068760,2023-07-06,65343.95650289724
068760,2023-07-07,63526.3221078236
068760,2023-07-10,62617.50491028679
068760,2023-07-11,63708.08554733096
068760,2023-07-12,72614.49408319179
068760,2023-07-13,79794.14994373266
068760,2023-07-14,80975.61230053051
068760,2023-07-17,79067.0961857032
068760,2023-07-18,74341.24675851174
068760,2023-07-19,74704.77363752646
068760,2023-07-20,74795.65535728015
068760,2023-07-21,76158.88115358537
068760,2023-07-24,76613.28975235378
068760,2023-07-25,76249.76287333906
068760,2023-07-26,79157.97790545688
068760,2023-07-27,79521.5047844716
068760,2023-07-28,80430.32198200842
068760,2023-07-31,80612.08542151579
068760,2023-08-01,81975.31121782101
068760,2023-08-02,78158.27898816638
068760,2023-08-03,81611.78433880629
068760,2023-08-04,80793.84886102314
068760,2023-08-07,79248.85962521056
071670,2023-02-27,11480.0
071670,2023-02-28,11590.0
071670,2023-03-02,11880.0
071670,2023-03-03,11670.0
071670,2023-03-06,11870.0
071670,2023-03-07,11570.0
071670,2023-03-08,11340.0
071670,2023-03-09,11690.0
071670,2023-03-10,10870.0
071670,2023-03-13,10740.0
071670,2023-03-14,10110.0
071670,2023-03-15,10590.0
071670,2023-03-16,10650.0
071670,2023-03-17,11060.0
071670,2023-03-20,11520.0
071670,2023-03-21,11350.0
071670,2023-03-22,11950.0
071670,2023-03-23,14140.0
071670,2023-03-24,14090.0
071670,2023-03-27,13600.0
071670,2023-03-28,13560.0
071670,2023-03-29,13280.0
071670,2023-03-30,13200.0
071670,2023-03-31,12610.0
071670,2023-04-03,12770.0
071670,2023-04-04,12650.0
071670,2023-04-05,13050.0
071670,2023-04-06,12440.0
071670,2023-04-07,12510.0
071670,2023-04-10,12150.0
071670,2023-04-11,12470.0
071670,2023-04-12,13060.0
071670,2023-04-13,12880.0
071670,2023-04-14,12340.0
071670,2023-04-17,12130.0
073570,2024-05-17,24585.261875761265
073570,2024-05-20,24825.822168087696
073570,2024-05-21,24248.47746650426
073570,2024-05-22,23911.69305724726
073570,2024-05-23,24248.47746650426
073570,2024-05-24,24344.701583434835
073570,2024-05-27,24729.598051157125
073570,2024-05-28,24440.92570036541
073570,2024-05-29,21987.210718635808
073570,2024-05-30,22516.44336175396
073570,2024-05-31,21963.154689403167
073570,2024-06-03,21506.090133982947
073570,2024-06-04,21024.96954933008
073570,2024-06-05,22564.555420219243
073570,2024-06-07,23382.46041412911
073570,2024-06-10,22372.1071863581
073570,2024-06-11,25355.05481120585
073570,2024-06-12,18499.08647990256
073570,2024-06-13,18787.758830694274
073570,2024-06-14,17176.004872107187
073570,2024-06-17,16767.052375152252
073570,2024-06-18,17753.34957369062
073570,2024-06-19,17849.573690621193
073570,2024-06-20,19148.59926918392
073570,2024-06-21,19028.319123020705
073570,2024-06-24,18499.08647990256
073570,2024-06-25,18090.133982947624
073570,2024-06-26,17753.34957369062
073570,2024-06-27,17464.677222898903
073570,2024-06-28,16935.444579780753
073570,2024-07-01,16309.987819732034
073570,2024-07-02,15828.867235079171
073570,2024-07-03,15540.194884287454
073570,2024-07-04,15083.130328867232
073570,2024-07-05,15010.962241169304
073570,2024-10-14,10368.148599269183
073570,2024-10-15,10127.588306942753
073570,2024-10-16,9622.411693057247
073570,2024-10-17,8948.84287454324
073570,2024-10-18,8794.884287454324
073570,2024-10-21,8496.58952496955
073570,2024-10-22,8073.20341047503
073570,2024-10-23,8222.350791717417
073570,2024-10-24,8034.713763702801
073570,2024-10-25,7842.265529841656
073570,2024-10-28,8188.672350791717
073570,2024-10-29,7818.209500609013
073570,2024-10-30,7640.194884287453
073570,2024-10-31,8058.769792935444
073570,2024-11-01,7630.5724725943965
073570,2024-11-04,8289.707673568819
073570,2024-11-05,10728.98903775883
073570,2024-11-06,10801.15712545676
073570,2024-11-07,9381.851400730817
073570,2024-11-08,10849.269183922046
073570,2024-11-11,10488.4287454324
073570,2024-11-12,9458.830694275272
073570,2024-11-13,9574.29963459196
073570,2024-11-14,8674.604141291107
073570,2024-11-15,8535.079171741778
073570,2024-11-18,8794.884287454324
073570,2024-11-19,8852.618757612667
073570,2024-11-20,8486.967113276492
073570,2024-11-21,9049.87819732034
073570,2024-11-22,8891.108404384897
073570,2024-11-25,8915.16443361754
073570,2024-11-26,9983.252131546891
073570,2024-11-27,9025.822168087698
073570,2024-11-28,8958.465286236296
073570,2024-11-29,8761.205846528623
073570,2024-12-02,8684.226552984164
073570,2024-12-03,8631.30328867235
073640,2023-05-15,3135.0
073640,2023-05-16,3140.0
073640,2023-05-17,3080.0
073640,2023-05-18,3090.0
073640,2023-05-19,4015.0
073640,2023-05-22,4015.0
073640,2023-05-23,4245.0
073640,2023-05-24,4240.0
073640,2023-05-25,4210.0
073640,2023-05-26,4215.0
073640,2023-05-30,3950.0
073640,2023-05-31,3940.0
073640,2023-06-01,3715.0
073640,2023-06-02,3565.0
073640,2023-06-05,3815.0
073640,2023-06-07,4175.0
073640,2023-06-08,4085.0
073640,2023-06-09,4665.0
073640,2023-06-12,5730.0
073640,2023-06-13,5800.0
073640,2023-06-14,5850.0
073640,2023-06-15,5770.0
073640,2023-06-16,5870.0
073640,2023-06-19,6300.0
073640,2023-06-20,6240.0
073640,2023-06-21,5950.0
073640,2023-06-22,6530.0
073640,2023-06-23,6270.0
073640,2023-06-26,6340.0
073640,2023-06-27,6100.0
073640,2023-06-28,5850.0
073640,2023-06-29,5130.0
073640,2023-06-30,5380.0
073640,2023-07-03,6630.0
073640,2023-07-04,6830.0
078150,2024-02-19,2360.0
078150,2024-02-20,2320.0
078150,2024-02-21,2345.0
078150,2024-02-22,2295.0
078150,2024-02-23,2240.0
078150,2024-02-26,2260.0
078150,2024-02-27,2215.0
078150,2024-02-28,2205.0
078150,2024-02-29,2195.0
078150,2024-03-04,2255.0
078150,2024-03-05,2225.0
078150,2024-03-06,2235.0
078150,2024-03-07,2195.0
078150,2024-03-08,2190.0
078150,2024-03-11,2165.0
078150,2024-03-12,2145.0
078150,2024-03-13,2445.0
078150,2024-03-14,2430.0
078150,2024-03-15,2390.0
078150,2024-03-18,2435.0
078150,2024-03-19,2400.0
078150,2024-03-20,2360.0
078150,2024-03-21,2365.0
078150,2024-03-22,2565.0
078150,2024-03-25,2520.0
078150,2024-03-26,2670.0
078150,2024-03-27,2675.0
078150,2024-03-28,2825.0
078150,2024-03-29,2670.0
078150,2024-04-01,2665.0
078150,2024-04-02,2680.0
078150,2024-04-03,2880.0
078150,2024-04-04,3220.0
078150,2024-04-05,3735.0
078150,2024-06-03,3085.0
078150,2024-06-04,3005.0
078150,2024-06-05,2905.0
078150,2024-06-07,2885.0
078150,2024-06-10,3030.0
078150,2024-06-11,3070.0
078150,2024-06-12,3100.0
078150,2024-06-13,3020.0
078150,2024-06-14,3115.0
078150,2024-06-17,3395.0
078150,2024-06-18,3535.0
078150,2024-06-19,3465.0
078150,2024-06-20,3490.0
078150,2024-06-21,3355.0
078150,2024-06-24,3395.0
078150,2024-06-25,3490.0
078150,2024-06-26,3605.0
078150,2024-06-27,3590.0
078150,2024-06-28,3635.0
078150,2024-07-01,3620.0
078150,2024-07-02,3640.0
078150,2024-07-03,3750.0
078150,2024-07-04,3785.0
078150,2024-07-05,3555.0
078150,2024-07-08,3615.0
078150,2024-07-09,4550.0
078150,2024-07-10,3975.0
078150,2024-07-11,3860.0
078150,2024-07-12,3610.0
078150,2024-07-15,3725.0
078150,2024-07-16,3645.0
078150,2024-07-17,3355.0
078150,2024-07-18,3400.0
078150,2024-07-19,3350.0
078890,2023-02-20,8300.0
078890,2023-02-21,8570.0
078890,2023-02-22,8280.0
078890,2023-02-23,8950.0
078890,2023-02-24,9090.0
078890,2023-02-27,8920.0
078890,2023-02-28,9180.0
078890,2023-03-02,9080.0
078890,2023-03-03,9080.0
078890,2023-03-06,8900.0
078890,2023-03-07,8720.0
078890,2023-03-08,8730.0
078890,2023-03-09,8870.0
078890,2023-03-10,8940.0
078890,2023-03-13,8920.0
078890,2023-03-14,8940.0
078890,2023-03-15,10000.0
078890,2023-03-16,9950.0
078890,2023-03-17,10050.0
078890,2023-03-20,9700.0
078890,2023-03-21,9450.0
078890,2023-03-22,10230.0
078890,2023-03-23,10000.0
078890,2023-03-24,9830.0
078890,2023-03-27,9460.0
078890,2023-03-28,9570.0
078890,2023-03-29,9630.0
078890,2023-03-30,9300.0
078890,2023-03-31,8980.0
078890,2023-04-03,9000.0
078890,2023-04-04,8850.0
078890,2023-04-05,8850.0
078890,2023-04-06,8620.0
078890,2023-04-07,8560.0
079370,2024-02-01,16550.0
079370,2024-02-02,18230.0
079370,2024-02-05,18660.0
079370,2024-02-06,18580.0
079370,2024-02-07,17540.0
079370,2024-02-08,17450.0
079370,2024-02-13,17980.0
079370,2024-02-14,17290.0
079370,2024-02-15,17380.0
079370,2024-02-16,18180.0
079370,2024-02-19,18210.0
079370,2024-02-20,17960.0
079370,2024-02-21,18270.0
079370,2024-02-22,20500.0
079370,2024-02-23,20250.0
079370,2024-02-26,20550.0
079370,2024-02-27,22150.0
079370,2024-02-28,21650.0
079370,2024-02-29,20600.0
079370,2024-03-04,21000.0
079370,2024-03-05,20650.0
079370,2024-03-06,20400.0
079370,2024-03-07,20250.0
079370,2024-03-08,20500.0
079370,2024-03-11,19760.0
079370,2024-03-12,20750.0
079370,2024-03-13,20050.0
079370,2024-03-14,19360.0
079370,2024-03-15,19350.0
079370,2024-03-18,19520.0
079370,2024-03-19,18760.0
079370,2024-03-20,20350.0
079370,2024-03-21,20250.0
079370,2024-03-22,19550.0
079370,2024-04-22,16520.0
079370,2024-04-23,15800.0
079370,2024-04-24,16400.0
079370,2024-04-25,16050.0
079370,2024-04-26,16530.0
079370,2024-04-29,17180.0
079370,2024-04-30,16860.0
079370,2024-05-02,17590.0
079370,2024-05-03,17410.0
079370,2024-05-07,17840.0
079370,2024-05-08,17580.0
079370,2024-05-09,17460.0
079370,2024-05-10,17150.0
079370,2024-05-13,17700.0
079370,2024-05-14,17640.0
079370,2024-05-16,18120.0
079370,2024-05-17,18650.0
079370,2024-05-20,18920.0
079370,2024-05-21,19350.0
079370,2024-05-22,19040.0
079370,2024-05-23,19010.0
079370,2024-05-24,18500.0
079370,2024-05-27,17770.0
079370,2024-05-28,18060.0
079370,2024-05-29,17800.0
079370,2024-05-30,17550.0
079370,2024-05-31,17370.0
079370,2024-06-03,17960.0
079370,2024-06-04,17370.0
079370,2024-06-05,18320.0
079370,2024-06-07,18530.0
079370,2024-06-10,18210.0
079370,2024-06-11,18140.0
080220,2024-03-04,29250.0
080220,2024-03-05,27850.0
080220,2024-03-06,28000.0
080220,2024-03-07,26850.0
080220,2024-03-08,26200.0
080220,2024-03-11,26600.0
080220,2024-03-12,26600.0
080220,2024-03-13,26000.0
080220,2024-03-14,25400.0
080220,2024-03-15,25250.0
080220,2024-03-18,25600.0
080220,2024-03-19,25600.0
080220,2024-03-20,25900.0
080220,2024-03-21,25550.0
080220,2024-03-22,25250.0
080220,2024-03-25,24150.0
080220,2024-03-26,23800.0
080220,2024-03-27,23350.0
080220,2024-03-28,28600.0
080220,2024-03-29,29500.0
080220,2024-04-01,28350.0
080220,2024-04-02,27500.0
080220,2024-04-03,26300.0
080220,2024-04-04,28450.0
080220,2024-04-05,26700.0
080220,2024-04-08,25250.0
080220,2024-04-09,24650.0
080220,2024-04-11,25350.0
080220,2024-04-12,24900.0
080220,2024-04-15,24450.0
080220,2024-04-16,23600.0
080220,2024-04-17,23100.0
080220,2024-04-18,23900.0
080220,2024-04-19,22500.0
080220,2024-04-22,22200.0
080220,2024-04-23,21900.0
082740,2024-06-28,15630.0
082740,2024-07-01,15700.0
082740,2024-07-02,15370.0
082740,2024-07-03,14420.0
082740,2024-07-04,14230.0
082740,2024-07-05,13860.0
082740,2024-07-08,14480.0
082740,2024-07-09,14160.0
082740,2024-07-10,14670.0
082740,2024-07-11,14370.0
082740,2024-07-12,14300.0
082740,2024-07-15,14300.0
082740,2024-07-16,14530.0
082740,2024-07-17,15500.0
082740,2024-07-18,15270.0
082740,2024-07-19,14590.0
082740,2024-07-22,14960.0
082740,2024-07-23,16900.0
082740,2024-07-24,15880.0
082740,2024-07-25,13600.0
082740,2024-07-26,14560.0
082740,2024-07-29,15110.0
082740,2024-07-30,14790.0
082740,2024-07-31,14390.0
082740,2024-08-01,14860.0
082740,2024-08-02,14010.0
082740,2024-08-05,12000.0
082740,2024-08-06,13170.0
082740,2024-08-07,13550.0
082740,2024-08-08,13920.0
082740,2024-08-09,13850.0
082740,2024-08-12,13360.0
082740,2024-08-13,12880.0
082740,2024-08-14,13270.0
082740,2024-08-16,13540.0
083310,2024-01-29,20400.0
083310,2024-01-30,20250.0
083310,2024-01-31,19560.0
083310,2024-02-01,19230.0
083310,2024-02-02,19900.0
083310,2024-02-05,19390.0
083310,2024-02-06,19700.0
083310,2024-02-07,19400.0
083310,2024-02-08,19800.0
083310,2024-02-13,20450.0
083310,2024-02-14,21050.0
083310,2024-02-15,20900.0
083310,2024-02-16,20450.0
083310,2024-02-19,20450.0
083310,2024-02-20,20300.0
083310,2024-02-21,19990.0
083310,2024-02-22,23350.0
083310,2024-02-23,22400.0
083310,2024-02-26,22150.0
083310,2024-02-27,21300.0
083310,2024-02-28,22700.0
083310,2024-02-29,22200.0
083310,2024-03-04,23100.0
083310,2024-03-05,22100.0
083310,2024-03-06,22650.0
083310,2024-03-07,21900.0
083310,2024-03-08,23500.0
083310,2024-03-11,23200.0
083310,2024-03-12,23300.0
083310,2024-03-13,22700.0
083310,2024-03-14,22200.0
083310,2024-03-15,21650.0
083310,2024-03-18,21650.0
084370,2024-02-26,37500.0
084370,2024-02-27,36200.0
084370,2024-02-28,37900.0
084370,2024-02-29,37650.0
084370,2024-03-04,38250.0
084370,2024-03-05,35700.0
084370,2024-03-06,36250.0
084370,2024-03-07,37000.0
084370,2024-03-08,36500.0
084370,2024-03-11,36100.0
084370,2024-03-12,36500.0
084370,2024-03-13,36150.0
084370,2024-03-14,35500.0
084370,2024-03-15,34900.0
084370,2024-03-18,34900.0
084370,2024-03-19,35650.0
084370,2024-03-20,36350.0
084370,2024-03-21,41450.0
084370,2024-03-22,40000.0
084370,2024-03-25,38900.0
084370,2024-03-26,39500.0
084370,2024-03-27,42450.0
084370,2024-03-28,42600.0
084370,2024-03-29,44000.0
084370,2024-04-01,42150.0
084370,2024-04-02,42250.0
084370,2024-04-03,41900.0
084370,2024-04-04,46500.0
084370,2024-04-05,49950.0
084370,2024-04-08,50200.0
084370,2024-04-09,48500.0
084370,2024-04-11,49100.0
084370,2024-04-12,48300.0
084370,2024-04-15,51700.0
084650,2024-09-05,14125.0
084650,2024-09-06,13500.0
084650,2024-09-09,14100.0
084650,2024-09-10,13725.0
084650,2024-09-11,14800.0
084650,2024-09-12,15000.0
084650,2024-09-13,15400.0
084650,2024-09-19,15500.0
084650,2024-09-20,15100.0
084650,2024-09-23,14650.0
084650,2024-09-24,14500.0
084650,2024-09-25,14500.0
084650,2024-09-26,14900.0
084650,2024-09-27,14325.0
084650,2024-09-30,16625.0
084650,2024-10-02,16250.0
084650,2024-10-04,16600.0
084650,2024-10-07,16250.0
084650,2024-10-08,16500.0
084650,2024-10-10,16100.0
084650,2024-10-11,15375.0
084650,2024-10-14,15450.0
084650,2024-10-15,15000.0
084650,2024-10-16,17575.0
084650,2024-10-17,16575.0
084650,2024-10-18,18175.0
084650,2024-10-21,18350.0
084650,2024-10-22,17850.0
084650,2024-10-23,17350.0
084650,2024-10-24,17375.0
084650,2024-10-25,16550.0
084690,2024-01-25,10000.0
084690,2024-01-26,9900.0
084690,2024-01-29,10050.0
084690,2024-01-30,9900.0
084690,2024-01-31,9790.0
084690,2024-02-01,10200.0
084690,2024-02-02,10330.0
084690,2024-02-05,10220.0
084690,2024-02-06,9900.0
084690,2024-02-07,10040.0
084690,2024-02-08,10120.0
084690,2024-02-13,10450.0
084690,2024-02-14,10780.0
084690,2024-02-15,10660.0
084690,2024-02-16,10680.0
084690,2024-02-19,11200.0
084690,2024-02-20,10780.0
084690,2024-02-21,11660.0
084690,2024-02-22,11400.0
084690,2024-02-23,12110.0
084690,2024-02-26,11920.0
084690,2024-02-27,11610.0
084690,2024-02-28,11940.0
084690,2024-02-29,11350.0
084690,2024-03-04,12100.0
084690,2024-03-05,11920.0
084690,2024-03-06,11620.0
084690,2024-03-07,11000.0
084690,2024-03-08,10960.0
084690,2024-03-11,10540.0
084690,2024-03-12,10470.0
084690,2024-03-13,10250.0
084690,2024-03-14,9960.0
084690,2024-03-15,10490.0
085670,2024-04-08,7190.0
085670,2024-04-09,7180.0
085670,2024-04-11,7200.0
085670,2024-04-12,7310.0
085670,2024-04-15,7530.0
085670,2024-04-16,7100.0
085670,2024-04-17,7440.0
085670,2024-04-18,7500.0
085670,2024-04-19,7120.0
085670,2024-04-22,7220.0
085670,2024-04-23,7350.0
085670,2024-04-24,7710.0
085670,2024-04-25,7260.0
085670,2024-04-26,7440.0
085670,2024-04-29,7540.0
085670,2024-04-30,7780.0
085670,2024-05-02,8070.0
085670,2024-05-03,8070.0
085670,2024-05-07,8210.0
085670,2024-05-08,8040.0
085670,2024-05-09,7920.0
085670,2024-05-10,8290.0
085670,2024-05-13,7930.0
085670,2024-05-14,8070.0
085670,2024-05-16,7700.0
085670,2024-05-17,7780.0
085670,2024-05-20,7640.0
085670,2024-05-21,7530.0
085670,2024-05-22,7750.0
085670,2024-05-23,8000.0
085670,2024-05-24,7680.0
085670,2024-05-27,7740.0
086520,2024-08-30,85600.0
086520,2024-09-02,90100.0
086520,2024-09-03,89000.0
086520,2024-09-04,85500.0
086520,2024-09-05,83700.0
086520,2024-09-06,77900.0
086520,2024-09-09,75200.0
086520,2024-09-10,72600.0
086520,2024-09-11,74600.0
086520,2024-09-12,77100.0
086520,2024-09-13,76800.0
086520,2024-09-19,77000.0
086520,2024-09-20,78800.0
086520,2024-09-23,82800.0
086520,2024-09-24,90200.0
086520,2024-09-25,89000.0
086520,2024-09-26,92000.0
086520,2024-09-27,91600.0
086520,2024-09-30,88600.0
086520,2024-10-02,92400.0
086520,2024-10-04,89600.0
086520,2024-10-07,91800.0
086520,2024-10-08,92300.0
086520,2024-10-10,88900.0
086520,2024-10-11,86900.0
086520,2024-10-14,84500.0
086520,2024-10-15,82300.0
086520,2024-10-16,81600.0
086520,2024-10-17,80600.0
086520,2024-10-18,80100.0
086790,2023-07-03,40200.0
086790,2023-07-04,39550.0
086790,2023-07-05,39050.0
086790,2023-07-06,38000.0
086790,2023-07-07,37700.0
086790,2023-07-10,37950.0
086790,2023-07-11,38450.0
086790,2023-07-12,38500.0
086790,2023-07-13,38150.0
086790,2023-07-14,39300.0
086790,2023-07-17,39050.0
086790,2023-07-18,39000.0
086790,2023-07-19,38750.0
086790,2023-07-20,38950.0
086790,2023-07-21,39150.0
086790,2023-07-24,38500.0
086790,2023-07-25,38550.0
086790,2023-07-26,39400.0
086790,2023-07-27,41200.0
086790,2023-07-28,39700.0
086790,2023-07-31,39300.0
086790,2023-08-01,39900.0
086790,2023-08-02,39400.0
086790,2023-08-03,38450.0
086790,2023-08-04,38550.0
086790,2023-08-07,38550.0
086790,2023-08-08,38450.0
086790,2023-08-09,37900.0
086790,2023-08-10,37900.0
086790,2023-08-11,38200.0
086790,2023-08-14,38300.0
086790,2023-08-16,37850.0
086790,2023-08-17,38000.0
086790,2023-08-18,37550.0
086790,2023-08-21,38050.0
086790,2024-04-01,56400.0
086790,2024-04-02,56500.0
086790,2024-04-03,55600.0
086790,2024-04-04,58300.0
086790,2024-04-05,57800.0
086790,2024-04-08,59200.0
086790,2024-04-09,58100.0
086790,2024-04-11,58000.0
086790,2024-04-12,55000.0
086790,2024-04-15,55400.0
086790,2024-04-16,53600.0
086790,2024-04-17,52300.0
086790,2024-04-18,53500.0
086790,2024-04-19,52400.0
086790,2024-04-22,57000.0
086790,2024-04-23,57600.0
086790,2024-04-24,56500.0
086790,2024-04-25,56600.0
086790,2024-04-26,60000.0
086790,2024-04-29,59700.0
086790,2024-04-30,58700.0
086790,2024-05-02,57000.0
086790,2024-05-03,58000.0
086790,2024-05-07,58100.0
086790,2024-05-08,60600.0
086790,2024-05-09,59500.0
086790,2024-05-10,62100.0
086790,2024-05-13,63600.0
086790,2024-05-14,61400.0
086790,2024-05-16,63600.0
086790,2024-05-17,63100.0
086790,2024-05-20,64300.0
086790,2024-05-21,63400.0
086790,2024-06-07,60400.0
086790,2024-06-10,59700.0
086790,2024-06-11,59700.0
086790,2024-06-12,60300.0
086790,2024-06-13,59600.0
086790,2024-06-14,58600.0
086790,2024-06-17,58500.0
086790,2024-06-18,58400.0
086790,2024-06-19,59000.0
086790,2024-06-20,60200.0
086790,2024-06-21,59900.0
086790,2024-06-24,59900.0
086790,2024-06-25,60500.0
086790,2024-06-26,60400.0
086790,2024-06-27,60400.0
086790,2024-06-28,60700.0
086790,2024-07-01,60200.0
086790,2024-07-02,62900.0
086790,2024-07-03,64600.0
086790,2024-07-04,65800.0
086790,2024-07-05,66200.0
086790,2024-07-08,64100.0
086790,2024-07-09,62400.0
086790,2024-07-10,61700.0
086790,2024-07-11,62000.0
086790,2024-07-12,62400.0
086790,2024-07-15,62000.0
086790,2024-07-16,62100.0
086790,2024-07-17,62000.0
086790,2024-07-18,61800.0
086790,2024-07-19,62700.0
086790,2024-07-22,63600.0
086790,2024-07-23,63300.0
086790,2024-07-24,61600.0
086790,2024-07-25,60900.0
086790,2024-07-26,63500.0
086790,2024-07-29,63000.0
086790,2024-07-30,64000.0
086790,2024-07-31,64700.0
086790,2024-08-01,64500.0
086790,2024-08-02,62000.0
086790,2024-08-05,56700.0
086790,2024-08-06,57800.0
086790,2024-08-07,59400.0
086790,2024-08-08,59600.0
086790,2024-08-09,60300.0
086790,2024-08-12,60500.0
086790,2024-08-13,60900.0
086790,2024-08-14,61200.0
086790,2024-08-16,61000.0
086790,2024-08-19,62900.0
086790,2024-08-20,64500.0
086790,2024-08-21,65500.0
086790,2024-08-22,66500.0
086790,2024-08-23,67300.0
086790,2024-08-26,68800.0
086790,2024-08-27,66000.0
086790,2024-08-28,63300.0
086790,2024-08-29,63000.0
086790,2024-08-30,61900.0
086790,2024-09-02,63400.0
086790,2024-09-03,63900.0
086790,2024-09-04,62700.0
086790,2024-09-05,62900.0
086790,2024-09-06,62900.0
086790,2024-09-09,61200.0
086790,2024-09-10,61500.0
086790,2024-09-11,57500.0
086790,2024-09-12,58300.0
086790,2024-09-13,60700.0
086790,2024-09-19,61600.0
086790,2024-09-20,61600.0
086790,2024-09-23,61700.0
086790,2024-09-24,59600.0
086790,2024-09-25,57700.0
086790,2024-09-26,60900.0
086790,2024-09-27,60700.0
086790,2024-09-30,58800.0
086790,2024-10-02,59500.0
086790,2024-10-04,59500.0
086790,2024-10-07,61600.0
086790,2024-10-08,61300.0
086790,2024-10-10,61400.0
086790,2024-10-11,61000.0
086790,2024-10-14,63800.0
086790,2024-10-15,64400.0
086790,2024-10-16,65800.0
086790,2024-10-17,65700.0
086790,2024-10-18,65600.0
086790,2024-10-21,64900.0
086790,2024-10-22,64600.0
086790,2024-10-23,64400.0
086790,2024-10-24,63900.0
086790,2024-10-25,66500.0
086790,2024-10-28,65400.0
086790,2024-10-29,65000.0
086790,2024-10-30,62600.0
086790,2024-10-31,59900.0
086790,2024-11-01,61100.0
086790,2024-11-04,60300.0
086790,2024-11-05,60700.0
086790,2024-11-06,61900.0
086790,2024-11-07,61200.0
086790,2024-11-08,61200.0
086960,2023-01-30,4331.3811659192825
086960,2023-01-31,4133.70403587444
086960,2023-02-01,4131.201793721973
086960,2023-02-02,4161.22869955157
086960,2023-02-03,4338.8878923766815
086960,2023-02-06,4408.95067264574
086960,2023-02-07,5730.134529147982
086960,2023-02-08,6655.964125560538
086960,2023-02-09,6655.964125560538
086960,2023-02-10,6655.964125560538
086960,2023-02-13,6655.964125560538
086960,2023-02-14,6580.896860986548
086960,2023-02-15,6130.493273542601
086960,2023-02-16,6042.914798206279
086960,2023-02-17,6130.493273542601
086960,2023-02-20,6117.982062780269
086960,2023-02-21,6455.784753363229
086960,2023-02-22,6555.874439461883
086960,2023-02-23,6668.47533632287
086960,2023-02-24,8645.2466367713
086960,2023-02-27,7969.641255605382
086960,2023-02-28,8019.686098654709
086960,2023-03-02,7544.260089686099
086960,2023-03-03,7656.860986547085
086960,2023-03-06,7694.3946188340815
086960,2023-03-07,7394.125560538117
086960,2023-03-08,7781.973094170404
086960,2023-03-09,7531.748878923767
086960,2023-03-10,7031.300448430494
086960,2023-03-13,7456.681614349776
086960,2023-03-14,7431.659192825113
086960,2023-03-15,7444.170403587444
086960,2023-03-16,7243.991031390135
086960,2023-03-17,7694.3946188340815
086960,2023-03-20,7669.372197309417
087010,2023-10-30,28007.669322709164
087010,2023-10-31,28589.14342629482
087010,2023-11-01,29509.810756972118
087010,2023-11-02,32029.53187250996
087010,2023-11-03,29461.354581673306
087010,2023-11-06,27038.54581673307
087010,2023-11-07,29994.37250996016
087010,2023-11-08,31981.07569721116
087010,2023-11-09,31496.51394422311
087010,2023-11-10,31787.250996015937
087010,2023-11-13,32562.549800796813
087010,2023-11-14,31932.61952191235
087010,2023-11-15,32126.44422310757
087010,2023-11-16,30624.302788844623
087010,2023-11-17,30382.0219123506
087010,2023-11-20,31496.51394422311
087010,2023-11-21,30866.583665338647
087010,2023-11-22,30285.10956175299
087010,2023-11-23,35373.007968127495
087010,2023-11-24,33919.322709163345
087010,2023-11-27,30527.390438247014
087010,2023-11-28,31060.408366533866
087010,2023-11-29,30430.478087649404
087010,2023-11-30,33337.84860557769
087010,2023-12-01,34210.059760956174
087010,2023-12-04,37020.517928286856
087010,2023-12-05,36196.76294820717
087010,2023-12-06,34888.44621513944
087010,2023-12-07,36099.85059760956
087010,2023-12-08,35179.18326693227
087010,2023-12-11,34549.25298804781
087010,2023-12-12,32320.26892430279
087010,2023-12-13,30624.302788844623
087010,2023-12-14,30333.565737051795
087010,2023-12-15,28249.950199203187
087010,2023-12-18,30042.828685258966
087010,2024-02-01,22871.314741035854
087010,2024-02-02,22968.227091633467
087010,2024-02-05,21902.191235059763
087010,2024-02-06,22580.57768924303
087010,2024-02-07,21853.73505976096
087010,2024-02-08,22144.472111553787
087010,2024-02-13,25148.75498007968
087010,2024-02-14,24954.93027888446
087010,2024-02-15,25051.84262948207
087010,2024-02-16,25487.948207171317
087010,2024-02-19,24421.91235059761
087010,2024-02-20,24470.36852589641
087010,2024-02-21,24228.08764940239
087010,2024-02-22,24518.82470119522
087010,2024-02-23,28443.774900398406
087010,2024-02-26,28637.599601593625
087010,2024-02-27,23888.89442231076
087010,2024-02-28,22532.121513944225
087010,2024-02-29,22289.8406374502
087010,2024-03-04,22677.49003984064
087010,2024-03-05,23791.982071713148
087010,2024-03-06,23162.051792828686
087010,2024-03-07,24712.64940239044
087010,2024-03-08,24034.26294820717
087010,2024-03-11,24276.543824701195
087010,2024-03-12,23743.525896414343
087010,2024-03-13,24858.01792828685
087010,2024-03-14,24228.08764940239
087010,2024-03-15,23937.35059760956
087010,2024-03-18,23501.24501992032
087010,2024-03-19,23113.59561752988
087010,2024-03-20,23549.701195219124
087010,2024-03-21,24325.0
087010,2024-03-22,25972.509960159365
087260,2024-05-24,2850.0
087260,2024-05-27,2855.0
087260,2024-05-28,2900.0
087260,2024-05-29,2905.0
087260,2024-05-30,2815.0
087260,2024-05-31,2845.0
087260,2024-06-03,2845.0
087260,2024-06-04,2785.0
087260,2024-06-05,2705.0
087260,2024-06-07,2720.0
087260,2024-06-10,2720.0
087260,2024-06-11,2700.0
087260,2024-06-12,2885.0
087260,2024-06-13,2870.0
087260,2024-06-14,2885.0
087260,2024-06-17,2875.0
087260,2024-06-18,3005.0
087260,2024-06-19,2915.0
087260,2024-06-20,2880.0
087260,2024-06-21,2845.0
087260,2024-06-24,2835.0
087260,2024-06-25,2865.0
087260,2024-06-26,2895.0
087260,2024-06-27,2830.0
087260,2024-06-28,2800.0
087260,2024-07-01,2925.0
087260,2024-07-02,2880.0
087260,2024-07-03,2820.0
087260,2024-07-04,2885.0
087260,2024-07-05,2865.0
087260,2024-07-08,3045.0
087260,2024-07-09,3150.0
087260,2024-07-10,3120.0
087260,2024-07-11,3005.0
087260,2024-07-12,2860.0
088350,2024-01-05,2575.0
088350,2024-01-08,2520.0
088350,2024-01-09,2550.0
088350,2024-01-10,2510.0
088350,2024-01-11,2530.0
088350,2024-01-12,2550.0
088350,2024-01-15,2600.0
088350,2024-01-16,2555.0
088350,2024-01-17,2490.0
088350,2024-01-18,2435.0
088350,2024-01-19,2440.0
088350,2024-01-22,2470.0
088350,2024-01-23,2620.0
088350,2024-01-24,2685.0
088350,2024-01-25,2690.0
088350,2024-01-26,2655.0
088350,2024-01-29,2775.0
088350,2024-01-30,3010.0
088350,2024-01-31,3035.0
088350,2024-02-01,3355.0
088350,2024-02-02,3540.0
088350,2024-02-05,3690.0
088350,2024-02-06,3545.0
088350,2024-02-07,3660.0
088350,2024-02-08,3645.0
088350,2024-02-13,3550.0
088350,2024-02-14,3455.0
088350,2024-02-15,3365.0
088350,2024-02-16,3440.0
088350,2024-02-19,3505.0
088350,2024-02-20,3390.0
088350,2024-02-21,3415.0
088350,2024-02-22,3360.0
088350,2024-02-23,3385.0
089890,2024-03-04,16450.0
089890,2024-03-05,16480.0
089890,2024-03-06,16790.0
089890,2024-03-07,16690.0
089890,2024-03-08,17080.0
089890,2024-03-11,16110.0
089890,2024-03-12,16160.0
089890,2024-03-13,15740.0
089890,2024-03-14,15650.0
089890,2024-03-15,16910.0
089890,2024-03-18,17350.0
089890,2024-03-19,17470.0
089890,2024-03-20,17630.0
089890,2024-03-21,17300.0
089890,2024-03-22,17380.0
089890,2024-03-25,16700.0
089890,2024-03-26,18550.0
089890,2024-03-27,18020.0
089890,2024-03-28,18030.0
089890,2024-03-29,17700.0
089890,2024-04-01,17220.0
089890,2024-04-02,17320.0
089890,2024-04-03,16220.0
089890,2024-04-04,16300.0
089890,2024-04-05,15510.0
089890,2024-04-08,14680.0
089890,2024-04-09,14450.0
089890,2024-04-11,14310.0
089890,2024-04-12,14770.0
089890,2024-04-15,14370.0
089890,2024-04-16,13930.0
089890,2024-04-17,14130.0
089890,2024-04-18,14830.0
089890,2024-04-19,14290.0
090360,2024-02-02,30450.0
090360,2024-02-05,30000.0
090360,2024-02-06,30000.0
090360,2024-02-07,30350.0
090360,2024-02-08,31300.0
090360,2024-02-13,32350.0
090360,2024-02-14,32400.0
090360,2024-02-15,32500.0
090360,2024-02-16,32200.0
090360,2024-02-19,32650.0
090360,2024-02-20,32250.0
090360,2024-02-21,31900.0
090360,2024-02-22,32550.0
090360,2024-02-23,31750.0
090360,2024-02-26,31000.0
090360,2024-02-27,35900.0
090360,2024-02-28,35200.0
090360,2024-02-29,33100.0
090360,2024-03-04,33550.0
090360,2024-03-05,33000.0
090360,2024-03-06,32750.0
090360,2024-03-07,31750.0
090360,2024-03-08,32600.0
090360,2024-03-11,33450.0
090360,2024-03-12,33750.0
090360,2024-03-13,34200.0
090360,2024-03-14,34500.0
090360,2024-03-15,34150.0
090360,2024-03-18,34950.0
090360,2024-03-19,35350.0
090360,2024-03-20,36100.0
090360,2024-03-21,36400.0
090360,2024-03-22,35800.0
090460,2024-04-08,17250.0
090460,2024-04-09,17060.0
090460,2024-04-11,16950.0
090460,2024-04-12,17050.0
090460,2024-04-15,16690.0
090460,2024-04-16,16100.0
090460,2024-04-17,16130.0
090460,2024-04-18,16240.0
090460,2024-04-19,15990.0
090460,2024-04-22,15960.0
090460,2024-04-23,16010.0
090460,2024-04-24,16500.0
090460,2024-04-25,16550.0
090460,2024-04-26,16690.0
090460,2024-04-29,16870.0
090460,2024-04-30,17450.0
090460,2024-05-02,17640.0
090460,2024-05-03,20700.0
090460,2024-05-07,21700.0
090460,2024-05-08,21700.0
090460,2024-05-09,21900.0
090460,2024-05-10,22000.0
090460,2024-05-13,22950.0
090460,2024-05-14,23900.0
090460,2024-05-16,23400.0
090460,2024-05-17,23450.0
090460,2024-05-20,22850.0
090460,2024-05-21,23050.0
090460,2024-05-22,23600.0
090460,2024-05-23,23400.0
090460,2024-05-24,23300.0
090460,2024-05-27,23400.0
090460,2024-05-28,22950.0
091990,2023-02-10,58400.0
091990,2023-02-13,58100.0
091990,2023-02-14,58800.0
091990,2023-02-15,56400.0
091990,2023-02-16,57700.0
091990,2023-02-17,56800.0
091990,2023-02-20,58100.0
091990,2023-02-21,57500.0
091990,2023-02-22,55400.0
091990,2023-02-23,55600.0
091990,2023-02-24,55100.0
091990,2023-02-27,54400.0
091990,2023-02-28,54500.0
091990,2023-03-02,53900.0
091990,2023-03-03,57700.0
091990,2023-03-06,58300.0
091990,2023-03-07,62800.0
091990,2023-03-08,63900.0
091990,2023-03-09,64500.0
091990,2023-03-10,62300.0
091990,2023-03-13,62300.0
091990,2023-03-14,60500.0
091990,2023-03-15,60500.0
091990,2023-03-16,60400.0
091990,2023-03-17,64100.0
091990,2023-03-20,65600.0
091990,2023-03-21,64400.0
091990,2023-03-22,65900.0
091990,2023-03-23,64400.0
091990,2023-03-24,63300.0
091990,2023-03-27,65500.0
091990,2023-03-28,60500.0
091990,2023-03-29,59700.0
091990,2023-03-30,59600.0
091990,2023-03-31,60200.0
091990,2023-07-17,67800.0
091990,2023-07-18,64100.0
091990,2023-07-19,63900.0
091990,2023-07-20,63700.0
091990,2023-07-21,65800.0
091990,2023-07-24,64100.0
091990,2023-07-25,62700.0
091990,2023-07-26,62100.0
091990,2023-07-27,63900.0
091990,2023-07-28,64300.0
091990,2023-07-31,65800.0
091990,2023-08-01,66600.0
091990,2023-08-02,64700.0
091990,2023-08-03,68200.0
091990,2023-08-04,67900.0
091990,2023-08-07,67300.0
091990,2023-08-08,66800.0
091990,2023-08-09,69800.0
091990,2023-08-10,70800.0
091990,2023-08-11,72300.0
091990,2023-08-14,70500.0
091990,2023-08-16,65000.0
091990,2023-08-17,64300.0
091990,2023-08-18,68600.0
091990,2023-08-21,66400.0
091990,2023-08-22,64600.0
091990,2023-08-23,63700.0
091990,2023-08-24,65400.0
091990,2023-08-25,65000.0
091990,2023-08-28,65000.0
091990,2023-08-29,66700.0
091990,2023-08-30,66500.0
091990,2023-08-31,64700.0
091990,2023-09-01,64700.0
092220,2023-05-08,10884.313725490196
092220,2023-05-09,10651.742919389975
092220,2023-05-10,10721.514161220042
092220,2023-05-11,10675.0
092220,2023-05-12,10850.0
092220,2023-05-15,10700.0
092220,2023-05-16,9710.0
092220,2023-05-17,9990.0
092220,2023-05-18,10300.0
092220,2023-05-19,10600.0
092220,2023-05-22,10800.0
092220,2023-05-23,10725.0
092220,2023-05-24,10600.0
092220,2023-05-25,10525.0
092220,2023-05-26,10550.0
092220,2023-05-30,10800.0
092220,2023-05-31,10825.0
092220,2023-06-01,10900.0
092220,2023-06-02,10675.0
092220,2023-06-05,10575.0
092220,2023-06-07,10450.0
092220,2023-06-08,10775.0
092220,2023-06-09,11250.0
092220,2023-06-12,11350.0
092220,2023-06-13,11100.0
092220,2023-06-14,10925.0
092220,2023-06-15,11025.0
092220,2023-06-16,10925.0
092220,2023-06-19,10850.0
092220,2023-06-20,10500.0
092220,2023-06-21,10250.0
092220,2023-06-22,10125.0
092220,2023-06-23,10150.0
092220,2023-06-26,9965.0
093370,2023-03-06,13477.570093457944
093370,2023-03-07,13165.046728971964
093370,2023-03-08,12872.056074766357
093370,2023-03-09,12334.906542056076
093370,2023-03-10,12080.981308411216
093370,2023-03-13,12149.345794392524
093370,2023-03-14,11748.92523364486
093370,2023-03-15,11768.457943925234
093370,2023-03-16,11836.822429906542
093370,2023-03-17,12286.07476635514
093370,2023-03-20,12413.03738317757
093370,2023-03-21,12481.40186915888
093370,2023-03-22,12510.70093457944
093370,2023-03-23,13086.915887850468
093370,2023-03-24,13086.915887850468
093370,2023-03-27,13067.383177570096
093370,2023-03-28,13116.214953271028
093370,2023-03-29,16231.682242990655
093370,2023-03-30,16065.654205607478
093370,2023-03-31,15323.411214953272
093370,2023-04-03,15870.32710280374
093370,2023-04-04,15421.07476635514
093370,2023-04-05,15450.373831775702
093370,2023-04-06,15157.383177570096
093370,2023-04-07,15675.0
093370,2023-04-10,15821.495327102804
093370,2023-04-11,15841.02803738318
093370,2023-04-12,15391.77570093458
093370,2023-04-13,15382.009345794391
093370,2023-04-14,15899.6261682243
093370,2023-04-17,14542.102803738318
093370,2023-04-18,14571.40186915888
093370,2023-04-19,14542.102803738318
093370,2023-04-20,13965.88785046729
093370,2023-04-21,13965.88785046729
093370,2023-05-08,13350.607476635514
093370,2023-05-09,13213.878504672895
093370,2023-05-10,12999.018691588786
093370,2023-05-11,12764.6261682243
093370,2023-05-12,12598.598130841125
093370,2023-05-15,12530.233644859814
093370,2023-05-16,12520.467289719629
093370,2023-05-17,12618.130841121496
093370,2023-05-18,12657.196261682244
093370,2023-05-19,12959.953271028038
093370,2023-05-22,13038.084112149534
093370,2023-05-23,12920.88785046729
093370,2023-05-24,12930.654205607478
093370,2023-05-25,12745.093457943924
093370,2023-05-26,12686.495327102804
093370,2023-05-30,13721.728971962615
093370,2023-05-31,13350.607476635514
093370,2023-06-01,13360.373831775702
093370,2023-06-02,13448.271028037385
093370,2023-06-05,13409.205607476635
093370,2023-06-07,13604.532710280377
093370,2023-06-08,13555.70093457944
093370,2023-06-09,13653.364485981308
093370,2023-06-12,13858.457943925234
093370,2023-06-13,13711.962616822431
093370,2023-06-14,13282.242990654206
093370,2023-06-15,13409.205607476635
093370,2023-06-16,13379.906542056076
093370,2023-06-19,13370.140186915887
093370,2023-06-20,13292.009345794391
093370,2023-06-21,12930.654205607478
093370,2023-06-22,12725.560747663552
093370,2023-06-23,12696.261682242992
093370,2023-06-26,12637.663551401867
093370,2023-06-27,12461.869158878506
093370,2023-06-28,12256.77570093458
093370,2023-06-29,12022.383177570096
093370,2023-06-30,12403.271028037385
093370,2023-07-03,12696.261682242992
093370,2023-07-04,12569.299065420562
093370,2023-07-05,12686.495327102804
093370,2023-07-06,12354.43925233645
093370,2023-07-07,12217.710280373833
093370,2023-07-10,12168.878504672895
093370,2023-07-11,12403.271028037385
093370,2023-07-12,13575.233644859814
093370,2023-07-13,13282.242990654206
093370,2023-07-14,13516.635514018692
093370,2023-07-17,13106.448598130844
093370,2023-07-18,12999.018691588786
093370,2023-07-19,12842.757009345794
093370,2023-07-20,12901.355140186915
093370,2023-07-21,12911.121495327105
093370,2023-07-24,13047.85046728972
093370,2023-07-25,12911.121495327105
093370,2023-07-26,12315.373831775702
093370,2023-07-27,12237.242990654206
093370,2023-07-28,12579.065420560748
093370,2023-07-31,13213.878504672895
093370,2023-08-01,13047.85046728972
093370,2023-08-02,12559.532710280377
093370,2023-08-03,12598.598130841125
093370,2023-08-04,12305.607476635514
094170,2023-12-04,16660.89908256881
094170,2023-12-05,16715.61467889908
094170,2023-12-06,16104.62385321101
094170,2023-12-07,15958.715596330276
094170,2023-12-08,16733.853211009173
094170,2023-12-11,16980.07339449541
094170,2023-12-12,17317.48623853211
094170,2023-12-13,16706.495412844037
094170,2023-12-14,16451.155963302754
094170,2023-12-15,17016.550458715596
094170,2023-12-18,17408.67889908257
094170,2023-12-19,17454.275229357798
094170,2023-12-20,17053.02752293578
094170,2023-12-21,17217.174311926607
094170,2023-12-22,17226.29357798165
094170,2023-12-26,16423.798165137614
094170,2023-12-27,17390.440366972478
094170,2023-12-28,19150.45871559633
094170,2024-01-02,19606.422018348625
094170,2024-01-03,19697.61467889908
094170,2024-01-04,18922.477064220184
094170,2024-01-05,19424.036697247702
094170,2024-01-08,19059.26605504587
094170,2024-01-09,18785.688073394496
094170,2024-01-10,18083.504587155963
094170,2024-01-11,21247.88990825688
094170,2024-01-12,20609.54128440367
094170,2024-01-15,20199.174311926607
094170,2024-01-16,18922.477064220184
094170,2024-01-17,18420.91743119266
094170,2024-01-18,18284.12844036697
094170,2024-01-19,18238.532110091743
094170,2024-01-22,19469.633027522937
094360,2023-12-08,31750.0
094360,2023-12-11,31450.0
094360,2023-12-12,31300.0
094360,2023-12-13,29950.0
094360,2023-12-14,30500.0
094360,2023-12-15,29050.0
094360,2023-12-18,30500.0
094360,2023-12-19,31150.0
094360,2023-12-20,30600.0
094360,2023-12-21,30800.0
094360,2023-12-22,30300.0
094360,2023-12-26,31900.0
094360,2023-12-27,31850.0
094360,2023-12-28,31850.0
094360,2024-01-02,34350.0
094360,2024-01-03,36900.0
094360,2024-01-04,34200.0
094360,2024-01-05,33600.0
094360,2024-01-08,32700.0
094360,2024-01-09,32550.0
094360,2024-01-10,33100.0
094360,2024-01-11,32450.0
094360,2024-01-12,30350.0
094360,2024-01-15,30800.0
094360,2024-01-16,29900.0
094360,2024-01-17,29050.0
094360,2024-01-18,29300.0
094360,2024-01-19,31200.0
094360,2024-01-22,32350.0
094360,2024-01-23,32450.0
094360,2024-01-24,31400.0
094360,2024-01-25,30800.0
094360,2024-01-26,29950.0
094480,2024-01-22,8280.0
094480,2024-01-23,8300.0
094480,2024-01-24,8160.0
094480,2024-01-25,8230.0
094480,2024-01-26,8600.0
094480,2024-01-29,8100.0
094480,2024-01-30,8750.0
094480,2024-01-31,9410.0
094480,2024-02-01,8840.0
094480,2024-02-02,9140.0
094480,2024-02-05,8280.0
094480,2024-02-06,8350.0
094480,2024-02-07,8520.0
094480,2024-02-08,8690.0
094480,2024-02-13,9090.0
094480,2024-02-14,9050.0
094480,2024-02-15,10100.0
094480,2024-02-16,9930.0
094480,2024-02-19,9840.0
094480,2024-02-20,10170.0
094480,2024-02-21,10240.0
094480,2024-02-22,9810.0
094480,2024-02-23,9400.0
094480,2024-02-26,9400.0
094480,2024-02-27,9950.0
094480,2024-02-28,9720.0
094480,2024-02-29,9650.0
094480,2024-03-04,9320.0
094480,2024-03-05,9300.0
094480,2024-03-06,8920.0
094480,2024-03-07,8580.0
094480,2024-03-08,8570.0
094480,2024-03-11,8450.0
094480,2024-08-09,7180.0
094480,2024-08-12,6960.0
094480,2024-08-13,7080.0
094480,2024-08-14,6950.0
094480,2024-08-16,7000.0
094480,2024-08-19,6740.0
094480,2024-08-20,7170.0
094480,2024-08-21,7240.0
094480,2024-08-22,7640.0
094480,2024-08-23,7770.0
094480,2024-08-26,7520.0
094480,2024-08-27,7430.0
094480,2024-08-28,7100.0
094480,2024-08-29,7250.0
094480,2024-08-30,7230.0
094480,2024-09-02,7560.0
094480,2024-09-03,9600.0
094480,2024-09-04,9010.0
094480,2024-09-05,8520.0
094480,2024-09-06,8300.0
094480,2024-09-09,8400.0
094480,2024-09-10,8510.0
094480,2024-09-11,7780.0
094480,2024-09-12,7960.0
094480,2024-09-13,8450.0
094480,2024-09-19,8740.0
094480,2024-09-20,8820.0
094480,2024-09-23,8850.0
094480,2024-09-24,9060.0
094480,2024-09-25,9140.0
094480,2024-09-26,9250.0
094480,2024-09-27,9210.0
094480,2024-10-14,8420.0
094480,2024-10-15,8500.0
094480,2024-10-16,8610.0
094480,2024-10-17,8510.0
094480,2024-10-18,8750.0
094480,2024-10-21,8670.0
094480,2024-10-22,8210.0
094480,2024-10-23,8130.0
094480,2024-10-24,7940.0
094480,2024-10-25,8020.0
094480,2024-10-28,7970.0
094480,2024-10-29,8820.0
094480,2024-10-30,8710.0
094480,2024-10-31,8510.0
094480,2024-11-01,7730.0
094480,2024-11-04,7610.0
094480,2024-11-05,7950.0
094480,2024-11-06,9800.0
094480,2024-11-07,9040.0
094480,2024-11-08,9200.0
094480,2024-11-11,9800.0
094480,2024-11-12,9230.0
094480,2024-11-13,8550.0
094480,2024-11-14,8090.0
094480,2024-11-15,8150.0
094480,2024-11-18,8360.0
094480,2024-11-19,8550.0
094480,2024-11-20,8080.0
094480,2024-11-21,8080.0
094480,2024-11-22,7980.0
094480,2024-11-25,8570.0
094480,2024-11-26,8640.0
094480,2024-11-27,8700.0
094480,2024-11-28,8220.0
094480,2024-11-29,8500.0
095340,2023-12-28,80300.0
095340,2024-01-02,83000.0
095340,2024-01-03,79400.0
095340,2024-01-04,78900.0
095340,2024-01-05,79700.0
095340,2024-01-08,78100.0
095340,2024-01-09,81600.0
095340,2024-01-10,80300.0
095340,2024-01-11,81100.0
095340,2024-01-12,80300.0
095340,2024-01-15,81300.0
095340,2024-01-16,76600.0
095340,2024-01-17,77400.0
095340,2024-01-18,81100.0
095340,2024-01-19,84100.0
095340,2024-01-22,89200.0
095340,2024-01-23,83400.0
095340,2024-01-24,86800.0
095340,2024-01-25,87300.0
095340,2024-01-26,82500.0
095340,2024-01-29,81500.0
095340,2024-01-30,81000.0
095340,2024-01-31,77000.0
095340,2024-02-01,71600.0
095340,2024-02-02,75000.0
095340,2024-02-05,74600.0
095340,2024-02-06,80100.0
095340,2024-02-07,71900.0
095340,2024-02-08,71100.0
095340,2024-02-13,72800.0
095340,2024-02-14,74500.0
095340,2024-02-15,76400.0
095340,2024-02-16,75000.0
095500,2023-11-20,16200.0
095500,2023-11-21,16230.0
095500,2023-11-22,15900.0
095500,2023-11-23,15800.0
095500,2023-11-24,15960.0
095500,2023-11-27,15840.0
095500,2023-11-28,15780.0
095500,2023-11-29,15950.0
095500,2023-11-30,16600.0
095500,2023-12-01,16450.0
095500,2023-12-04,15990.0
095500,2023-12-05,15700.0
095500,2023-12-06,15610.0
095500,2023-12-07,15470.0
095500,2023-12-08,15850.0
095500,2023-12-11,15660.0
095500,2023-12-12,15600.0
095500,2023-12-13,15270.0
095500,2023-12-14,15680.0
095500,2023-12-15,17870.0
095500,2023-12-18,17910.0
095500,2023-12-19,18000.0
095500,2023-12-20,18060.0
095500,2023-12-21,17960.0
095500,2023-12-22,17350.0
095500,2023-12-26,16630.0
095500,2023-12-27,17860.0
095500,2023-12-28,17730.0
095500,2024-01-02,17490.0
095500,2024-01-03,17170.0
095500,2024-01-04,16910.0
095500,2024-01-05,17190.0
095500,2024-01-08,17160.0
095500,2024-01-09,17370.0
095610,2024-06-03,22900.0
095610,2024-06-04,22200.0
095610,2024-06-05,22600.0
095610,2024-06-07,23250.0
095610,2024-06-10,23750.0
095610,2024-06-11,23750.0
095610,2024-06-12,23850.0
095610,2024-06-13,23850.0
095610,2024-06-14,23450.0
095610,2024-06-17,23000.0
095610,2024-06-18,23600.0
095610,2024-06-19,23850.0
095610,2024-06-20,23650.0
095610,2024-06-21,23200.0
095610,2024-06-24,22150.0
095610,2024-06-25,22300.0
095610,2024-06-26,26500.0
095610,2024-06-27,27300.0
095610,2024-06-28,26600.0
095610,2024-07-01,26150.0
095610,2024-07-02,25250.0
095610,2024-07-03,26150.0
095610,2024-07-04,26150.0
095610,2024-07-05,25700.0
095610,2024-07-08,25900.0
095610,2024-07-09,26250.0
095610,2024-07-10,25150.0
095610,2024-07-11,23650.0
095610,2024-07-12,23550.0
095610,2024-07-15,23450.0
095610,2024-07-16,24000.0
095610,2024-07-17,22550.0
095610,2024-07-18,22300.0
095610,2024-07-19,22000.0
099440,2023-11-20,3571.663685152057
099440,2023-11-21,3499.892665474061
099440,2023-11-22,3546.3327370304114
099440,2023-11-23,3664.5438282647583
099440,2023-11-24,3601.216457960644
099440,2023-11-27,3271.9141323792487
099440,2023-11-28,3436.5652951699462
099440,2023-11-29,3377.459749552773
099440,2023-11-30,3483.005366726297
099440,2023-12-01,3242.361359570662
099440,2023-12-04,3119.928443649374
099440,2023-12-05,3043.935599284436
099440,2023-12-06,3141.0375670840785
099440,2023-12-07,3031.2701252236134
099440,2023-12-08,3124.150268336314
099440,2023-12-11,3170.5903398926653
099440,2023-12-12,3132.593917710197
099440,2023-12-13,3060.8228980322
099440,2023-12-14,3119.928443649374
099440,2023-12-15,3736.314847942755
099440,2023-12-18,3778.533094812165
099440,2023-12-19,3656.1001788908766
099440,2023-12-20,3909.4096601073343
099440,2023-12-21,3816.529516994633
099440,2023-12-22,3681.431127012522
099440,2023-12-26,3449.230769230769
099440,2023-12-27,3533.6672629695886
099440,2023-12-28,3546.3327370304114
099440,2024-01-02,3588.550983899821
099440,2024-01-03,3571.663685152057
099440,2024-01-04,3529.4454382826475
099440,2024-01-05,3685.6529516994633
099440,2024-01-08,3913.6314847942754
099440,2024-01-09,3770.0894454382815
101360,2024-05-13,27718.15289308441
101360,2024-05-14,27162.9967550255
101360,2024-05-16,27995.73096211387
101360,2024-05-17,27242.3047747482
101360,2024-05-20,29145.697248093053
101360,2024-05-21,30335.317543933583
101360,2024-05-22,31366.321800328715
101360,2024-05-23,32040.43996797168
101360,2024-05-24,30850.81967213115
101360,2024-05-27,34657.60461882086
101360,2024-05-28,34023.140461039235
101360,2024-05-29,32912.8281849214
101360,2024-05-30,31366.321800328715
101360,2024-05-31,31643.89986935817
101360,2024-06-03,30850.81967213115
101360,2024-06-04,32522.950819672133
101360,2024-06-05,35741.80327868852
101360,2024-06-07,42639.34426229508
101360,2024-06-10,42054.09836065574
101360,2024-06-11,46401.63934426229
101360,2024-06-12,45565.57377049181
101360,2024-06-13,45147.54098360656
101360,2024-06-14,42555.73770491804
101360,2024-06-17,41301.63934426229
101360,2024-06-18,40172.950819672136
101360,2024-06-19,43893.44262295082
101360,2024-06-20,45231.147540983606
101360,2024-06-21,46234.4262295082
101360,2024-06-24,49829.50819672131
101360,2024-06-25,43809.83606557377
101360,2024-06-26,45063.93442622951
101360,2024-06-27,46067.2131147541
101360,2024-06-28,44227.86885245902
101670,2023-01-30,22350.0
101670,2023-01-31,20750.0
101670,2023-02-01,20100.0
101670,2023-02-02,20200.0
101670,2023-02-03,19740.0
101670,2023-02-06,19390.0
101670,2023-02-07,19280.0
101670,2023-02-08,19110.0
101670,2023-02-09,19060.0
101670,2023-02-10,18410.0
101670,2023-02-13,18500.0
101670,2023-02-14,17880.0
101670,2023-02-15,17970.0
101670,2023-02-16,19300.0
101670,2023-02-17,18590.0
101670,2023-02-20,19280.0
101670,2023-02-21,19950.0
101670,2023-02-22,20500.0
101670,2023-02-23,20150.0
101670,2023-02-24,22450.0
101670,2023-02-27,23350.0
101670,2023-02-28,23700.0
101670,2023-03-02,23650.0
101670,2023-03-03,23950.0
101670,2023-03-06,23850.0
101670,2023-03-07,31000.0
101670,2023-03-08,32800.0
101670,2023-03-09,27950.0
101670,2023-03-10,27050.0
101670,2023-03-13,26850.0
101670,2023-03-14,23550.0
101670,2023-03-15,24250.0
101670,2023-03-16,24750.0
101670,2023-03-17,23300.0
101670,2023-03-20,23600.0
101670,2023-03-21,25900.0
102120,2024-03-08,17010.0
102120,2024-03-11,16590.0
102120,2024-03-12,16370.0
102120,2024-03-13,16100.0
102120,2024-03-14,15620.0
102120,2024-03-15,15670.0
102120,2024-03-18,15830.0
102120,2024-03-19,15680.0
102120,2024-03-20,15980.0
102120,2024-03-21,15820.0
102120,2024-03-22,15120.0
102120,2024-03-25,14900.0
102120,2024-03-26,15200.0
102120,2024-03-27,14790.0
102120,2024-03-28,16350.0
102120,2024-03-29,15970.0
102120,2024-04-01,17180.0
102120,2024-04-02,18320.0
102120,2024-04-03,17570.0
102120,2024-04-04,18100.0
102120,2024-04-05,17010.0
102120,2024-04-08,16580.0
102120,2024-04-09,15750.0
102120,2024-04-11,16020.0
102120,2024-04-12,16450.0
102120,2024-04-15,17050.0
102120,2024-04-16,16120.0
102120,2024-04-17,16650.0
102120,2024-04-18,16970.0
102120,2024-04-19,16060.0
102120,2024-04-22,15490.0
102120,2024-04-23,15740.0
102120,2024-04-24,16270.0
102120,2024-04-25,15760.0
102120,2024-04-26,15770.0
103590,2023-07-31,9529.88764044944
103590,2023-08-01,9756.789727126805
103590,2023-08-02,10267.319422150882
103590,2023-08-03,9331.34831460674
103590,2023-08-04,9236.80577849117
103590,2023-08-07,9189.534510433386
103590,2023-08-08,9132.808988764044
103590,2023-08-09,9161.171749598716
103590,2023-08-10,8820.818619582664
103590,2023-08-11,9076.083467094702
103590,2023-08-14,8905.906902086677
103590,2023-08-16,8584.462279293739
103590,2023-08-17,8707.36757624398
103590,2023-08-18,8650.642054574639
103590,2023-08-21,8896.45264847512
103590,2023-08-22,9482.616372391652
103590,2023-08-23,9596.067415730337
103590,2023-08-24,9785.152487961475
103590,2023-08-25,10872.39165329053
103590,2023-08-28,11335.65008025682
103590,2023-08-29,11392.375601926164
103590,2023-08-30,11250.561797752807
103590,2023-08-31,11969.08507223114
103590,2023-09-01,11345.104333868378
103590,2023-09-04,11137.110754414123
103590,2023-09-05,11061.476725521668
103590,2023-09-06,10541.492776886034
103590,2023-09-07,10588.76404494382
103590,2023-09-08,11345.104333868378
103590,2023-09-11,11657.09470304976
103590,2023-09-12,11449.101123595505
103590,2023-09-13,11089.83948635634
103590,2023-09-14,11382.921348314609
103590,2023-09-15,12734.879614767256
103590,2023-09-18,12470.16051364366
103590,2023-09-19,12394.526484751204
103590,2023-12-26,10420.0
103590,2023-12-27,10540.0
103590,2023-12-28,10640.0
103590,2024-01-02,10740.0
103590,2024-01-03,11330.0
103590,2024-01-04,10900.0
103590,2024-01-05,10900.0
103590,2024-01-08,10800.0
103590,2024-01-09,10760.0
103590,2024-01-10,10780.0
103590,2024-01-11,10740.0
103590,2024-01-12,11000.0
103590,2024-01-15,11390.0
103590,2024-01-16,11320.0
103590,2024-01-17,11020.0
103590,2024-01-18,12450.0
103590,2024-01-19,12380.0
103590,2024-01-22,12130.0
103590,2024-01-23,11910.0
103590,2024-01-24,12130.0
103590,2024-01-25,12800.0
103590,2024-01-26,12300.0
103590,2024-01-29,11790.0
103590,2024-01-30,11280.0
103590,2024-01-31,11250.0
103590,2024-02-01,11000.0
103590,2024-02-02,11370.0
103590,2024-02-05,11340.0
103590,2024-02-06,11380.0
103590,2024-02-07,11180.0
103590,2024-02-08,11780.0
103590,2024-11-18,23550.0
103590,2024-11-19,23900.0
103590,2024-11-20,22900.0
103590,2024-11-21,22400.0
103590,2024-11-22,21850.0
103590,2024-11-25,22500.0
103590,2024-11-26,21250.0
103590,2024-11-27,21650.0
103590,2024-11-28,21300.0
103590,2024-11-29,21100.0
103590,2024-12-02,20600.0
103590,2024-12-03,21900.0
103590,2024-12-04,21400.0
103590,2024-12-05,22650.0
103590,2024-12-06,22900.0
103590,2024-12-09,22400.0
103590,2024-12-10,24600.0
103590,2024-12-11,25300.0
103590,2024-12-12,25200.0
103590,2024-12-13,25750.0
103590,2024-12-16,26450.0
103590,2024-12-17,27600.0
103590,2024-12-18,27550.0
103590,2024-12-19,27750.0
103590,2024-12-20,26250.0
103590,2024-12-23,27050.0
103590,2024-12-24,27950.0
103590,2024-12-26,27550.0
103590,2024-12-27,27400.0
103590,2024-12-30,27250.0
103590,2025-01-02,29150.0
103590,2025-01-03,28950.0
103590,2025-01-06,28650.0
103590,2025-01-07,28650.0
105560,2022-12-12,53300.0
105560,2022-12-13,53300.0
105560,2022-12-14,52900.0
105560,2022-12-15,51600.0
105560,2022-12-16,51900.0
105560,2022-12-19,52200.0
105560,2022-12-20,52900.0
105560,2022-12-21,52300.0
105560,2022-12-22,52600.0
105560,2022-12-23,51600.0
105560,2022-12-26,51000.0
105560,2022-12-27,51500.0
105560,2022-12-28,49450.0
105560,2022-12-29,48500.0
105560,2023-01-02,47600.0
105560,2023-01-03,49050.0
105560,2023-01-04,50500.0
105560,2023-01-05,53900.0
105560,2023-01-06,56700.0
105560,2023-01-09,57200.0
105560,2023-01-10,57800.0
105560,2023-01-11,56400.0
105560,2023-01-12,56500.0
105560,2023-01-13,57400.0
105560,2023-01-16,60000.0
105560,2023-01-17,59100.0
105560,2023-01-18,58500.0
105560,2023-01-19,57200.0
105560,2023-01-20,57000.0
105560,2023-01-25,58500.0
105560,2023-01-26,58900.0
105560,2023-01-27,57700.0
105560,2023-01-30,57300.0
105560,2023-03-27,46700.0
105560,2023-03-28,47900.0
105560,2023-03-29,48050.0
105560,2023-03-30,47200.0
105560,2023-03-31,47650.0
105560,2023-04-03,47300.0
105560,2023-04-04,47750.0
105560,2023-04-05,47850.0
105560,2023-04-06,46650.0
105560,2023-04-07,47000.0
105560,2023-04-10,46550.0
105560,2023-04-11,46950.0
105560,2023-04-12,46900.0
105560,2023-04-13,47200.0
105560,2023-04-14,48650.0
105560,2023-04-17,48400.0
105560,2023-04-18,48400.0
105560,2023-04-19,49450.0
105560,2023-04-20,50400.0
105560,2023-04-21,50100.0
105560,2023-04-24,49200.0
105560,2023-04-25,49750.0
105560,2023-04-26,48950.0
105560,2023-04-27,48250.0
105560,2023-04-28,49500.0
105560,2023-05-02,49500.0
105560,2023-05-03,48300.0
105560,2023-05-04,48700.0
105560,2023-05-08,49250.0
105560,2023-05-09,49150.0
105560,2023-05-10,48600.0
105560,2023-05-11,49200.0
105560,2023-05-12,48600.0
105560,2023-06-19,48150.0
105560,2023-06-20,47850.0
105560,2023-06-21,46900.0
105560,2023-06-22,47800.0
105560,2023-06-23,46950.0
105560,2023-06-26,47200.0
105560,2023-06-27,47550.0
105560,2023-06-28,48150.0
105560,2023-06-29,47100.0
105560,2023-06-30,47750.0
105560,2023-07-03,48650.0
105560,2023-07-04,48400.0
105560,2023-07-05,47750.0
105560,2023-07-06,46700.0
105560,2023-07-07,46500.0
105560,2023-07-10,46750.0
105560,2023-07-11,47250.0
105560,2023-07-12,47000.0
105560,2023-07-13,47100.0
105560,2023-07-14,48750.0
105560,2023-07-17,48650.0
105560,2023-07-18,48150.0
105560,2023-07-19,48150.0
105560,2023-07-20,48200.0
105560,2023-07-21,48650.0
105560,2023-07-24,47650.0
105560,2023-07-25,47650.0
105560,2023-07-26,49600.0
105560,2023-07-27,51700.0
105560,2023-07-28,51100.0
105560,2023-07-31,51000.0
105560,2023-08-01,52800.0
105560,2023-08-02,52600.0
105560,2023-08-03,51200.0
105560,2023-08-04,52000.0
105560,2023-08-07,51200.0
105560,2023-08-08,51800.0
105560,2024-04-01,68400.0
105560,2024-04-02,68900.0
105560,2024-04-03,67300.0
105560,2024-04-04,69500.0
105560,2024-04-05,69100.0
105560,2024-04-08,69300.0
105560,2024-04-09,69100.0
105560,2024-04-11,68300.0
105560,2024-04-12,66300.0
105560,2024-04-15,66200.0
105560,2024-04-16,64400.0
105560,2024-04-17,63100.0
105560,2024-04-18,64000.0
105560,2024-04-19,63700.0
105560,2024-04-22,69500.0
105560,2024-04-23,70200.0
105560,2024-04-24,68900.0
105560,2024-04-25,69300.0
105560,2024-04-26,76000.0
105560,2024-04-29,76600.0
105560,2024-04-30,75600.0
105560,2024-05-02,72300.0
105560,2024-05-03,73700.0
105560,2024-05-07,73900.0
105560,2024-05-08,77700.0
105560,2024-05-09,76600.0
105560,2024-05-10,79300.0
105560,2024-05-13,81600.0
105560,2024-05-14,79600.0
105560,2024-05-16,81000.0
105560,2024-05-17,80100.0
105560,2024-05-20,81600.0
105560,2024-05-21,81600.0
105560,2024-06-07,79600.0
105560,2024-06-10,78400.0
105560,2024-06-11,78400.0
105560,2024-06-12,79100.0
105560,2024-06-13,81000.0
105560,2024-06-14,80900.0
105560,2024-06-17,78300.0
105560,2024-06-18,77400.0
105560,2024-06-19,78900.0
105560,2024-06-20,80800.0
105560,2024-06-21,78600.0
105560,2024-06-24,80000.0
105560,2024-06-25,79000.0
105560,2024-06-26,78900.0
105560,2024-06-27,78500.0
105560,2024-06-28,78500.0
105560,2024-07-01,79600.0
105560,2024-07-02,83200.0
105560,2024-07-03,84400.0
105560,2024-07-04,85900.0
105560,2024-07-05,88200.0
105560,2024-07-08,86900.0
105560,2024-07-09,85200.0
105560,2024-07-10,83600.0
105560,2024-07-11,85400.0
105560,2024-07-12,87000.0
105560,2024-07-15,85700.0
105560,2024-07-16,84100.0
105560,2024-07-17,84100.0
105560,2024-07-18,84400.0
105560,2024-07-19,84800.0
105560,2024-07-22,86500.0
105560,2024-07-23,88300.0
105560,2024-07-24,84600.0
105560,2024-07-25,84000.0
105560,2024-07-26,87900.0
105560,2024-09-13,81800.0
105560,2024-09-19,82500.0
105560,2024-09-20,83600.0
105560,2024-09-23,85000.0
105560,2024-09-24,82000.0
105560,2024-09-25,78100.0
105560,2024-09-26,81200.0
105560,2024-09-27,83800.0
105560,2024-09-30,80900.0
105560,2024-10-02,81300.0
105560,2024-10-04,82600.0
105560,2024-10-07,87300.0
105560,2024-10-08,89400.0
105560,2024-10-10,89900.0
105560,2024-10-11,91300.0
105560,2024-10-14,97200.0
105560,2024-10-15,95600.0
105560,2024-10-16,95400.0
105560,2024-10-17,93700.0
105560,2024-10-18,94400.0
105560,2024-10-21,93500.0
105560,2024-10-22,94100.0
105560,2024-10-23,94300.0
105560,2024-10-24,93200.0
105560,2024-10-25,101000.0
105560,2024-10-28,96200.0
105560,2024-10-29,95500.0
105560,2024-10-30,93900.0
105560,2024-10-31,90300.0
105560,2024-11-01,91800.0
108320,2023-02-27,92400.0
108320,2023-02-28,92500.0
108320,2023-03-02,92100.0
108320,2023-03-03,90900.0
108320,2023-03-06,94500.0
108320,2023-03-07,94600.0
108320,2023-03-08,94800.0
108320,2023-03-09,94000.0
108320,2023-03-10,91100.0
108320,2023-03-13,92100.0
108320,2023-03-14,87800.0
108320,2023-03-15,89400.0
108320,2023-03-16,91300.0
108320,2023-03-17,93700.0
108320,2023-03-20,92100.0
108320,2023-03-21,89200.0
108320,2023-03-22,90700.0
108320,2023-03-23,95200.0
108320,2023-03-24,98800.0
108320,2023-03-27,98800.0
108320,2023-03-28,116500.0
108320,2023-03-29,111900.0
108320,2023-03-30,110700.0
108320,2023-03-31,112000.0
108320,2023-04-03,107700.0
108320,2023-04-04,105000.0
108320,2023-04-05,105000.0
108320,2023-04-06,101100.0
108320,2023-04-07,101200.0
108320,2023-04-10,98400.0
108320,2023-04-11,100700.0
108320,2023-04-12,106000.0
108320,2023-04-13,104600.0
108320,2023-04-14,102900.0
108320,2023-04-17,102200.0
108320,2023-04-18,103400.0
108860,2023-06-26,18870.0
108860,2023-06-27,18460.0
108860,2023-06-28,17960.0
108860,2023-06-29,17320.0
108860,2023-06-30,17210.0
108860,2023-07-03,17400.0
108860,2023-07-04,17240.0
108860,2023-07-05,17670.0
108860,2023-07-06,17080.0
108860,2023-07-07,16400.0
108860,2023-07-10,15500.0
108860,2023-07-11,16270.0
108860,2023-07-12,16020.0
108860,2023-07-13,16940.0
108860,2023-07-14,16730.0
108860,2023-07-17,17220.0
108860,2023-07-18,17620.0
108860,2023-07-19,17740.0
108860,2023-07-20,17600.0
108860,2023-07-21,19700.0
108860,2023-07-24,20450.0
108860,2023-07-25,19700.0
108860,2023-07-26,17950.0
108860,2023-07-27,19040.0
108860,2023-07-28,19420.0
108860,2023-07-31,22500.0
108860,2023-08-01,26700.0
108860,2023-08-02,26750.0
108860,2023-08-03,24000.0
108860,2023-08-04,25800.0
108860,2023-08-07,24850.0
108860,2023-08-08,23600.0
108860,2023-08-09,23400.0
108860,2023-08-10,23800.0
108860,2023-08-11,22600.0
108860,2023-08-14,22950.0
108860,2023-08-16,23050.0
108860,2023-08-17,21450.0
108860,2023-08-18,21550.0
108860,2023-08-21,21200.0
108860,2023-08-22,21250.0
108860,2023-08-23,20300.0
108860,2023-08-24,21900.0
108860,2023-08-25,20550.0
108860,2023-08-28,21050.0
108860,2023-08-29,23550.0
108860,2023-08-30,22900.0
108860,2023-08-31,23150.0
108860,2023-09-01,23200.0
108860,2023-09-04,23600.0
108860,2023-09-05,23850.0
108860,2023-09-06,25700.0
108860,2023-09-07,24250.0
108860,2023-09-08,23750.0
108860,2023-09-11,24600.0
108860,2023-09-12,22650.0
108860,2023-09-13,22100.0
108860,2023-09-14,22500.0
108860,2023-09-15,23500.0
108860,2023-09-18,24250.0
108860,2023-09-19,23400.0
108860,2023-09-20,22700.0
108860,2023-09-21,23000.0
108860,2023-09-22,21650.0
108860,2023-09-25,20500.0
108860,2023-09-26,20650.0
108860,2023-09-27,20700.0
108860,2023-12-11,20200.0
108860,2023-12-12,20450.0
108860,2023-12-13,20050.0
108860,2023-12-14,20650.0
108860,2023-12-15,20450.0
108860,2023-12-18,20750.0
108860,2023-12-19,20550.0
108860,2023-12-20,20200.0
108860,2023-12-21,19920.0
108860,2023-12-22,19190.0
108860,2023-12-26,19520.0
108860,2023-12-27,19430.0
108860,2023-12-28,19720.0
108860,2024-01-02,20800.0
108860,2024-01-03,21100.0
108860,2024-01-04,20700.0
108860,2024-01-05,22200.0
108860,2024-01-08,21850.0
108860,2024-01-09,22000.0
108860,2024-01-10,21350.0
108860,2024-01-11,21350.0
108860,2024-01-12,21000.0
108860,2024-01-15,21200.0
108860,2024-01-16,20400.0
108860,2024-01-17,19880.0
108860,2024-01-18,21000.0
108860,2024-01-19,21700.0
108860,2024-01-22,22000.0
108860,2024-01-23,21100.0
108860,2024-01-24,20750.0
108860,2024-01-25,19990.0
108860,2024-01-26,20100.0
108860,2024-01-29,18970.0
108860,2024-01-30,18250.0
108860,2024-10-24,10140.0
108860,2024-10-25,10220.0
108860,2024-10-28,10510.0
108860,2024-10-29,10710.0
108860,2024-10-30,10830.0
108860,2024-10-31,10830.0
108860,2024-11-01,10590.0
108860,2024-11-04,11100.0
108860,2024-11-05,11050.0
108860,2024-11-06,11090.0
108860,2024-11-07,10920.0
108860,2024-11-08,11010.0
108860,2024-11-11,10660.0
108860,2024-11-12,10350.0
108860,2024-11-13,10160.0
108860,2024-11-14,10180.0
108860,2024-11-15,10180.0
108860,2024-11-18,11370.0
108860,2024-11-19,11710.0
108860,2024-11-20,11720.0
108860,2024-11-21,11480.0
108860,2024-11-22,11710.0
108860,2024-11-25,13290.0
108860,2024-11-26,14430.0
108860,2024-11-27,14510.0
108860,2024-11-28,14200.0
108860,2024-11-29,14440.0
108860,2024-12-02,14400.0
108860,2024-12-03,14150.0
108860,2024-12-04,13280.0
108860,2024-12-05,13220.0
108860,2024-12-06,12570.0
108860,2024-12-09,11790.0
108860,2024-12-10,13070.0
108860,2024-12-11,13170.0
108860,2024-12-12,13050.0
108860,2024-12-13,13560.0
109610,2023-07-31,4275.0
109610,2023-08-01,4190.0
109610,2023-08-02,4120.0
109610,2023-08-03,4160.0
109610,2023-08-04,4125.0
109610,2023-08-07,4045.0
109610,2023-08-08,3980.0
109610,2023-08-09,4085.0
109610,2023-08-10,4020.0
109610,2023-08-11,4135.0
109610,2023-08-14,4120.0
109610,2023-08-16,3920.0
109610,2023-08-17,4020.0
109610,2023-08-18,3960.0
109610,2023-08-21,3930.0
109610,2023-08-22,3915.0
109610,2023-08-23,4620.0
109610,2023-08-24,4630.0
109610,2023-08-25,4630.0
109610,2023-08-28,4590.0
109610,2023-08-29,4700.0
109610,2023-08-30,4515.0
109610,2023-08-31,4410.0
109610,2023-09-01,4760.0
109610,2023-09-04,5100.0
109610,2023-09-05,4960.0
109610,2023-09-06,5130.0
109610,2023-09-07,4900.0
109610,2023-09-08,5210.0
109610,2023-09-11,5590.0
109610,2023-09-12,5160.0
109610,2023-09-13,6250.0
109610,2023-09-14,6400.0
109610,2023-09-15,6620.0
109610,2024-02-19,4400.0
109610,2024-02-20,4320.0
109610,2024-02-21,4340.0
109610,2024-02-22,4380.0
109610,2024-02-23,4240.0
109610,2024-02-26,4235.0
109610,2024-02-27,4175.0
109610,2024-02-28,4215.0
109610,2024-02-29,4130.0
109610,2024-03-04,4195.0
109610,2024-03-05,4150.0
109610,2024-03-06,4100.0
109610,2024-03-07,4090.0
109610,2024-03-08,3995.0
109610,2024-03-11,4095.0
109610,2024-03-12,4050.0
109610,2024-03-13,4640.0
109610,2024-03-14,4460.0
109610,2024-03-15,4845.0
109610,2024-03-18,4660.0
109610,2024-03-19,4590.0
109610,2024-03-20,4520.0
109610,2024-03-21,4590.0
109610,2024-03-22,4670.0
109610,2024-03-25,4560.0
109610,2024-03-26,4465.0
109610,2024-03-27,4445.0
109610,2024-03-28,4465.0
109610,2024-03-29,4445.0
109610,2024-04-01,4570.0
109610,2024-04-02,4440.0
109610,2024-04-03,4590.0
109610,2024-04-04,4585.0
109610,2024-04-05,4755.0
109610,2024-04-08,4745.0
109610,2024-04-09,4610.0
110990,2023-12-11,18820.0
110990,2023-12-12,19690.0
110990,2023-12-13,19070.0
110990,2023-12-14,19100.0
110990,2023-12-15,19010.0
110990,2023-12-18,20200.0
110990,2023-12-19,20000.0
110990,2023-12-20,19330.0
110990,2023-12-21,19210.0
110990,2023-12-22,18950.0
110990,2023-12-26,18500.0
110990,2023-12-27,18610.0
110990,2023-12-28,18400.0
110990,2024-01-02,18180.0
110990,2024-01-03,18600.0
110990,2024-01-04,21350.0
110990,2024-01-05,20600.0
110990,2024-01-08,20400.0
110990,2024-01-09,21850.0
110990,2024-01-10,21200.0
110990,2024-01-11,21500.0
110990,2024-01-12,20350.0
110990,2024-01-15,19790.0
110990,2024-01-16,18880.0
110990,2024-01-17,18230.0
110990,2024-01-18,18950.0
110990,2024-01-19,20950.0
110990,2024-01-22,21150.0
110990,2024-01-23,20850.0
110990,2024-01-24,22600.0
110990,2024-01-25,20500.0
110990,2024-01-26,19170.0
110990,2024-01-29,18980.0
110990,2024-03-21,20400.0
110990,2024-03-22,19260.0
110990,2024-03-25,18530.0
110990,2024-03-26,18440.0
110990,2024-03-27,19130.0
110990,2024-03-28,20850.0
110990,2024-03-29,18900.0
110990,2024-04-01,19630.0
110990,2024-04-02,16870.0
110990,2024-04-03,17950.0
110990,2024-04-04,18700.0
110990,2024-04-05,18030.0
110990,2024-04-08,18100.0
110990,2024-04-09,20200.0
110990,2024-04-11,20200.0
110990,2024-04-12,21400.0
110990,2024-04-15,22900.0
110990,2024-04-16,21650.0
110990,2024-04-17,28100.0
110990,2024-04-18,30900.0
110990,2024-04-19,29150.0
110990,2024-04-22,27450.0
110990,2024-04-23,27200.0
110990,2024-04-24,27350.0
110990,2024-04-25,29500.0
110990,2024-04-26,30950.0
110990,2024-04-29,31250.0
110990,2024-04-30,29300.0
110990,2024-05-02,29250.0
110990,2024-05-03,28350.0
110990,2024-05-07,27700.0
110990,2024-05-08,27300.0
110990,2024-05-09,27250.0
110990,2024-05-10,25350.0
112040,2023-07-10,37850.0
112040,2023-07-11,39450.0
112040,2023-07-12,40200.0
112040,2023-07-13,40250.0
112040,2023-07-14,40050.0
112040,2023-07-17,39650.0
112040,2023-07-18,38900.0
112040,2023-07-19,38600.0
112040,2023-07-20,38800.0
112040,2023-07-21,38000.0
112040,2023-07-24,37300.0
112040,2023-07-25,36350.0
112040,2023-07-26,34400.0
112040,2023-07-27,36350.0
112040,2023-07-28,35900.0
112040,2023-07-31,36550.0
112040,2023-08-01,36700.0
112040,2023-08-02,42250.0
112040,2023-08-03,43100.0
112040,2023-08-04,43100.0
112040,2023-08-07,42000.0
112040,2023-08-08,42700.0
112040,2023-08-09,41500.0
112040,2023-08-10,37050.0
112040,2023-08-11,38100.0
112040,2023-08-14,39600.0
112040,2023-08-16,38800.0
112040,2023-08-17,38100.0
112040,2023-08-18,37950.0
112040,2023-08-21,37600.0
112040,2023-08-22,38000.0
112040,2023-08-23,35850.0
112040,2023-08-24,36950.0
112040,2023-08-25,36650.0
112040,2024-02-15,53900.0
112040,2024-02-16,51800.0
112040,2024-02-19,51100.0
112040,2024-02-20,49550.0
112040,2024-02-21,50900.0
112040,2024-02-22,48200.0
112040,2024-02-23,47550.0
112040,2024-02-26,47100.0
112040,2024-02-27,47150.0
112040,2024-02-28,48100.0
112040,2024-02-29,46550.0
112040,2024-03-04,48900.0
112040,2024-03-05,48800.0
112040,2024-03-06,47900.0
112040,2024-03-07,49200.0
112040,2024-03-08,49950.0
112040,2024-03-11,55000.0
112040,2024-03-12,60300.0
112040,2024-03-13,69000.0
112040,2024-03-14,63400.0
112040,2024-03-15,56200.0
112040,2024-03-18,69500.0
112040,2024-03-19,72400.0
112040,2024-03-20,76100.0
112040,2024-03-21,75700.0
112040,2024-03-22,69700.0
112040,2024-03-25,64900.0
112040,2024-03-26,62700.0
112040,2024-03-27,62700.0
112040,2024-03-28,60600.0
112040,2024-03-29,60200.0
112040,2024-04-01,58700.0
112040,2024-04-02,56900.0
112040,2024-04-03,56000.0
112040,2024-04-04,55500.0
112040,2024-04-05,59100.0
112610,2023-03-13,72300.0
112610,2023-03-14,68900.0
112610,2023-03-15,72600.0
112610,2023-03-16,74200.0
112610,2023-03-17,70700.0
112610,2023-03-20,70000.0
112610,2023-03-21,69600.0
112610,2023-03-22,71100.0
112610,2023-03-23,69700.0
112610,2023-03-24,70000.0
112610,2023-03-27,69700.0
112610,2023-03-28,71300.0
112610,2023-03-29,71700.0
112610,2023-03-30,73400.0
112610,2023-03-31,72900.0
112610,2023-04-03,70200.0
112610,2023-04-04,70100.0
112610,2023-04-05,72800.0
112610,2023-04-06,74700.0
112610,2023-04-07,72300.0
112610,2023-04-10,73000.0
112610,2023-04-11,74100.0
112610,2023-04-12,74000.0
112610,2023-04-13,74800.0
112610,2023-04-14,78700.0
112610,2023-04-17,79200.0
112610,2023-04-18,78700.0
112610,2023-04-19,78000.0
112610,2023-04-20,80800.0
112610,2023-04-21,84100.0
112610,2023-04-24,82300.0
112610,2023-04-25,79000.0
112610,2023-04-26,77300.0
112610,2023-04-27,77300.0
112610,2023-04-28,75400.0
112610,2023-05-08,72900.0
112610,2023-05-09,77700.0
112610,2023-05-10,74000.0
112610,2023-05-11,79200.0
112610,2023-05-12,75800.0
112610,2023-05-15,78400.0
112610,2023-05-16,78300.0
112610,2023-05-17,77100.0
112610,2023-05-18,77200.0
112610,2023-05-19,76600.0
112610,2023-05-22,77900.0
112610,2023-05-23,78400.0
112610,2023-05-24,78400.0
112610,2023-05-25,78600.0
112610,2023-05-26,76100.0
112610,2023-05-30,80400.0
112610,2023-05-31,79000.0
112610,2023-06-01,80000.0
112610,2023-06-02,82100.0
112610,2023-06-05,83100.0
112610,2023-06-07,84400.0
112610,2023-06-08,83500.0
112610,2023-06-09,83000.0
112610,2023-06-12,82200.0
112610,2023-06-13,82800.0
112610,2023-06-14,81500.0
112610,2023-06-15,80300.0
112610,2023-06-16,84600.0
112610,2023-06-19,88400.0
112610,2023-06-20,86700.0
112610,2023-06-21,87200.0
112610,2023-06-22,87700.0
112610,2023-06-23,85100.0
112610,2024-03-07,51400.0
112610,2024-03-08,51600.0
112610,2024-03-11,51800.0
112610,2024-03-12,51900.0
112610,2024-03-13,50500.0
112610,2024-03-14,49800.0
112610,2024-03-15,49700.0
112610,2024-03-18,51300.0
112610,2024-03-19,50800.0
112610,2024-03-20,52000.0
112610,2024-03-21,52000.0
112610,2024-03-22,51400.0
112610,2024-03-25,50900.0
112610,2024-03-26,49850.0
112610,2024-03-27,50000.0
112610,2024-03-28,52000.0
112610,2024-03-29,50700.0
112610,2024-04-01,57100.0
112610,2024-04-02,56500.0
112610,2024-04-03,53300.0
112610,2024-04-04,56400.0
112610,2024-04-05,56900.0
112610,2024-04-08,55900.0
112610,2024-04-09,57700.0
112610,2024-04-11,57200.0
112610,2024-04-12,55100.0
112610,2024-04-15,55200.0
112610,2024-04-16,53300.0
112610,2024-04-17,50900.0
112610,2024-04-18,51100.0
112610,2024-04-19,49800.0
112610,2024-04-22,50900.0
112610,2024-04-23,51700.0
112610,2024-04-24,51900.0
112610,2024-04-25,50600.0
112610,2024-04-26,50000.0
112610,2024-08-26,64200.0
112610,2024-08-27,64800.0
112610,2024-08-28,64700.0
112610,2024-08-29,65600.0
112610,2024-08-30,64400.0
112610,2024-09-02,63200.0
112610,2024-09-03,62800.0
112610,2024-09-04,59200.0
112610,2024-09-05,57700.0
112610,2024-09-06,56900.0
112610,2024-09-09,55500.0
112610,2024-09-10,56700.0
112610,2024-09-11,63000.0
112610,2024-09-12,64700.0
112610,2024-09-13,65600.0
112610,2024-09-19,69000.0
112610,2024-09-20,68800.0
112610,2024-09-23,69000.0
112610,2024-09-24,72300.0
112610,2024-09-25,69700.0
112610,2024-09-26,71700.0
112610,2024-09-27,69900.0
112610,2024-09-30,69000.0
112610,2024-10-02,68800.0
112610,2024-10-04,66800.0
112610,2024-10-07,66500.0
112610,2024-10-08,66300.0
112610,2024-10-10,64200.0
112610,2024-10-11,61500.0
112610,2024-10-14,64800.0
114190,2023-09-22,19590.0
114190,2023-09-25,18810.0
114190,2023-09-26,18660.0
114190,2023-09-27,19300.0
114190,2023-10-04,18510.0
114190,2023-10-05,18750.0
114190,2023-10-06,18900.0
114190,2023-10-10,19310.0
114190,2023-10-11,20000.0
114190,2023-10-12,20700.0
114190,2023-10-13,21000.0
114190,2023-10-16,21000.0
114190,2023-10-17,22300.0
114190,2023-10-18,21100.0
114190,2023-10-19,20000.0
114190,2023-10-20,21000.0
114190,2023-10-23,21100.0
114190,2023-10-24,22100.0
114190,2023-10-25,21100.0
114190,2023-10-26,19880.0
114190,2023-10-27,19900.0
114190,2023-10-30,19340.0
114190,2023-10-31,18200.0
114190,2023-11-01,16860.0
114190,2023-11-02,17500.0
114190,2023-11-03,18500.0
114190,2023-11-06,20900.0
114190,2023-11-07,19200.0
114190,2023-11-08,18810.0
114190,2023-11-09,18560.0
114190,2023-11-10,18200.0
115450,2024-12-02,9521.38639323766
115450,2024-12-03,9621.229339210602
115450,2024-12-04,9212.780923866754
115450,2024-12-05,9312.623869839696
115450,2024-12-06,9176.474398058412
115450,2024-12-09,9103.861346441729
115450,2024-12-10,9131.091240797983
115450,2024-12-11,9421.54344726472
115450,2024-12-12,8994.941769016703
115450,2024-12-13,9584.92281340226
115450,2024-12-16,9820.91523115648
115450,2024-12-17,9711.995653731456
115450,2024-12-18,9902.60491422525
115450,2024-12-19,9684.7657593752
115450,2024-12-20,9702.919022279371
115450,2024-12-23,9539.539656141833
115450,2024-12-24,9757.378810991884
115450,2024-12-26,10474.432695706637
115450,2024-12-27,10447.20280135038
115450,2024-12-30,10628.73543039209
115450,2025-01-02,11245.9463691339
115450,2025-01-03,12507.59814097378
115450,2025-01-06,12825.280241796774
115450,2025-01-07,12879.740030509289
115450,2025-01-08,12480.368246617523
115450,2025-01-09,12434.985089357098
115450,2025-01-10,12707.284032919662
115450,2025-01-13,12462.214983713357
115450,2025-01-14,11833.387622149838
115450,2025-01-15,10909.201954397397
115450,2025-01-16,11109.28338762215
115450,2025-01-17,10852.035830618892
115450,2025-01-20,10880.618892508142
117580,2023-04-17,8880.0
117580,2023-04-18,8840.0
117580,2023-04-19,8810.0
117580,2023-04-20,9070.0
117580,2023-04-21,9210.0
117580,2023-04-24,8870.0
117580,2023-04-25,8610.0
117580,2023-04-26,8840.0
117580,2023-04-27,8430.0
117580,2023-04-28,8420.0
117580,2023-05-02,8360.0
117580,2023-05-03,8400.0
117580,2023-05-04,8470.0
117580,2023-05-08,8560.0
117580,2023-05-09,8870.0
117580,2023-05-10,9680.0
117580,2023-05-11,9020.0
117580,2023-05-12,8640.0
117580,2023-05-15,8960.0
117580,2023-05-16,8760.0
117580,2023-05-17,8720.0
117580,2023-05-18,8720.0
117580,2023-05-19,8720.0
117580,2023-05-22,8770.0
117580,2023-05-23,8690.0
117580,2023-05-24,8750.0
117580,2023-05-25,8730.0
117580,2023-05-26,8730.0
117580,2023-05-30,8580.0
117580,2023-05-31,8550.0
117580,2023-06-01,8570.0
117580,2023-06-02,8580.0
117730,2023-07-03,21900.0
117730,2023-07-04,21750.0
117730,2023-07-05,21250.0
117730,2023-07-06,20600.0
117730,2023-07-07,21600.0
117730,2023-07-10,19450.0
117730,2023-07-11,20450.0
117730,2023-07-12,19950.0
117730,2023-07-13,21150.0
117730,2023-07-14,20900.0
117730,2023-07-17,20900.0
117730,2023-07-18,20000.0
117730,2023-07-19,19670.0
117730,2023-07-20,20300.0
117730,2023-07-21,19940.0
117730,2023-07-24,21700.0
117730,2023-07-25,20500.0
117730,2023-07-26,21300.0
117730,2023-07-27,25400.0
117730,2023-07-28,26100.0
117730,2023-07-31,25750.0
117730,2023-08-01,26150.0
117730,2023-08-02,26250.0
117730,2023-08-03,25450.0
117730,2023-08-04,28600.0
117730,2023-08-07,28000.0
117730,2023-08-08,27600.0
117730,2023-08-09,28100.0
117730,2023-08-10,27350.0
117730,2023-08-11,28650.0
117730,2023-08-14,33450.0
117730,2023-08-16,31450.0
117730,2023-08-17,33050.0
117730,2023-08-18,31900.0
117730,2023-08-21,30150.0
117730,2024-02-13,20350.0
117730,2024-02-14,20350.0
117730,2024-02-15,20100.0
117730,2024-02-16,19780.0
117730,2024-02-19,19700.0
117730,2024-02-20,21050.0
117730,2024-02-21,20800.0
117730,2024-02-22,21300.0
117730,2024-02-23,21000.0
117730,2024-02-26,21200.0
117730,2024-02-27,20500.0
117730,2024-02-28,20050.0
117730,2024-02-29,19500.0
117730,2024-03-04,19930.0
117730,2024-03-05,21850.0
117730,2024-03-06,21250.0
117730,2024-03-07,20250.0
117730,2024-03-08,21600.0
117730,2024-03-11,21650.0
117730,2024-03-12,21800.0
117730,2024-03-13,22100.0
117730,2024-03-14,21900.0
117730,2024-03-15,21300.0
117730,2024-03-18,21550.0
117730,2024-03-19,22150.0
117730,2024-03-20,21650.0
117730,2024-03-21,21700.0
117730,2024-03-22,21350.0
117730,2024-03-25,20750.0
117730,2024-03-26,20400.0
117730,2024-03-27,20500.0
117730,2024-03-28,20700.0
117730,2024-03-29,21800.0
118990,2023-03-17,17490.0
118990,2023-03-20,18200.0
118990,2023-03-21,17900.0
118990,2023-03-22,18560.0
118990,2023-03-23,18420.0
118990,2023-03-24,18260.0
118990,2023-03-27,18150.0
118990,2023-03-28,18570.0
118990,2023-03-29,18250.0
118990,2023-03-30,19000.0
118990,2023-03-31,18090.0
118990,2023-04-03,17970.0
118990,2023-04-04,17700.0
118990,2023-04-05,17480.0
118990,2023-04-06,17590.0
118990,2023-04-07,18050.0
118990,2023-04-10,17580.0
118990,2023-04-11,19130.0
118990,2023-04-12,21850.0
118990,2023-04-13,22350.0
118990,2023-04-14,22500.0
118990,2023-04-17,21150.0
118990,2023-04-18,21200.0
118990,2023-04-19,21450.0
118990,2023-04-20,20200.0
118990,2023-04-21,20300.0
118990,2023-04-24,20500.0
118990,2023-04-25,20350.0
118990,2023-04-26,19900.0
118990,2023-04-27,19610.0
118990,2023-04-28,19000.0
118990,2023-05-02,19630.0
118990,2023-05-03,19550.0
118990,2023-05-04,19210.0
122870,2023-07-13,74300.0
122870,2023-07-14,71700.0
122870,2023-07-17,73200.0
122870,2023-07-18,73100.0
122870,2023-07-19,73200.0
122870,2023-07-20,73700.0
122870,2023-07-21,72000.0
122870,2023-07-24,72400.0
122870,2023-07-25,76900.0
122870,2023-07-26,72500.0
122870,2023-07-27,75300.0
122870,2023-07-28,77200.0
122870,2023-07-31,76100.0
122870,2023-08-01,71800.0
122870,2023-08-02,70900.0
122870,2023-08-03,72400.0
122870,2023-08-04,77600.0
122870,2023-08-07,80500.0
122870,2023-08-08,81300.0
122870,2023-08-09,81700.0
122870,2023-08-10,79200.0
122870,2023-08-11,81700.0
122870,2023-08-14,81500.0
122870,2023-08-16,77000.0
122870,2023-08-17,76200.0
122870,2023-08-18,71800.0
122870,2023-08-21,72600.0
122870,2023-08-22,72100.0
122870,2023-08-23,72800.0
122870,2023-08-24,73600.0
122870,2023-08-25,73700.0
122870,2023-08-28,75400.0
122870,2023-08-29,78900.0
122870,2023-08-30,81700.0
122870,2023-08-31,81500.0
122870,2023-09-01,78700.0
124500,2023-12-28,7440.0
124500,2024-01-02,7430.0
124500,2024-01-03,7200.0
124500,2024-01-04,7180.0
124500,2024-01-05,6850.0
124500,2024-01-08,6650.0
124500,2024-01-09,6920.0
124500,2024-01-10,6600.0
124500,2024-01-11,6780.0
124500,2024-01-12,6280.0
124500,2024-01-15,6740.0
124500,2024-01-16,7380.0
124500,2024-01-17,7650.0
124500,2024-01-18,8710.0
124500,2024-01-19,8660.0
124500,2024-01-22,10320.0
124500,2024-01-23,10000.0
124500,2024-01-24,9800.0
124500,2024-01-25,12170.0
124500,2024-01-26,11770.0
124500,2024-01-29,11700.0
124500,2024-01-30,12000.0
124500,2024-01-31,10700.0
124500,2024-02-01,10770.0
124500,2024-02-02,10600.0
124500,2024-02-05,9550.0
124500,2024-02-06,9550.0
124500,2024-02-07,9470.0
124500,2024-02-08,10840.0
124500,2024-02-13,10720.0
124500,2024-02-14,10810.0
124500,2024-02-15,11200.0
124500,2024-02-16,11420.0
130660,2024-08-12,14330.0
130660,2024-08-13,13790.0
130660,2024-08-14,13790.0
130660,2024-08-16,13860.0
130660,2024-08-19,13410.0
130660,2024-08-20,13480.0
130660,2024-08-21,13800.0
130660,2024-08-22,13240.0
130660,2024-08-23,13520.0
130660,2024-08-26,12620.0
130660,2024-08-27,12940.0
130660,2024-08-28,12790.0
130660,2024-08-29,12390.0
130660,2024-08-30,13050.0
130660,2024-09-02,13050.0
130660,2024-09-03,13320.0
130660,2024-09-04,15730.0
130660,2024-09-05,14210.0
130660,2024-09-06,14350.0
130660,2024-09-09,14640.0
130660,2024-09-10,14750.0
130660,2024-09-11,14360.0
130660,2024-09-12,15660.0
130660,2024-09-13,15900.0
130660,2024-09-19,16290.0
130660,2024-09-20,15180.0
130660,2024-09-23,14280.0
130660,2024-09-24,14010.0
130660,2024-09-25,13650.0
130660,2024-09-26,13770.0
130660,2024-09-27,13350.0
131400,2023-05-22,7390.0
131400,2023-05-23,7700.0
131400,2023-05-24,7720.0
131400,2023-05-25,7470.0
131400,2023-05-26,7120.0
131400,2023-05-30,7180.0
131400,2023-05-31,7200.0
131400,2023-06-01,8060.0
131400,2023-06-02,7680.0
131400,2023-06-05,7810.0
131400,2023-06-07,7600.0
131400,2023-06-08,7550.0
131400,2023-06-09,7550.0
131400,2023-06-12,7380.0
131400,2023-06-13,7740.0
131400,2023-06-14,8920.0
131400,2023-06-15,8820.0
131400,2023-06-16,8910.0
131400,2023-06-19,8930.0
131400,2023-06-20,8360.0
131400,2023-06-21,8420.0
131400,2023-06-22,8610.0
131400,2023-06-23,8360.0
131400,2023-06-26,7820.0
131400,2023-06-27,7400.0
131400,2023-06-28,6880.0
131400,2023-06-29,6190.0
131400,2023-06-30,6030.0
131400,2023-07-03,6270.0
131400,2023-07-04,6290.0
131400,2023-07-05,6880.0
131400,2023-07-06,6670.0
131400,2023-07-07,6750.0
131970,2023-10-04,42750.0
131970,2023-10-05,42550.0
131970,2023-10-06,47600.0
131970,2023-10-10,45850.0
131970,2023-10-11,50100.0
131970,2023-10-12,50000.0
131970,2023-10-13,49700.0
131970,2023-10-16,49300.0
131970,2023-10-17,50400.0
131970,2023-10-18,49950.0
131970,2023-10-19,48400.0
131970,2023-10-20,48800.0
131970,2023-10-23,47250.0
131970,2023-10-24,52000.0
131970,2023-10-25,52000.0
131970,2023-10-26,50800.0
131970,2023-10-27,49000.0
131970,2023-10-30,47550.0
131970,2023-10-31,44750.0
131970,2023-11-01,47050.0
131970,2023-11-02,51600.0
131970,2023-11-03,52500.0
131970,2023-11-06,54300.0
131970,2023-11-07,55900.0
131970,2023-11-08,54500.0
131970,2023-11-09,53500.0
131970,2023-11-10,53700.0
131970,2023-11-13,53900.0
131970,2023-11-14,53900.0
131970,2023-11-15,54900.0
131970,2023-11-16,55000.0
131970,2023-11-17,59600.0
137400,2024-07-19,54100.0
137400,2024-07-22,52000.0
137400,2024-07-23,51200.0
137400,2024-07-24,51700.0
137400,2024-07-25,53100.0
137400,2024-07-26,52700.0
137400,2024-07-29,54200.0
137400,2024-07-30,53800.0
137400,2024-07-31,54400.0
137400,2024-08-01,57100.0
137400,2024-08-02,52500.0
137400,2024-08-05,49200.0
137400,2024-08-06,54500.0
137400,2024-08-07,54400.0
137400,2024-08-08,54600.0
137400,2024-08-09,56200.0
137400,2024-08-12,54100.0
137400,2024-08-13,57800.0
137400,2024-08-14,57800.0
137400,2024-08-16,56600.0
137400,2024-08-19,55000.0
137400,2024-08-20,56400.0
137400,2024-08-21,56300.0
137400,2024-08-22,55200.0
137400,2024-08-23,54200.0
137400,2024-08-26,53800.0
137400,2024-08-27,54000.0
137400,2024-08-28,53300.0
137400,2024-08-29,54900.0
137400,2024-08-30,56400.0
137400,2024-09-02,57000.0
137400,2024-09-03,54200.0
137400,2024-09-04,51100.0
137400,2024-09-05,50500.0
137400,2024-09-06,47700.0
138610,2024-11-22,13780.0
138610,2024-11-25,14130.0
138610,2024-11-26,14040.0
138610,2024-11-27,16110.0
138610,2024-11-28,15600.0
138610,2024-11-29,15070.0
138610,2024-12-02,14600.0
138610,2024-12-03,16640.0
138610,2024-12-04,16150.0
138610,2024-12-05,16260.0
138610,2024-12-06,15320.0
138610,2024-12-09,13780.0
138610,2024-12-10,15160.0
138610,2024-12-11,15360.0
138610,2024-12-12,15720.0
138610,2024-12-13,15710.0
138610,2024-12-16,15660.0
138610,2024-12-17,17650.0
138610,2024-12-18,17350.0
138610,2024-12-19,16950.0
138610,2024-12-20,16210.0
138610,2024-12-23,16320.0
138610,2024-12-24,16320.0
138610,2024-12-26,16600.0
138610,2024-12-27,15700.0
138610,2024-12-30,15980.0
138610,2025-01-02,16270.0
138610,2025-01-03,16430.0
138610,2025-01-06,17020.0
138610,2025-01-07,17050.0
138610,2025-01-08,17010.0
138610,2025-01-09,17030.0
138610,2025-01-10,16920.0
138930,2024-03-29,7770.0
138930,2024-04-01,7810.0
138930,2024-04-02,7720.0
138930,2024-04-03,7680.0
138930,2024-04-04,7710.0
138930,2024-04-05,7710.0
138930,2024-04-08,7800.0
138930,2024-04-09,7840.0
138930,2024-04-11,7650.0
138930,2024-04-12,7510.0
138930,2024-04-15,7600.0
138930,2024-04-16,7730.0
138930,2024-04-17,7750.0
138930,2024-04-18,7820.0
138930,2024-04-19,7740.0
138930,2024-04-22,8040.0
138930,2024-04-23,8270.0
138930,2024-04-24,8200.0
138930,2024-04-25,8350.0
138930,2024-04-26,8390.0
138930,2024-04-29,8470.0
138930,2024-04-30,8390.0
138930,2024-05-02,8370.0
138930,2024-05-03,8500.0
138930,2024-05-07,8460.0
138930,2024-05-08,8520.0
138930,2024-05-09,8430.0
138930,2024-05-10,8640.0
138930,2024-05-13,8620.0
138930,2024-05-14,8450.0
138930,2024-05-16,8660.0
138930,2024-05-17,8570.0
139480,2024-01-04,71300.0
139480,2024-01-05,71400.0
139480,2024-01-08,70400.0
139480,2024-01-09,70400.0
139480,2024-01-10,69500.0
139480,2024-01-11,69000.0
139480,2024-01-12,68800.0
139480,2024-01-15,69200.0
139480,2024-01-16,69400.0
139480,2024-01-17,67900.0
139480,2024-01-18,67500.0
139480,2024-01-19,67900.0
139480,2024-01-22,71500.0
139480,2024-01-23,72200.0
139480,2024-01-24,70500.0
139480,2024-01-25,70700.0
139480,2024-01-26,70200.0
139480,2024-01-29,80900.0
139480,2024-01-30,77800.0
139480,2024-01-31,77800.0
139480,2024-02-01,79100.0
139480,2024-02-02,87400.0
139480,2024-02-05,87800.0
139480,2024-02-06,83200.0
139480,2024-02-07,85300.0
139480,2024-02-08,85100.0
139480,2024-02-13,80800.0
139480,2024-02-14,78000.0
139480,2024-02-15,75800.0
139480,2024-02-16,77000.0
139480,2024-02-19,76100.0
139480,2024-02-20,75000.0
139480,2024-02-21,75600.0
139480,2024-02-22,74800.0
139480,2024-02-23,75200.0
139480,2024-11-08,60900.0
139480,2024-11-11,59600.0
139480,2024-11-12,57900.0
139480,2024-11-13,57200.0
139480,2024-11-14,60500.0
139480,2024-11-15,61600.0
139480,2024-11-18,62400.0
139480,2024-11-19,62700.0
139480,2024-11-20,62400.0
139480,2024-11-21,62600.0
139480,2024-11-22,61900.0
139480,2024-11-25,63500.0
139480,2024-11-26,64200.0
139480,2024-11-27,64600.0
139480,2024-11-28,64400.0
139480,2024-11-29,64300.0
139480,2024-12-02,62600.0
139480,2024-12-03,66800.0
139480,2024-12-04,65300.0
139480,2024-12-05,63900.0
139480,2024-12-06,63500.0
139480,2024-12-09,60800.0
139480,2024-12-10,60900.0
139480,2024-12-11,65000.0
139480,2024-12-12,63800.0
139480,2024-12-13,64400.0
139480,2024-12-16,64000.0
139480,2024-12-17,62900.0
139480,2024-12-18,65200.0
139480,2024-12-19,64000.0
139480,2024-12-20,65800.0
139480,2024-12-23,69600.0
139480,2024-12-24,71600.0
139480,2024-12-26,75500.0
139480,2024-12-27,68100.0
140430,2024-10-07,6447.86111111111
140430,2024-10-08,6376.416666666666
140430,2024-10-10,6233.527777777777
140430,2024-10-11,5992.402777777777
140430,2024-10-14,6367.48611111111
140430,2024-10-15,6394.277777777777
140430,2024-10-16,6144.222222222222
140430,2024-10-17,5965.61111111111
140430,2024-10-18,5688.763888888889
140430,2024-10-21,5787.0
140430,2024-10-22,5545.875
140430,2024-10-23,5483.36111111111
140430,2024-10-24,5563.73611111111
140430,2024-10-25,5804.86111111111
140430,2024-10-28,5697.694444444444
140430,2024-10-29,5813.791666666666
140430,2024-10-30,6260.319444444444
140430,2024-10-31,6751.499999999999
140430,2024-11-01,6751.499999999999
140430,2024-11-04,6162.083333333333
140430,2024-11-05,5831.652777777777
140430,2024-11-06,5742.347222222222
140430,2024-11-07,5590.527777777777
140430,2024-11-08,5661.972222222222
140430,2024-11-11,5367.263888888889
140430,2024-11-12,4902.875
140430,2024-11-13,4661.75
140430,2024-11-14,4536.722222222222
140430,2024-11-15,4724.263888888889
140430,2024-11-18,4840.36111111111
140430,2024-11-19,4786.777777777777
140430,2024-11-20,4617.097222222222
140430,2024-11-21,4411.694444444444
140430,2024-11-22,4456.347222222222
140430,2024-11-25,4545.652777777777
140670,2024-02-23,15040.830188679243
140670,2024-02-26,14994.264150943396
140670,2024-02-27,15366.79245283019
140670,2024-02-28,15338.85283018868
140670,2024-02-29,14863.87924528302
140670,2024-03-04,14910.44528301887
140670,2024-03-05,14454.098113207549
140670,2024-03-06,14258.52075471698
140670,2024-03-07,13848.73962264151
140670,2024-03-08,14016.377358490568
140670,2024-03-11,14360.96603773585
140670,2024-03-12,14295.77358490566
140670,2024-03-13,14686.928301886794
140670,2024-03-14,14258.52075471698
140670,2024-03-15,14500.664150943398
140670,2024-03-18,14677.615094339622
140670,2024-03-19,18058.309433962266
140670,2024-03-20,20675.32075471698
140670,2024-03-21,22118.867924528306
140670,2024-03-22,21280.67924528302
140670,2024-03-25,22444.830188679247
140670,2024-03-26,21699.773584905663
140670,2024-03-27,21001.283018867925
140670,2024-03-28,19883.69811320755
140670,2024-03-29,19464.603773584902
140670,2024-04-01,19744.0
140670,2024-04-02,18039.683018867927
140670,2024-04-03,17136.301886792455
140670,2024-04-04,17015.230188679245
140670,2024-04-05,16614.762264150944
140670,2024-04-08,16763.773584905663
140670,2024-04-09,16279.486792452832
140670,2024-04-11,17210.80754716981
140670,2024-04-12,17546.083018867925
140670,2024-04-15,16726.52075471698
140670,2024-04-16,15599.622641509435
140670,2024-04-17,15990.777358490566
140670,2024-04-18,16316.73962264151
140670,2024-04-19,15543.743396226417
140670,2024-04-22,15143.275471698114
140670,2024-04-23,15273.660377358492
140670,2024-04-24,15748.633962264152
140670,2024-04-25,20442.490566037737
140670,2024-04-26,20582.18867924528
140670,2024-04-29,19557.735849056604
140670,2024-04-30,18486.716981132075
140670,2024-05-02,18766.11320754717
140670,2024-05-03,18570.535849056603
140670,2024-05-07,18859.24528301887
140670,2024-05-08,17732.34716981132
140670,2024-05-09,17844.105660377358
140670,2024-05-10,17704.407547169812
140670,2024-05-13,16828.96603773585
140670,2024-05-14,16791.71320754717
140670,2024-05-16,16540.256603773585
140670,2024-05-17,16596.135849056605
140670,2024-05-20,17425.01132075472
140670,2024-05-21,17462.264150943396
141080,2023-07-10,32900.0
141080,2023-07-11,33900.0
141080,2023-07-12,34000.0
141080,2023-07-13,34800.0
141080,2023-07-14,34500.0
141080,2023-07-17,34000.0
141080,2023-07-18,33500.0
141080,2023-07-19,34350.0
141080,2023-07-20,35550.0
141080,2023-07-21,36200.0
141080,2023-07-24,35600.0
141080,2023-07-25,34400.0
141080,2023-07-26,32800.0
141080,2023-07-27,34750.0
141080,2023-07-28,34300.0
141080,2023-07-31,35250.0
141080,2023-08-01,35300.0
141080,2023-08-02,33950.0
141080,2023-08-03,37050.0
141080,2023-08-04,35200.0
141080,2023-08-07,35450.0
141080,2023-08-08,34850.0
141080,2023-08-09,36250.0
141080,2023-08-10,37550.0
141080,2023-08-11,37250.0
141080,2023-08-14,36250.0
141080,2023-08-16,36250.0
141080,2023-08-17,35700.0
141080,2023-08-18,35350.0
141080,2023-08-21,35350.0
141080,2023-08-22,35000.0
141080,2023-08-23,34450.0
141080,2023-08-24,34450.0
141080,2023-08-25,34700.0
141080,2023-08-28,34250.0
141080,2024-01-25,51600.0
141080,2024-01-26,52500.0
141080,2024-01-29,50500.0
141080,2024-01-30,52200.0
141080,2024-01-31,50400.0
141080,2024-02-01,48550.0
141080,2024-02-02,48650.0
141080,2024-02-05,47100.0
141080,2024-02-06,47200.0
141080,2024-02-07,48650.0
141080,2024-02-08,47500.0
141080,2024-02-13,51700.0
141080,2024-02-14,52200.0
141080,2024-02-15,51900.0
141080,2024-02-16,52500.0
141080,2024-02-19,53400.0
141080,2024-02-20,52300.0
141080,2024-02-21,53000.0
141080,2024-02-22,56100.0
141080,2024-02-23,55000.0
141080,2024-02-26,57000.0
141080,2024-02-27,55000.0
141080,2024-02-28,54100.0
141080,2024-02-29,53200.0
141080,2024-03-04,57200.0
141080,2024-03-05,60000.0
141080,2024-03-06,77600.0
141080,2024-03-07,75800.0
141080,2024-03-08,79000.0
141080,2024-03-11,77600.0
141080,2024-03-12,77200.0
141080,2024-03-13,74400.0
141080,2024-03-14,73300.0
141080,2024-03-15,69000.0
145170,2024-08-05,6712.573616018846
145170,2024-08-06,6963.315665488811
145170,2024-08-07,7344.652532391049
145170,2024-08-08,7449.128386336867
145170,2024-08-09,7527.485276796231
145170,2024-08-12,8577.467608951709
145170,2024-08-13,8462.544169611308
145170,2024-08-14,8431.201413427563
145170,2024-08-16,8478.215547703181
145170,2024-08-19,8217.025912838635
145170,2024-08-20,8457.320376914016
145170,2024-08-21,8175.235571260307
145170,2024-08-22,7961.060070671378
145170,2024-08-23,7694.646643109541
145170,2024-08-26,7527.485276796231
145170,2024-08-27,7522.261484098941
145170,2024-08-28,7391.666666666667
145170,2024-08-29,7266.295641931685
145170,2024-08-30,8964.028268551237
145170,2024-09-02,9000.594817432275
145170,2024-09-03,9089.39929328622
145170,2024-09-04,8619.257950530036
145170,2024-09-05,8248.36866902238
145170,2024-09-06,7783.451118963487
145170,2024-09-09,8676.719670200237
145170,2024-09-10,8154.340400471143
145170,2024-09-11,7997.626619552415
145170,2024-09-12,8295.382803297998
145170,2024-09-13,8206.578327444053
145170,2024-09-19,7976.731448763252
145170,2024-09-20,7914.045936395761
145170,2024-09-23,7773.003533568905
145170,2024-09-24,7830.465253239106
148150,2024-11-18,6060.0
148150,2024-11-19,5870.0
148150,2024-11-20,6450.0
148150,2024-11-21,6350.0
148150,2024-11-22,6170.0
148150,2024-11-25,6500.0
148150,2024-11-26,6340.0
148150,2024-11-27,6200.0
148150,2024-11-28,6100.0
148150,2024-11-29,5820.0
148150,2024-12-02,6110.0
148150,2024-12-03,6740.0
148150,2024-12-04,6930.0
148150,2024-12-05,6500.0
148150,2024-12-06,6640.0
148150,2024-12-09,6060.0
148150,2024-12-10,6530.0
148150,2024-12-11,6720.0
148150,2024-12-12,7720.0
148150,2024-12-13,7720.0
148150,2024-12-16,7920.0
148150,2024-12-17,8690.0
148150,2024-12-18,8580.0
148150,2024-12-19,9180.0
148150,2024-12-20,9130.0
148150,2024-12-23,9100.0
148150,2024-12-24,8700.0
148150,2024-12-26,8620.0
148150,2024-12-27,8650.0
148150,2024-12-30,8250.0
148150,2025-01-02,8850.0
148150,2025-01-03,8800.0
148150,2025-01-06,9010.0
151860,2022-12-12,10050.0
151860,2022-12-13,10500.0
151860,2022-12-14,10550.0
151860,2022-12-15,10350.0
151860,2022-12-16,10150.0
151860,2022-12-19,10250.0
151860,2022-12-20,10100.0
151860,2022-12-21,10100.0
151860,2022-12-22,10100.0
151860,2022-12-23,9520.0
151860,2022-12-26,9980.0
151860,2022-12-27,9690.0
151860,2022-12-28,10050.0
151860,2022-12-29,9570.0
151860,2023-01-02,9500.0
151860,2023-01-03,9560.0
151860,2023-01-04,9750.0
151860,2023-01-05,10750.0
151860,2023-01-06,11200.0
151860,2023-01-09,11600.0
151860,2023-01-10,11650.0
151860,2023-01-11,11650.0
151860,2023-01-12,11150.0
151860,2023-01-13,11400.0
151860,2023-01-16,10800.0
151860,2023-01-17,10700.0
151860,2023-01-18,11300.0
151860,2023-01-19,11100.0
151860,2023-01-20,10950.0
151860,2023-01-25,10950.0
151860,2023-01-26,11180.0
151860,2023-01-27,11150.0
151860,2023-01-30,11000.0
160190,2024-10-18,8220.0
160190,2024-10-21,8320.0
160190,2024-10-22,7880.0
160190,2024-10-23,7750.0
160190,2024-10-24,7430.0
160190,2024-10-25,7190.0
160190,2024-10-28,7340.0
160190,2024-10-29,7150.0
160190,2024-10-30,7410.0
160190,2024-10-31,7160.0
160190,2024-11-01,6940.0
160190,2024-11-04,7350.0
160190,2024-11-05,7210.0
160190,2024-11-06,7250.0
160190,2024-11-07,8400.0
160190,2024-11-08,8810.0
160190,2024-11-11,8820.0
160190,2024-11-12,8950.0
160190,2024-11-13,10010.0
160190,2024-11-14,9770.0
160190,2024-11-15,9810.0
160190,2024-11-18,9460.0
160190,2024-11-19,11990.0
160190,2024-11-20,11300.0
160190,2024-11-21,11350.0
160190,2024-11-22,10160.0
160190,2024-11-25,10400.0
160190,2024-11-26,10680.0
160190,2024-11-27,11210.0
160190,2024-11-28,11450.0
160190,2024-11-29,10450.0
160190,2024-12-02,10800.0
160190,2024-12-03,10810.0
160190,2024-12-04,9600.0
160190,2024-12-05,9340.0
160190,2024-12-06,9060.0
160190,2024-12-09,8100.0
160190,2024-12-10,8730.0
160190,2024-12-11,9140.0
160190,2024-12-12,9140.0
160190,2024-12-13,9120.0
160190,2024-12-16,9900.0
160190,2024-12-17,9910.0
160190,2024-12-18,10280.0
160190,2024-12-19,10660.0
160190,2024-12-20,10660.0
160190,2024-12-23,10930.0
160190,2024-12-24,10810.0
160190,2024-12-26,12760.0
160190,2024-12-27,12970.0
160190,2024-12-30,13400.0
160190,2025-01-02,17420.0
160190,2025-01-03,17490.0
160190,2025-01-06,17660.0
160190,2025-01-07,17170.0
160190,2025-01-08,16500.0
160190,2025-01-09,21450.0
160190,2025-01-10,21650.0
160190,2025-01-13,24750.0
160190,2025-01-14,24800.0
160190,2025-01-15,23000.0
160190,2025-01-16,26250.0
160190,2025-01-17,26750.0
160190,2025-01-20,26350.0
161390,2023-06-12,35800.0
161390,2023-06-13,35200.0
161390,2023-06-14,35150.0
161390,2023-06-15,34650.0
161390,2023-06-16,34650.0
161390,2023-06-19,34250.0
161390,2023-06-20,33750.0
161390,2023-06-21,34200.0
161390,2023-06-22,34150.0
161390,2023-06-23,33500.0
161390,2023-06-26,33650.0
161390,2023-06-27,33900.0
161390,2023-06-28,33600.0
161390,2023-06-29,33600.0
161390,2023-06-30,34400.0
161390,2023-07-03,35500.0
161390,2023-07-04,35250.0
161390,2023-07-05,35700.0
161390,2023-07-06,36750.0
161390,2023-07-07,36650.0
161390,2023-07-10,36350.0
161390,2023-07-11,36900.0
161390,2023-07-12,36650.0
161390,2023-07-13,36200.0
161390,2023-07-14,37000.0
161390,2023-07-17,36000.0
161390,2023-07-18,36550.0
161390,2023-07-19,37000.0
161390,2023-07-20,36700.0
161390,2023-07-21,36950.0
161390,2023-07-24,36350.0
161390,2023-07-25,36950.0
161390,2023-07-26,35850.0
161390,2023-07-27,36550.0
161390,2023-07-28,37100.0
161390,2023-07-31,38700.0
161390,2023-12-26,45350.0
161390,2023-12-27,44000.0
161390,2023-12-28,45400.0
161390,2024-01-02,45350.0
161390,2024-01-03,44550.0
161390,2024-01-04,45000.0
161390,2024-01-05,43700.0
161390,2024-01-08,43400.0
161390,2024-01-09,43750.0
161390,2024-01-10,44900.0
161390,2024-01-11,44150.0
161390,2024-01-12,44050.0
161390,2024-01-15,45900.0
161390,2024-01-16,44800.0
161390,2024-01-17,44500.0
161390,2024-01-18,47100.0
161390,2024-01-19,47800.0
161390,2024-01-22,47250.0
161390,2024-01-23,47400.0
161390,2024-01-24,47200.0
161390,2024-01-25,49450.0
161390,2024-01-26,49100.0
161390,2024-01-29,49900.0
161390,2024-01-30,49650.0
161390,2024-01-31,51300.0
161390,2024-02-01,52000.0
161390,2024-02-02,50800.0
161390,2024-02-05,50000.0
161390,2024-02-06,49400.0
161390,2024-02-07,51700.0
161390,2024-02-08,51600.0
161390,2024-10-11,38600.0
161390,2024-10-14,38600.0
161390,2024-10-15,38200.0
161390,2024-10-16,37900.0
161390,2024-10-17,37800.0
161390,2024-10-18,37400.0
161390,2024-10-21,37600.0
161390,2024-10-22,36550.0
161390,2024-10-23,36450.0
161390,2024-10-24,36200.0
161390,2024-10-25,35550.0
161390,2024-10-28,36500.0
161390,2024-10-29,34900.0
161390,2024-10-30,35250.0
161390,2024-10-31,35300.0
161390,2024-11-01,35200.0
161390,2024-11-04,36650.0
161390,2024-11-05,39400.0
161390,2024-11-06,38850.0
161390,2024-11-07,38900.0
161390,2024-11-08,37400.0
161390,2024-11-11,37550.0
161390,2024-11-12,36850.0
161390,2024-11-13,36700.0
161390,2024-11-14,36050.0
161390,2024-11-15,35900.0
161390,2024-11-18,37350.0
161390,2024-11-19,38200.0
161390,2024-11-20,38800.0
161390,2024-11-21,38900.0
161390,2024-11-22,38450.0
161390,2024-11-25,38250.0
161390,2024-11-26,38850.0
161390,2024-11-27,38700.0
161390,2024-11-28,38950.0
161390,2024-11-29,37650.0
161580,2024-08-19,16980.0
161580,2024-08-20,17660.0
161580,2024-08-21,17010.0
161580,2024-08-22,16510.0
161580,2024-08-23,16730.0
161580,2024-08-26,16150.0
161580,2024-08-27,15920.0
161580,2024-08-28,16110.0
161580,2024-08-29,15530.0
161580,2024-08-30,16150.0
161580,2024-09-02,15670.0
161580,2024-09-03,15640.0
161580,2024-09-04,14860.0
161580,2024-09-05,14520.0
161580,2024-09-06,14250.0
161580,2024-09-09,15640.0
161580,2024-09-10,15910.0
161580,2024-09-11,18900.0
161580,2024-09-12,19990.0
161580,2024-09-13,19610.0
161580,2024-09-19,19720.0
161580,2024-09-20,18000.0
161580,2024-09-23,19000.0
161580,2024-09-24,19150.0
161580,2024-09-25,18770.0
161580,2024-09-26,20550.0
161580,2024-09-27,20400.0
161580,2024-09-30,20250.0
161580,2024-10-02,20450.0
161580,2024-10-04,20000.0
163730,2024-10-04,11440.0
163730,2024-10-07,10940.0
163730,2024-10-08,10770.0
163730,2024-10-10,10660.0
163730,2024-10-11,10460.0
163730,2024-10-14,11280.0
163730,2024-10-15,10970.0
163730,2024-10-16,11090.0
163730,2024-10-17,11160.0
163730,2024-10-18,11950.0
163730,2024-10-21,12250.0
163730,2024-10-22,11270.0
163730,2024-10-23,10500.0
163730,2024-10-24,10370.0
163730,2024-10-25,10600.0
163730,2024-10-28,10550.0
163730,2024-10-29,12630.0
163730,2024-10-30,12430.0
163730,2024-10-31,11690.0
163730,2024-11-01,10850.0
163730,2024-11-04,10970.0
163730,2024-11-05,10950.0
163730,2024-11-06,11550.0
163730,2024-11-07,10700.0
163730,2024-11-08,10420.0
163730,2024-11-11,10680.0
163730,2024-11-12,9720.0
163730,2024-11-13,9280.0
163730,2024-11-14,9090.0
163730,2024-11-15,8950.0
163730,2024-11-18,9140.0
163730,2024-11-19,9560.0
163730,2024-11-20,9000.0
163730,2024-11-21,8910.0
163730,2024-11-22,8890.0
166090,2024-05-20,52800.0
166090,2024-05-21,51900.0
166090,2024-05-22,51100.0
166090,2024-05-23,54200.0
166090,2024-05-24,52400.0
166090,2024-05-27,53200.0
166090,2024-05-28,54400.0
166090,2024-05-29,53000.0
166090,2024-05-30,51000.0
166090,2024-05-31,50300.0
166090,2024-06-03,49400.0
166090,2024-06-04,49750.0
166090,2024-06-05,49000.0
166090,2024-06-07,52300.0
166090,2024-06-10,53600.0
166090,2024-06-11,52900.0
166090,2024-06-12,52900.0
166090,2024-06-13,52100.0
166090,2024-06-14,58800.0
166090,2024-06-17,59200.0
166090,2024-06-18,60900.0
166090,2024-06-19,60600.0
166090,2024-06-20,60600.0
166090,2024-06-21,59400.0
166090,2024-06-24,57900.0
166090,2024-06-25,58800.0
166090,2024-06-26,63900.0
166090,2024-06-27,63600.0
166090,2024-06-28,65400.0
166090,2024-07-01,65700.0
166090,2024-07-02,64900.0
166090,2024-07-03,62400.0
166090,2024-07-04,64000.0
166090,2024-07-05,63600.0
166090,2024-07-08,65200.0
166090,2024-07-09,63300.0
166480,2024-11-18,9756.029411764706
166480,2024-11-19,10157.899159663864
166480,2024-11-20,10876.134453781511
166480,2024-11-21,10123.697478991597
166480,2024-11-22,9832.98319327731
166480,2024-11-25,9670.525210084032
166480,2024-11-26,9576.470588235294
166480,2024-11-27,9867.18487394958
166480,2024-11-28,9576.470588235294
166480,2024-11-29,9550.819327731091
166480,2024-12-02,9619.22268907563
166480,2024-12-03,9636.323529411764
166480,2024-12-04,9311.40756302521
166480,2024-12-05,10568.319327731091
166480,2024-12-06,10422.96218487395
166480,2024-12-09,9490.96638655462
166480,2024-12-10,9841.533613445376
166480,2024-12-11,9431.11344537815
166480,2024-12-12,10251.953781512604
166480,2024-12-13,12278.403361344535
166480,2024-12-16,12372.457983193275
166480,2024-12-17,12611.86974789916
166480,2024-12-18,8832.584033613444
166480,2024-12-19,6190.504201680672
166480,2024-12-20,4335.063025210084
166480,2024-12-23,4052.899159663865
166480,2024-12-24,3762.18487394958
166480,2024-12-26,3437.268907563025
166480,2024-12-27,3441.5441176470586
166480,2024-12-30,3317.563025210084
166480,2025-01-02,3544.149159663865
166480,2025-01-03,3561.25
166480,2025-01-06,3578.3508403361343
166480,2025-01-07,3467.19537815126
171090,2024-03-25,39100.0
171090,2024-03-26,41500.0
171090,2024-03-27,42000.0
171090,2024-03-28,42000.0
171090,2024-03-29,41150.0
171090,2024-04-01,41700.0
171090,2024-04-02,39750.0
171090,2024-04-03,39000.0
171090,2024-04-04,41850.0
171090,2024-04-05,40300.0
171090,2024-04-08,37150.0
171090,2024-04-09,38700.0
171090,2024-04-11,37500.0
171090,2024-04-12,38600.0
171090,2024-04-15,40800.0
171090,2024-04-16,42500.0
171090,2024-04-17,39200.0
171090,2024-04-18,42950.0
171090,2024-04-19,39600.0
171090,2024-04-22,39900.0
171090,2024-04-23,41800.0
171090,2024-04-24,44450.0
171090,2024-04-25,43350.0
171090,2024-04-26,56300.0
171090,2024-04-29,54600.0
171090,2024-04-30,61400.0
171090,2024-05-02,58500.0
171090,2024-05-03,57100.0
171090,2024-05-07,59100.0
171090,2024-05-08,65700.0
171090,2024-05-09,66400.0
171090,2024-05-10,70800.0
171090,2024-05-13,67400.0
178320,2024-10-18,27150.0
178320,2024-10-21,27250.0
178320,2024-10-22,26000.0
178320,2024-10-23,26600.0
178320,2024-10-24,28150.0
178320,2024-10-25,27250.0
178320,2024-10-28,27950.0
178320,2024-10-29,28350.0
178320,2024-10-30,27900.0
178320,2024-10-31,28650.0
178320,2024-11-01,28700.0
178320,2024-11-04,28950.0
178320,2024-11-05,28400.0
178320,2024-11-06,27150.0
178320,2024-11-07,27300.0
178320,2024-11-08,29450.0
178320,2024-11-11,29800.0
178320,2024-11-12,30050.0
178320,2024-11-13,28450.0
178320,2024-11-14,28800.0
178320,2024-11-15,28750.0
178320,2024-11-18,27450.0
178320,2024-11-19,29100.0
178320,2024-11-20,28350.0
178320,2024-11-21,26350.0
178320,2024-11-22,26700.0
178320,2024-11-25,27900.0
178320,2024-11-26,27450.0
178320,2024-11-27,27150.0
178320,2024-11-28,26450.0
178320,2024-11-29,25450.0
178320,2024-12-02,25800.0
178320,2024-12-03,27950.0
178320,2024-12-04,27550.0
178320,2024-12-05,27400.0
178320,2024-12-06,28350.0
178320,2024-12-09,27000.0
178320,2024-12-10,27900.0
178320,2024-12-11,28550.0
178320,2024-12-12,30000.0
178320,2024-12-13,30200.0
178320,2024-12-16,30000.0
178320,2024-12-17,28800.0
178320,2024-12-18,28700.0
178320,2024-12-19,27600.0
178320,2024-12-20,26850.0
178320,2024-12-23,26750.0
178320,2024-12-24,26600.0
178320,2024-12-26,26500.0
178320,2024-12-27,25950.0
178320,2024-12-30,26850.0
178320,2025-01-02,27350.0
178320,2025-01-03,27950.0
178320,2025-01-06,25450.0
179290,2023-03-10,12700.0
179290,2023-03-13,12650.0
179290,2023-03-14,11860.0
179290,2023-03-15,12290.0
179290,2023-03-16,12800.0
179290,2023-03-17,12650.0
179290,2023-03-20,12660.0
179290,2023-03-21,12400.0
179290,2023-03-22,12740.0
179290,2023-03-23,12400.0
179290,2023-03-24,12820.0
179290,2023-03-27,12610.0
179290,2023-03-28,13230.0
179290,2023-03-29,13590.0
179290,2023-03-30,13190.0
179290,2023-03-31,13230.0
179290,2023-04-03,13450.0
179290,2023-04-04,15770.0
179290,2023-04-05,14230.0
179290,2023-04-06,14490.0
179290,2023-04-07,14340.0
179290,2023-04-10,14570.0
179290,2023-04-11,14790.0
179290,2023-04-12,14630.0
179290,2023-04-13,14950.0
179290,2023-04-14,14700.0
179290,2023-04-17,14300.0
179290,2023-04-18,14190.0
179290,2023-04-19,14350.0
179290,2023-04-20,13890.0
179290,2023-04-21,13740.0
179290,2023-04-24,13450.0
179290,2023-04-25,13700.0
179290,2023-04-26,13480.0
179290,2023-04-27,13770.0
179290,2023-04-28,13850.0
182400,2023-12-11,12359.34405940594
182400,2023-12-12,12249.888613861389
182400,2023-12-13,12067.462871287127
182400,2023-12-14,12304.616336633664
182400,2023-12-15,11939.76485148515
182400,2023-12-18,11757.339108910892
182400,2023-12-19,11264.789603960397
182400,2023-12-20,11091.485148514852
182400,2023-12-21,10763.118811881188
182400,2023-12-22,10963.787128712873
182400,2023-12-26,10799.60396039604
182400,2023-12-27,10817.846534653463
182400,2023-12-28,11365.123762376235
182400,2024-01-02,11821.188118811882
182400,2024-01-03,13736.658415841584
182400,2024-01-04,13043.440594059406
182400,2024-01-05,12952.227722772275
182400,2024-01-08,12167.797029702971
182400,2024-01-09,12240.767326732674
182400,2024-01-10,11529.30693069307
182400,2024-01-11,11292.153465346537
182400,2024-01-12,10909.059405940594
182400,2024-01-15,10945.544554455446
182400,2024-01-16,10872.574257425744
182400,2024-01-17,10635.420792079209
182400,2024-01-18,10325.297029702971
182400,2024-01-19,10325.297029702971
182400,2024-01-22,9960.445544554455
182400,2024-01-23,9467.89603960396
182400,2024-01-24,6731.5099009901
182400,2024-01-25,6229.839108910891
182400,2024-01-26,6266.324257425743
189300,2023-12-11,72900.0
189300,2023-12-12,72000.0
189300,2023-12-13,71900.0
189300,2023-12-14,72300.0
189300,2023-12-15,73600.0
189300,2023-12-18,74100.0
189300,2023-12-19,73000.0
189300,2023-12-20,73000.0
189300,2023-12-21,72200.0
189300,2023-12-22,71900.0
189300,2023-12-26,70700.0
189300,2023-12-27,73400.0
189300,2023-12-28,72500.0
189300,2024-01-02,75100.0
189300,2024-01-03,81000.0
189300,2024-01-04,79000.0
189300,2024-01-05,77300.0
189300,2024-01-08,77000.0
189300,2024-01-09,77600.0
189300,2024-01-10,76400.0
189300,2024-01-11,76800.0
189300,2024-01-12,72300.0
189300,2024-01-15,73300.0
189300,2024-01-16,72000.0
189300,2024-01-17,69500.0
189300,2024-01-18,70000.0
189300,2024-01-19,70500.0
189300,2024-01-22,70500.0
189300,2024-01-23,69800.0
189300,2024-01-24,60900.0
189300,2024-01-25,59500.0
189300,2024-01-26,58700.0
195940,2024-03-29,37050.0
195940,2024-04-01,37650.0
195940,2024-04-02,37350.0
195940,2024-04-03,37300.0
195940,2024-04-04,37050.0
195940,2024-04-05,36750.0
195940,2024-04-08,35900.0
195940,2024-04-09,35600.0
195940,2024-04-11,35450.0
195940,2024-04-12,35150.0
195940,2024-04-15,35950.0
195940,2024-04-16,34550.0
195940,2024-04-17,34550.0
195940,2024-04-18,36500.0
195940,2024-04-19,37050.0
195940,2024-04-22,37800.0
195940,2024-04-23,40200.0
195940,2024-04-24,38900.0
195940,2024-04-25,38200.0
195940,2024-04-26,39050.0
195940,2024-04-29,39250.0
195940,2024-04-30,38750.0
195940,2024-05-02,39150.0
195940,2024-05-03,38050.0
195940,2024-05-07,38000.0
195940,2024-05-08,37950.0
195940,2024-05-09,37350.0
195940,2024-05-10,37850.0
195940,2024-05-13,38250.0
195940,2024-05-14,37700.0
195940,2024-05-16,37650.0
195940,2024-05-17,37650.0
196170,2023-08-17,34702.30547550432
196170,2023-08-18,33971.32564841498
196170,2023-08-21,34586.88760806916
196170,2023-08-22,35741.06628242075
196170,2023-08-23,35702.59365994236
196170,2023-08-24,35894.95677233429
196170,2023-08-25,35856.4841498559
196170,2023-08-28,33855.907780979825
196170,2023-08-29,34356.05187319885
196170,2023-08-30,35202.44956772334
196170,2023-08-31,34817.72334293948
196170,2023-09-01,33663.54466858789
196170,2023-09-04,33124.92795389049
196170,2023-09-05,32817.1469740634
196170,2023-09-06,32624.78386167147
196170,2023-09-07,32701.72910662824
196170,2023-09-08,33817.43515850144
196170,2023-09-11,39934.58213256484
196170,2023-09-12,45859.36599423631
196170,2023-09-13,47859.94236311239
196170,2023-09-14,48167.72334293948
196170,2023-09-15,50399.13544668588
196170,2023-09-18,54169.45244956772
196170,2023-09-19,59324.783861671465
196170,2023-09-20,56862.53602305475
196170,2023-09-21,58863.11239193083
196170,2023-09-22,54169.45244956772
196170,2023-09-25,62325.64841498559
196170,2023-09-26,48706.34005763689
196170,2023-09-27,52399.711815561954
196170,2023-10-04,50245.24495677233
196170,2023-10-05,49706.62824207493
196170,2023-10-06,52553.6023054755
196490,2023-07-20,25681.14478114478
196490,2023-07-21,25291.58249158249
196490,2023-07-24,24872.05387205387
196490,2023-07-25,23673.400673400676
196490,2023-07-26,21336.02693602693
196490,2023-07-27,22534.680134680133
196490,2023-07-28,23253.87205387205
196490,2023-07-31,23373.73737373737
196490,2023-08-01,23074.074074074077
196490,2023-08-02,22354.882154882154
196490,2023-08-03,21875.420875420878
196490,2023-08-04,21515.82491582492
196490,2023-08-07,21425.925925925927
196490,2023-08-08,27838.72053872054
196490,2023-08-09,27389.22558922559
196490,2023-08-10,26280.47138047138
196490,2023-08-11,25471.38047138047
196490,2023-08-14,27898.6531986532
196490,2023-08-16,30385.858585858587
196490,2023-08-17,27569.023569023568
196490,2023-08-18,26909.76430976431
196490,2023-08-21,28468.01346801347
196490,2023-08-22,27688.888888888887
196490,2023-08-23,26759.93265993266
196490,2023-08-24,26490.235690235688
196490,2023-08-25,26460.26936026936
196490,2023-08-28,28438.04713804713
196490,2023-08-29,27059.59595959596
196490,2023-08-30,26700.0
196490,2023-08-31,26130.63973063973
196490,2023-09-01,24512.45791245791
196490,2023-09-04,24182.828282828283
196490,2023-09-05,24422.55892255892
196490,2023-09-06,24032.996632996637
196490,2023-09-07,24512.45791245791
196490,2023-09-08,23943.09764309764
199820,2024-07-29,7750.0
199820,2024-07-30,7390.0
199820,2024-07-31,7560.0
199820,2024-08-01,7760.0
199820,2024-08-02,7050.0
199820,2024-08-05,6010.0
199820,2024-08-06,6590.0
199820,2024-08-07,6670.0
199820,2024-08-08,6490.0
199820,2024-08-09,6750.0
199820,2024-08-12,6830.0
199820,2024-08-13,6740.0
199820,2024-08-14,6930.0
199820,2024-08-16,6970.0
199820,2024-08-19,6710.0
199820,2024-08-20,6920.0
199820,2024-08-21,6850.0
199820,2024-08-22,6710.0
199820,2024-08-23,7990.0
199820,2024-08-26,8470.0
199820,2024-08-27,8180.0
199820,2024-08-28,7600.0
199820,2024-08-29,7760.0
199820,2024-08-30,7650.0
199820,2024-09-02,7500.0
199820,2024-09-03,7470.0
199820,2024-09-04,6880.0
199820,2024-09-05,6990.0
199820,2024-09-06,6630.0
199820,2024-09-09,6640.0
199820,2024-09-10,7780.0
199820,2024-09-11,8700.0
199820,2024-09-12,8640.0
199820,2024-09-13,8370.0
199820,2024-10-21,9750.0
199820,2024-10-22,9100.0
199820,2024-10-23,9150.0
199820,2024-10-24,8910.0
199820,2024-10-25,8810.0
199820,2024-10-28,8920.0
199820,2024-10-29,9060.0
199820,2024-10-30,9020.0
199820,2024-10-31,8750.0
199820,2024-11-01,8410.0
199820,2024-11-04,8760.0
199820,2024-11-05,8640.0
199820,2024-11-06,8840.0
199820,2024-11-07,9080.0
199820,2024-11-08,9860.0
199820,2024-11-11,10020.0
199820,2024-11-12,10090.0
199820,2024-11-13,10250.0
199820,2024-11-14,11220.0
199820,2024-11-15,10780.0
199820,2024-11-18,10920.0
199820,2024-11-19,11210.0
199820,2024-11-20,10660.0
199820,2024-11-21,10000.0
199820,2024-11-22,10910.0
199820,2024-11-25,11140.0
199820,2024-11-26,10650.0
199820,2024-11-27,10180.0
199820,2024-11-28,9770.0
199820,2024-11-29,9480.0
199820,2024-12-02,9150.0
199820,2024-12-03,9500.0
199820,2024-12-04,8850.0
199820,2024-12-05,8900.0
199820,2024-12-06,8360.0
200710,2024-03-21,40600.0
200710,2024-03-22,39800.0
200710,2024-03-25,37800.0
200710,2024-03-26,37000.0
200710,2024-03-27,38300.0
200710,2024-03-28,40800.0
200710,2024-03-29,40050.0
200710,2024-04-01,39400.0
200710,2024-04-02,38900.0
200710,2024-04-03,38250.0
200710,2024-04-04,40350.0
200710,2024-04-05,40000.0
200710,2024-04-08,38500.0
200710,2024-04-09,39700.0
200710,2024-04-11,41800.0
200710,2024-04-12,43200.0
200710,2024-04-15,43650.0
200710,2024-04-16,40550.0
200710,2024-04-17,40500.0
200710,2024-04-18,42500.0
200710,2024-04-19,39500.0
200710,2024-04-22,37950.0
200710,2024-04-23,38900.0
200710,2024-04-24,40700.0
200710,2024-04-25,39300.0
200710,2024-04-26,41500.0
200710,2024-04-29,40900.0
200710,2024-04-30,40000.0
200710,2024-05-02,40250.0
200710,2024-05-03,39150.0
200710,2024-05-07,41000.0
200710,2024-05-08,40900.0
200710,2024-05-09,38900.0
200710,2024-05-10,35950.0
200710,2024-10-07,18860.0
200710,2024-10-08,18260.0
200710,2024-10-10,17180.0
200710,2024-10-11,17490.0
200710,2024-10-14,17370.0
200710,2024-10-15,17010.0
200710,2024-10-16,17230.0
200710,2024-10-17,17050.0
200710,2024-10-18,16070.0
200710,2024-10-21,15920.0
200710,2024-10-22,15100.0
200710,2024-10-23,15440.0
200710,2024-10-24,14640.0
200710,2024-10-25,14300.0
200710,2024-10-28,14650.0
200710,2024-10-29,14450.0
200710,2024-10-30,14160.0
200710,2024-10-31,17970.0
200710,2024-11-01,19020.0
200710,2024-11-04,18610.0
200710,2024-11-05,19020.0
200710,2024-11-06,17810.0
200710,2024-11-07,18670.0
200710,2024-11-08,17900.0
200710,2024-11-11,16120.0
200710,2024-11-12,15650.0
200710,2024-11-13,14990.0
200710,2024-11-14,14250.0
200710,2024-11-15,14810.0
200710,2024-11-18,14780.0
200710,2024-11-19,14280.0
200710,2024-11-20,13750.0
200710,2024-11-21,13350.0
200710,2024-11-22,13210.0
200710,2024-11-25,14950.0
200710,2024-11-26,15350.0
200880,2024-01-08,17740.0
200880,2024-01-09,17680.0
200880,2024-01-10,17920.0
200880,2024-01-11,18000.0
200880,2024-01-12,17360.0
200880,2024-01-15,17500.0
200880,2024-01-16,17170.0
200880,2024-01-17,16350.0
200880,2024-01-18,16220.0
200880,2024-01-19,16130.0
200880,2024-01-22,15700.0
200880,2024-01-23,16190.0
200880,2024-01-24,16580.0
200880,2024-01-25,16890.0
200880,2024-01-26,16610.0
200880,2024-01-29,17070.0
200880,2024-01-30,16770.0
200880,2024-01-31,16890.0
200880,2024-02-01,18000.0
200880,2024-02-02,22450.0
200880,2024-02-05,23100.0
200880,2024-02-06,21950.0
200880,2024-02-07,22550.0
200880,2024-02-08,22050.0
200880,2024-02-13,22000.0
200880,2024-02-14,21850.0
200880,2024-02-15,21100.0
200880,2024-02-16,21500.0
200880,2024-02-19,20850.0
200880,2024-02-20,20450.0
200880,2024-02-21,19900.0
200880,2024-02-22,20100.0
200880,2024-02-23,19610.0
200880,2024-02-26,20300.0
200880,2024-02-27,19090.0
204270,2024-05-16,19010.0
204270,2024-05-17,18470.0
204270,2024-05-20,17720.0
204270,2024-05-21,17500.0
204270,2024-05-22,17430.0
204270,2024-05-23,16900.0
204270,2024-05-24,16710.0
204270,2024-05-27,17150.0
204270,2024-05-28,18440.0
204270,2024-05-29,18750.0
204270,2024-05-30,18130.0
204270,2024-05-31,18550.0
204270,2024-06-03,19250.0
204270,2024-06-04,19250.0
204270,2024-06-05,19430.0
204270,2024-06-07,19180.0
204270,2024-06-10,20150.0
204270,2024-06-11,19500.0
204270,2024-06-12,19330.0
204270,2024-06-13,19190.0
204270,2024-06-14,18950.0
204270,2024-06-17,22100.0
204270,2024-06-18,25400.0
204270,2024-06-19,28700.0
204270,2024-06-20,28000.0
204270,2024-06-21,28250.0
204270,2024-06-24,28600.0
204270,2024-06-25,29800.0
204270,2024-06-26,29550.0
204270,2024-06-27,30200.0
204270,2024-06-28,30550.0
204270,2024-07-01,28500.0
204270,2024-07-02,27150.0
204270,2024-07-03,28600.0
204270,2024-07-04,31250.0
204270,2024-07-05,29200.0
204320,2024-04-04,32950.0
204320,2024-04-05,33300.0
204320,2024-04-08,33400.0
204320,2024-04-09,33250.0
204320,2024-04-11,33450.0
204320,2024-04-12,32900.0
204320,2024-04-15,33050.0
204320,2024-04-16,32700.0
204320,2024-04-17,32150.0
204320,2024-04-18,32350.0
204320,2024-04-19,31650.0
204320,2024-04-22,32750.0
204320,2024-04-23,32850.0
204320,2024-04-24,32800.0
204320,2024-04-25,32650.0
204320,2024-04-26,32600.0
204320,2024-04-29,38350.0
204320,2024-04-30,39400.0
204320,2024-05-02,39500.0
204320,2024-05-03,39050.0
204320,2024-05-07,39000.0
204320,2024-05-08,39800.0
204320,2024-05-09,38700.0
204320,2024-05-10,38250.0
204320,2024-05-13,38350.0
204320,2024-05-14,37600.0
204320,2024-05-16,37400.0
204320,2024-05-17,36500.0
204320,2024-05-20,38000.0
204320,2024-05-21,37750.0
204320,2024-05-22,38950.0
204320,2024-05-23,39050.0
204320,2024-05-24,37800.0
205470,2023-02-13,19468.282368249835
205470,2023-02-14,20163.109954456733
205470,2023-02-15,19376.5126870527
205470,2023-02-16,19442.06245933637
205470,2023-02-17,19284.74300585556
205470,2023-02-20,19560.05204944697
205470,2023-02-21,19310.96291476903
205470,2023-02-22,18485.035783994797
205470,2023-02-23,19206.08327911516
205470,2023-02-24,19494.502277163305
205470,2023-02-27,18825.89459986988
205470,2023-02-28,19402.73259596617
205470,2023-03-02,18917.664281067013
205470,2023-03-03,18629.245283018867
205470,2023-03-06,19140.53350683149
205470,2023-03-07,20595.738451528952
205470,2023-03-08,22470.461938841898
205470,2023-03-09,22942.42029928432
205470,2023-03-10,22719.551073519844
205470,2023-03-13,25367.76187378009
205470,2023-03-14,23506.148340923875
205470,2023-03-15,22811.32075471698
205470,2023-03-16,21434.77553675992
205470,2023-03-17,22758.880936890044
205470,2023-03-20,22745.77098243331
205470,2023-03-21,22037.83344176968
205470,2023-03-22,21788.744307091736
205470,2023-03-23,20150.0
205470,2023-03-24,26150.0
205470,2023-03-27,28350.0
205470,2023-03-28,25750.0
205470,2023-03-29,23775.0
205470,2023-03-30,23525.0
205470,2023-03-31,22750.0
206650,2024-03-21,12740.0
206650,2024-03-22,12770.0
206650,2024-03-25,12860.0
206650,2024-03-26,12500.0
206650,2024-03-27,12300.0
206650,2024-03-28,12130.0
206650,2024-03-29,12120.0
206650,2024-04-01,12100.0
206650,2024-04-02,12100.0
206650,2024-04-03,11970.0
206650,2024-04-04,12030.0
206650,2024-04-05,12120.0
206650,2024-04-08,11980.0
206650,2024-04-09,12400.0
206650,2024-04-11,12000.0
206650,2024-04-12,12070.0
206650,2024-04-15,13900.0
206650,2024-04-16,12930.0
206650,2024-04-17,12550.0
206650,2024-04-18,12660.0
206650,2024-04-19,12710.0
206650,2024-04-22,13550.0
206650,2024-04-23,13600.0
206650,2024-04-24,13440.0
206650,2024-04-25,13830.0
206650,2024-04-26,13910.0
206650,2024-04-29,13760.0
206650,2024-04-30,13390.0
206650,2024-05-02,13390.0
206650,2024-05-03,13540.0
206650,2024-05-07,13500.0
206650,2024-05-08,13370.0
206650,2024-05-09,13150.0
206650,2024-05-10,12850.0
208370,2023-07-06,6720.0
208370,2023-07-07,6220.0
208370,2023-07-10,6300.0
208370,2023-07-11,6410.0
208370,2023-07-12,6200.0
208370,2023-07-13,6370.0
208370,2023-07-14,6290.0
208370,2023-07-17,6250.0
208370,2023-07-18,6360.0
208370,2023-07-19,6680.0
208370,2023-07-20,6730.0
208370,2023-07-21,7070.0
208370,2023-07-24,6840.0
208370,2023-07-25,6420.0
208370,2023-07-26,5900.0
208370,2023-07-27,6130.0
208370,2023-07-28,6910.0
208370,2023-07-31,7200.0
208370,2023-08-01,9360.0
208370,2023-08-02,10460.0
208370,2023-08-03,9840.0
208370,2023-08-04,10100.0
208370,2023-08-07,9750.0
208370,2023-08-08,9830.0
208370,2023-08-09,9870.0
208370,2023-08-10,10600.0
208370,2023-08-11,9770.0
208370,2023-08-14,9630.0
208370,2023-08-16,9280.0
208370,2023-08-17,8760.0
208370,2023-08-18,8240.0
208370,2023-08-21,8500.0
208370,2023-08-22,8500.0
208370,2023-08-23,8110.0
208370,2023-08-24,8320.0
208370,2023-08-25,7990.0
210980,2024-04-19,7858.474576271186
210980,2024-04-22,7953.728813559322
210980,2024-04-23,8123.825665859564
210980,2024-04-24,8144.237288135593
210980,2024-04-25,8110.217917675544
210980,2024-04-26,8076.198547215497
210980,2024-04-29,8137.433414043583
210980,2024-04-30,8287.118644067796
210980,2024-05-02,8185.060532687651
210980,2024-05-03,8137.433414043583
210980,2024-05-07,8110.217917675544
210980,2024-05-08,8130.629539951574
210980,2024-05-09,8137.433414043583
210980,2024-05-10,8164.648910411623
210980,2024-05-13,8083.002421307506
210980,2024-05-14,8987.917675544793
210980,2024-05-16,8640.9200968523
210980,2024-05-17,8341.549636803875
210980,2024-05-20,8212.27602905569
210980,2024-05-21,8225.88377723971
210980,2024-05-22,8824.624697336561
210980,2024-05-23,8572.881355932202
210980,2024-05-24,8334.745762711864
210980,2024-05-27,8613.704600484261
210980,2024-05-28,8477.627118644068
210980,2024-05-29,8348.353510895884
210980,2024-05-30,8103.414043583535
210980,2024-05-31,7756.416464891041
210980,2024-06-03,7906.1016949152545
210980,2024-06-04,7906.1016949152545
210980,2024-06-05,8035.375302663439
210980,2024-06-07,8137.433414043583
214150,2023-07-10,30550.0
214150,2023-07-11,30850.0
214150,2023-07-12,31850.0
214150,2023-07-13,31650.0
214150,2023-07-14,31450.0
214150,2023-07-17,31350.0
214150,2023-07-18,31300.0
214150,2023-07-19,31150.0
214150,2023-07-20,31400.0
214150,2023-07-21,30900.0
214150,2023-07-24,28750.0
214150,2023-07-25,28600.0
214150,2023-07-26,28450.0
214150,2023-07-27,29900.0
214150,2023-07-28,29900.0
214150,2023-07-31,30650.0
214150,2023-08-01,29600.0
214150,2023-08-02,29850.0
214150,2023-08-03,29200.0
214150,2023-08-04,32350.0
214150,2023-08-07,32750.0
214150,2023-08-08,32450.0
214150,2023-08-09,32750.0
214150,2023-08-10,34900.0
214150,2023-08-11,33700.0
214150,2023-08-14,34850.0
214150,2023-08-16,35650.0
214150,2023-08-17,35800.0
214150,2023-08-18,34750.0
214150,2023-08-21,37500.0
214150,2023-08-22,37150.0
214150,2023-08-23,35950.0
214150,2023-08-24,36700.0
214150,2023-08-25,36100.0
214150,2023-08-28,35350.0
214150,2023-08-29,35250.0
214260,2024-08-19,18800.0
214260,2024-08-20,19230.0
214260,2024-08-21,17920.0
214260,2024-08-22,17660.0
214260,2024-08-23,17350.0
214260,2024-08-26,17600.0
214260,2024-08-27,18540.0
214260,2024-08-28,18110.0
214260,2024-08-29,21400.0
214260,2024-08-30,21600.0
214260,2024-09-02,20350.0
214260,2024-09-03,19850.0
214260,2024-09-04,18970.0
214260,2024-09-05,18020.0
214260,2024-09-06,16300.0
214260,2024-09-09,18140.0
214260,2024-09-10,17400.0
214260,2024-09-11,17700.0
214260,2024-09-12,21200.0
214260,2024-09-13,22150.0
214260,2024-09-19,21300.0
214260,2024-09-20,21850.0
214260,2024-09-23,20250.0
214260,2024-09-24,20650.0
214260,2024-09-25,20400.0
214260,2024-09-26,21550.0
214260,2024-09-27,20150.0
214260,2024-09-30,19100.0
214260,2024-10-02,18370.0
214260,2024-10-04,18150.0
214260,2024-10-07,18460.0
214260,2024-10-08,18580.0
214450,2023-03-10,71900.0
214450,2023-03-13,71800.0
214450,2023-03-14,70000.0
214450,2023-03-15,70100.0
214450,2023-03-16,71900.0
214450,2023-03-17,70600.0
214450,2023-03-20,71500.0
214450,2023-03-21,70200.0
214450,2023-03-22,69800.0
214450,2023-03-23,69800.0
214450,2023-03-24,69300.0
214450,2023-03-27,70800.0
214450,2023-03-28,69600.0
214450,2023-03-29,69700.0
214450,2023-03-30,70600.0
214450,2023-03-31,70200.0
214450,2023-04-03,75100.0
214450,2023-04-04,83700.0
214450,2023-04-05,87900.0
214450,2023-04-06,87100.0
214450,2023-04-07,86800.0
214450,2023-04-10,85500.0
214450,2023-04-11,88800.0
214450,2023-04-12,90600.0
214450,2023-04-13,90600.0
214450,2023-04-14,96200.0
214450,2023-04-17,98700.0
214450,2023-04-18,103100.0
214450,2023-04-19,102600.0
214450,2023-04-20,98400.0
214450,2023-04-21,99100.0
214450,2023-04-24,99800.0
214450,2023-04-25,99100.0
214450,2023-04-26,99000.0
214450,2023-04-27,99900.0
214450,2023-04-28,101000.0
214450,2024-02-29,93900.0
214450,2024-03-04,92800.0
214450,2024-03-05,91800.0
214450,2024-03-06,92400.0
214450,2024-03-07,89700.0
214450,2024-03-08,89200.0
214450,2024-03-11,89100.0
214450,2024-03-12,90700.0
214450,2024-03-13,92700.0
214450,2024-03-14,93400.0
214450,2024-03-15,91300.0
214450,2024-03-18,92600.0
214450,2024-03-19,93700.0
214450,2024-03-20,92000.0
214450,2024-03-21,91000.0
214450,2024-03-22,91000.0
214450,2024-03-25,98700.0
214450,2024-03-26,97900.0
214450,2024-03-27,99800.0
214450,2024-03-28,99200.0
214450,2024-03-29,100900.0
214450,2024-04-01,108000.0
214450,2024-04-02,103500.0
214450,2024-04-03,108400.0
214450,2024-04-04,109900.0
214450,2024-04-05,113600.0
214450,2024-04-08,110700.0
214450,2024-04-09,118500.0
214450,2024-04-11,123800.0
214450,2024-04-12,127300.0
214450,2024-04-15,125900.0
214450,2024-04-16,124500.0
214450,2024-04-17,128000.0
214450,2024-04-18,126100.0
214450,2024-04-19,129500.0
214610,2024-11-18,15384.498977505113
214610,2024-11-19,14333.19018404908
214610,2024-11-20,14635.051124744376
214610,2024-11-21,14343.59918200409
214610,2024-11-22,14062.556237218814
214610,2024-11-25,16560.71574642127
214610,2024-11-26,15956.993865030674
214610,2024-11-27,15613.496932515338
214610,2024-11-28,15571.860940695296
214610,2024-11-29,15925.766871165644
214610,2024-12-02,16258.854805725972
214610,2024-12-03,15707.177914110429
214610,2024-12-04,17570.38854805726
214610,2024-12-05,15904.948875255624
214610,2024-12-06,16321.308793456034
214610,2024-12-09,14572.597137014314
214610,2024-12-10,15884.130879345605
214610,2024-12-11,18840.286298568502
214610,2024-12-12,17049.938650306747
214610,2024-12-13,17903.476482617585
214610,2024-12-16,17070.75664621677
214610,2024-12-17,16113.128834355828
214610,2024-12-18,16081.901840490798
214610,2024-12-19,14988.957055214723
214610,2024-12-20,15270.0
214610,2024-12-23,14843.23108384458
214610,2024-12-24,14530.961145194276
214610,2024-12-26,14468.507157464212
214610,2024-12-27,13854.376278118609
214610,2024-12-30,14541.370143149285
214610,2025-01-02,16102.719836400818
214610,2025-01-03,15613.496932515338
214680,2023-12-11,19025.0
214680,2023-12-12,18675.0
214680,2023-12-13,18125.0
214680,2023-12-14,18450.0
214680,2023-12-15,18550.0
214680,2023-12-18,18625.0
214680,2023-12-19,18375.0
214680,2023-12-20,22500.0
214680,2023-12-21,21150.0
214680,2023-12-22,20775.0
214680,2023-12-26,20500.0
214680,2023-12-27,21175.0
214680,2023-12-28,21300.0
214680,2024-01-02,21600.0
214680,2024-01-03,22200.0
214680,2024-01-04,23050.0
214680,2024-01-05,23050.0
214680,2024-01-08,23200.0
214680,2024-01-09,24450.0
214680,2024-01-10,23150.0
214680,2024-01-11,23100.0
214680,2024-01-12,22200.0
214680,2024-01-15,22325.0
214680,2024-01-16,21850.0
214680,2024-01-17,21000.0
214680,2024-01-18,20750.0
214680,2024-01-19,20775.0
214680,2024-01-22,20250.0
214680,2024-01-23,22350.0
214680,2024-01-24,20900.0
214680,2024-01-25,20325.0
214680,2024-01-26,20225.0
214680,2024-01-29,20050.0
215100,2022-12-12,5960.0
215100,2022-12-13,6020.0
215100,2022-12-14,6190.0
215100,2022-12-15,6120.0
215100,2022-12-16,6010.0
215100,2022-12-19,6530.0
215100,2022-12-20,6640.0
215100,2022-12-21,6580.0
215100,2022-12-22,6690.0
215100,2022-12-23,6390.0
215100,2022-12-26,6420.0
215100,2022-12-27,6430.0
215100,2022-12-28,6490.0
215100,2022-12-29,6650.0
215100,2023-01-02,6440.0
215100,2023-01-03,6440.0
215100,2023-01-04,6500.0
215100,2023-01-05,6470.0
215100,2023-01-06,7010.0
215100,2023-01-09,7280.0
215100,2023-01-10,7110.0
215100,2023-01-11,7150.0
215100,2023-01-12,6900.0
215100,2023-01-13,7030.0
215100,2023-01-16,7070.0
215100,2023-01-17,6980.0
215100,2023-01-18,7650.0
215100,2023-01-19,7590.0
215100,2023-01-20,7640.0
215100,2023-01-25,7790.0
215100,2023-01-26,7170.0
215100,2023-01-27,7370.0
215100,2023-01-30,7290.0
215100,2023-01-31,7510.0
217500,2023-02-20,3715.0
217500,2023-02-21,3745.0
217500,2023-02-22,3640.0
217500,2023-02-23,3810.0
217500,2023-02-24,3740.0
217500,2023-02-27,4000.0
217500,2023-02-28,3870.0
217500,2023-03-02,3840.0
217500,2023-03-03,3820.0
217500,2023-03-06,3980.0
217500,2023-03-07,3940.0
217500,2023-03-08,3870.0
217500,2023-03-09,3800.0
217500,2023-03-10,3750.0
217500,2023-03-13,3695.0
217500,2023-03-14,3485.0
217500,2023-03-15,3730.0
217500,2023-03-16,3815.0
217500,2023-03-17,4120.0
217500,2023-03-20,3970.0
217500,2023-03-21,3870.0
217500,2023-03-22,3930.0
217500,2023-03-23,3940.0
217500,2023-03-24,4045.0
217500,2023-03-27,4015.0
217500,2023-03-28,4155.0
217500,2023-03-29,4355.0
217500,2023-03-30,4795.0
217500,2023-03-31,4230.0
217500,2023-04-03,4215.0
217500,2023-04-04,4300.0
217500,2023-04-05,4365.0
217500,2023-04-06,4155.0
217500,2023-04-07,4300.0
217500,2023-04-10,4165.0
217500,2023-04-11,4150.0
220100,2023-09-11,9671.933333333332
220100,2023-09-12,9849.4
220100,2023-09-13,9421.866666666669
220100,2023-09-14,9389.6
220100,2023-09-15,9429.933333333332
220100,2023-09-18,9792.933333333332
220100,2023-09-19,9962.333333333334
220100,2023-09-20,9801.0
220100,2023-09-21,10575.4
220100,2023-09-22,9897.8
220100,2023-09-25,9696.133333333331
220100,2023-09-26,9462.2
220100,2023-09-27,10333.4
220100,2023-10-04,10486.666666666666
220100,2023-10-05,10728.666666666666
220100,2023-10-06,11543.4
220100,2023-10-10,11930.6
220100,2023-10-11,10406.0
220100,2023-10-12,10349.533333333333
220100,2023-10-13,9833.266666666666
220100,2023-10-16,9099.2
220100,2023-10-17,9438.0
220100,2023-10-18,8913.666666666666
220100,2023-10-19,8752.333333333334
220100,2023-10-20,8292.533333333333
220100,2023-10-23,8833.0
220100,2023-10-24,8623.266666666666
220100,2023-10-25,8260.266666666666
220100,2023-10-26,7276.133333333333
220100,2023-10-27,7155.133333333333
220100,2023-10-30,7114.8
222080,2024-07-19,9720.0
222080,2024-07-22,9270.0
222080,2024-07-23,9220.0
222080,2024-07-24,9270.0
222080,2024-07-25,9240.0
222080,2024-07-26,9340.0
222080,2024-07-29,9620.0
222080,2024-07-30,9400.0
222080,2024-07-31,9440.0
222080,2024-08-01,9650.0
222080,2024-08-02,9280.0
222080,2024-08-05,8000.0
222080,2024-08-06,8580.0
222080,2024-08-07,8590.0
222080,2024-08-08,8250.0
222080,2024-08-09,8550.0
222080,2024-08-12,9120.0
222080,2024-08-13,10570.0
222080,2024-08-14,10690.0
222080,2024-08-16,10640.0
222080,2024-08-19,10690.0
222080,2024-08-20,11470.0
222080,2024-08-21,11120.0
222080,2024-08-22,10770.0
222080,2024-08-23,10670.0
222080,2024-08-26,10530.0
222080,2024-08-27,10600.0
222080,2024-08-28,10390.0
222080,2024-08-29,10830.0
222080,2024-08-30,10670.0
222080,2024-09-02,10520.0
222080,2024-09-03,10350.0
222080,2024-09-04,10050.0
222080,2024-09-05,9980.0
222080,2024-09-06,9340.0
222080,2024-10-11,8740.0
222080,2024-10-14,8640.0
222080,2024-10-15,8390.0
222080,2024-10-16,8210.0
222080,2024-10-17,8160.0
222080,2024-10-18,7980.0
222080,2024-10-21,8190.0
222080,2024-10-22,8060.0
222080,2024-10-23,8630.0
222080,2024-10-24,8330.0
222080,2024-10-25,8220.0
222080,2024-10-28,8450.0
222080,2024-10-29,8720.0
222080,2024-10-30,8560.0
222080,2024-10-31,8800.0
222080,2024-11-01,8740.0
222080,2024-11-04,8910.0
222080,2024-11-05,11260.0
222080,2024-11-06,10100.0
222080,2024-11-07,10150.0
222080,2024-11-08,9950.0
222080,2024-11-11,9530.0
222080,2024-11-12,9890.0
222080,2024-11-13,9520.0
222080,2024-11-14,9000.0
222080,2024-11-15,8250.0
222080,2024-11-18,8650.0
222080,2024-11-19,8660.0
222080,2024-11-20,8480.0
222080,2024-11-21,8460.0
222080,2024-11-22,8510.0
222080,2024-11-25,8780.0
222080,2024-11-26,8760.0
222080,2024-11-27,8620.0
222080,2024-11-28,8640.0
222080,2024-11-29,8210.0
222800,2023-12-08,37000.0
222800,2023-12-11,37500.0
222800,2023-12-12,37700.0
222800,2023-12-13,38150.0
222800,2023-12-14,37800.0
222800,2023-12-15,37050.0
222800,2023-12-18,37300.0
222800,2023-12-19,36700.0
222800,2023-12-20,37250.0
222800,2023-12-21,36950.0
222800,2023-12-22,37450.0
222800,2023-12-26,38700.0
222800,2023-12-27,38500.0
222800,2023-12-28,38500.0
222800,2024-01-02,42200.0
222800,2024-01-03,42250.0
222800,2024-01-04,40950.0
222800,2024-01-05,41100.0
222800,2024-01-08,41400.0
222800,2024-01-09,40550.0
222800,2024-01-10,39200.0
222800,2024-01-11,38800.0
222800,2024-01-12,38100.0
222800,2024-01-15,38050.0
222800,2024-01-16,37450.0
222800,2024-01-17,36600.0
222800,2024-01-18,37000.0
222800,2024-01-19,37550.0
222800,2024-01-22,38800.0
222800,2024-01-23,39150.0
222800,2024-01-24,38650.0
222800,2024-01-25,37000.0
222800,2024-01-26,35700.0
225190,2024-09-09,1928.276595744681
225190,2024-09-10,1892.234042553192
225190,2024-09-11,1657.957446808511
225190,2024-09-12,1682.286170212766
225190,2024-09-13,1611.1021276595743
225190,2024-09-19,1578.663829787234
225190,2024-09-20,1570.554255319149
225190,2024-09-23,1589.476595744681
225190,2024-09-24,1641.7382978723406
225190,2024-09-25,1761.579787234043
225190,2024-09-26,1739.0531914893618
225190,2024-09-27,1766.986170212766
225190,2024-09-30,1707.515957446809
225190,2024-10-02,1802.127659574468
225190,2024-10-04,1982.3404255319151
225190,2024-10-07,1973.329787234043
225190,2024-10-08,2351.776595744681
225190,2024-10-10,2473.420212765958
225190,2024-10-11,2374.303191489362
225190,2024-10-14,2793.297872340426
225190,2024-10-15,2568.0319148936173
225190,2024-10-16,2437.377659574468
225190,2024-10-17,2342.7659574468084
225190,2024-10-18,2293.2074468085107
225190,2024-10-21,2284.196808510638
225190,2024-10-22,2252.6595744680853
225190,2024-10-23,2396.8297872340427
225190,2024-10-24,2257.1648936170213
225190,2024-10-25,2293.2074468085107
225190,2024-10-28,2432.872340425532
225190,2024-10-29,2365.2925531914893
225570,2023-05-25,19440.0
225570,2023-05-26,19100.0
225570,2023-05-30,19730.0
225570,2023-05-31,20500.0
225570,2023-06-01,20750.0
225570,2023-06-02,20350.0
225570,2023-06-05,20400.0
225570,2023-06-07,20350.0
225570,2023-06-08,20350.0
225570,2023-06-09,20650.0
225570,2023-06-12,19180.0
225570,2023-06-13,19260.0
225570,2023-06-14,19360.0
225570,2023-06-15,19180.0
225570,2023-06-16,21050.0
225570,2023-06-19,22650.0
225570,2023-06-20,23000.0
225570,2023-06-21,22500.0
225570,2023-06-22,24900.0
225570,2023-06-23,24250.0
225570,2023-06-26,24300.0
225570,2023-06-27,24150.0
225570,2023-06-28,23750.0
225570,2023-06-29,23050.0
225570,2023-06-30,22650.0
225570,2023-07-03,22750.0
225570,2023-07-04,22050.0
225570,2023-07-05,21500.0
225570,2023-07-06,21850.0
225570,2023-07-07,21850.0
225570,2023-07-10,21150.0
225570,2023-07-11,21850.0
225570,2023-07-12,21450.0
225570,2023-07-13,22300.0
225570,2023-07-14,21750.0
228760,2024-05-20,18920.0
228760,2024-05-21,19210.0
228760,2024-05-22,20850.0
228760,2024-05-23,20300.0
228760,2024-05-24,20550.0
228760,2024-05-27,19550.0
228760,2024-05-28,19780.0
228760,2024-05-29,20500.0
228760,2024-05-30,20500.0
228760,2024-05-31,20350.0
228760,2024-06-03,20550.0
228760,2024-06-04,20250.0
228760,2024-06-05,19950.0
228760,2024-06-07,20500.0
228760,2024-06-10,20000.0
228760,2024-06-11,20300.0
228760,2024-06-12,21800.0
228760,2024-06-13,23400.0
228760,2024-06-14,22750.0
228760,2024-06-17,21850.0
228760,2024-06-18,21050.0
228760,2024-06-19,21100.0
228760,2024-06-20,21850.0
228760,2024-06-21,23750.0
228760,2024-06-24,22800.0
228760,2024-06-25,21750.0
228760,2024-06-26,22100.0
228760,2024-06-27,24350.0
228760,2024-06-28,24300.0
228760,2024-07-01,24400.0
228760,2024-07-02,23000.0
228760,2024-07-03,23400.0
228760,2024-07-04,21700.0
228760,2024-07-05,22300.0
228760,2024-11-11,16490.0
228760,2024-11-12,15750.0
228760,2024-11-13,15070.0
228760,2024-11-14,14700.0
228760,2024-11-15,15080.0
228760,2024-11-18,15150.0
228760,2024-11-19,15220.0
228760,2024-11-20,15800.0
228760,2024-11-21,15100.0
228760,2024-11-22,15050.0
228760,2024-11-25,14170.0
228760,2024-11-26,13760.0
228760,2024-11-27,13270.0
228760,2024-11-28,13680.0
228760,2024-11-29,13080.0
228760,2024-12-02,12110.0
228760,2024-12-03,15740.0
228760,2024-12-04,18320.0
228760,2024-12-05,18320.0
228760,2024-12-06,20350.0
228760,2024-12-09,19030.0
228760,2024-12-10,19740.0
228760,2024-12-11,19820.0
228760,2024-12-12,22700.0
228760,2024-12-13,22800.0
228760,2024-12-16,23550.0
228760,2024-12-17,23200.0
228760,2024-12-18,22850.0
228760,2024-12-19,23500.0
228760,2024-12-20,23050.0
228760,2024-12-23,21000.0
228760,2024-12-24,20750.0
228760,2024-12-26,21150.0
228760,2024-12-27,20500.0
229640,2023-09-18,8490.0
229640,2023-09-19,8350.0
229640,2023-09-20,8440.0
229640,2023-09-21,8460.0
229640,2023-09-22,8220.0
229640,2023-09-25,8000.0
229640,2023-09-26,7880.0
229640,2023-09-27,8090.0
229640,2023-10-04,7900.0
229640,2023-10-05,7710.0
229640,2023-10-06,8040.0
229640,2023-10-10,7970.0
229640,2023-10-11,8360.0
229640,2023-10-12,9200.0
229640,2023-10-13,11340.0
229640,2023-10-16,13210.0
229640,2023-10-17,12520.0
229640,2023-10-18,11700.0
229640,2023-10-19,10910.0
229640,2023-10-20,10770.0
229640,2023-10-23,11470.0
229640,2023-10-24,12100.0
229640,2023-10-25,11640.0
229640,2023-10-26,11550.0
229640,2023-10-27,12380.0
229640,2023-10-30,11550.0
229640,2023-10-31,11150.0
229640,2023-11-01,12100.0
229640,2023-11-02,12470.0
229640,2023-11-03,11740.0
229640,2023-11-06,11390.0
229640,2023-11-07,10490.0
229640,2023-11-08,10910.0
229640,2023-11-09,10990.0
229640,2023-11-10,10870.0
229640,2023-11-13,10720.0
229640,2023-11-14,11320.0
229640,2023-11-15,11450.0
229640,2023-11-16,11420.0
229640,2023-11-17,11230.0
229640,2023-11-20,11480.0
229640,2023-11-21,11440.0
229640,2023-11-22,11430.0
229640,2023-11-23,12120.0
229640,2023-11-24,13600.0
229640,2023-11-27,13470.0
229640,2023-11-28,14100.0
229640,2023-11-29,13590.0
229640,2023-11-30,16800.0
229640,2023-12-01,17560.0
229640,2023-12-04,16950.0
229640,2023-12-05,16000.0
229640,2023-12-06,18320.0
229640,2023-12-07,18860.0
229640,2023-12-08,18880.0
229640,2023-12-11,20300.0
229640,2023-12-12,19850.0
229640,2023-12-13,18300.0
229640,2023-12-14,17210.0
229640,2023-12-15,16850.0
229640,2023-12-18,19120.0
229640,2023-12-19,18280.0
229640,2024-03-18,19030.0
229640,2024-03-19,18800.0
229640,2024-03-20,18750.0
229640,2024-03-21,18350.0
229640,2024-03-22,18160.0
229640,2024-03-25,18050.0
229640,2024-03-26,18000.0
229640,2024-03-27,18170.0
229640,2024-03-28,18000.0
229640,2024-03-29,18820.0
229640,2024-04-01,18990.0
229640,2024-04-02,18710.0
229640,2024-04-03,18100.0
229640,2024-04-04,18570.0
229640,2024-04-05,18810.0
229640,2024-04-08,18030.0
229640,2024-04-09,18400.0
229640,2024-04-11,18000.0
229640,2024-04-12,19040.0
229640,2024-04-15,18740.0
229640,2024-04-16,17600.0
229640,2024-04-17,18150.0
229640,2024-04-18,18810.0
229640,2024-04-19,18760.0
229640,2024-04-22,19600.0
229640,2024-04-23,18950.0
229640,2024-04-24,20200.0
229640,2024-04-25,20400.0
229640,2024-04-26,20900.0
229640,2024-04-29,27150.0
229640,2024-04-30,30300.0
229640,2024-05-02,31850.0
229640,2024-05-03,32450.0
229640,2024-05-07,34300.0
232140,2024-07-04,17570.0
232140,2024-07-05,16700.0
232140,2024-07-08,17020.0
232140,2024-07-09,16750.0
232140,2024-07-10,15990.0
232140,2024-07-11,15060.0
232140,2024-07-12,14300.0
232140,2024-07-15,15110.0
232140,2024-07-16,15160.0
232140,2024-07-17,14960.0
232140,2024-07-18,15520.0
232140,2024-07-19,16120.0
232140,2024-07-22,15910.0
232140,2024-07-23,16520.0
232140,2024-07-24,16580.0
232140,2024-07-25,15620.0
232140,2024-07-26,15210.0
232140,2024-07-29,18260.0
232140,2024-07-30,16500.0
232140,2024-07-31,18690.0
232140,2024-08-01,18050.0
232140,2024-08-02,16670.0
232140,2024-08-05,13730.0
232140,2024-08-06,14310.0
232140,2024-08-07,15780.0
232140,2024-08-08,15080.0
232140,2024-08-09,15540.0
232140,2024-08-12,15520.0
232140,2024-08-13,15090.0
232140,2024-08-14,15960.0
232140,2024-08-16,16690.0
232140,2024-08-19,16140.0
232140,2024-08-20,15500.0
232140,2024-08-21,15270.0
232140,2024-08-22,14940.0
232140,2024-08-23,15600.0
232140,2024-11-28,9920.0
232140,2024-11-29,9400.0
232140,2024-12-02,9290.0
232140,2024-12-03,9200.0
232140,2024-12-04,8870.0
232140,2024-12-05,9630.0
232140,2024-12-06,9030.0
232140,2024-12-09,8310.0
232140,2024-12-10,8680.0
232140,2024-12-11,9200.0
232140,2024-12-12,9760.0
232140,2024-12-13,10200.0
232140,2024-12-16,9980.0
232140,2024-12-17,10230.0
232140,2024-12-18,10120.0
232140,2024-12-19,9810.0
232140,2024-12-20,9340.0
232140,2024-12-23,10730.0
232140,2024-12-24,10850.0
232140,2024-12-26,10550.0
232140,2024-12-27,10360.0
232140,2024-12-30,10210.0
232140,2025-01-02,10490.0
232140,2025-01-03,10960.0
232140,2025-01-06,11240.0
232140,2025-01-07,10820.0
232140,2025-01-08,12250.0
232140,2025-01-09,12050.0
232140,2025-01-10,11920.0
232140,2025-01-13,11440.0
232140,2025-01-14,11590.0
232140,2025-01-15,11450.0
232140,2025-01-16,11660.0
232140,2025-01-17,11590.0
235980,2023-12-18,6760.0
235980,2023-12-19,6860.0
235980,2023-12-20,6790.0
235980,2023-12-21,6580.0
235980,2023-12-22,6730.0
235980,2023-12-26,6210.0
235980,2023-12-27,6550.0
235980,2023-12-28,7240.0
235980,2024-01-02,7540.0
235980,2024-01-03,7560.0
235980,2024-01-04,6990.0
235980,2024-01-05,6530.0
235980,2024-01-08,6290.0
235980,2024-01-09,6700.0
235980,2024-01-10,7660.0
235980,2024-01-11,8170.0
235980,2024-01-12,7790.0
235980,2024-01-15,7990.0
235980,2024-01-16,9120.0
235980,2024-01-17,9250.0
235980,2024-01-18,8700.0
235980,2024-01-19,8110.0
235980,2024-01-22,7940.0
235980,2024-01-23,7730.0
235980,2024-01-24,8100.0
235980,2024-01-25,7860.0
235980,2024-01-26,8270.0
235980,2024-01-29,9800.0
235980,2024-01-30,9840.0
235980,2024-01-31,10180.0
235980,2024-02-01,10750.0
235980,2024-02-02,10550.0
237820,2024-04-01,6780.0
237820,2024-04-02,6590.0
237820,2024-04-03,6650.0
237820,2024-04-04,6640.0
237820,2024-04-05,6240.0
237820,2024-04-08,6380.0
237820,2024-04-09,6440.0
237820,2024-04-11,6380.0
237820,2024-04-12,6470.0
237820,2024-04-15,6350.0
237820,2024-04-16,6090.0
237820,2024-04-17,6820.0
237820,2024-04-18,6540.0
237820,2024-04-19,6280.0
237820,2024-04-22,6690.0
237820,2024-04-23,6440.0
237820,2024-04-24,7350.0
237820,2024-04-25,7400.0
237820,2024-04-26,7370.0
237820,2024-04-29,7680.0
237820,2024-04-30,7890.0
237820,2024-05-02,7850.0
237820,2024-05-03,7590.0
237820,2024-05-07,7690.0
237820,2024-05-08,8260.0
237820,2024-05-09,7500.0
237820,2024-05-10,7120.0
237820,2024-05-13,6790.0
237820,2024-05-14,6770.0
237820,2024-05-16,6870.0
237820,2024-05-17,6710.0
240810,2023-02-20,32200.0
240810,2023-02-21,32000.0
240810,2023-02-22,31400.0
240810,2023-02-23,31350.0
240810,2023-02-24,30800.0
240810,2023-02-27,30200.0
240810,2023-02-28,31050.0
240810,2023-03-02,31000.0
240810,2023-03-03,30350.0
240810,2023-03-06,31400.0
240810,2023-03-07,30650.0
240810,2023-03-08,30450.0
240810,2023-03-09,30600.0
240810,2023-03-10,29950.0
240810,2023-03-13,30800.0
240810,2023-03-14,29050.0
240810,2023-03-15,29200.0
240810,2023-03-16,31150.0
240810,2023-03-17,34250.0
240810,2023-03-20,32700.0
240810,2023-03-21,32300.0
240810,2023-03-22,33800.0
240810,2023-03-23,33400.0
240810,2023-03-24,33650.0
240810,2023-03-27,33500.0
240810,2023-03-28,34200.0
240810,2023-03-29,34300.0
240810,2023-03-30,35200.0
240810,2023-03-31,35050.0
240810,2023-04-03,34300.0
240810,2023-04-04,33100.0
240810,2023-04-05,34250.0
240810,2023-04-06,33050.0
240810,2023-04-07,34250.0
240810,2023-04-10,34050.0
240810,2023-04-11,34100.0
241560,2023-06-16,60400.0
241560,2023-06-19,60300.0
241560,2023-06-20,59900.0
241560,2023-06-21,55000.0
241560,2023-06-22,56100.0
241560,2023-06-23,57600.0
241560,2023-06-26,57600.0
241560,2023-06-27,57700.0
241560,2023-06-28,57400.0
241560,2023-06-29,57800.0
241560,2023-06-30,58700.0
241560,2023-07-03,58900.0
241560,2023-07-04,58800.0
241560,2023-07-05,59300.0
241560,2023-07-06,58900.0
241560,2023-07-07,59600.0
241560,2023-07-10,61300.0
241560,2023-07-11,62400.0
241560,2023-07-12,63300.0
241560,2023-07-13,61200.0
241560,2023-07-14,61000.0
241560,2023-07-17,60300.0
241560,2023-07-18,59000.0
241560,2023-07-19,59400.0
241560,2023-07-20,59300.0
241560,2023-07-21,59400.0
241560,2023-07-24,60000.0
241560,2023-07-25,65600.0
241560,2023-07-26,60400.0
241560,2023-07-27,56200.0
241560,2023-07-28,56600.0
241560,2023-07-31,58500.0
241560,2023-08-01,56400.0
241560,2023-08-02,56100.0
241560,2023-08-03,54600.0
241560,2023-08-04,54100.0
241560,2024-06-17,53300.0
241560,2024-06-18,53300.0
241560,2024-06-19,53000.0
241560,2024-06-20,53700.0
241560,2024-06-21,53600.0
241560,2024-06-24,52500.0
241560,2024-06-25,53300.0
241560,2024-06-26,53000.0
241560,2024-06-27,50800.0
241560,2024-06-28,51300.0
241560,2024-07-01,51400.0
241560,2024-07-02,50300.0
241560,2024-07-03,49650.0
241560,2024-07-04,50400.0
241560,2024-07-05,49600.0
241560,2024-07-08,49800.0
241560,2024-07-09,50600.0
241560,2024-07-10,51000.0
241560,2024-07-11,52000.0
241560,2024-07-12,54600.0
241560,2024-07-15,49000.0
241560,2024-07-16,48050.0
241560,2024-07-17,48700.0
241560,2024-07-18,49550.0
241560,2024-07-19,49250.0
241560,2024-07-22,48850.0
241560,2024-07-23,48400.0
241560,2024-07-24,47050.0
241560,2024-07-25,44150.0
241560,2024-07-26,42500.0
241560,2024-07-29,41550.0
241560,2024-07-30,40500.0
241560,2024-07-31,41200.0
241560,2024-08-01,41050.0
241560,2024-08-02,39650.0
241560,2024-08-05,34250.0
241560,2024-08-06,34950.0
241560,2024-09-23,42000.0
241560,2024-09-24,42350.0
241560,2024-09-25,41150.0
241560,2024-09-26,42200.0
241560,2024-09-27,41600.0
241560,2024-09-30,40600.0
241560,2024-10-02,40100.0
241560,2024-10-04,40500.0
241560,2024-10-07,40850.0
241560,2024-10-08,39800.0
241560,2024-10-10,40500.0
241560,2024-10-11,40350.0
241560,2024-10-14,40500.0
241560,2024-10-15,40000.0
241560,2024-10-16,39950.0
241560,2024-10-17,40200.0
241560,2024-10-18,43000.0
241560,2024-10-21,43550.0
241560,2024-10-22,40500.0
241560,2024-10-23,40850.0
241560,2024-10-24,39150.0
241560,2024-10-25,37800.0
241560,2024-10-28,37850.0
241560,2024-10-29,37600.0
241560,2024-10-30,38450.0
241560,2024-10-31,37500.0
241560,2024-11-01,37900.0
241560,2024-11-04,38250.0
241560,2024-11-05,37800.0
241560,2024-11-06,40350.0
241560,2024-11-07,40100.0
241560,2024-11-08,39850.0
241560,2024-11-11,39800.0
241560,2024-11-12,38750.0
241560,2024-11-13,37850.0
241560,2024-11-14,37000.0
241560,2024-11-15,37850.0
241560,2024-11-18,38050.0
241560,2024-11-19,38000.0
241560,2024-11-20,37800.0
241560,2024-11-21,36950.0
241560,2024-11-22,37100.0
241560,2024-11-25,38250.0
241560,2024-11-26,39150.0
241560,2024-11-27,38900.0
241560,2024-11-28,38850.0
241560,2024-11-29,38800.0
241560,2024-12-02,40100.0
241560,2024-12-03,43350.0
241560,2024-12-04,42150.0
241560,2024-12-05,43400.0
241560,2024-12-06,44100.0
241560,2024-12-09,42500.0
241560,2024-12-10,43200.0
241560,2024-12-11,43200.0
241560,2024-12-12,44000.0
241560,2024-12-13,42900.0
241560,2024-12-16,41550.0
241560,2024-12-17,41750.0
241560,2024-12-18,44400.0
241560,2024-12-19,46700.0
241560,2024-12-20,47200.0
241560,2024-12-23,46900.0
241560,2024-12-24,46350.0
241560,2024-12-26,45350.0
241560,2024-12-27,43600.0
248070,2023-04-03,22550.0
248070,2023-04-04,23200.0
248070,2023-04-05,24200.0
248070,2023-04-06,23700.0
248070,2023-04-07,23500.0
248070,2023-04-10,22750.0
248070,2023-04-11,23200.0
248070,2023-04-12,22750.0
248070,2023-04-13,22500.0
248070,2023-04-14,22650.0
248070,2023-04-17,22250.0
248070,2023-04-18,22250.0
248070,2023-04-19,21800.0
248070,2023-04-20,21850.0
248070,2023-04-21,21400.0
248070,2023-04-24,21550.0
248070,2023-04-25,21200.0
248070,2023-04-26,21950.0
248070,2023-04-27,22650.0
248070,2023-04-28,24400.0
248070,2023-05-02,25600.0
248070,2023-05-03,26700.0
248070,2023-05-04,26750.0
248070,2023-05-08,25650.0
248070,2023-05-09,24900.0
248070,2023-05-10,24800.0
248070,2023-05-11,25200.0
248070,2023-05-12,25300.0
248070,2023-05-15,24700.0
248070,2023-05-16,25700.0
248070,2023-05-17,25600.0
248070,2023-05-18,24750.0
248070,2023-05-19,24700.0
248070,2023-05-22,24800.0
248070,2023-05-23,24350.0
248070,2023-07-24,28250.0
248070,2023-07-25,28250.0
248070,2023-07-26,26800.0
248070,2023-07-27,27500.0
248070,2023-07-28,28150.0
248070,2023-07-31,27750.0
248070,2023-08-01,27100.0
248070,2023-08-02,26400.0
248070,2023-08-03,26700.0
248070,2023-08-04,26150.0
248070,2023-08-07,27100.0
248070,2023-08-08,28950.0
248070,2023-08-09,28300.0
248070,2023-08-10,28300.0
248070,2023-08-11,29000.0
248070,2023-08-14,28800.0
248070,2023-08-16,28550.0
248070,2023-08-17,29900.0
248070,2023-08-18,30150.0
248070,2023-08-21,30350.0
248070,2023-08-22,31400.0
248070,2023-08-23,30300.0
248070,2023-08-24,30950.0
248070,2023-08-25,30800.0
248070,2023-08-28,32100.0
248070,2023-08-29,31900.0
248070,2023-08-30,29650.0
248070,2023-08-31,30450.0
248070,2023-09-01,30050.0
248070,2023-09-04,29050.0
248070,2023-09-05,28800.0
248070,2023-09-06,28450.0
248070,2023-09-07,28150.0
248070,2023-09-08,29250.0
248070,2023-09-11,29200.0
248070,2023-09-12,29550.0
250060,2023-12-14,4055.0
250060,2023-12-15,4115.0
250060,2023-12-18,4115.0
250060,2023-12-19,4255.0
250060,2023-12-20,4440.0
250060,2023-12-21,4255.0
250060,2023-12-22,4205.0
250060,2023-12-26,4170.0
250060,2023-12-27,4205.0
250060,2023-12-28,4350.0
250060,2024-01-02,4360.0
250060,2024-01-03,4275.0
250060,2024-01-04,4635.0
250060,2024-01-05,4385.0
250060,2024-01-08,4825.0
250060,2024-01-09,4810.0
250060,2024-01-10,4570.0
250060,2024-01-11,4630.0
250060,2024-01-12,4435.0
250060,2024-01-15,4380.0
250060,2024-01-16,4330.0
250060,2024-01-17,4190.0
250060,2024-01-18,4145.0
250060,2024-01-19,4275.0
250060,2024-01-22,4520.0
250060,2024-01-23,4530.0
250060,2024-01-24,4505.0
250060,2024-01-25,4240.0
250060,2024-01-26,4400.0
250060,2024-01-29,4260.0
250060,2024-01-30,4130.0
250060,2024-01-31,4280.0
250060,2024-02-01,4120.0
250060,2024-02-02,4170.0
251270,2023-08-18,44100.0
251270,2023-08-21,43150.0
251270,2023-08-22,42900.0
251270,2023-08-23,42250.0
251270,2023-08-24,42750.0
251270,2023-08-25,42550.0
251270,2023-08-28,42900.0
251270,2023-08-29,43350.0
251270,2023-08-30,43750.0
251270,2023-08-31,42850.0
251270,2023-09-01,43250.0
251270,2023-09-04,43800.0
251270,2023-09-05,43300.0
251270,2023-09-06,43000.0
251270,2023-09-07,43100.0
251270,2023-09-08,42500.0
251270,2023-09-11,46250.0
251270,2023-09-12,52900.0
251270,2023-09-13,46550.0
251270,2023-09-14,46150.0
251270,2023-09-15,47350.0
251270,2023-09-18,47400.0
251270,2023-09-19,45850.0
251270,2023-09-20,45250.0
251270,2023-09-21,43600.0
251270,2023-09-22,42550.0
251270,2023-09-25,42700.0
251270,2023-09-26,42400.0
251270,2023-09-27,42100.0
251270,2023-10-04,40550.0
251270,2023-10-05,40850.0
251270,2023-10-06,41350.0
251270,2024-06-17,56000.0
251270,2024-06-18,55400.0
251270,2024-06-19,54500.0
251270,2024-06-20,53900.0
251270,2024-06-21,53700.0
251270,2024-06-24,52800.0
251270,2024-06-25,54300.0
251270,2024-06-26,55400.0
251270,2024-06-27,52900.0
251270,2024-06-28,53700.0
251270,2024-07-01,55000.0
251270,2024-07-02,55200.0
251270,2024-07-03,56400.0
251270,2024-07-04,55200.0
251270,2024-07-05,56400.0
251270,2024-07-08,55700.0
251270,2024-07-09,56800.0
251270,2024-07-10,58200.0
251270,2024-07-11,61300.0
251270,2024-07-12,63300.0
251270,2024-07-15,62400.0
251270,2024-07-16,61000.0
251270,2024-07-17,60600.0
251270,2024-07-18,60400.0
251270,2024-07-19,60100.0
251270,2024-07-22,61400.0
251270,2024-07-23,58400.0
251270,2024-07-24,62700.0
251270,2024-07-25,63500.0
251270,2024-07-26,62200.0
251270,2024-07-29,63100.0
251270,2024-07-30,62200.0
251270,2024-07-31,63300.0
251270,2024-08-01,63300.0
251270,2024-08-02,64600.0
253590,2024-05-13,10590.0
253590,2024-05-14,10370.0
253590,2024-05-16,10770.0
253590,2024-05-17,10310.0
253590,2024-05-20,10130.0
253590,2024-05-21,10170.0
253590,2024-05-22,10360.0
253590,2024-05-23,10150.0
253590,2024-05-24,9960.0
253590,2024-05-27,9890.0
253590,2024-05-28,9900.0
253590,2024-05-29,9900.0
253590,2024-05-30,9520.0
253590,2024-05-31,9530.0
253590,2024-06-03,9560.0
253590,2024-06-04,9230.0
253590,2024-06-05,11280.0
253590,2024-06-07,11470.0
253590,2024-06-10,11260.0
253590,2024-06-11,10770.0
253590,2024-06-12,10660.0
253590,2024-06-13,11140.0
253590,2024-06-14,10840.0
253590,2024-06-17,10800.0
253590,2024-06-18,10920.0
253590,2024-06-19,11400.0
253590,2024-06-20,10820.0
253590,2024-06-21,10250.0
253590,2024-06-24,10980.0
253590,2024-06-25,11490.0
253590,2024-06-26,12270.0
253590,2024-06-27,11670.0
253590,2024-06-28,13070.0
255220,2024-09-19,2367.7737752161383
255220,2024-09-20,2442.6440922190204
255220,2024-09-23,2330.3386167146973
255220,2024-09-24,2250.788904899136
255220,2024-09-25,2185.2773775216137
255220,2024-09-26,2203.9949567723343
255220,2024-09-27,2175.918587896253
255220,2024-09-30,2138.483429394813
255220,2024-10-02,2054.2543227665706
255220,2024-10-04,2058.9337175792507
255220,2024-10-07,2087.0100864553315
255220,2024-10-08,2133.8040345821328
255220,2024-10-10,2335.018011527377
255220,2024-10-11,2676.613832853026
255220,2024-10-14,2568.9877521613835
255220,2024-10-15,2639.178674351585
255220,2024-10-16,2760.8429394812683
255220,2024-10-17,2629.8198847262247
255220,2024-10-18,2685.9726224783863
255220,2024-10-21,2671.934438040346
255220,2024-10-22,2690.6520172910664
255220,2024-10-23,2933.980547550432
255220,2024-10-24,2742.125360230548
255220,2024-10-25,2793.598703170029
255220,2024-10-28,2798.278097982709
255220,2024-10-29,2681.293227665706
255220,2024-10-30,2816.995677233429
255220,2024-10-31,2779.5605187319884
255220,2024-11-01,2508.155619596542
255220,2024-11-04,2325.659221902017
255220,2024-11-05,2274.185878962536
257720,2023-07-10,7360.0
257720,2023-07-11,7680.0
257720,2023-07-12,7480.0
257720,2023-07-13,7230.0
257720,2023-07-14,7150.0
257720,2023-07-17,7160.0
257720,2023-07-18,7790.0
257720,2023-07-19,7140.0
257720,2023-07-20,7080.0
257720,2023-07-21,6870.0
257720,2023-07-24,6630.0
257720,2023-07-25,6560.0
257720,2023-07-26,6380.0
257720,2023-07-27,6830.0
257720,2023-07-28,7050.0
257720,2023-07-31,7500.0
257720,2023-08-01,7610.0
257720,2023-08-02,7940.0
257720,2023-08-03,7760.0
257720,2023-08-04,9000.0
257720,2023-08-07,9050.0
257720,2023-08-08,9100.0
257720,2023-08-09,8680.0
257720,2023-08-10,8440.0
257720,2023-08-11,8080.0
257720,2023-08-14,8450.0
257720,2023-08-16,7800.0
257720,2023-08-17,7750.0
257720,2023-08-18,7950.0
257720,2023-08-21,8000.0
257720,2023-08-22,8580.0
257720,2023-08-23,8340.0
257720,2023-08-24,8300.0
257720,2023-08-25,8310.0
257720,2024-08-26,39800.0
257720,2024-08-27,39550.0
257720,2024-08-28,39250.0
257720,2024-08-29,36600.0
257720,2024-08-30,38600.0
257720,2024-09-02,40950.0
257720,2024-09-03,42650.0
257720,2024-09-04,41300.0
257720,2024-09-05,40400.0
257720,2024-09-06,39400.0
257720,2024-09-09,43400.0
257720,2024-09-10,42550.0
257720,2024-09-11,40850.0
257720,2024-09-12,44150.0
257720,2024-09-13,44200.0
257720,2024-09-19,45450.0
257720,2024-09-20,45950.0
257720,2024-09-23,46200.0
257720,2024-09-24,45150.0
257720,2024-09-25,43900.0
257720,2024-09-26,44700.0
257720,2024-09-27,43850.0
257720,2024-09-30,46200.0
257720,2024-10-02,42400.0
257720,2024-10-04,42850.0
257720,2024-10-07,43800.0
257720,2024-10-08,41700.0
257720,2024-10-10,43050.0
257720,2024-10-11,41050.0
257720,2024-10-14,40000.0
257720,2024-11-18,27650.0
257720,2024-11-19,26750.0
257720,2024-11-20,27400.0
257720,2024-11-21,26600.0
257720,2024-11-22,25750.0
257720,2024-11-25,26250.0
257720,2024-11-26,24850.0
257720,2024-11-27,25850.0
257720,2024-11-28,25550.0
257720,2024-11-29,24500.0
257720,2024-12-02,25100.0
257720,2024-12-03,28200.0
257720,2024-12-04,27000.0
257720,2024-12-05,26250.0
257720,2024-12-06,25650.0
257720,2024-12-09,23550.0
257720,2024-12-10,26600.0
257720,2024-12-11,28450.0
257720,2024-12-12,28400.0
257720,2024-12-13,30100.0
257720,2024-12-16,30300.0
257720,2024-12-17,30850.0
257720,2024-12-18,29500.0
257720,2024-12-19,31750.0
257720,2024-12-20,31750.0
257720,2024-12-23,31100.0
257720,2024-12-24,31750.0
257720,2024-12-26,31700.0
257720,2024-12-27,30700.0
257720,2024-12-30,32700.0
257720,2025-01-02,33700.0
257720,2025-01-03,34550.0
257720,2025-01-06,33450.0
257720,2025-01-07,34050.0
263750,2023-02-27,44450.0
263750,2023-02-28,44850.0
263750,2023-03-02,43000.0
263750,2023-03-03,42950.0
263750,2023-03-06,43450.0
263750,2023-03-07,42400.0
263750,2023-03-08,42250.0
263750,2023-03-09,42000.0
263750,2023-03-10,40600.0
263750,2023-03-13,41900.0
263750,2023-03-14,41050.0
263750,2023-03-15,41450.0
263750,2023-03-16,40950.0
263750,2023-03-17,42900.0
263750,2023-03-20,42800.0
263750,2023-03-21,42750.0
263750,2023-03-22,44950.0
263750,2023-03-23,42650.0
263750,2023-03-24,46250.0
263750,2023-03-27,45700.0
263750,2023-03-28,45800.0
263750,2023-03-29,46750.0
263750,2023-03-30,46250.0
263750,2023-03-31,46250.0
263750,2023-04-03,45600.0
263750,2023-04-04,46450.0
263750,2023-04-05,46250.0
263750,2023-04-06,44800.0
263750,2023-04-07,46050.0
263750,2023-04-10,45250.0
263750,2023-04-11,44900.0
263750,2023-04-12,45150.0
263750,2023-04-13,46500.0
263750,2023-04-14,47100.0
263750,2023-04-17,46300.0
263750,2023-04-18,45000.0
264850,2024-02-23,7020.0
264850,2024-02-26,6920.0
264850,2024-02-27,7380.0
264850,2024-02-28,6650.0
264850,2024-02-29,6400.0
264850,2024-03-04,6750.0
264850,2024-03-05,7150.0
264850,2024-03-06,7100.0
264850,2024-03-07,6890.0
264850,2024-03-08,7540.0
264850,2024-03-11,7680.0
264850,2024-03-12,7500.0
264850,2024-03-13,8110.0
264850,2024-03-14,8170.0
264850,2024-03-15,7660.0
264850,2024-03-18,7770.0
264850,2024-03-19,8700.0
264850,2024-03-20,8180.0
264850,2024-03-21,8130.0
264850,2024-03-22,8330.0
264850,2024-03-25,8270.0
264850,2024-03-26,7880.0
264850,2024-03-27,7690.0
264850,2024-03-28,7700.0
264850,2024-03-29,7490.0
264850,2024-04-01,7390.0
264850,2024-04-02,7230.0
264850,2024-04-03,7030.0
264850,2024-04-04,7170.0
264850,2024-04-05,7060.0
264850,2024-04-08,7070.0
264850,2024-04-09,7070.0
264850,2024-04-11,7200.0
264850,2024-04-12,7100.0
267260,2023-12-11,82500.0
267260,2023-12-12,80100.0
267260,2023-12-13,81700.0
267260,2023-12-14,82200.0
267260,2023-12-15,82000.0
267260,2023-12-18,84500.0
267260,2023-12-19,84100.0
267260,2023-12-20,84500.0
267260,2023-12-21,84500.0
267260,2023-12-22,82500.0
267260,2023-12-26,80000.0
267260,2023-12-27,80400.0
267260,2023-12-28,82200.0
267260,2024-01-02,80100.0
267260,2024-01-03,85800.0
267260,2024-01-04,87100.0
267260,2024-01-05,90300.0
267260,2024-01-08,92800.0
267260,2024-01-09,91100.0
267260,2024-01-10,90600.0
267260,2024-01-11,89600.0
267260,2024-01-12,92900.0
267260,2024-01-15,95600.0
267260,2024-01-16,93000.0
267260,2024-01-17,93000.0
267260,2024-01-18,97400.0
267260,2024-01-19,98700.0
267260,2024-01-22,100600.0
267260,2024-01-23,100000.0
267260,2024-01-24,101200.0
267260,2024-01-25,104400.0
267260,2024-01-26,104400.0
267260,2024-01-29,101200.0
267270,2023-01-30,57000.0
267270,2023-01-31,58900.0
267270,2023-02-01,55200.0
267270,2023-02-02,56400.0
267270,2023-02-03,56700.0
267270,2023-02-06,56800.0
267270,2023-02-07,52300.0
267270,2023-02-08,51900.0
267270,2023-02-09,52800.0
267270,2023-02-10,51800.0
267270,2023-02-13,53100.0
267270,2023-02-14,54200.0
267270,2023-02-15,53600.0
267270,2023-02-16,53100.0
267270,2023-02-17,56100.0
267270,2023-02-20,57500.0
267270,2023-02-21,57000.0
267270,2023-02-22,59900.0
267270,2023-02-23,58500.0
267270,2023-02-24,57600.0
267270,2023-02-27,56700.0
267270,2023-02-28,54900.0
267270,2023-03-02,58300.0
267270,2023-03-03,58100.0
267270,2023-03-06,55900.0
267270,2023-03-07,56000.0
267270,2023-03-08,54100.0
267270,2023-03-09,54600.0
267270,2023-03-10,53900.0
267270,2023-03-13,53500.0
267270,2023-03-14,50800.0
267270,2023-03-15,51000.0
267270,2023-03-16,50500.0
267270,2023-03-17,51000.0
267850,2024-01-11,20150.0
267850,2024-01-12,19750.0
267850,2024-01-15,20350.0
267850,2024-01-16,19200.0
267850,2024-01-17,18800.0
267850,2024-01-18,19450.0
267850,2024-01-19,19020.0
267850,2024-01-22,18820.0
267850,2024-01-23,18580.0
267850,2024-01-24,18710.0
267850,2024-01-25,18810.0
267850,2024-01-26,19190.0
267850,2024-01-29,18910.0
267850,2024-01-30,19400.0
267850,2024-01-31,19830.0
267850,2024-02-01,20200.0
267850,2024-02-02,20350.0
267850,2024-02-05,23250.0
267850,2024-02-06,23500.0
267850,2024-02-07,23300.0
267850,2024-02-08,24600.0
267850,2024-02-13,25300.0
267850,2024-02-14,20650.0
267850,2024-02-15,19420.0
267850,2024-02-16,19140.0
267850,2024-02-19,19150.0
267850,2024-02-20,19280.0
267850,2024-02-21,19300.0
267850,2024-02-22,19190.0
267850,2024-02-23,18550.0
267850,2024-02-26,18460.0
267850,2024-02-27,17990.0
267850,2024-02-28,18240.0
267850,2024-02-29,17890.0
270520,2023-02-03,13858.44512195122
270520,2023-02-06,13875.121951219511
270520,2023-02-07,13858.44512195122
270520,2023-02-08,13608.292682926827
270520,2023-02-09,13624.969512195124
270520,2023-02-10,13241.40243902439
270520,2023-02-13,13091.310975609756
270520,2023-02-14,13024.603658536584
270520,2023-02-15,12724.420731707318
270520,2023-02-16,12724.420731707318
270520,2023-02-17,13358.14024390244
270520,2023-02-20,13574.939024390244
270520,2023-02-21,14208.658536585366
270520,2023-02-22,13958.506097560976
270520,2023-02-23,13891.798780487805
270520,2023-02-24,13224.725609756098
270520,2023-02-27,13875.121951219511
270520,2023-02-28,14875.731707317074
270520,2023-03-02,18077.682926829268
270520,2023-03-03,18678.048780487807
270520,2023-03-06,19211.70731707317
270520,2023-03-07,22713.84146341464
270520,2023-03-08,22447.01219512195
270520,2023-03-09,22213.53658536585
270520,2023-03-10,21546.46341463415
270520,2023-03-13,20946.09756097561
270520,2023-03-14,20579.20731707317
270520,2023-03-15,23480.975609756097
270520,2023-03-16,22480.36585365853
270520,2023-03-17,22947.31707317073
270520,2023-03-20,25115.30487804878
270520,2023-03-21,25782.378048780487
270520,2023-03-22,24681.70731707317
270520,2023-03-23,24881.829268292684
270520,2023-03-24,24414.878048780487
271560,2024-07-26,88200.0
271560,2024-07-29,87900.0
271560,2024-07-30,86900.0
271560,2024-07-31,87600.0
271560,2024-08-01,89800.0
271560,2024-08-02,89600.0
271560,2024-08-05,83900.0
271560,2024-08-06,86600.0
271560,2024-08-07,89800.0
271560,2024-08-08,89600.0
271560,2024-08-09,88700.0
271560,2024-08-12,90100.0
271560,2024-08-13,92000.0
271560,2024-08-14,91700.0
271560,2024-08-16,91100.0
271560,2024-08-19,92000.0
271560,2024-08-20,93600.0
271560,2024-08-21,92700.0
271560,2024-08-22,92200.0
271560,2024-08-23,91600.0
271560,2024-08-26,94200.0
271560,2024-08-27,94500.0
271560,2024-08-28,93700.0
271560,2024-08-29,92500.0
271560,2024-08-30,92000.0
271560,2024-09-02,91300.0
271560,2024-09-03,89700.0
271560,2024-09-04,88700.0
271560,2024-09-05,88700.0
271560,2024-09-06,88100.0
271560,2024-09-09,88800.0
271560,2024-09-10,87300.0
271560,2024-09-11,87300.0
271560,2024-09-12,89200.0
271560,2024-09-13,89000.0
272210,2023-10-05,11720.0
272210,2023-10-06,11720.0
272210,2023-10-10,12520.0
272210,2023-10-11,12520.0
272210,2023-10-12,12570.0
272210,2023-10-13,12760.0
272210,2023-10-16,12680.0
272210,2023-10-17,12580.0
272210,2023-10-18,12520.0
272210,2023-10-19,12200.0
272210,2023-10-20,11940.0
272210,2023-10-23,12370.0
272210,2023-10-24,12010.0
272210,2023-10-25,12450.0
272210,2023-10-26,11840.0
272210,2023-10-27,11740.0
272210,2023-10-30,12970.0
272210,2023-10-31,12700.0
272210,2023-11-01,12990.0
272210,2023-11-02,13300.0
272210,2023-11-03,13640.0
272210,2023-11-06,13700.0
272210,2023-11-07,13830.0
272210,2023-11-08,13670.0
272210,2023-11-09,14290.0
272210,2023-11-10,14270.0
272210,2023-11-13,14300.0
272210,2023-11-14,14560.0
272210,2023-11-15,14970.0
272210,2023-11-16,14890.0
272210,2023-11-17,14780.0
272210,2023-11-20,14770.0
272210,2023-11-21,14600.0
272210,2023-11-22,14910.0
272210,2023-11-23,15600.0
272210,2023-11-24,15800.0
272210,2024-02-02,15140.0
272210,2024-02-05,15110.0
272210,2024-02-06,15190.0
272210,2024-02-07,15420.0
272210,2024-02-08,15460.0
272210,2024-02-13,15850.0
272210,2024-02-14,16500.0
272210,2024-02-15,16460.0
272210,2024-02-16,16020.0
272210,2024-02-19,16430.0
272210,2024-02-20,16640.0
272210,2024-02-21,16650.0
272210,2024-02-22,16840.0
272210,2024-02-23,16240.0
272210,2024-02-26,16580.0
272210,2024-02-27,17160.0
272210,2024-02-28,17300.0
272210,2024-02-29,16670.0
272210,2024-03-04,16550.0
272210,2024-03-05,17120.0
272210,2024-03-06,18450.0
272210,2024-03-07,18160.0
272210,2024-03-08,17940.0
272210,2024-03-11,17990.0
272210,2024-03-12,17440.0
272210,2024-03-13,17290.0
272210,2024-03-14,17470.0
272210,2024-03-15,17110.0
272210,2024-03-18,17620.0
272210,2024-03-19,17450.0
272210,2024-03-20,17140.0
272210,2024-03-21,17280.0
272210,2024-03-22,17620.0
272210,2024-09-27,18120.0
272210,2024-09-30,17880.0
272210,2024-10-02,17780.0
272210,2024-10-04,18080.0
272210,2024-10-07,18750.0
272210,2024-10-08,17960.0
272210,2024-10-10,17770.0
272210,2024-10-11,17930.0
272210,2024-10-14,18230.0
272210,2024-10-15,18300.0
272210,2024-10-16,18620.0
272210,2024-10-17,18880.0
272210,2024-10-18,18670.0
272210,2024-10-21,18600.0
272210,2024-10-22,19300.0
272210,2024-10-23,18760.0
272210,2024-10-24,19220.0
272210,2024-10-25,19070.0
272210,2024-10-28,18900.0
272210,2024-10-29,19320.0
272210,2024-10-30,19140.0
272210,2024-10-31,18260.0
272210,2024-11-01,17470.0
272210,2024-11-04,17890.0
272210,2024-11-05,18170.0
272210,2024-11-06,19310.0
272210,2024-11-07,21200.0
272210,2024-11-08,23200.0
272210,2024-11-11,26250.0
272210,2024-11-12,27100.0
272210,2024-11-13,26900.0
272210,2024-11-14,29850.0
272210,2024-11-15,28100.0
273060,2024-01-26,6760.0
273060,2024-01-29,6490.0
273060,2024-01-30,6590.0
273060,2024-01-31,6400.0
273060,2024-02-01,6265.0
273060,2024-02-02,6960.0
273060,2024-02-05,6950.0
273060,2024-02-06,6625.0
273060,2024-02-07,6930.0
273060,2024-02-08,6705.0
273060,2024-02-13,6805.0
273060,2024-02-14,6760.0
273060,2024-02-15,6810.0
273060,2024-02-16,6735.0
273060,2024-02-19,6700.0
273060,2024-02-20,7230.0
273060,2024-02-21,7350.0
273060,2024-02-22,7660.0
273060,2024-02-23,7850.0
273060,2024-02-26,7250.0
273060,2024-02-27,7395.0
273060,2024-02-28,7150.0
273060,2024-02-29,6875.0
273060,2024-03-04,7025.0
273060,2024-03-05,7925.0
273060,2024-03-06,8105.0
273060,2024-03-07,7920.0
273060,2024-03-08,7550.0
273060,2024-03-11,7330.0
273060,2024-03-12,7410.0
273060,2024-03-13,7120.0
273060,2024-03-14,7055.0
273060,2024-03-15,7050.0
278470,2024-04-04,50100.0
278470,2024-04-05,46600.0
278470,2024-04-08,43500.0
278470,2024-04-09,44500.0
278470,2024-04-11,47200.0
278470,2024-04-12,48300.0
278470,2024-04-15,47500.0
278470,2024-04-16,46600.0
278470,2024-04-17,50400.0
278470,2024-04-18,49600.0
278470,2024-04-19,47800.0
278470,2024-04-22,47700.0
278470,2024-04-23,46400.0
278470,2024-04-24,46900.0
278470,2024-04-25,50000.0
278470,2024-04-26,49900.0
278470,2024-04-29,54000.0
278470,2024-04-30,56800.0
278470,2024-05-02,57800.0
278470,2024-05-03,59400.0
278470,2024-05-07,58700.0
278470,2024-05-08,58400.0
278470,2024-05-09,64000.0
278470,2024-05-10,68300.0
278470,2024-05-13,66500.0
278470,2024-05-14,66700.0
278470,2024-05-16,66800.0
278470,2024-05-17,67200.0
278470,2024-05-20,66100.0
278470,2024-05-21,67100.0
278470,2024-05-22,63500.0
278470,2024-05-23,66300.0
278470,2024-05-24,72400.0
278470,2024-11-11,47100.0
278470,2024-11-12,42050.0
278470,2024-11-13,43000.0
278470,2024-11-14,41900.0
278470,2024-11-15,42950.0
278470,2024-11-18,47400.0
278470,2024-11-19,50000.0
278470,2024-11-20,51500.0
278470,2024-11-21,49100.0
278470,2024-11-22,51400.0
278470,2024-11-25,53100.0
278470,2024-11-26,51500.0
278470,2024-11-27,51200.0
278470,2024-11-28,51400.0
278470,2024-11-29,49250.0
278470,2024-12-02,48950.0
278470,2024-12-03,52600.0
278470,2024-12-04,51100.0
278470,2024-12-05,53600.0
278470,2024-12-06,53800.0
278470,2024-12-09,50500.0
278470,2024-12-10,53900.0
278470,2024-12-11,54900.0
278470,2024-12-12,55300.0
278470,2024-12-13,53800.0
278470,2024-12-16,54300.0
278470,2024-12-17,52800.0
278470,2024-12-18,51600.0
278470,2024-12-19,49500.0
278470,2024-12-20,47250.0
278470,2024-12-23,48150.0
278470,2024-12-24,50900.0
278470,2024-12-26,50200.0
278470,2024-12-27,49000.0
278470,2024-12-30,50000.0
278650,2023-03-24,21225.0
278650,2023-03-27,20200.0
278650,2023-03-28,20225.0
278650,2023-03-29,20000.0
278650,2023-03-30,20350.0
278650,2023-03-31,20075.0
278650,2023-04-03,19975.0
278650,2023-04-04,20300.0
278650,2023-04-05,20950.0
278650,2023-04-06,20900.0
278650,2023-04-07,20550.0
278650,2023-04-10,20150.0
278650,2023-04-11,20600.0
278650,2023-04-12,20900.0
278650,2023-04-13,21150.0
278650,2023-04-14,22050.0
278650,2023-04-17,21900.0
278650,2023-04-18,24450.0
278650,2023-04-19,24950.0
278650,2023-04-20,23150.0
278650,2023-04-21,22225.0
278650,2023-04-24,21325.0
278650,2023-04-25,20725.0
278650,2023-04-26,20225.0
278650,2023-04-27,20950.0
278650,2023-04-28,20550.0
278650,2023-05-02,20750.0
278650,2023-05-03,20350.0
278650,2023-05-04,20375.0
278650,2023-05-08,20575.0
278650,2023-05-09,20425.0
278650,2023-05-10,20400.0
278650,2023-05-11,20350.0
278650,2023-05-12,20325.0
281740,2023-05-18,12910.0
281740,2023-05-19,12840.0
281740,2023-05-22,12900.0
281740,2023-05-23,14030.0
281740,2023-05-24,14150.0
281740,2023-05-25,13560.0
281740,2023-05-26,13700.0
281740,2023-05-30,14340.0
281740,2023-05-31,15030.0
281740,2023-06-01,15100.0
281740,2023-06-02,15050.0
281740,2023-06-05,15170.0
281740,2023-06-07,15460.0
281740,2023-06-08,14780.0
281740,2023-06-09,15270.0
281740,2023-06-12,17350.0
281740,2023-06-13,18440.0
281740,2023-06-14,21200.0
281740,2023-06-15,22350.0
281740,2023-06-16,25250.0
281740,2023-06-19,23500.0
281740,2023-06-20,23300.0
281740,2023-06-21,22850.0
281740,2023-06-22,23350.0
281740,2023-06-23,23200.0
281740,2023-06-26,21650.0
281740,2023-06-27,21050.0
281740,2023-06-28,21050.0
281740,2023-06-29,21100.0
281740,2023-06-30,19350.0
281740,2023-07-03,20600.0
281740,2023-07-04,21150.0
281740,2023-07-05,20600.0
281740,2023-07-06,19650.0
281740,2023-07-07,20800.0
282720,2023-06-16,16480.0
282720,2023-06-19,16050.0
282720,2023-06-20,16250.0
282720,2023-06-21,15990.0
282720,2023-06-22,15570.0
282720,2023-06-23,14810.0
282720,2023-06-26,14900.0
282720,2023-06-27,14740.0
282720,2023-06-28,14820.0
282720,2023-06-29,14510.0
282720,2023-06-30,14500.0
282720,2023-07-03,14850.0
282720,2023-07-04,14600.0
282720,2023-07-05,16100.0
282720,2023-07-06,15450.0
282720,2023-07-07,16430.0
282720,2023-07-10,16580.0
282720,2023-07-11,17930.0
282720,2023-07-12,17170.0
282720,2023-07-13,16910.0
282720,2023-07-14,16930.0
282720,2023-07-17,16470.0
282720,2023-07-18,16000.0
282720,2023-07-19,15820.0
282720,2023-07-20,15770.0
282720,2023-07-21,16250.0
282720,2023-07-24,15070.0
282720,2023-07-25,14880.0
282720,2023-07-26,13200.0
282720,2023-07-27,13370.0
282720,2023-07-28,13740.0
282720,2023-07-31,14350.0
282720,2023-08-01,14370.0
282720,2023-08-02,13970.0
282720,2023-08-03,13650.0
282720,2023-08-04,13670.0
290670,2023-02-13,67400.0
290670,2023-02-14,66300.0
290670,2023-02-15,64500.0
290670,2023-02-16,66900.0
290670,2023-02-17,66000.0
290670,2023-02-20,67800.0
290670,2023-02-21,62000.0
290670,2023-02-22,58800.0
290670,2023-02-23,59000.0
290670,2023-02-24,57300.0
290670,2023-02-27,59700.0
290670,2023-02-28,60300.0
290670,2023-03-02,60500.0
290670,2023-03-03,63900.0
290670,2023-03-06,65700.0
290670,2023-03-07,66500.0
290670,2023-03-08,69500.0
290670,2023-03-09,73000.0
290670,2023-03-10,70100.0
290670,2023-03-13,73500.0
290670,2023-03-14,65400.0
290670,2023-03-15,67700.0
290670,2023-03-16,67800.0
290670,2023-03-17,65000.0
290670,2023-03-20,70300.0
290670,2023-03-21,82900.0
290670,2023-03-22,89100.0
290670,2023-03-23,85200.0
290670,2023-03-24,83600.0
290670,2023-03-27,84600.0
290670,2023-03-28,82500.0
290670,2023-03-29,83200.0
290670,2023-03-30,77300.0
290670,2023-03-31,77400.0
290670,2023-04-03,85600.0
291810,2023-04-17,7140.0
291810,2023-04-18,6880.0
291810,2023-04-19,7110.0
291810,2023-04-20,7010.0
291810,2023-04-21,6960.0
291810,2023-04-24,6710.0
291810,2023-04-25,6520.0
291810,2023-04-26,6500.0
291810,2023-04-27,6600.0
291810,2023-04-28,6330.0
291810,2023-05-02,6400.0
291810,2023-05-03,6200.0
291810,2023-05-04,6140.0
291810,2023-05-08,7070.0
291810,2023-05-09,6840.0
291810,2023-05-10,7500.0
291810,2023-05-11,7540.0
291810,2023-05-12,7000.0
291810,2023-05-15,7220.0
291810,2023-05-16,6990.0
291810,2023-05-17,7120.0
291810,2023-05-18,7340.0
291810,2023-05-19,8070.0
291810,2023-05-22,8060.0
291810,2023-05-23,8150.0
291810,2023-05-24,7950.0
291810,2023-05-25,8370.0
291810,2023-05-26,8140.0
291810,2023-05-30,8080.0
291810,2023-05-31,8030.0
291810,2023-06-01,7970.0
291810,2023-06-02,7840.0
293490,2022-12-09,42750.0
293490,2022-12-12,43200.0
293490,2022-12-13,43450.0
293490,2022-12-14,44800.0
293490,2022-12-15,42650.0
293490,2022-12-16,44300.0
293490,2022-12-19,44500.0
293490,2022-12-20,42900.0
293490,2022-12-21,43250.0
293490,2022-12-22,44450.0
293490,2022-12-23,42750.0
293490,2022-12-26,42650.0
293490,2022-12-27,43200.0
293490,2022-12-28,42200.0
293490,2022-12-29,44650.0
293490,2023-01-02,44200.0
293490,2023-01-03,45450.0
293490,2023-01-04,45450.0
293490,2023-01-05,44750.0
293490,2023-01-06,44050.0
293490,2023-01-09,44900.0
293490,2023-01-10,43550.0
293490,2023-01-11,43700.0
293490,2023-01-12,44300.0
293490,2023-01-13,44300.0
293490,2023-01-16,48250.0
293490,2023-01-17,46050.0
293490,2023-01-18,45300.0
293490,2023-01-19,45000.0
293490,2023-01-20,45250.0
293490,2023-01-25,47000.0
293490,2023-01-26,46850.0
293490,2023-01-27,47050.0
294630,2023-08-28,5210.0
294630,2023-08-29,5200.0
294630,2023-08-30,5030.0
294630,2023-08-31,4650.0
294630,2023-09-01,4390.0
294630,2023-09-04,4305.0
294630,2023-09-05,4485.0
294630,2023-09-06,4180.0
294630,2023-09-07,4055.0
294630,2023-09-08,4005.0
294630,2023-09-11,3960.0
294630,2023-09-12,3850.0
294630,2023-09-13,3690.0
294630,2023-09-14,4795.0
294630,2023-09-15,4950.0
294630,2023-09-18,5080.0
294630,2023-09-19,4860.0
294630,2023-09-20,5390.0
294630,2023-09-21,6150.0
294630,2023-09-22,5130.0
294630,2023-09-25,4520.0
294630,2023-09-26,4590.0
294630,2023-09-27,4625.0
294630,2023-10-04,4775.0
294630,2023-10-05,4520.0
294630,2023-10-06,5220.0
294630,2023-10-10,5710.0
294630,2023-10-11,6250.0
294630,2023-10-12,5730.0
294630,2023-10-13,5640.0
294630,2023-10-16,5340.0
298380,2024-02-01,21800.0
298380,2024-02-02,22400.0
298380,2024-02-05,21500.0
298380,2024-02-06,21400.0
298380,2024-02-07,20400.0
298380,2024-02-08,19900.0
298380,2024-02-13,20600.0
298380,2024-02-14,20450.0
298380,2024-02-15,20300.0
298380,2024-02-16,20400.0
298380,2024-02-19,20550.0
298380,2024-02-20,20850.0
298380,2024-02-21,20550.0
298380,2024-02-22,21250.0
298380,2024-02-23,22500.0
298380,2024-02-26,23450.0
298380,2024-02-27,23350.0
298380,2024-02-28,23000.0
298380,2024-02-29,22800.0
298380,2024-03-04,23000.0
298380,2024-03-05,23950.0
298380,2024-03-06,27300.0
298380,2024-03-07,26300.0
298380,2024-03-08,27650.0
298380,2024-03-11,28000.0
298380,2024-03-12,27850.0
298380,2024-03-13,27900.0
298380,2024-03-14,27150.0
298380,2024-03-15,25250.0
298380,2024-03-18,25900.0
298380,2024-03-19,25900.0
298380,2024-03-20,25250.0
298380,2024-03-21,26200.0
298380,2024-03-22,26300.0
298380,2024-09-13,29550.0
298380,2024-09-19,31500.0
298380,2024-09-20,33000.0
298380,2024-09-23,32850.0
298380,2024-09-24,32100.0
298380,2024-09-25,30450.0
298380,2024-09-26,31100.0
298380,2024-09-27,30150.0
298380,2024-09-30,31000.0
298380,2024-10-02,31300.0
298380,2024-10-04,32500.0
298380,2024-10-07,32200.0
298380,2024-10-08,33900.0
298380,2024-10-10,35100.0
298380,2024-10-11,40500.0
298380,2024-10-14,41350.0
298380,2024-10-15,40850.0
298380,2024-10-16,40550.0
298380,2024-10-17,40350.0
298380,2024-10-18,39150.0
298380,2024-10-21,41300.0
298380,2024-10-22,40300.0
298380,2024-10-23,38450.0
298380,2024-10-24,38250.0
298380,2024-10-25,36900.0
298380,2024-10-28,36700.0
298380,2024-10-29,37950.0
298380,2024-10-30,37450.0
298380,2024-10-31,37500.0
298380,2024-11-01,35850.0
298830,2023-06-12,10060.0
298830,2023-06-13,9540.0
298830,2023-06-14,9430.0
298830,2023-06-15,9450.0
298830,2023-06-16,9270.0
298830,2023-06-19,9590.0
298830,2023-06-20,10310.0
298830,2023-06-21,10000.0
298830,2023-06-22,9900.0
298830,2023-06-23,9370.0
298830,2023-06-26,9090.0
298830,2023-06-27,9050.0
298830,2023-06-28,8950.0
298830,2023-06-29,9010.0
298830,2023-06-30,9450.0
298830,2023-07-03,9350.0
298830,2023-07-04,9610.0
298830,2023-07-05,10360.0
298830,2023-07-06,10180.0
298830,2023-07-07,9740.0
298830,2023-07-10,9960.0
298830,2023-07-11,10120.0
298830,2023-07-12,10260.0
298830,2023-07-13,10140.0
298830,2023-07-14,10780.0
298830,2023-07-17,10490.0
298830,2023-07-18,10490.0
298830,2023-07-19,10050.0
298830,2023-07-20,9970.0
298830,2023-07-21,10080.0
298830,2023-07-24,9750.0
298830,2023-07-25,9100.0
298830,2023-07-26,8360.0
298830,2023-07-27,8650.0
298830,2023-07-28,8650.0
298830,2024-10-24,4705.0
298830,2024-10-25,4570.0
298830,2024-10-28,4690.0
298830,2024-10-29,4860.0
298830,2024-10-30,4815.0
298830,2024-10-31,4705.0
298830,2024-11-01,4570.0
298830,2024-11-04,4590.0
298830,2024-11-05,4595.0
298830,2024-11-06,4965.0
298830,2024-11-07,5080.0
298830,2024-11-08,5130.0
298830,2024-11-11,5070.0
298830,2024-11-12,5120.0
298830,2024-11-13,4860.0
298830,2024-11-14,4660.0
298830,2024-11-15,4760.0
298830,2024-11-18,5260.0
298830,2024-11-19,5150.0
298830,2024-11-20,5070.0
298830,2024-11-21,5000.0
298830,2024-11-22,4935.0
298830,2024-11-25,5070.0
298830,2024-11-26,5010.0
298830,2024-11-27,5140.0
298830,2024-11-28,5030.0
298830,2024-11-29,4840.0
298830,2024-12-02,4825.0
298830,2024-12-03,4930.0
298830,2024-12-04,4695.0
298830,2024-12-05,4505.0
298830,2024-12-06,4350.0
298830,2024-12-09,3970.0
298830,2024-12-10,4220.0
298830,2024-12-11,4390.0
298830,2024-12-12,4410.0
298830,2024-12-13,4425.0
298870,2023-01-25,3260.0
298870,2023-01-26,3205.0
298870,2023-01-27,3210.0
298870,2023-01-30,3100.0
298870,2023-01-31,3085.0
298870,2023-02-01,3165.0
298870,2023-02-02,3205.0
298870,2023-02-03,3180.0
298870,2023-02-06,3235.0
298870,2023-02-07,3185.0
298870,2023-02-08,3150.0
298870,2023-02-09,3120.0
298870,2023-02-10,3200.0
298870,2023-02-13,3390.0
298870,2023-02-14,3390.0
298870,2023-02-15,3690.0
298870,2023-02-16,3635.0
298870,2023-02-17,3695.0
298870,2023-02-20,3530.0
298870,2023-02-21,3530.0
298870,2023-02-22,3580.0
298870,2023-02-23,3405.0
298870,2023-02-24,3320.0
298870,2023-02-27,3370.0
298870,2023-02-28,3340.0
298870,2023-03-02,3160.0
298870,2023-03-03,3090.0
298870,2023-03-06,3090.0
298870,2023-03-07,3065.0
298870,2023-03-08,3015.0
298870,2023-03-09,2970.0
298870,2023-03-10,2950.0
299660,2024-10-24,4307.726130653266
299660,2024-10-25,4307.726130653266
299660,2024-10-28,4374.340452261306
299660,2024-10-29,4285.521356783919
299660,2024-10-30,4156.733668341709
299660,2024-10-31,3965.7726130653264
299660,2024-11-01,3797.016331658292
299660,2024-11-04,3916.922110552764
299660,2024-11-05,3699.3153266331656
299660,2024-11-06,4392.104271356784
299660,2024-11-07,4023.505025125628
299660,2024-11-08,3974.654522613065
299660,2024-11-11,4103.442211055276
299660,2024-11-12,3499.472361809045
299660,2024-11-13,4547.537688442211
299660,2024-11-14,4645.238693467337
299660,2024-11-15,4822.87688442211
299660,2024-11-18,5009.396984924623
299660,2024-11-19,4778.467336683417
299660,2024-11-20,6208.454773869346
299660,2024-11-21,5684.422110552764
299660,2024-11-22,5684.422110552764
299660,2024-11-25,5568.957286432161
299660,2024-11-26,5444.610552763819
299660,2024-11-27,5053.806532663317
299660,2024-11-28,5080.452261306533
299660,2024-11-29,4565.301507537688
299660,2024-12-02,4485.36432160804
299660,2024-12-03,5826.532663316583
299660,2024-12-04,5595.603015075377
299660,2024-12-05,5302.5
299660,2024-12-06,4964.98743718593
299660,2024-12-09,4636.356783919598
299660,2024-12-10,4805.113065326633
299660,2024-12-11,4813.994974874372
299660,2024-12-12,4858.404522613066
299660,2024-12-13,4929.459798994975
299900,2024-01-02,3880.0
299900,2024-01-03,3800.0
299900,2024-01-04,3495.0
299900,2024-01-05,3445.0
299900,2024-01-08,3645.0
299900,2024-01-09,4035.0
299900,2024-01-10,4035.0
299900,2024-01-11,3990.0
299900,2024-01-12,3880.0
299900,2024-01-15,3680.0
299900,2024-01-16,4060.0
299900,2024-01-17,3915.0
299900,2024-01-18,3980.0
299900,2024-01-19,4055.0
299900,2024-01-22,3845.0
299900,2024-01-23,3990.0
299900,2024-01-24,4120.0
299900,2024-01-25,3850.0
299900,2024-01-26,3925.0
299900,2024-01-29,3360.0
299900,2024-01-30,3210.0
299900,2024-01-31,3055.0
299900,2024-02-01,2990.0
299900,2024-02-02,3040.0
299900,2024-02-05,2925.0
299900,2024-02-06,2895.0
299900,2024-02-07,2890.0
299900,2024-02-08,2915.0
299900,2024-02-13,3000.0
299900,2024-02-14,2995.0
299900,2024-02-15,3000.0
299900,2024-02-16,2980.0
302440,2023-07-10,71800.0
302440,2023-07-11,74500.0
302440,2023-07-12,75200.0
302440,2023-07-13,75900.0
302440,2023-07-14,76000.0
302440,2023-07-17,76600.0
302440,2023-07-18,74400.0
302440,2023-07-19,76000.0
302440,2023-07-20,76300.0
302440,2023-07-21,77500.0
302440,2023-07-24,74900.0
302440,2023-07-25,73400.0
302440,2023-07-26,71900.0
302440,2023-07-27,74500.0
302440,2023-07-28,72200.0
302440,2023-07-31,73300.0
302440,2023-08-01,77400.0
302440,2023-08-02,77300.0
302440,2023-08-03,84300.0
302440,2023-08-04,84500.0
302440,2023-08-07,84100.0
302440,2023-08-08,80800.0
302440,2023-08-09,84500.0
302440,2023-08-10,85800.0
302440,2023-08-11,82500.0
302440,2023-08-14,80900.0
302440,2023-08-16,79500.0
302440,2023-08-17,77300.0
302440,2023-08-18,75800.0
302440,2023-08-21,76100.0
302440,2023-08-22,76600.0
302440,2023-08-23,73700.0
302440,2023-08-24,74000.0
302440,2023-08-25,74000.0
302440,2023-08-28,74100.0
302440,2024-11-18,44850.0
302440,2024-11-19,46300.0
302440,2024-11-20,49650.0
302440,2024-11-21,48500.0
302440,2024-11-22,47850.0
302440,2024-11-25,49950.0
302440,2024-11-26,48400.0
302440,2024-11-27,48950.0
302440,2024-11-28,49100.0
302440,2024-11-29,47100.0
302440,2024-12-02,47250.0
302440,2024-12-03,49750.0
302440,2024-12-04,48450.0
302440,2024-12-05,47150.0
302440,2024-12-06,46550.0
302440,2024-12-09,44700.0
302440,2024-12-10,49400.0
302440,2024-12-11,57500.0
302440,2024-12-12,57300.0
302440,2024-12-13,56000.0
302440,2024-12-16,55600.0
302440,2024-12-17,53200.0
302440,2024-12-18,57800.0
302440,2024-12-19,54600.0
302440,2024-12-20,55500.0
302440,2024-12-23,52500.0
302440,2024-12-24,50300.0
302440,2024-12-26,49250.0
302440,2024-12-27,49950.0
302440,2024-12-30,50400.0
302440,2025-01-02,48150.0
302440,2025-01-03,49350.0
304100,2023-12-11,25600.0
304100,2023-12-12,26350.0
304100,2023-12-13,25450.0
304100,2023-12-14,25750.0
304100,2023-12-15,26000.0
304100,2023-12-18,26350.0
304100,2023-12-19,26300.0
304100,2023-12-20,25950.0
304100,2023-12-21,25750.0
304100,2023-12-22,25300.0
304100,2023-12-26,24400.0
304100,2023-12-27,25100.0
304100,2023-12-28,26600.0
304100,2024-01-02,26700.0
304100,2024-01-03,27300.0
304100,2024-01-04,26450.0
304100,2024-01-05,31450.0
304100,2024-01-08,33250.0
304100,2024-01-09,33750.0
304100,2024-01-10,33000.0
304100,2024-01-11,31700.0
304100,2024-01-12,30800.0
304100,2024-01-15,31650.0
304100,2024-01-16,30400.0
304100,2024-01-17,28950.0
304100,2024-01-18,30350.0
304100,2024-01-19,30450.0
304100,2024-01-22,32200.0
304100,2024-01-23,30050.0
304100,2024-01-24,28900.0
304100,2024-01-25,26700.0
304100,2024-01-26,27000.0
304100,2024-01-29,25850.0
304100,2024-01-30,25650.0
304100,2024-02-19,26300.0
304100,2024-02-20,26500.0
304100,2024-02-21,25950.0
304100,2024-02-22,26450.0
304100,2024-02-23,26050.0
304100,2024-02-26,25400.0
304100,2024-02-27,24750.0
304100,2024-02-28,24650.0
304100,2024-02-29,24200.0
304100,2024-03-04,25600.0
304100,2024-03-05,25100.0
304100,2024-03-06,24650.0
304100,2024-03-07,24550.0
304100,2024-03-08,24300.0
304100,2024-03-11,23450.0
304100,2024-03-12,23600.0
304100,2024-03-13,24700.0
304100,2024-03-14,24300.0
304100,2024-03-15,29800.0
304100,2024-03-18,29000.0
304100,2024-03-19,28050.0
304100,2024-03-20,27400.0
304100,2024-03-21,27050.0
304100,2024-03-22,27650.0
304100,2024-03-25,26500.0
304100,2024-03-26,26450.0
304100,2024-03-27,27150.0
304100,2024-03-28,27450.0
304100,2024-03-29,26900.0
304100,2024-04-01,26950.0
304100,2024-04-02,26500.0
304100,2024-04-03,25350.0
304100,2024-04-04,25250.0
304100,2024-04-05,25650.0
304100,2024-04-08,24400.0
304100,2024-04-09,24350.0
316140,2023-07-03,11930.0
316140,2023-07-04,11810.0
316140,2023-07-05,11700.0
316140,2023-07-06,11400.0
316140,2023-07-07,11360.0
316140,2023-07-10,11390.0
316140,2023-07-11,11490.0
316140,2023-07-12,11550.0
316140,2023-07-13,11600.0
316140,2023-07-14,11790.0
316140,2023-07-17,11710.0
316140,2023-07-18,11650.0
316140,2023-07-19,11660.0
316140,2023-07-20,11640.0
316140,2023-07-21,11760.0
316140,2023-07-24,11670.0
316140,2023-07-25,11640.0
316140,2023-07-26,11770.0
316140,2023-07-27,12140.0
316140,2023-07-28,11480.0
316140,2023-07-31,11650.0
316140,2023-08-01,11700.0
316140,2023-08-02,11650.0
316140,2023-08-03,11570.0
316140,2023-08-04,11600.0
316140,2023-08-07,11530.0
316140,2023-08-08,11520.0
316140,2023-08-09,11420.0
316140,2023-08-10,11390.0
316140,2023-08-11,11420.0
316140,2023-08-14,11440.0
316140,2023-08-16,11320.0
316140,2023-08-17,11360.0
316140,2023-08-18,11380.0
316140,2023-08-21,11460.0
316140,2024-09-19,15800.0
316140,2024-09-20,15650.0
316140,2024-09-23,15710.0
316140,2024-09-24,15750.0
316140,2024-09-25,15540.0
316140,2024-09-26,16100.0
316140,2024-09-27,15860.0
316140,2024-09-30,15500.0
316140,2024-10-02,15460.0
316140,2024-10-04,15590.0
316140,2024-10-07,15990.0
316140,2024-10-08,15850.0
316140,2024-10-10,16000.0
316140,2024-10-11,15910.0
316140,2024-10-14,16540.0
316140,2024-10-15,16570.0
316140,2024-10-16,16470.0
316140,2024-10-17,16420.0
316140,2024-10-18,16410.0
316140,2024-10-21,16440.0
316140,2024-10-22,16620.0
316140,2024-10-23,16590.0
316140,2024-10-24,16650.0
316140,2024-10-25,17080.0
316140,2024-10-28,16060.0
316140,2024-10-29,16160.0
316140,2024-10-30,15900.0
316140,2024-10-31,15430.0
316140,2024-11-01,15750.0
316140,2024-11-04,15810.0
316140,2024-11-05,15850.0
316140,2024-11-06,16140.0
316140,2024-11-07,16120.0
316140,2024-11-08,16180.0
317330,2023-12-26,18340.0
317330,2023-12-27,18730.0
317330,2023-12-28,18690.0
317330,2024-01-02,18990.0
317330,2024-01-03,18580.0
317330,2024-01-04,18540.0
317330,2024-01-05,19300.0
317330,2024-01-08,19430.0
317330,2024-01-09,19280.0
317330,2024-01-10,19310.0
317330,2024-01-11,19290.0
317330,2024-01-12,18770.0
317330,2024-01-15,19950.0
317330,2024-01-16,20100.0
317330,2024-01-17,19380.0
317330,2024-01-18,19960.0
317330,2024-01-19,21600.0
317330,2024-01-22,20200.0
317330,2024-01-23,19500.0
317330,2024-01-24,19070.0
317330,2024-01-25,18260.0
317330,2024-01-26,18640.0
317330,2024-01-29,19070.0
317330,2024-01-30,18540.0
317330,2024-01-31,18580.0
317330,2024-02-01,18370.0
317330,2024-02-02,19060.0
317330,2024-02-05,19200.0
317330,2024-02-06,20750.0
317330,2024-02-07,19990.0
317330,2024-02-08,20650.0
317330,2024-02-13,20900.0
317330,2024-04-08,37450.0
317330,2024-04-09,40050.0
317330,2024-04-11,40700.0
317330,2024-04-12,40100.0
317330,2024-04-15,40500.0
317330,2024-04-16,40150.0
317330,2024-04-17,38100.0
317330,2024-04-18,38100.0
317330,2024-04-19,35950.0
317330,2024-04-22,36550.0
317330,2024-04-23,37300.0
317330,2024-04-24,41100.0
317330,2024-04-25,40400.0
317330,2024-04-26,38700.0
317330,2024-04-29,40400.0
317330,2024-04-30,40850.0
317330,2024-05-02,44500.0
317330,2024-05-03,41750.0
317330,2024-05-07,39600.0
317330,2024-05-08,39000.0
317330,2024-05-09,38500.0
317330,2024-05-10,37450.0
317330,2024-05-13,37550.0
317330,2024-05-14,38600.0
317330,2024-05-16,38100.0
317330,2024-05-17,37550.0
317330,2024-05-20,36850.0
317330,2024-05-21,35750.0
317330,2024-05-22,35200.0
317330,2024-05-23,36450.0
317330,2024-05-24,34700.0
317330,2024-05-27,35500.0
317330,2024-11-18,30450.0
317330,2024-11-19,29850.0
317330,2024-11-20,30800.0
317330,2024-11-21,30750.0
317330,2024-11-22,32250.0
317330,2024-11-25,33600.0
317330,2024-11-26,32600.0
317330,2024-11-27,32650.0
317330,2024-11-28,33200.0
317330,2024-11-29,31350.0
317330,2024-12-02,30600.0
317330,2024-12-03,33500.0
317330,2024-12-04,32350.0
317330,2024-12-05,31100.0
317330,2024-12-06,31800.0
317330,2024-12-09,27800.0
317330,2024-12-10,29900.0
317330,2024-12-11,30600.0
317330,2024-12-12,35400.0
317330,2024-12-13,33050.0
317330,2024-12-16,33300.0
317330,2024-12-17,31950.0
317330,2024-12-18,32450.0
317330,2024-12-19,31450.0
317330,2024-12-20,30200.0
317330,2024-12-23,31100.0
317330,2024-12-24,30650.0
317330,2024-12-26,29750.0
317330,2024-12-27,28800.0
317330,2024-12-30,29650.0
317330,2025-01-02,30250.0
317330,2025-01-03,31250.0
317330,2025-01-06,31350.0
317850,2023-03-27,12610.0
317850,2023-03-28,12490.0
317850,2023-03-29,13290.0
317850,2023-03-30,13150.0
317850,2023-03-31,12910.0
317850,2023-04-03,12950.0
317850,2023-04-04,13390.0
317850,2023-04-05,13070.0
317850,2023-04-06,12830.0
317850,2023-04-07,12790.0
317850,2023-04-10,12260.0
317850,2023-04-11,12410.0
317850,2023-04-12,12700.0
317850,2023-04-13,12370.0
317850,2023-04-14,12520.0
317850,2023-04-17,12950.0
317850,2023-04-18,13120.0
317850,2023-04-19,13010.0
317850,2023-04-20,12690.0
317850,2023-04-21,14000.0
317850,2023-04-24,13000.0
317850,2023-04-25,12490.0
317850,2023-04-26,12260.0
317850,2023-04-27,12760.0
317850,2023-04-28,12320.0
317850,2023-05-02,12400.0
317850,2023-05-03,12470.0
317850,2023-05-04,12380.0
317850,2023-05-08,12260.0
317850,2023-05-09,11990.0
317850,2023-05-10,11980.0
317850,2023-05-11,12110.0
317850,2023-05-12,12190.0
317850,2023-05-15,12420.0
317850,2023-05-16,12840.0
319400,2023-10-13,3070.0
319400,2023-10-16,3020.0
319400,2023-10-17,3065.0
319400,2023-10-18,3015.0
319400,2023-10-19,2885.0
319400,2023-10-20,2785.0
319400,2023-10-23,2805.0
319400,2023-10-24,3165.0
319400,2023-10-25,3175.0
319400,2023-10-26,2935.0
319400,2023-10-27,2840.0
319400,2023-10-30,2945.0
319400,2023-10-31,2850.0
319400,2023-11-01,2830.0
319400,2023-11-02,2965.0
319400,2023-11-03,3045.0
319400,2023-11-06,3140.0
319400,2023-11-07,3390.0
319400,2023-11-08,3300.0
319400,2023-11-09,3395.0
319400,2023-11-10,3175.0
319400,2023-11-13,3410.0
319400,2023-11-14,3510.0
319400,2023-11-15,3530.0
319400,2023-11-16,3485.0
319400,2023-11-17,3355.0
319400,2023-11-20,3350.0
319400,2023-11-21,3445.0
319400,2023-11-22,3430.0
319400,2023-11-23,3405.0
319400,2023-11-24,3400.0
319400,2023-11-27,3355.0
319400,2023-11-28,3350.0
319400,2023-11-29,3445.0
319400,2023-11-30,3430.0
319400,2023-12-01,3375.0
321260,2023-08-14,3680.0
321260,2023-08-16,3945.0
321260,2023-08-17,3790.0
321260,2023-08-18,3480.0
321260,2023-08-21,3415.0
321260,2023-08-22,3540.0
321260,2023-08-23,3590.0
321260,2023-08-24,3680.0
321260,2023-08-25,3660.0
321260,2023-08-28,3455.0
321260,2023-08-29,3750.0
321260,2023-08-30,3780.0
321260,2023-08-31,3650.0
321260,2023-09-01,3950.0
321260,2023-09-04,3910.0
321260,2023-09-05,3850.0
321260,2023-09-06,3810.0
321260,2023-09-07,4385.0
321260,2023-09-08,4230.0
321260,2023-09-11,4015.0
321260,2023-09-12,3690.0
321260,2023-09-13,3515.0
321260,2023-09-14,3690.0
321260,2023-09-15,3705.0
321260,2023-09-18,3630.0
321260,2023-09-19,3715.0
321260,2023-09-20,3675.0
321260,2023-09-21,3340.0
321260,2023-09-22,3305.0
321260,2023-09-25,3160.0
321260,2023-09-26,3130.0
321260,2023-09-27,3135.0
321820,2024-11-25,16890.0
321820,2024-11-26,17900.0
321820,2024-11-27,17230.0
321820,2024-11-28,18110.0
321820,2024-11-29,18480.0
321820,2024-12-02,17900.0
321820,2024-12-03,18030.0
321820,2024-12-04,17570.0
321820,2024-12-05,16930.0
321820,2024-12-06,13590.0
321820,2024-12-09,10250.0
321820,2024-12-10,13320.0
321820,2024-12-11,15900.0
321820,2024-12-12,16610.0
321820,2024-12-13,17320.0
321820,2024-12-16,17230.0
321820,2024-12-17,17850.0
321820,2024-12-18,20000.0
321820,2024-12-19,18950.0
321820,2024-12-20,19140.0
321820,2024-12-23,18130.0
321820,2024-12-24,16590.0
321820,2024-12-26,18560.0
321820,2024-12-27,13000.0
321820,2024-12-30,13170.0
321820,2025-01-02,12660.0
321820,2025-01-03,12150.0
321820,2025-01-06,11190.0
321820,2025-01-07,12470.0
321820,2025-01-08,11610.0
321820,2025-01-09,11270.0
321820,2025-01-10,11170.0
322510,2023-10-10,16844.01385530965
322510,2023-10-11,17190.915742489942
322510,2023-10-12,18077.44278750624
322510,2023-10-13,17807.630208588238
322510,2023-10-16,16728.379892916222
322510,2023-10-17,16458.567313998217
322510,2023-10-18,15070.959765277055
322510,2023-10-19,13575.427184988694
322510,2023-10-20,13220.816366982175
322510,2023-10-23,12974.130580542858
322510,2023-10-24,14107.343411998472
322510,2023-10-25,14539.04353826728
322510,2023-10-26,15572.04026898192
322510,2023-10-27,18000.353479243953
322510,2023-10-30,17807.630208588238
322510,2023-10-31,18385.800020555387
322510,2023-11-01,19927.586185801123
322510,2023-11-02,22355.899396063152
322510,2023-11-03,23242.426441079453
322510,2023-11-06,23242.426441079453
322510,2023-11-07,21353.738388653423
322510,2023-11-08,19272.327065571684
322510,2023-11-09,19349.41637383397
322510,2023-11-10,18963.969832522536
322510,2023-11-13,16805.46920117851
322510,2023-11-14,17152.3710883588
322510,2023-11-15,18617.067945342245
322510,2023-11-16,18925.425178391397
322510,2023-11-17,18385.800020555387
322510,2023-11-20,18385.800020555387
322510,2023-11-21,18193.07674989967
322510,2023-11-22,17460.728321407947
322510,2023-11-23,16921.103163571937
322510,2023-11-24,17537.817629670233
322510,2023-11-27,16188.754735080214
323410,2023-04-13,22450.0
323410,2023-04-14,23750.0
323410,2023-04-17,23800.0
323410,2023-04-18,23750.0
323410,2023-04-19,23400.0
323410,2023-04-20,23400.0
323410,2023-04-21,23250.0
323410,2023-04-24,22900.0
323410,2023-04-25,22400.0
323410,2023-04-26,22200.0
323410,2023-04-27,22050.0
323410,2023-04-28,22000.0
323410,2023-05-02,22550.0
323410,2023-05-03,24100.0
323410,2023-05-04,23550.0
323410,2023-05-08,24400.0
323410,2023-05-09,24750.0
323410,2023-05-10,25000.0
323410,2023-05-11,25000.0
323410,2023-05-12,24450.0
323410,2023-05-15,24650.0
323410,2023-05-16,25150.0
323410,2023-05-17,24850.0
323410,2023-05-18,24950.0
323410,2023-05-19,25200.0
323410,2023-05-22,25800.0
323410,2023-05-23,26200.0
323410,2023-05-24,25450.0
323410,2023-05-25,25300.0
323410,2023-05-26,25000.0
323410,2023-05-30,25950.0
323410,2023-05-31,26200.0
323410,2023-06-01,26250.0
323410,2023-06-02,26550.0
323410,2024-11-07,22200.0
323410,2024-11-08,22100.0
323410,2024-11-11,21050.0
323410,2024-11-12,20500.0
323410,2024-11-13,20250.0
323410,2024-11-14,20100.0
323410,2024-11-15,20250.0
323410,2024-11-18,20800.0
323410,2024-11-19,21100.0
323410,2024-11-20,21250.0
323410,2024-11-21,21100.0
323410,2024-11-22,21300.0
323410,2024-11-25,21700.0
323410,2024-11-26,21750.0
323410,2024-11-27,22500.0
323410,2024-11-28,22550.0
323410,2024-11-29,22350.0
323410,2024-12-02,23350.0
323410,2024-12-03,23450.0
323410,2024-12-04,24000.0
323410,2024-12-05,22550.0
323410,2024-12-06,23650.0
323410,2024-12-09,22700.0
323410,2024-12-10,23150.0
323410,2024-12-11,24150.0
323410,2024-12-12,23700.0
323410,2024-12-13,24500.0
323410,2024-12-16,24050.0
323410,2024-12-17,23350.0
323410,2024-12-18,23750.0
323410,2024-12-19,22600.0
323410,2024-12-20,22100.0
323410,2024-12-23,22500.0
323410,2024-12-24,22150.0
323410,2024-12-26,21800.0
323410,2024-12-27,21600.0
326030,2023-08-21,87900.0
326030,2023-08-22,86200.0
326030,2023-08-23,85300.0
326030,2023-08-24,85300.0
326030,2023-08-25,84700.0
326030,2023-08-28,84800.0
326030,2023-08-29,85800.0
326030,2023-08-30,86500.0
326030,2023-08-31,85700.0
326030,2023-09-01,82100.0
326030,2023-09-04,81900.0
326030,2023-09-05,81300.0
326030,2023-09-06,81600.0
326030,2023-09-07,80400.0
326030,2023-09-08,81900.0
326030,2023-09-11,87000.0
326030,2023-09-12,87700.0
326030,2023-09-13,87000.0
326030,2023-09-14,93000.0
326030,2023-09-15,91300.0
326030,2023-09-18,91600.0
326030,2023-09-19,90000.0
326030,2023-09-20,88400.0
326030,2023-09-21,87000.0
326030,2023-09-22,86300.0
326030,2023-09-25,85400.0
326030,2023-09-26,84400.0
326030,2023-09-27,86200.0
326030,2023-10-04,80500.0
326030,2023-10-05,80400.0
326030,2023-10-06,83900.0
328130,2023-03-13,9267.438412665568
328130,2023-03-14,8724.29183902949
328130,2023-03-15,9086.389554786874
328130,2023-03-16,9324.016180752658
328130,2023-03-17,9527.696145866188
328130,2023-03-20,10025.580505032593
328130,2023-03-21,9674.798342892624
328130,2023-03-22,9516.38059224877
328130,2023-03-23,9335.331734370076
328130,2023-03-24,9505.065038631352
328130,2023-03-27,9142.967322873968
328130,2023-03-28,9029.811786699784
328130,2023-03-29,9131.651769256549
328130,2023-03-30,9029.811786699784
328130,2023-03-31,8464.03410582887
328130,2023-04-03,8407.456337741778
328130,2023-04-04,9776.63832544939
328130,2023-04-05,11191.082527626677
328130,2023-04-06,11926.593512758862
328130,2023-04-07,11903.962405524026
328130,2023-04-10,12356.584550220756
328130,2023-04-11,12944.993338326509
328130,2023-04-12,14234.96645071219
328130,2023-04-13,13239.197732379382
328130,2023-04-14,14121.810914538008
328130,2023-04-17,13895.499842189642
328130,2023-04-18,13510.77101919742
328130,2023-04-19,13012.886660031016
328130,2023-04-20,12062.38015616788
328130,2023-04-21,12085.011263402715
328130,2023-04-24,12333.95344298592
328130,2023-04-25,11836.069083819517
328130,2023-04-26,11360.815831887949
328130,2023-04-27,11406.07804635762
328130,2023-04-28,11949.224619993698
328130,2024-10-18,18163.92970720474
328130,2024-10-21,18890.48689549293
328130,2024-10-22,18163.92970720474
328130,2024-10-23,18562.36429433052
328130,2024-10-24,17835.80710604233
328130,2024-10-25,17695.183134115585
328130,2024-10-28,17788.932448733416
328130,2024-10-29,18023.305735277994
328130,2024-10-30,18281.116350477027
328130,2024-10-31,18632.676280293894
328130,2024-11-01,18937.361552801845
328130,2024-11-04,18960.798881456303
328130,2024-11-05,19124.860182037508
328130,2024-11-06,18773.30025222064
328130,2024-11-07,18281.116350477027
328130,2024-11-08,18656.11360894835
328130,2024-11-11,18820.17490952956
328130,2024-11-12,19593.60675512666
328130,2024-11-13,18937.361552801845
328130,2024-11-14,20202.977300142564
328130,2024-11-15,22593.58482289725
328130,2024-11-18,28734.164930365176
328130,2024-11-19,30187.279306941557
328130,2024-11-20,30234.15396425047
328130,2024-11-21,25734.186862594583
328130,2024-11-22,25781.061519903506
328130,2024-11-25,31640.39368351793
328130,2024-11-26,32577.886829696243
328130,2024-11-27,32812.26011624082
328130,2024-11-28,31406.02039697336
328130,2024-11-29,31874.766970062512
328130,2024-12-02,30234.15396425047
328130,2024-12-03,29343.535475381075
328130,2024-12-04,28312.29301458493
328130,2024-12-05,29062.287531527585
328130,2024-12-06,30140.40464963264
333430,2024-11-25,4145.0
333430,2024-11-26,4470.0
333430,2024-11-27,4390.0
333430,2024-11-28,4245.0
333430,2024-11-29,4330.0
333430,2024-12-02,4110.0
333430,2024-12-03,4290.0
333430,2024-12-04,3900.0
333430,2024-12-05,3705.0
333430,2024-12-06,3590.0
333430,2024-12-09,3395.0
333430,2024-12-10,3645.0
333430,2024-12-11,3805.0
333430,2024-12-12,3810.0
333430,2024-12-13,3885.0
333430,2024-12-16,3870.0
333430,2024-12-17,3890.0
333430,2024-12-18,4105.0
333430,2024-12-19,4230.0
333430,2024-12-20,4590.0
333430,2024-12-23,4485.0
333430,2024-12-24,4335.0
333430,2024-12-26,4420.0
333430,2024-12-27,4350.0
333430,2024-12-30,4280.0
333430,2025-01-02,4415.0
333430,2025-01-03,4320.0
333430,2025-01-06,4310.0
333430,2025-01-07,4685.0
333430,2025-01-08,4910.0
333430,2025-01-09,4790.0
333430,2025-01-10,4770.0
333430,2025-01-13,4830.0
333430,2025-01-14,4970.0
335890,2023-07-03,6800.0
335890,2023-07-04,6800.0
335890,2023-07-05,7500.0
335890,2023-07-06,7320.0
335890,2023-07-07,7300.0
335890,2023-07-10,6880.0
335890,2023-07-11,7020.0
335890,2023-07-12,7340.0
335890,2023-07-13,7180.0
335890,2023-07-14,6990.0
335890,2023-07-17,6910.0
335890,2023-07-18,7050.0
335890,2023-07-19,6980.0
335890,2023-07-20,7120.0
335890,2023-07-21,6970.0
335890,2023-07-24,6870.0
335890,2023-07-25,6970.0
335890,2023-07-26,6670.0
335890,2023-07-27,6950.0
335890,2023-07-28,8100.0
335890,2023-07-31,7700.0
335890,2023-08-01,7650.0
335890,2023-08-02,7500.0
335890,2023-08-03,7720.0
335890,2023-08-04,8340.0
335890,2023-08-07,8650.0
335890,2023-08-08,8660.0
335890,2023-08-09,8430.0
335890,2023-08-10,8350.0
335890,2023-08-11,8150.0
335890,2023-08-14,8110.0
335890,2023-08-16,7760.0
335890,2023-08-17,7580.0
335890,2023-08-18,7350.0
335890,2023-08-21,7800.0
335890,2023-08-22,7760.0
335890,2023-12-11,8520.0
335890,2023-12-12,8600.0
335890,2023-12-13,8600.0
335890,2023-12-14,8730.0
335890,2023-12-15,8130.0
335890,2023-12-18,8310.0
335890,2023-12-19,8290.0
335890,2023-12-20,8460.0
335890,2023-12-21,8930.0
335890,2023-12-22,8650.0
335890,2023-12-26,8690.0
335890,2023-12-27,8740.0
335890,2023-12-28,8500.0
335890,2024-01-02,8580.0
335890,2024-01-03,8970.0
335890,2024-01-04,9400.0
335890,2024-01-05,9360.0
335890,2024-01-08,9340.0
335890,2024-01-09,9590.0
335890,2024-01-10,9300.0
335890,2024-01-11,9490.0
335890,2024-01-12,9230.0
335890,2024-01-15,9050.0
335890,2024-01-16,9000.0
335890,2024-01-17,8940.0
335890,2024-01-18,9240.0
335890,2024-01-19,8960.0
335890,2024-01-22,8180.0
335890,2024-01-23,8180.0
335890,2024-01-24,8190.0
335890,2024-01-25,8380.0
335890,2024-01-26,8010.0
335890,2024-01-29,7530.0
335890,2024-02-19,8040.0
335890,2024-02-20,8010.0
335890,2024-02-21,8030.0
335890,2024-02-22,8100.0
335890,2024-02-23,8150.0
335890,2024-02-26,8200.0
335890,2024-02-27,7810.0
335890,2024-02-28,7550.0
335890,2024-02-29,7320.0
335890,2024-03-04,7560.0
335890,2024-03-05,7560.0
335890,2024-03-06,7650.0
335890,2024-03-07,7200.0
335890,2024-03-08,7200.0
335890,2024-03-11,7230.0
335890,2024-03-12,7550.0
335890,2024-03-13,8480.0
335890,2024-03-14,9400.0
335890,2024-03-15,9220.0
335890,2024-03-18,8940.0
335890,2024-03-19,8540.0
335890,2024-03-20,8300.0
335890,2024-03-21,8330.0
335890,2024-03-22,9340.0
335890,2024-03-25,10350.0
335890,2024-03-26,10350.0
335890,2024-03-27,10140.0
335890,2024-03-28,10880.0
335890,2024-03-29,10860.0
335890,2024-04-01,11730.0
335890,2024-04-02,10360.0
335890,2024-04-03,10650.0
335890,2024-04-04,10250.0
335890,2024-04-05,10080.0
335890,2024-04-15,9730.0
335890,2024-04-16,9510.0
335890,2024-04-17,9700.0
335890,2024-04-18,9870.0
335890,2024-04-19,10040.0
335890,2024-04-22,9770.0
335890,2024-04-23,10080.0
335890,2024-04-24,10020.0
335890,2024-04-25,9660.0
335890,2024-04-26,9890.0
335890,2024-04-29,10200.0
335890,2024-04-30,10080.0
335890,2024-05-02,9880.0
335890,2024-05-03,9770.0
335890,2024-05-07,9610.0
335890,2024-05-08,10020.0
335890,2024-05-09,11000.0
335890,2024-05-10,11260.0
335890,2024-05-13,10450.0
335890,2024-05-14,10350.0
335890,2024-05-16,10570.0
335890,2024-05-17,10380.0
335890,2024-05-20,10210.0
335890,2024-05-21,11140.0
335890,2024-05-22,10600.0
335890,2024-05-23,10570.0
335890,2024-05-24,10510.0
335890,2024-05-27,10570.0
335890,2024-05-28,10880.0
335890,2024-05-29,10500.0
335890,2024-05-30,10300.0
335890,2024-05-31,10670.0
335890,2024-06-03,10430.0
335890,2024-06-10,10020.0
335890,2024-06-11,9750.0
335890,2024-06-12,10160.0
335890,2024-06-13,10650.0
335890,2024-06-14,10360.0
335890,2024-06-17,10550.0
335890,2024-06-18,10100.0
335890,2024-06-19,10120.0
335890,2024-06-20,10030.0
335890,2024-06-21,10200.0
335890,2024-06-24,9990.0
335890,2024-06-25,9960.0
335890,2024-06-26,10180.0
335890,2024-06-27,10450.0
335890,2024-06-28,10280.0
335890,2024-07-01,10640.0
335890,2024-07-02,10180.0
335890,2024-07-03,10560.0
335890,2024-07-04,11330.0
335890,2024-07-05,11480.0
335890,2024-07-08,11700.0
335890,2024-07-09,11310.0
335890,2024-07-10,10960.0
335890,2024-07-11,10450.0
335890,2024-07-12,10250.0
335890,2024-07-15,10680.0
335890,2024-07-16,10500.0
335890,2024-07-17,10370.0
335890,2024-07-18,10100.0
335890,2024-07-19,10340.0
335890,2024-07-22,10030.0
335890,2024-07-23,10530.0
335890,2024-07-24,10790.0
335890,2024-07-25,10330.0
335890,2024-07-26,10210.0
335890,2024-07-29,10250.0
336260,2023-12-11,21250.0
336260,2023-12-12,22400.0
336260,2023-12-13,22050.0
336260,2023-12-14,22700.0
336260,2023-12-15,22550.0
336260,2023-12-18,22500.0
336260,2023-12-19,22050.0
336260,2023-12-20,22350.0
336260,2023-12-21,22500.0
336260,2023-12-22,22150.0
336260,2023-12-26,22500.0
336260,2023-12-27,22800.0
336260,2023-12-28,23200.0
336260,2024-01-02,23450.0
336260,2024-01-03,24500.0
336260,2024-01-04,23450.0
336260,2024-01-05,22900.0
336260,2024-01-08,22150.0
336260,2024-01-09,22600.0
336260,2024-01-10,23000.0
336260,2024-01-11,22600.0
336260,2024-01-12,22550.0
336260,2024-01-15,22550.0
336260,2024-01-16,22150.0
336260,2024-01-17,21150.0
336260,2024-01-18,20700.0
336260,2024-01-19,20850.0
336260,2024-01-22,21050.0
336260,2024-01-23,21300.0
336260,2024-01-24,21650.0
336260,2024-01-25,21350.0
336260,2024-01-26,21400.0
336570,2024-02-29,8450.0
336570,2024-03-04,8280.0
336570,2024-03-05,8180.0
336570,2024-03-06,8070.0
336570,2024-03-07,7960.0
336570,2024-03-08,7960.0
336570,2024-03-11,7880.0
336570,2024-03-12,8060.0
336570,2024-03-13,8290.0
336570,2024-03-14,8190.0
336570,2024-03-15,8140.0
336570,2024-03-18,8730.0
336570,2024-03-19,8820.0
336570,2024-03-20,8640.0
336570,2024-03-21,8330.0
336570,2024-03-22,8340.0
336570,2024-03-25,9890.0
336570,2024-03-26,9580.0
336570,2024-03-27,9310.0
336570,2024-03-28,9720.0
336570,2024-03-29,9850.0
336570,2024-04-01,10410.0
336570,2024-04-02,10050.0
336570,2024-04-03,10850.0
336570,2024-04-04,10940.0
336570,2024-04-05,10280.0
336570,2024-04-08,9670.0
336570,2024-04-09,10100.0
336570,2024-04-11,10240.0
336570,2024-04-12,10700.0
336570,2024-04-15,10970.0
336570,2024-04-16,10610.0
336570,2024-04-17,11020.0
336570,2024-04-18,11190.0
336570,2024-04-19,11570.0
336570,2024-08-19,5730.0
336570,2024-08-20,5960.0
336570,2024-08-21,5770.0
336570,2024-08-22,5820.0
336570,2024-08-23,5670.0
336570,2024-08-26,5650.0
336570,2024-08-27,5920.0
336570,2024-08-28,5880.0
336570,2024-08-29,5710.0
336570,2024-08-30,5870.0
336570,2024-09-02,5970.0
336570,2024-09-03,6110.0
336570,2024-09-04,5950.0
336570,2024-09-05,6670.0
336570,2024-09-06,6510.0
336570,2024-09-09,6540.0
336570,2024-09-10,6260.0
336570,2024-09-11,6270.0
336570,2024-09-12,6360.0
336570,2024-09-13,6940.0
336570,2024-09-19,7200.0
336570,2024-09-20,7130.0
336570,2024-09-23,7190.0
336570,2024-09-24,7190.0
336570,2024-09-25,6970.0
336570,2024-09-26,7080.0
336570,2024-09-27,6990.0
336570,2024-09-30,7000.0
336570,2024-10-02,6830.0
336570,2024-10-04,7010.0
336570,2024-10-07,7010.0
336570,2024-10-08,6570.0
337930,2024-09-05,9460.0
337930,2024-09-06,9360.0
337930,2024-09-09,9250.0
337930,2024-09-10,9200.0
337930,2024-09-11,9360.0
337930,2024-09-12,9310.0
337930,2024-09-13,9480.0
337930,2024-09-19,9310.0
337930,2024-09-20,10580.0
337930,2024-09-23,10280.0
337930,2024-09-24,10940.0
337930,2024-09-25,10980.0
337930,2024-09-26,10450.0
337930,2024-09-27,10710.0
337930,2024-09-30,12440.0
337930,2024-10-02,12540.0
337930,2024-10-04,12540.0
337930,2024-10-07,11880.0
337930,2024-10-08,10450.0
337930,2024-10-10,10170.0
337930,2024-10-11,10500.0
337930,2024-10-14,10350.0
337930,2024-10-15,10120.0
337930,2024-10-16,10120.0
337930,2024-10-17,9320.0
337930,2024-10-18,9340.0
337930,2024-10-21,9390.0
337930,2024-10-22,8900.0
337930,2024-10-23,8760.0
337930,2024-10-24,8480.0
337930,2024-10-25,8580.0
347000,2023-06-05,3135.0
347000,2023-06-07,3035.0
347000,2023-06-08,2995.0
347000,2023-06-09,3035.0
347000,2023-06-12,3005.0
347000,2023-06-13,2990.0
347000,2023-06-14,2920.0
347000,2023-06-15,2855.0
347000,2023-06-16,2990.0
347000,2023-06-19,2950.0
347000,2023-06-20,2925.0
347000,2023-06-21,3365.0
347000,2023-06-22,3365.0
347000,2023-06-23,3400.0
347000,2023-06-26,3440.0
347000,2023-06-27,3540.0
347000,2023-06-28,3535.0
347000,2023-06-29,3685.0
347000,2023-06-30,3495.0
347000,2023-07-03,3780.0
347000,2023-07-04,3800.0
347000,2023-07-05,3690.0
347000,2023-07-06,3430.0
347000,2023-07-07,3315.0
347000,2023-07-10,3300.0
347000,2023-07-11,3430.0
347000,2023-07-12,3285.0
347000,2023-07-13,3485.0
347000,2023-07-14,3400.0
347000,2023-07-17,3445.0
347000,2023-07-18,3310.0
347000,2023-07-19,3110.0
347000,2023-07-20,3055.0
347000,2023-07-21,3120.0
347000,2023-07-24,3015.0
348080,2023-07-24,28223.300970873785
348080,2023-07-25,25864.077669902912
348080,2023-07-26,22281.55339805825
348080,2023-07-27,24728.155339805824
348080,2023-07-28,25121.35922330097
348080,2023-07-31,25252.427184466014
348080,2023-08-01,25776.69902912621
348080,2023-08-02,27305.825242718445
348080,2023-08-03,28572.81553398058
348080,2023-08-04,26606.79611650485
348080,2023-08-07,26868.93203883495
348080,2023-08-08,26126.21359223301
348080,2023-08-09,29446.601941747573
348080,2023-08-10,31150.485436893203
348080,2023-08-11,29970.873786407767
348080,2023-08-14,30626.21359223301
348080,2023-08-16,31412.6213592233
348080,2023-08-17,30101.94174757281
348080,2023-08-18,28135.922330097088
348080,2023-08-21,28179.61165048544
348080,2023-08-22,27655.33980582524
348080,2023-08-23,26519.417475728154
348080,2023-08-24,26781.55339805825
348080,2023-08-25,27349.514563106797
348080,2023-08-28,26169.90291262136
348080,2023-08-29,27611.65048543689
348080,2023-08-30,27349.514563106797
348080,2023-08-31,26475.72815533981
348080,2023-09-01,26388.349514563102
348080,2023-09-04,26213.59223300971
348080,2023-09-05,26344.66019417476
348080,2023-09-06,26038.83495145631
348080,2023-09-07,25558.252427184467
348080,2023-09-08,27742.71844660194
348210,2023-07-03,76700.0
348210,2023-07-04,78000.0
348210,2023-07-05,77100.0
348210,2023-07-06,71800.0
348210,2023-07-07,71500.0
348210,2023-07-10,70400.0
348210,2023-07-11,71500.0
348210,2023-07-12,72400.0
348210,2023-07-13,72200.0
348210,2023-07-14,75500.0
348210,2023-07-17,76500.0
348210,2023-07-18,75400.0
348210,2023-07-19,75500.0
348210,2023-07-20,76600.0
348210,2023-07-21,74000.0
348210,2023-07-24,73500.0
348210,2023-07-25,77700.0
348210,2023-07-26,73800.0
348210,2023-07-27,84300.0
348210,2023-07-28,87800.0
348210,2023-07-31,85600.0
348210,2023-08-01,90200.0
348210,2023-08-02,83800.0
348210,2023-08-03,84800.0
348210,2023-08-04,83400.0
348210,2023-08-07,83200.0
348210,2023-08-08,81800.0
348210,2023-08-09,82900.0
348210,2023-08-10,80700.0
348210,2023-08-11,82400.0
348210,2023-08-14,77300.0
348210,2023-08-16,79100.0
348210,2023-08-17,80300.0
348210,2023-08-18,80200.0
348210,2023-08-21,81000.0
348340,2023-04-17,22806.2124248497
348340,2023-04-18,21535.67134268537
348340,2023-04-19,21090.98196392785
348340,2023-04-20,20201.603206412823
348340,2023-04-21,19852.204408817637
348340,2023-04-24,21789.77955911824
348340,2023-04-25,19883.967935871744
348340,2023-04-26,19121.643286573144
348340,2023-04-27,20392.184368737475
348340,2023-04-28,19026.35270541082
348340,2023-05-02,20265.13026052104
348340,2023-05-03,19566.33266533066
348340,2023-05-04,21313.326653306613
348340,2023-05-08,22234.46893787575
348340,2023-05-09,22170.941883767533
348340,2023-05-10,21630.96192384769
348340,2023-05-11,23060.320641282564
348340,2023-05-12,23663.82765531062
348340,2023-05-15,22552.104208416837
348340,2023-05-16,21726.25250501002
348340,2023-05-17,21821.543086172343
348340,2023-05-18,23949.699398797595
348340,2023-05-19,24076.753507014026
348340,2023-05-22,23060.320641282564
348340,2023-05-23,24457.91583166333
348340,2023-05-24,23790.881763527053
348340,2023-05-25,23790.881763527053
348340,2023-05-26,23092.08416833667
348340,2023-05-30,23917.935871743484
348340,2023-05-31,24013.22645290581
348340,2023-06-01,23886.172344689377
348340,2023-06-02,25252.004008016032
348340,2023-06-05,25283.76753507014
351330,2024-04-22,11020.0
351330,2024-04-23,10820.0
351330,2024-04-24,11080.0
351330,2024-04-25,10770.0
351330,2024-04-26,10350.0
351330,2024-04-29,10560.0
351330,2024-04-30,10590.0
351330,2024-05-02,10460.0
351330,2024-05-03,10460.0
351330,2024-05-07,10600.0
351330,2024-05-08,10780.0
351330,2024-05-09,11660.0
351330,2024-05-10,12140.0
351330,2024-05-13,12080.0
351330,2024-05-14,12070.0
351330,2024-05-16,11840.0
351330,2024-05-17,13000.0
351330,2024-05-20,13050.0
351330,2024-05-21,13300.0
351330,2024-05-22,12980.0
351330,2024-05-23,13750.0
351330,2024-05-24,17870.0
351330,2024-05-27,17470.0
351330,2024-05-28,17870.0
351330,2024-05-29,18900.0
351330,2024-05-30,17870.0
351330,2024-05-31,17400.0
351330,2024-06-03,16990.0
351330,2024-06-04,15900.0
351330,2024-06-05,15550.0
351330,2024-06-07,15300.0
351330,2024-06-10,15500.0
351330,2024-06-11,14670.0
353200,2023-02-27,20700.0
353200,2023-02-28,21000.0
353200,2023-03-02,21000.0
353200,2023-03-03,20950.0
353200,2023-03-06,22950.0
353200,2023-03-07,22650.0
353200,2023-03-08,21600.0
353200,2023-03-09,21500.0
353200,2023-03-10,21000.0
353200,2023-03-13,20650.0
353200,2023-03-14,19630.0
353200,2023-03-15,19600.0
353200,2023-03-16,19850.0
353200,2023-03-17,21050.0
353200,2023-03-20,21000.0
353200,2023-03-21,20750.0
353200,2023-03-22,21600.0
353200,2023-03-23,21700.0
353200,2023-03-24,23700.0
353200,2023-03-27,23900.0
353200,2023-03-28,24350.0
353200,2023-03-29,24250.0
353200,2023-03-30,24600.0
353200,2023-03-31,23700.0
353200,2023-04-03,23700.0
353200,2023-04-04,23350.0
353200,2023-04-05,23450.0
353200,2023-04-06,22850.0
353200,2023-04-07,24450.0
353200,2023-04-10,23800.0
353200,2023-04-11,24200.0
353200,2023-04-12,24400.0
353200,2023-04-13,24400.0
353200,2023-04-14,23900.0
353200,2023-04-17,23250.0
353200,2023-04-18,22800.0
355390,2023-12-15,14368.362790504478
355390,2023-12-18,14790.96169610755
355390,2023-12-19,14590.783267137676
355390,2023-12-20,14635.267362464314
355390,2023-12-21,14212.66845686124
355390,2023-12-22,14412.846885831115
355390,2023-12-26,13812.311598921488
355390,2023-12-27,13545.407026961651
355390,2023-12-28,12944.871740052022
355390,2024-01-02,12744.693311082145
355390,2024-01-03,12166.400071835837
355390,2024-01-04,12411.062596132351
355390,2024-01-05,13656.61726527825
355390,2024-01-08,14768.71964844423
355390,2024-01-09,15725.127697966976
355390,2024-01-10,15680.643602640335
355390,2024-01-11,17815.88017831902
355390,2024-01-12,16992.924414776193
355390,2024-01-15,19061.43484746492
355390,2024-01-16,20173.5372306309
355390,2024-01-17,19884.390611007744
355390,2024-01-18,19306.09737176144
355390,2024-01-19,20751.83046987721
355390,2024-01-22,22686.888616586017
355390,2024-01-23,20952.008898847085
355390,2024-01-24,19328.33941942476
355390,2024-01-25,17815.88017831902
355390,2024-01-26,19194.88713344484
355390,2024-01-29,16548.083461509803
355390,2024-01-30,17126.37670075611
355390,2024-01-31,15258.044697037263
355390,2024-02-01,14813.20374377087
355390,2024-02-02,15969.790222263491
356680,2023-07-31,4030.0
356680,2023-08-01,4020.0
356680,2023-08-02,4190.0
356680,2023-08-03,3850.0
356680,2023-08-04,3795.0
356680,2023-08-07,3755.0
356680,2023-08-08,4085.0
356680,2023-08-09,4065.0
356680,2023-08-10,4070.0
356680,2023-08-11,4440.0
356680,2023-08-14,4425.0
356680,2023-08-16,4170.0
356680,2023-08-17,3765.0
356680,2023-08-18,3125.0
356680,2023-08-21,3340.0
356680,2023-08-22,3230.0
356680,2023-08-23,4195.0
356680,2023-08-24,4740.0
356680,2023-08-25,4565.0
356680,2023-08-28,5930.0
356680,2023-08-29,5930.0
356680,2023-08-30,5750.0
356680,2023-08-31,5540.0
356680,2023-09-01,5130.0
356680,2023-09-04,4930.0
356680,2023-09-05,5020.0
356680,2023-09-06,4965.0
356680,2023-09-07,4860.0
356680,2023-09-08,4685.0
356680,2023-09-11,4500.0
356680,2023-09-12,4640.0
356680,2023-09-13,4305.0
356680,2023-09-14,4525.0
356680,2023-09-15,5080.0
356680,2023-09-18,4875.0
356680,2024-03-04,6080.0
356680,2024-03-05,6380.0
356680,2024-03-06,6290.0
356680,2024-03-07,6200.0
356680,2024-03-08,6080.0
356680,2024-03-11,5930.0
356680,2024-03-12,5800.0
356680,2024-03-13,5900.0
356680,2024-03-14,5820.0
356680,2024-03-15,5690.0
356680,2024-03-18,5650.0
356680,2024-03-19,6120.0
356680,2024-03-20,5980.0
356680,2024-03-21,5940.0
356680,2024-03-22,5860.0
356680,2024-03-25,6000.0
356680,2024-03-26,6780.0
356680,2024-03-27,6510.0
356680,2024-03-28,6230.0
356680,2024-03-29,6170.0
356680,2024-04-01,6350.0
356680,2024-04-02,6170.0
356680,2024-04-03,5940.0
356680,2024-04-04,6160.0
356680,2024-04-05,6010.0
356680,2024-04-08,6010.0
356680,2024-04-09,6080.0
356680,2024-04-11,5970.0
356680,2024-04-12,5930.0
356680,2024-04-15,5820.0
356680,2024-04-16,5700.0
356680,2024-04-17,5710.0
356680,2024-04-18,5750.0
356680,2024-04-19,5460.0
356680,2024-08-01,4080.0
356680,2024-08-02,3855.0
356680,2024-08-05,3270.0
356680,2024-08-06,3495.0
356680,2024-08-07,3575.0
356680,2024-08-08,3525.0
356680,2024-08-09,3590.0
356680,2024-08-12,3710.0
356680,2024-08-13,3590.0
356680,2024-08-14,3715.0
356680,2024-08-16,3680.0
356680,2024-08-19,3545.0
356680,2024-08-20,3685.0
356680,2024-08-21,3690.0
356680,2024-08-22,3810.0
356680,2024-08-23,4145.0
356680,2024-08-26,4650.0
356680,2024-08-27,4710.0
356680,2024-08-28,4500.0
356680,2024-08-29,4300.0
356680,2024-08-30,4805.0
356680,2024-09-02,4685.0
356680,2024-09-03,4485.0
356680,2024-09-04,4185.0
356680,2024-09-05,4900.0
356680,2024-09-06,4595.0
356680,2024-09-09,4635.0
356680,2024-09-10,4455.0
356680,2024-09-11,4400.0
356680,2024-09-12,4430.0
356680,2024-09-13,4360.0
356680,2024-09-19,4325.0
356680,2024-09-20,4210.0
356680,2024-11-07,4820.0
356680,2024-11-08,5280.0
356680,2024-11-11,5200.0
356680,2024-11-12,4875.0
356680,2024-11-13,4550.0
356680,2024-11-14,4635.0
356680,2024-11-15,4605.0
356680,2024-11-18,4995.0
356680,2024-11-19,5230.0
356680,2024-11-20,5070.0
356680,2024-11-21,4865.0
356680,2024-11-22,5160.0
356680,2024-11-25,5350.0
356680,2024-11-26,5390.0
356680,2024-11-27,5250.0
356680,2024-11-28,5260.0
356680,2024-11-29,5280.0
356680,2024-12-02,6060.0
356680,2024-12-03,6060.0
356680,2024-12-04,5750.0
356680,2024-12-05,5610.0
356680,2024-12-06,5360.0
356680,2024-12-09,5240.0
356680,2024-12-10,5480.0
356680,2024-12-11,7120.0
356680,2024-12-12,9250.0
356680,2024-12-13,8640.0
356680,2024-12-16,10510.0
356680,2024-12-17,10480.0
356680,2024-12-18,10140.0
356680,2024-12-19,9580.0
356680,2024-12-20,9060.0
356680,2024-12-23,9330.0
356680,2024-12-24,9580.0
356680,2024-12-26,9300.0
356680,2024-12-27,9730.0
356860,2024-02-13,12396.435865783864
356860,2024-02-14,12348.75726630008
356860,2024-02-15,12515.632364493324
356860,2024-02-16,12467.95376500954
356860,2024-02-19,12086.524969139267
356860,2024-02-20,12396.435865783864
356860,2024-02-21,12134.20356862305
356860,2024-02-22,11776.61407249467
356860,2024-02-23,11466.703175850074
356860,2024-02-26,11371.345976882503
356860,2024-02-27,11109.113679721691
356860,2024-02-28,11061.435080237909
356860,2024-02-29,11228.310178431151
356860,2024-03-04,11919.649870946025
356860,2024-03-05,11991.167770171698
356860,2024-03-06,13445.365054427111
356860,2024-03-07,13493.043653910898
356860,2024-03-08,13350.007855459546
356860,2024-03-11,12968.579059589272
356860,2024-03-12,13922.151049264954
356860,2024-03-13,13373.847155201438
356860,2024-03-14,12539.471664235216
356860,2024-03-15,12777.864661654135
356860,2024-03-18,13063.93625855684
356860,2024-03-19,12396.435865783864
356860,2024-03-20,12873.221860621705
356860,2024-03-21,12610.989563460893
356860,2024-03-22,12634.828863202783
356860,2024-03-25,12777.864661654135
356860,2024-03-26,12610.989563460893
356860,2024-03-27,12086.524969139267
356860,2024-03-28,12015.00706991359
356860,2024-03-29,12634.828863202783
357550,2023-07-06,53700.0
357550,2023-07-07,55000.0
357550,2023-07-10,53600.0
357550,2023-07-11,56200.0
357550,2023-07-12,55900.0
357550,2023-07-13,54000.0
357550,2023-07-14,55600.0
357550,2023-07-17,52600.0
357550,2023-07-18,53200.0
357550,2023-07-19,50300.0
357550,2023-07-20,51000.0
357550,2023-07-21,56700.0
357550,2023-07-24,53700.0
357550,2023-07-25,59800.0
357550,2023-07-26,54300.0
357550,2023-07-27,53600.0
357550,2023-07-28,54800.0
357550,2023-07-31,61500.0
357550,2023-08-01,58400.0
357550,2023-08-02,54600.0
357550,2023-08-03,53700.0
357550,2023-08-04,57000.0
357550,2023-08-07,52900.0
357550,2023-08-08,52100.0
357550,2023-08-09,52200.0
357550,2023-08-10,51600.0
357550,2023-08-11,50700.0
357550,2023-08-14,47550.0
357550,2023-08-16,46050.0
357550,2023-08-17,47500.0
357550,2023-08-18,48050.0
357550,2023-08-21,49500.0
357550,2023-08-22,49450.0
357550,2023-08-23,52200.0
357550,2023-08-24,50700.0
357550,2023-08-25,52000.0
361610,2023-03-06,68300.0
361610,2023-03-07,69400.0
361610,2023-03-08,66900.0
361610,2023-03-09,63500.0
361610,2023-03-10,63300.0
361610,2023-03-13,64400.0
361610,2023-03-14,62200.0
361610,2023-03-15,62000.0
361610,2023-03-16,61400.0
361610,2023-03-17,61700.0
361610,2023-03-20,61800.0
361610,2023-03-21,61900.0
361610,2023-03-22,64400.0
361610,2023-03-23,65800.0
361610,2023-03-24,65000.0
361610,2023-03-27,66300.0
361610,2023-03-28,66600.0
361610,2023-03-29,68400.0
361610,2023-03-30,71500.0
361610,2023-03-31,71200.0
361610,2023-04-03,75900.0
361610,2023-04-04,85600.0
361610,2023-04-05,87200.0
361610,2023-04-06,93300.0
361610,2023-04-07,92200.0
361610,2023-04-10,89800.0
361610,2023-04-11,87200.0
361610,2023-04-12,86000.0
361610,2023-04-13,85500.0
361610,2023-04-14,86100.0
361610,2023-04-17,84000.0
361610,2023-04-18,81900.0
361610,2023-04-19,90500.0
361610,2023-04-20,82700.0
361610,2023-04-21,82900.0
361610,2023-04-24,81400.0
372170,2024-01-26,80300.0
372170,2024-01-29,78800.0
372170,2024-01-30,78200.0
372170,2024-01-31,76700.0
372170,2024-02-01,77700.0
372170,2024-02-02,80000.0
372170,2024-02-05,79100.0
372170,2024-02-06,76400.0
372170,2024-02-07,78800.0
372170,2024-02-08,81200.0
372170,2024-02-13,81200.0
372170,2024-02-14,83500.0
372170,2024-02-15,86800.0
372170,2024-02-16,86500.0
372170,2024-02-19,84500.0
372170,2024-02-20,94800.0
372170,2024-02-21,108000.0
372170,2024-02-22,102200.0
372170,2024-02-23,102800.0
372170,2024-02-26,98200.0
372170,2024-02-27,94700.0
372170,2024-02-28,92900.0
372170,2024-02-29,91700.0
372170,2024-03-04,93000.0
372170,2024-03-05,91100.0
372170,2024-03-06,94200.0
372170,2024-03-07,97200.0
372170,2024-03-08,95100.0
372170,2024-03-11,94500.0
372170,2024-03-12,99000.0
372170,2024-03-13,97800.0
372170,2024-03-14,95000.0
372170,2024-03-15,90300.0
376180,2023-05-15,8400.0
376180,2023-05-16,8710.0
376180,2023-05-17,8740.0
376180,2023-05-18,8980.0
376180,2023-05-19,9000.0
376180,2023-05-22,9310.0
376180,2023-05-23,8940.0
376180,2023-05-24,8670.0
376180,2023-05-25,8530.0
376180,2023-05-26,8510.0
376180,2023-05-30,8430.0
376180,2023-05-31,8440.0
376180,2023-06-01,8450.0
376180,2023-06-02,8630.0
376180,2023-06-05,8640.0
376180,2023-06-07,9450.0
376180,2023-06-08,9430.0
376180,2023-06-09,9400.0
376180,2023-06-12,9860.0
376180,2023-06-13,9480.0
376180,2023-06-14,9840.0
376180,2023-06-15,10590.0
376180,2023-06-16,10700.0
376180,2023-06-19,10680.0
376180,2023-06-20,10070.0
376180,2023-06-21,9650.0
376180,2023-06-22,9370.0
376180,2023-06-23,9450.0
376180,2023-06-26,9000.0
376180,2023-06-27,9400.0
376180,2023-06-28,9080.0
376180,2023-06-29,8680.0
376180,2023-06-30,9050.0
376930,2024-11-07,12199.074074074077
376930,2024-11-08,12337.962962962964
376930,2024-11-11,12106.481481481482
376930,2024-11-12,11458.333333333334
376930,2024-11-13,10671.296296296296
376930,2024-11-14,10555.555555555557
376930,2024-11-15,10879.62962962963
376930,2024-11-18,10625.0
376930,2024-11-19,10486.111111111111
376930,2024-11-20,10787.037037037036
376930,2024-11-21,10138.888888888889
376930,2024-11-22,10324.074074074077
376930,2024-11-25,11203.703703703704
376930,2024-11-26,11226.851851851852
376930,2024-11-27,10972.222222222224
376930,2024-11-28,14259.25925925926
376930,2024-11-29,13356.481481481482
376930,2024-12-02,14328.703703703704
376930,2024-12-03,14421.296296296296
376930,2024-12-04,17500.0
376930,2024-12-05,14675.925925925929
376930,2024-12-06,15486.111111111111
376930,2024-12-09,13981.481481481482
376930,2024-12-10,15694.444444444443
376930,2024-12-11,15277.777777777776
376930,2024-12-12,14907.407407407409
376930,2024-12-13,14467.592592592591
376930,2024-12-16,13935.185185185186
376930,2024-12-17,14097.222222222224
376930,2024-12-18,13611.111111111111
376930,2024-12-19,13032.407407407409
376930,2024-12-20,12500.0
376930,2024-12-23,12800.925925925929
376930,2024-12-24,13194.444444444443
376930,2024-12-26,12361.111111111111
376930,2024-12-27,12592.592592592591
377030,2022-12-12,44861.241101374726
377030,2022-12-13,43384.32781408667
377030,2022-12-14,45415.08358410775
377030,2022-12-15,43938.17029681969
377030,2022-12-16,42830.48533135365
377030,2022-12-19,43199.71365317566
377030,2022-12-20,40061.27291768854
377030,2022-12-21,40061.27291768854
377030,2022-12-22,40061.27291768854
377030,2022-12-23,38399.74546948948
377030,2022-12-26,38768.973791311495
377030,2022-12-27,41353.57204406559
377030,2022-12-28,42645.87117044264
377030,2022-12-29,44861.241101374726
377030,2023-01-02,41353.57204406559
377030,2023-01-03,42645.87117044264
377030,2023-01-04,46707.3827104848
377030,2023-01-05,47076.61103230681
377030,2023-01-06,44861.241101374726
377030,2023-01-09,46707.3827104848
377030,2023-01-10,45230.46942319674
377030,2023-01-11,45968.92606684077
377030,2023-01-12,45045.85526228573
377030,2023-01-13,45045.85526228573
377030,2023-01-16,47815.06767595084
377030,2023-01-17,53538.10666419206
377030,2023-01-18,55568.86243421314
377030,2023-01-19,54091.949146925086
377030,2023-01-20,56122.70491694616
377030,2023-01-25,59371.914148979886
377030,2023-01-26,55199.634112391126
377030,2023-01-27,55458.09393766653
377300,2024-11-07,25450.0
377300,2024-11-08,24550.0
377300,2024-11-11,23100.0
377300,2024-11-12,22300.0
377300,2024-11-13,21700.0
377300,2024-11-14,22350.0
377300,2024-11-15,21900.0
377300,2024-11-18,22650.0
377300,2024-11-19,22700.0
377300,2024-11-20,22700.0
377300,2024-11-21,22700.0
377300,2024-11-22,23600.0
377300,2024-11-25,23450.0
377300,2024-11-26,23450.0
377300,2024-11-27,24050.0
377300,2024-11-28,24250.0
377300,2024-11-29,24750.0
377300,2024-12-02,26800.0
377300,2024-12-03,26900.0
377300,2024-12-04,32950.0
377300,2024-12-05,28600.0
377300,2024-12-06,30350.0
377300,2024-12-09,30600.0
377300,2024-12-10,30300.0
377300,2024-12-11,30400.0
377300,2024-12-12,30300.0
377300,2024-12-13,33450.0
377300,2024-12-16,30600.0
377300,2024-12-17,29400.0
377300,2024-12-18,28900.0
377300,2024-12-19,26750.0
377300,2024-12-20,26700.0
377300,2024-12-23,27000.0
377300,2024-12-24,26700.0
377300,2024-12-26,25950.0
377300,2024-12-27,26550.0
377480,2023-02-20,23700.0
377480,2023-02-21,23700.0
377480,2023-02-22,22700.0
377480,2023-02-23,24850.0
377480,2023-02-24,25950.0
377480,2023-02-27,26350.0
377480,2023-02-28,26550.0
377480,2023-03-02,24600.0
377480,2023-03-03,24500.0
377480,2023-03-06,24750.0
377480,2023-03-07,24050.0
377480,2023-03-08,23850.0
377480,2023-03-09,23650.0
377480,2023-03-10,23500.0
377480,2023-03-13,25700.0
377480,2023-03-14,22950.0
377480,2023-03-15,24700.0
377480,2023-03-16,23550.0
377480,2023-03-17,27500.0
377480,2023-03-20,25950.0
377480,2023-03-21,26600.0
377480,2023-03-22,27250.0
377480,2023-03-23,28500.0
377480,2023-03-24,28350.0
377480,2023-03-27,28900.0
377480,2023-03-28,29050.0
377480,2023-03-29,27550.0
377480,2023-03-30,26950.0
377480,2023-03-31,24850.0
377480,2023-04-03,26750.0
377480,2023-04-04,28000.0
377480,2023-04-05,27650.0
377480,2023-04-06,25700.0
377480,2023-04-07,25550.0
377480,2023-04-10,23750.0
377480,2023-04-11,23300.0
377480,2023-07-07,22200.0
377480,2023-07-10,22200.0
377480,2023-07-11,22600.0
377480,2023-07-12,22250.0
377480,2023-07-13,23950.0
377480,2023-07-14,23600.0
377480,2023-07-17,24750.0
377480,2023-07-18,25200.0
377480,2023-07-19,25250.0
377480,2023-07-20,25400.0
377480,2023-07-21,26100.0
377480,2023-07-24,25300.0
377480,2023-07-25,23650.0
377480,2023-07-26,21700.0
377480,2023-07-27,22250.0
377480,2023-07-28,23900.0
377480,2023-07-31,25850.0
377480,2023-08-01,28000.0
377480,2023-08-02,27250.0
377480,2023-08-03,25100.0
377480,2023-08-04,27050.0
377480,2023-08-07,26250.0
377480,2023-08-08,25150.0
377480,2023-08-09,24850.0
377480,2023-08-10,23450.0
377480,2023-08-11,23350.0
377480,2023-08-14,23250.0
377480,2023-08-16,22400.0
377480,2023-08-17,22550.0
377480,2023-08-18,22900.0
377480,2023-08-21,22700.0
377480,2023-08-22,22300.0
377480,2023-08-23,21900.0
377480,2023-08-24,23750.0
377480,2023-08-25,22650.0
377480,2023-12-11,26450.0
377480,2023-12-12,26750.0
377480,2023-12-13,25900.0
377480,2023-12-14,25700.0
377480,2023-12-15,25700.0
377480,2023-12-18,26500.0
377480,2023-12-19,26200.0
377480,2023-12-20,26350.0
377480,2023-12-21,25650.0
377480,2023-12-22,25300.0
377480,2023-12-26,24650.0
377480,2023-12-27,25000.0
377480,2023-12-28,26000.0
377480,2024-01-02,26550.0
377480,2024-01-03,27000.0
377480,2024-01-04,27000.0
377480,2024-01-05,29350.0
377480,2024-01-08,29800.0
377480,2024-01-09,29950.0
377480,2024-01-10,29300.0
377480,2024-01-11,28900.0
377480,2024-01-12,28600.0
377480,2024-01-15,29200.0
377480,2024-01-16,28500.0
377480,2024-01-17,27300.0
377480,2024-01-18,29100.0
377480,2024-01-19,29700.0
377480,2024-01-22,30400.0
377480,2024-01-23,29300.0
377480,2024-01-24,30200.0
377480,2024-01-25,29750.0
377480,2024-01-26,29000.0
377480,2024-01-29,27850.0
377480,2024-01-30,26400.0
378340,2024-08-05,12300.0
378340,2024-08-06,12650.0
378340,2024-08-07,12620.0
378340,2024-08-08,12240.0
378340,2024-08-09,13200.0
378340,2024-08-12,13520.0
378340,2024-08-13,13890.0
378340,2024-08-14,14470.0
378340,2024-08-16,14360.0
378340,2024-08-19,14230.0
378340,2024-08-20,15300.0
378340,2024-08-21,15290.0
378340,2024-08-22,14850.0
378340,2024-08-23,14430.0
378340,2024-08-26,14170.0
378340,2024-08-27,14680.0
378340,2024-08-28,16950.0
378340,2024-08-29,18630.0
378340,2024-08-30,18540.0
378340,2024-09-02,18680.0
378340,2024-09-03,18770.0
378340,2024-09-04,17850.0
378340,2024-09-05,17500.0
378340,2024-09-06,16670.0
378340,2024-09-09,16590.0
378340,2024-09-10,16660.0
378340,2024-09-11,18000.0
378340,2024-09-12,18000.0
378340,2024-09-13,17480.0
378340,2024-09-19,17230.0
378340,2024-09-20,16590.0
378340,2024-10-18,16660.0
378340,2024-10-21,16750.0
378340,2024-10-22,15560.0
378340,2024-10-23,15700.0
378340,2024-10-24,15170.0
378340,2024-10-25,15050.0
378340,2024-10-28,15930.0
378340,2024-10-29,16040.0
378340,2024-10-30,16830.0
378340,2024-10-31,17000.0
378340,2024-11-01,17780.0
378340,2024-11-04,18010.0
378340,2024-11-05,18130.0
378340,2024-11-06,17110.0
378340,2024-11-07,17180.0
378340,2024-11-08,17750.0
378340,2024-11-11,18300.0
378340,2024-11-12,20700.0
378340,2024-11-13,18910.0
378340,2024-11-14,16000.0
378340,2024-11-15,14570.0
378340,2024-11-18,14440.0
378340,2024-11-19,14410.0
378340,2024-11-20,14210.0
378340,2024-11-21,14070.0
378340,2024-11-22,14460.0
378340,2024-11-25,14840.0
378340,2024-11-26,14710.0
378340,2024-11-27,14180.0
378340,2024-11-28,14210.0
378340,2024-11-29,13260.0
378340,2024-12-02,13080.0
378340,2024-12-03,13270.0
378340,2024-12-04,12710.0
378340,2024-12-05,12490.0
378340,2024-12-06,12290.0
383310,2024-09-02,45021.11913357401
383310,2024-09-03,44647.1119133574
383310,2024-09-04,42683.57400722022
383310,2024-09-05,36652.70758122744
383310,2024-09-06,36138.447653429605
383310,2024-09-09,35063.17689530686
383310,2024-09-10,34034.657039711194
383310,2024-09-11,35390.43321299639
383310,2024-09-12,36465.70397111913
383310,2024-09-13,36792.96028880866
383310,2024-09-19,38055.23465703971
383310,2024-09-20,37634.47653429603
383310,2024-09-23,39831.76895306859
383310,2024-09-24,43478.3393501805
383310,2024-09-25,48714.44043321299
383310,2024-09-26,50677.97833935018
383310,2024-09-27,52454.51263537906
383310,2024-09-30,51706.498194945845
383310,2024-10-02,56475.09025270758
383310,2024-10-04,54979.06137184116
383310,2024-10-07,53483.03249097473
383310,2024-10-08,52454.51263537906
383310,2024-10-10,51800.0
383310,2024-10-11,51700.0
383310,2024-10-14,49550.0
383310,2024-10-15,48700.0
383310,2024-10-16,47150.0
383310,2024-10-17,46750.0
383310,2024-10-18,45300.0
388050,2024-09-30,6330.0
388050,2024-10-02,6140.0
388050,2024-10-04,5380.0
388050,2024-10-07,5650.0
388050,2024-10-08,5550.0
388050,2024-10-10,5420.0
388050,2024-10-11,5350.0
388050,2024-10-14,5330.0
388050,2024-10-15,5200.0
388050,2024-10-16,5250.0
388050,2024-10-17,5270.0
388050,2024-10-18,5200.0
388050,2024-10-21,5650.0
388050,2024-10-22,6860.0
388050,2024-10-23,7000.0
388050,2024-10-24,7520.0
388050,2024-10-25,6870.0
388050,2024-10-28,8700.0
388050,2024-10-29,8960.0
388050,2024-10-30,8580.0
388050,2024-10-31,7680.0
388050,2024-11-01,7200.0
388050,2024-11-04,7280.0
388050,2024-11-05,7290.0
388050,2024-11-06,8530.0
388050,2024-11-07,8620.0
388050,2024-11-08,8770.0
388050,2024-11-11,8620.0
388050,2024-11-12,9150.0
388050,2024-11-13,10030.0
388050,2024-11-14,9860.0
388050,2024-11-15,9180.0
388720,2023-02-06,25900.0
388720,2023-02-07,25900.0
388720,2023-02-08,26150.0
388720,2023-02-09,26350.0
388720,2023-02-10,26850.0
388720,2023-02-13,27150.0
388720,2023-02-14,26500.0
388720,2023-02-15,24600.0
388720,2023-02-16,24850.0
388720,2023-02-17,24600.0
388720,2023-02-20,24900.0
388720,2023-02-21,25100.0
388720,2023-02-22,25350.0
388720,2023-02-23,26150.0
388720,2023-02-24,25300.0
388720,2023-02-27,27200.0
388720,2023-02-28,27100.0
388720,2023-03-02,27850.0
388720,2023-03-03,27300.0
388720,2023-03-06,27700.0
388720,2023-03-07,26950.0
388720,2023-03-08,27050.0
388720,2023-03-09,27650.0
388720,2023-03-10,31200.0
388720,2023-03-13,30150.0
388720,2023-03-14,28350.0
388720,2023-03-15,30200.0
388720,2023-03-16,30850.0
388720,2023-03-17,32650.0
388720,2023-03-20,31800.0
388720,2023-03-21,32100.0
388720,2023-03-22,34800.0
388720,2023-03-23,34100.0
388720,2023-03-24,33200.0
388720,2023-03-27,33450.0
388870,2024-02-13,12780.0
388870,2024-02-14,12950.0
388870,2024-02-15,13120.0
388870,2024-02-16,13600.0
388870,2024-02-19,13530.0
388870,2024-02-20,13650.0
388870,2024-02-21,14210.0
388870,2024-02-22,13850.0
388870,2024-02-23,13810.0
388870,2024-02-26,13850.0
388870,2024-02-27,14100.0
388870,2024-02-28,14170.0
388870,2024-02-29,13700.0
388870,2024-03-04,14000.0
388870,2024-03-05,13530.0
388870,2024-03-06,15450.0
388870,2024-03-07,15880.0
388870,2024-03-08,16520.0
388870,2024-03-11,16700.0
388870,2024-03-12,16530.0
388870,2024-03-13,15910.0
388870,2024-03-14,16080.0
388870,2024-03-15,15030.0
388870,2024-03-18,15790.0
388870,2024-03-19,15430.0
388870,2024-03-20,15100.0
388870,2024-03-21,15750.0
388870,2024-03-22,18900.0
388870,2024-03-25,18580.0
388870,2024-03-26,19430.0
388870,2024-03-27,20150.0
388870,2024-03-28,19180.0
388870,2024-03-29,18730.0
389030,2023-08-14,5340.0
389030,2023-08-16,5010.0
389030,2023-08-17,4620.0
389030,2023-08-18,4370.0
389030,2023-08-21,4380.0
389030,2023-08-22,4655.0
389030,2023-08-23,4365.0
389030,2023-08-24,4670.0
389030,2023-08-25,4455.0
389030,2023-08-28,4380.0
389030,2023-08-29,4515.0
389030,2023-08-30,4545.0
389030,2023-08-31,4800.0
389030,2023-09-01,4650.0
389030,2023-09-04,4450.0
389030,2023-09-05,4495.0
389030,2023-09-06,5000.0
389030,2023-09-07,4815.0
389030,2023-09-08,5600.0
389030,2023-09-11,5380.0
389030,2023-09-12,5120.0
389030,2023-09-13,4635.0
389030,2023-09-14,4565.0
389030,2023-09-15,4660.0
389030,2023-09-18,4400.0
389030,2023-09-19,4270.0
389030,2023-09-20,4180.0
389030,2023-09-21,4050.0
389030,2023-09-22,4335.0
389030,2023-09-25,4405.0
389030,2023-09-26,4405.0
389030,2023-09-27,4830.0
389470,2024-11-25,14190.0
389470,2024-11-26,13740.0
389470,2024-11-27,14110.0
389470,2024-11-28,14310.0
389470,2024-11-29,13900.0
389470,2024-12-02,13330.0
389470,2024-12-03,14190.0
389470,2024-12-04,13920.0
389470,2024-12-05,13760.0
389470,2024-12-06,12870.0
389470,2024-12-09,11110.0
389470,2024-12-10,12030.0
389470,2024-12-11,12570.0
389470,2024-12-12,13980.0
389470,2024-12-13,13450.0
389470,2024-12-16,13350.0
389470,2024-12-17,17350.0
389470,2024-12-18,16080.0
389470,2024-12-19,15220.0
389470,2024-12-20,17420.0
389470,2024-12-23,18250.0
389470,2024-12-24,17360.0
389470,2024-12-26,19300.0
389470,2024-12-27,19740.0
389470,2024-12-30,21300.0
389470,2025-01-02,20650.0
389470,2025-01-03,20400.0
389470,2025-01-06,21350.0
389470,2025-01-07,21200.0
389470,2025-01-08,20150.0
389470,2025-01-09,20300.0
389470,2025-01-10,19300.0
389470,2025-01-13,20150.0
389470,2025-01-14,19270.0
396470,2024-01-02,9290.0
396470,2024-01-03,10170.0
396470,2024-01-04,10040.0
396470,2024-01-05,9880.0
396470,2024-01-08,9800.0
396470,2024-01-09,9750.0
396470,2024-01-10,9330.0
396470,2024-01-11,9560.0
396470,2024-01-12,9300.0
396470,2024-01-15,9400.0
396470,2024-01-16,9180.0
396470,2024-01-17,8810.0
396470,2024-01-18,8830.0
396470,2024-01-19,8780.0
396470,2024-01-22,9840.0
396470,2024-01-23,11140.0
396470,2024-01-24,11070.0
396470,2024-01-25,10950.0
396470,2024-01-26,10400.0
396470,2024-01-29,9160.0
396470,2024-01-30,9200.0
396470,2024-01-31,8510.0
396470,2024-02-01,7900.0
396470,2024-02-02,8810.0
396470,2024-02-05,8550.0
396470,2024-02-06,10800.0
396470,2024-02-07,10850.0
396470,2024-02-08,10850.0
396470,2024-02-13,10930.0
396470,2024-02-14,10900.0
396470,2024-02-15,12350.0
396470,2024-02-16,11030.0
396470,2024-03-18,9960.0
396470,2024-03-19,9560.0
396470,2024-03-20,10620.0
396470,2024-03-21,10450.0
396470,2024-03-22,9980.0
396470,2024-03-25,10190.0
396470,2024-03-26,10100.0
396470,2024-03-27,9950.0
396470,2024-03-28,9990.0
396470,2024-03-29,10360.0
396470,2024-04-01,10300.0
396470,2024-04-02,10250.0
396470,2024-04-03,10750.0
396470,2024-04-04,10960.0
396470,2024-04-05,11150.0
396470,2024-04-08,10500.0
396470,2024-04-09,11150.0
396470,2024-04-11,11370.0
396470,2024-04-12,11210.0
396470,2024-04-15,12010.0
396470,2024-04-16,11100.0
396470,2024-04-17,11170.0
396470,2024-04-18,11440.0
396470,2024-04-19,10620.0
396470,2024-04-22,10110.0
396470,2024-04-23,10000.0
396470,2024-04-24,10200.0
396470,2024-04-25,10040.0
396470,2024-04-26,10110.0
396470,2024-04-29,10170.0
396470,2024-04-30,10170.0
396470,2024-05-02,10090.0
396470,2024-05-03,10020.0
402490,2024-03-28,14558.655562165375
402490,2024-03-29,14333.521713265913
402490,2024-04-01,13883.254015466984
402490,2024-04-02,14033.343248066629
402490,2024-04-03,13658.120166567518
402490,2024-04-04,13057.763236168948
402490,2024-04-05,14383.551457465794
402490,2024-04-08,13032.748364069006
402490,2024-04-09,12782.5996430696
402490,2024-04-11,12807.614515169542
402490,2024-04-12,13282.89708506841
402490,2024-04-15,12807.614515169542
402490,2024-04-16,12632.51041046996
402490,2024-04-17,13157.822724568709
402490,2024-04-18,15309.101725163591
402490,2024-04-19,15159.01249256395
402490,2024-04-22,15509.220701963117
402490,2024-04-23,14933.878643664484
402490,2024-04-24,14583.670434265316
402490,2024-04-25,14183.43248066627
402490,2024-04-26,14408.566329565734
402490,2024-04-29,14033.343248066629
402490,2024-04-30,13432.986317668054
402490,2024-05-02,13382.956573468173
402490,2024-05-03,13508.030933967875
402490,2024-05-07,13783.19452706722
402490,2024-05-08,13658.120166567518
402490,2024-05-09,13583.075550267697
402490,2024-05-10,13107.792980368828
402490,2024-05-13,12982.718619869123
402490,2024-05-14,13182.837596668647
402490,2024-05-16,14483.610945865556
402490,2024-05-17,14008.328375966688
403490,2023-12-26,13000.0
403490,2023-12-27,13525.0
403490,2023-12-28,13525.0
403490,2024-01-02,13525.0
403490,2024-01-03,13250.0
403490,2024-01-04,13400.0
403490,2024-01-05,13700.0
403490,2024-01-08,13425.0
403490,2024-01-09,13450.0
403490,2024-01-10,13100.0
403490,2024-01-11,13350.0
403490,2024-01-12,13575.0
403490,2024-01-15,13300.0
403490,2024-01-16,13325.0
403490,2024-01-17,14225.0
403490,2024-01-18,13700.0
403490,2024-01-19,13525.0
403490,2024-01-22,13225.0
403490,2024-01-23,13150.0
403490,2024-01-24,12675.0
403490,2024-01-25,12550.0
403490,2024-01-26,12525.0
403490,2024-01-29,12325.0
403490,2024-01-30,12150.0
403490,2024-01-31,11625.0
403490,2024-02-01,11425.0
403490,2024-02-02,11600.0
403490,2024-02-05,11450.0
403490,2024-02-06,10900.0
403490,2024-02-07,11100.0
403490,2024-02-08,11100.0
403870,2024-05-03,38250.0
403870,2024-05-07,38500.0
403870,2024-05-08,39300.0
403870,2024-05-09,37250.0
403870,2024-05-10,36050.0
403870,2024-05-13,36800.0
403870,2024-05-14,36850.0
403870,2024-05-16,41200.0
403870,2024-05-17,41250.0
403870,2024-05-20,41800.0
403870,2024-05-21,42400.0
403870,2024-05-22,41600.0
403870,2024-05-23,41750.0
403870,2024-05-24,38800.0
403870,2024-05-27,42300.0
403870,2024-05-28,45200.0
403870,2024-05-29,43550.0
403870,2024-05-30,42250.0
403870,2024-05-31,42550.0
403870,2024-06-03,41400.0
403870,2024-06-04,40350.0
403870,2024-06-05,39850.0
403870,2024-06-07,39800.0
403870,2024-06-10,40200.0
403870,2024-06-11,40000.0
403870,2024-06-12,40250.0
403870,2024-06-13,39200.0
403870,2024-06-14,38050.0
403870,2024-06-17,38950.0
403870,2024-06-18,38450.0
403870,2024-06-19,41150.0
403870,2024-06-20,39650.0
403870,2024-06-21,40300.0
418550,2023-06-29,31600.0
418550,2023-06-30,31950.0
418550,2023-07-03,34100.0
418550,2023-07-04,33550.0
418550,2023-07-05,34100.0
418550,2023-07-06,32300.0
418550,2023-07-07,32050.0
418550,2023-07-10,31200.0
418550,2023-07-11,32100.0
418550,2023-07-12,31300.0
418550,2023-07-13,31850.0
418550,2023-07-14,35600.0
418550,2023-07-17,34350.0
418550,2023-07-18,35800.0
418550,2023-07-19,35200.0
418550,2023-07-20,34750.0
418550,2023-07-21,36350.0
418550,2023-07-24,38800.0
418550,2023-07-25,38350.0
418550,2023-07-26,33250.0
418550,2023-07-27,29600.0
418550,2023-07-28,31150.0
418550,2023-07-31,32150.0
418550,2023-08-01,30250.0
418550,2023-08-02,28950.0
418550,2023-08-03,28750.0
418550,2023-08-04,28100.0
418550,2023-08-07,27000.0
418550,2023-08-08,27200.0
418550,2023-08-09,27750.0
418550,2023-08-10,28400.0
418550,2023-08-11,27400.0
418550,2023-08-14,26950.0
418550,2023-08-16,27000.0
418550,2023-08-17,30300.0
418550,2023-08-18,31000.0
420770,2023-12-28,73800.0
420770,2024-01-02,77200.0
420770,2024-01-03,75400.0
420770,2024-01-04,74400.0
420770,2024-01-05,75700.0
420770,2024-01-08,73700.0
420770,2024-01-09,76300.0
420770,2024-01-10,73400.0
420770,2024-01-11,72900.0
420770,2024-01-12,71400.0
420770,2024-01-15,71600.0
420770,2024-01-16,71600.0
420770,2024-01-17,70000.0
420770,2024-01-18,70900.0
420770,2024-01-19,72500.0
420770,2024-01-22,78900.0
420770,2024-01-23,78900.0
420770,2024-01-24,81000.0
420770,2024-01-25,77600.0
420770,2024-01-26,75800.0
420770,2024-01-29,75100.0
420770,2024-01-30,73800.0
420770,2024-01-31,69500.0
420770,2024-02-01,65300.0
420770,2024-02-02,66700.0
420770,2024-02-05,67000.0
420770,2024-02-06,68700.0
420770,2024-02-07,66300.0
420770,2024-02-08,67300.0
420770,2024-02-13,69500.0
420770,2024-02-14,72400.0
420770,2024-02-15,73500.0
420770,2024-02-16,71600.0
425040,2023-02-27,18500.0
425040,2023-02-28,18525.0
425040,2023-03-02,18250.0
425040,2023-03-03,18600.0
425040,2023-03-06,17975.0
425040,2023-03-07,16975.0
425040,2023-03-08,16150.0
425040,2023-03-09,16600.0
425040,2023-03-10,15550.0
425040,2023-03-13,14950.0
425040,2023-03-14,14350.0
425040,2023-03-15,14625.0
425040,2023-03-16,15575.0
425040,2023-03-17,15875.0
425040,2023-03-20,15750.0
425040,2023-03-21,16275.0
425040,2023-03-22,16700.0
425040,2023-03-23,16350.0
425040,2023-03-24,18625.0
425040,2023-03-27,19250.0
425040,2023-03-28,19250.0
425040,2023-03-29,18900.0
425040,2023-03-30,20250.0
425040,2023-03-31,20275.0
425040,2023-04-03,19750.0
425040,2023-04-04,19925.0
425040,2023-04-05,19600.0
425040,2023-04-06,19175.0
425040,2023-04-07,20550.0
425040,2023-04-10,19925.0
425040,2023-04-11,22500.0
425040,2023-04-12,21875.0
425040,2023-04-13,22975.0
425040,2023-04-14,21900.0
425040,2023-04-17,21250.0
425040,2023-04-18,20650.0
437730,2024-12-02,7800.0
437730,2024-12-03,8150.0
437730,2024-12-04,7670.0
437730,2024-12-05,7090.0
437730,2024-12-06,6800.0
437730,2024-12-09,5960.0
437730,2024-12-10,6220.0
437730,2024-12-11,6440.0
437730,2024-12-12,6550.0
437730,2024-12-13,6500.0
437730,2024-12-16,6660.0
437730,2024-12-17,6640.0
437730,2024-12-18,6560.0
437730,2024-12-19,6290.0
437730,2024-12-20,6060.0
437730,2024-12-23,6230.0
437730,2024-12-24,6220.0
437730,2024-12-26,7600.0
437730,2024-12-27,9010.0
437730,2024-12-30,9220.0
437730,2025-01-02,10310.0
437730,2025-01-03,9370.0
437730,2025-01-06,9360.0
437730,2025-01-07,9050.0
437730,2025-01-08,8900.0
437730,2025-01-09,9430.0
437730,2025-01-10,10410.0
437730,2025-01-13,10240.0
437730,2025-01-14,10020.0
437730,2025-01-15,9830.0
437730,2025-01-16,10020.0
437730,2025-01-17,9600.0
437730,2025-01-20,9700.0
437730,2025-01-21,9710.0
439090,2024-10-14,20350.0
439090,2024-10-15,20150.0
439090,2024-10-16,20050.0
439090,2024-10-17,20450.0
439090,2024-10-18,20150.0
439090,2024-10-21,20150.0
439090,2024-10-22,19470.0
439090,2024-10-23,19220.0
439090,2024-10-24,18600.0
439090,2024-10-25,18000.0
439090,2024-10-28,18510.0
439090,2024-10-29,18470.0
439090,2024-10-30,18440.0
439090,2024-10-31,18340.0
439090,2024-11-01,18680.0
439090,2024-11-04,19140.0
439090,2024-11-05,19200.0
439090,2024-11-06,18800.0
439090,2024-11-07,21200.0
439090,2024-11-08,20850.0
439090,2024-11-11,19490.0
439090,2024-11-12,18000.0
439090,2024-11-13,17140.0
439090,2024-11-14,16050.0
439090,2024-11-15,16710.0
439090,2024-11-18,16770.0
439090,2024-11-19,16920.0
439090,2024-11-20,16420.0
439090,2024-11-21,16270.0
439090,2024-11-22,16270.0
439090,2024-11-25,16720.0
439090,2024-11-26,16770.0
439090,2024-11-27,16440.0
439090,2024-11-28,16380.0
439090,2024-11-29,16110.0
439090,2024-12-02,15880.0
439580,2024-06-07,4339.1734104046245
439580,2024-06-10,4175.745664739885
439580,2024-06-11,4285.809248554913
439580,2024-06-12,4405.878612716763
439580,2024-06-13,4402.543352601157
439580,2024-06-14,4182.416184971099
439580,2024-06-17,4149.063583815029
439580,2024-06-18,4015.653179190752
439580,2024-06-19,3975.630057803469
439580,2024-06-20,3978.965317919076
439580,2024-06-21,3808.8670520231217
439580,2024-06-24,3632.098265895954
439580,2024-06-25,3665.450867052024
439580,2024-06-26,3635.433526011561
439580,2024-06-27,3542.046242774567
439580,2024-06-28,3575.3988439306363
439580,2024-07-01,4425.890173410405
439580,2024-07-02,5166.317919075145
439580,2024-07-03,5166.317919075145
439580,2024-07-04,5236.358381502891
439580,2024-07-05,5006.225433526012
439580,2024-07-08,5759.994219653179
439580,2024-07-09,5836.70520231214
439580,2024-07-10,5729.976878612717
439580,2024-07-11,5609.907514450868
439580,2024-07-12,5156.3121387283245
439580,2024-07-15,5086.271676300578
439580,2024-07-16,5122.959537572255
439580,2024-07-17,4836.1271676300585
439580,2024-07-18,4636.011560693642
439580,2024-07-19,4849.468208092486
439580,2024-07-22,4659.358381502891
439580,2024-07-23,5296.393063583815
439580,2024-07-24,5162.982658959538
439580,2024-07-25,4912.838150289018
439580,2024-07-26,4826.121387283238
439580,2024-07-29,4772.757225433526
439580,2024-07-30,4532.618497109827
439580,2024-07-31,4212.433526011561
439580,2024-08-01,4222.439306358382
439580,2024-08-02,3958.953757225434
439580,2024-08-05,3465.335260115607
439580,2024-08-06,3722.1502890173415
439580,2024-08-07,3978.965317919076
439580,2024-08-08,5169.653179190752
439580,2024-08-09,6226.930635838151
439580,2024-08-12,6303.64161849711
439580,2024-08-13,6186.907514450868
439580,2024-08-14,6053.497109826591
439580,2024-08-16,6086.849710982659
439580,2024-08-19,6126.872832369942
439580,2024-08-20,6236.936416184972
439580,2024-08-21,5843.375722543353
439580,2024-08-22,5676.612716763007
439580,2024-08-23,5569.884393063584
439580,2024-08-26,5639.92485549133
439580,2024-08-27,5759.994219653179
439580,2024-08-28,6186.907514450868
439580,2024-08-29,7037.398843930637
439580,2024-08-30,7204.161849710983
439580,2024-09-02,7204.161849710983
439580,2024-09-03,7037.398843930637
440110,2023-12-01,19600.0
440110,2023-12-04,19080.0
440110,2023-12-05,18200.0
440110,2023-12-06,18450.0
440110,2023-12-07,17950.0
440110,2023-12-08,19320.0
440110,2023-12-11,20350.0
440110,2023-12-12,20200.0
440110,2023-12-13,21850.0
440110,2023-12-14,21000.0
440110,2023-12-15,20600.0
440110,2023-12-18,20800.0
440110,2023-12-19,21350.0
440110,2023-12-20,22450.0
440110,2023-12-21,22400.0
440110,2023-12-22,22850.0
440110,2023-12-26,22900.0
440110,2023-12-27,22550.0
440110,2023-12-28,23350.0
440110,2024-01-02,25000.0
440110,2024-01-03,24400.0
440110,2024-01-04,24400.0
440110,2024-01-05,24650.0
440110,2024-01-08,26450.0
440110,2024-01-09,26000.0
440110,2024-01-10,24450.0
440110,2024-01-11,24750.0
440110,2024-01-12,23900.0
440110,2024-01-15,24450.0
440110,2024-01-16,22900.0
440110,2024-01-17,22400.0
440110,2024-01-18,22850.0
440110,2024-01-19,22400.0
440110,2024-03-25,15230.0
440110,2024-03-26,16780.0
440110,2024-03-27,17120.0
440110,2024-03-28,16680.0
440110,2024-03-29,15900.0
440110,2024-04-01,16180.0
440110,2024-04-02,18020.0
440110,2024-04-03,19010.0
440110,2024-04-04,18500.0
440110,2024-04-05,20100.0
440110,2024-04-08,18880.0
440110,2024-04-09,16910.0
440110,2024-04-11,16900.0
440110,2024-04-12,17530.0
440110,2024-04-15,19830.0
440110,2024-04-16,18260.0
440110,2024-04-17,20750.0
440110,2024-04-18,20200.0
440110,2024-04-19,19490.0
440110,2024-04-22,19550.0
440110,2024-04-23,19020.0
440110,2024-04-24,19400.0
440110,2024-04-25,18940.0
440110,2024-04-26,20150.0
440110,2024-04-29,20100.0
440110,2024-04-30,19130.0
440110,2024-05-02,18870.0
440110,2024-05-03,18100.0
440110,2024-05-07,18020.0
440110,2024-05-08,17570.0
440110,2024-05-09,17990.0
440110,2024-05-10,17510.0
443670,2024-10-31,7210.0
443670,2024-11-01,7320.0
443670,2024-11-04,7370.0
443670,2024-11-05,7410.0
443670,2024-11-06,7180.0
443670,2024-11-07,6760.0
443670,2024-11-08,6960.0
443670,2024-11-11,6340.0
443670,2024-11-12,5780.0
443670,2024-11-13,5510.0
443670,2024-11-14,5600.0
443670,2024-11-15,5760.0
443670,2024-11-18,5880.0
443670,2024-11-19,6080.0
443670,2024-11-20,5840.0
443670,2024-11-21,5660.0
443670,2024-11-22,7350.0
443670,2024-11-25,8600.0
443670,2024-11-26,8700.0
443670,2024-11-27,9100.0
443670,2024-11-28,9130.0
443670,2024-11-29,8550.0
443670,2024-12-02,8410.0
443670,2024-12-03,8620.0
443670,2024-12-04,7800.0
443670,2024-12-05,8130.0
443670,2024-12-06,7640.0
443670,2024-12-09,6810.0
443670,2024-12-10,7830.0
443670,2024-12-11,8350.0
443670,2024-12-12,8200.0
443670,2024-12-13,9030.0
443670,2024-12-16,9650.0
443670,2024-12-17,9570.0
443670,2024-12-18,9330.0
443670,2024-12-19,9170.0
443670,2024-12-20,8780.0
445090,2024-01-29,46350.0
445090,2024-01-30,48100.0
445090,2024-01-31,46000.0
445090,2024-02-01,42400.0
445090,2024-02-02,43000.0
445090,2024-02-05,40150.0
445090,2024-02-06,41700.0
445090,2024-02-07,40800.0
445090,2024-02-08,45900.0
445090,2024-02-13,52100.0
445090,2024-02-14,52900.0
445090,2024-02-15,56700.0
445090,2024-02-16,53300.0
445090,2024-02-19,51500.0
445090,2024-02-20,49800.0
445090,2024-02-21,51900.0
445090,2024-02-22,60000.0
445090,2024-02-23,72100.0
445090,2024-02-26,76200.0
445090,2024-02-27,68000.0
445090,2024-02-28,67300.0
445090,2024-02-29,66300.0
445090,2024-03-04,71800.0
445090,2024-03-05,69000.0
445090,2024-03-06,68700.0
445090,2024-03-07,75500.0
445090,2024-03-08,72500.0
445090,2024-03-11,66600.0
445090,2024-03-12,75300.0
445090,2024-03-13,74300.0
445090,2024-03-14,72000.0
445090,2024-03-15,70200.0
445090,2024-03-18,73100.0
445680,2024-07-01,24381.761442441057
445680,2024-07-02,23706.574202496533
445680,2024-07-03,21405.936199722608
445680,2024-07-04,21005.82524271845
445680,2024-07-05,21906.07489597781
445680,2024-07-08,20730.748959778088
445680,2024-07-09,21105.85298196949
445680,2024-07-10,20705.74202496533
445680,2024-07-11,20505.686546463246
445680,2024-07-12,20555.700416088766
445680,2024-07-15,20580.707350901528
445680,2024-07-16,20230.610263522885
445680,2024-07-17,20380.651872399445
445680,2024-07-18,20405.658807212207
445680,2024-07-19,21255.89459084605
445680,2024-07-22,21255.89459084605
445680,2024-07-23,23031.386962552013
445680,2024-07-24,22956.36615811373
445680,2024-07-25,22156.14424410541
445680,2024-07-26,25757.14285714286
445680,2024-07-29,24281.733703190013
445680,2024-07-30,24131.692094313454
445680,2024-07-31,23081.400832177533
445680,2024-08-01,23231.44244105409
445680,2024-08-02,22106.13037447989
445680,2024-08-05,18030.0
445680,2024-08-06,20550.0
445680,2024-08-07,20600.0
445680,2024-08-08,22900.0
445680,2024-08-09,23000.0
445680,2024-08-12,22500.0
445680,2024-08-13,22150.0
445680,2024-08-14,21250.0
445680,2024-08-16,21150.0
445680,2024-08-19,21250.0
445680,2024-08-20,21900.0
450080,2024-08-05,72300.0
450080,2024-08-06,80200.0
450080,2024-08-07,77300.0
450080,2024-08-08,74300.0
450080,2024-08-09,83300.0
450080,2024-08-12,85600.0
450080,2024-08-13,83100.0
450080,2024-08-14,83700.0
450080,2024-08-16,83000.0
450080,2024-08-19,79000.0
450080,2024-08-20,79600.0
450080,2024-08-21,81400.0
450080,2024-08-22,82200.0
450080,2024-08-23,80200.0
450080,2024-08-26,83600.0
450080,2024-08-27,83600.0
450080,2024-08-28,83500.0
450080,2024-08-29,89700.0
450080,2024-08-30,90800.0
450080,2024-09-02,95000.0
450080,2024-09-03,92000.0
450080,2024-09-04,89000.0
450080,2024-09-05,92600.0
450080,2024-09-06,90800.0
450080,2024-09-09,95100.0
450080,2024-09-10,92100.0
450080,2024-09-11,93300.0
450080,2024-09-12,99300.0
450080,2024-09-13,103600.0
450080,2024-09-19,104200.0
450080,2024-09-20,105300.0
450080,2024-09-23,116200.0
451250,2024-08-12,13990.0
451250,2024-08-13,13280.0
451250,2024-08-14,13500.0
451250,2024-08-16,14230.0
451250,2024-08-19,14050.0
451250,2024-08-20,13910.0
451250,2024-08-21,13590.0
451250,2024-08-22,13310.0
451250,2024-08-23,13110.0
451250,2024-08-26,12540.0
451250,2024-08-27,12650.0
451250,2024-08-28,12240.0
451250,2024-08-29,11720.0
451250,2024-08-30,11880.0
451250,2024-09-02,12670.0
451250,2024-09-03,13600.0
451250,2024-09-04,14230.0
451250,2024-09-05,13680.0
451250,2024-09-06,14440.0
451250,2024-09-09,14610.0
451250,2024-09-10,13770.0
451250,2024-09-11,13930.0
451250,2024-09-12,14100.0
451250,2024-09-13,13730.0
451250,2024-09-19,13350.0
451250,2024-09-20,13330.0
451250,2024-09-23,13340.0
451250,2024-09-24,13000.0
451250,2024-09-25,13540.0
451250,2024-09-26,13700.0
451250,2024-09-27,14190.0
451250,2024-09-30,13920.0
451760,2024-03-04,16670.0
451760,2024-03-05,16320.0
451760,2024-03-06,16070.0
451760,2024-03-07,15350.0
451760,2024-03-08,15750.0
451760,2024-03-11,16730.0
451760,2024-03-12,16800.0
451760,2024-03-13,16950.0
451760,2024-03-14,16550.0
451760,2024-03-15,15870.0
451760,2024-03-18,15900.0
451760,2024-03-19,15680.0
451760,2024-03-20,15510.0
451760,2024-03-21,15500.0
451760,2024-03-22,16540.0
451760,2024-03-25,16500.0
451760,2024-03-26,16530.0
451760,2024-03-27,16860.0
451760,2024-03-28,18740.0
451760,2024-03-29,19450.0
451760,2024-04-01,21300.0
451760,2024-04-02,20250.0
451760,2024-04-03,20450.0
451760,2024-04-04,20350.0
451760,2024-04-05,19680.0
451760,2024-04-08,18550.0
451760,2024-04-09,18360.0
451760,2024-04-11,18220.0
451760,2024-04-12,17510.0
451760,2024-04-15,17200.0
451760,2024-04-16,16020.0
451760,2024-04-17,16350.0
451760,2024-04-18,16950.0
451760,2024-04-19,16740.0
451760,2024-04-22,17230.0
452190,2024-07-19,4525.0
452190,2024-07-22,4350.0
452190,2024-07-23,4240.0
452190,2024-07-24,4200.0
452190,2024-07-25,4205.0
452190,2024-07-26,4100.0
452190,2024-07-29,4170.0
452190,2024-07-30,4060.0
452190,2024-07-31,4080.0
452190,2024-08-01,4320.0
452190,2024-08-02,4045.0
452190,2024-08-05,3340.0
452190,2024-08-06,3670.0
452190,2024-08-07,3680.0
452190,2024-08-08,3520.0
452190,2024-08-09,3655.0
452190,2024-08-12,4555.0
452190,2024-08-13,4910.0
452190,2024-08-14,4720.0
452190,2024-08-16,4575.0
452190,2024-08-19,4585.0
452190,2024-08-20,5480.0
452190,2024-08-21,5350.0
452190,2024-08-22,4770.0
452190,2024-08-23,5290.0
452190,2024-08-26,5730.0
452190,2024-08-27,5710.0
452190,2024-08-28,5500.0
452190,2024-08-29,6110.0
452190,2024-08-30,6110.0
452190,2024-09-02,6110.0
452190,2024-09-03,6220.0
452190,2024-09-04,5620.0
452190,2024-09-05,6060.0
452190,2024-09-06,5740.0
452260,2024-01-26,1177.0
452260,2024-01-29,1239.0
452260,2024-01-30,1351.0
452260,2024-01-31,1352.0
452260,2024-02-01,1403.0
452260,2024-02-02,1384.0
452260,2024-02-05,1385.0
452260,2024-02-06,1301.0
452260,2024-02-07,1303.0
452260,2024-02-08,1299.0
452260,2024-02-13,1315.0
452260,2024-02-14,1371.0
452260,2024-02-15,1333.0
452260,2024-02-16,1322.0
452260,2024-02-19,1369.0
452260,2024-02-20,1666.0
452260,2024-02-21,1667.0
452260,2024-02-22,1584.0
452260,2024-02-23,1536.0
452260,2024-02-26,1475.0
452260,2024-02-27,1511.0
452260,2024-02-28,1488.0
452260,2024-02-29,1452.0
452260,2024-03-04,1540.0
452260,2024-03-05,1506.0
452260,2024-03-06,1470.0
452260,2024-03-07,1451.0
452260,2024-03-08,1415.0
452260,2024-03-11,1415.0
452260,2024-03-12,1410.0
452260,2024-03-13,1410.0
452260,2024-03-14,1451.0
452260,2024-03-15,1445.0
453450,2024-07-19,28800.0
453450,2024-07-22,29200.0
453450,2024-07-23,30750.0
453450,2024-07-24,29100.0
453450,2024-07-25,27000.0
453450,2024-07-26,27950.0
453450,2024-07-29,27800.0
453450,2024-07-30,25850.0
453450,2024-07-31,25150.0
453450,2024-08-01,25900.0
453450,2024-08-02,23800.0
453450,2024-08-05,20100.0
453450,2024-08-06,21200.0
453450,2024-08-07,21900.0
453450,2024-08-08,21450.0
453450,2024-08-09,22100.0
453450,2024-08-12,28700.0
453450,2024-08-13,33700.0
453450,2024-08-14,33300.0
453450,2024-08-16,32050.0
453450,2024-08-19,34950.0
453450,2024-08-20,35350.0
453450,2024-08-21,32850.0
453450,2024-08-22,32350.0
453450,2024-08-23,31450.0
453450,2024-08-26,30650.0
453450,2024-08-27,30000.0
453450,2024-08-28,30950.0
453450,2024-08-29,30700.0
453450,2024-08-30,31400.0
453450,2024-09-02,32200.0
453450,2024-09-03,32050.0
453450,2024-09-04,28100.0
453450,2024-09-05,27050.0
453450,2024-09-06,24200.0
454910,2024-02-15,83700.0
454910,2024-02-16,81100.0
454910,2024-02-19,79800.0
454910,2024-02-20,79300.0
454910,2024-02-21,77500.0
454910,2024-02-22,81300.0
454910,2024-02-23,79100.0
454910,2024-02-26,77800.0
454910,2024-02-27,76300.0
454910,2024-02-28,74800.0
454910,2024-02-29,73900.0
454910,2024-03-04,78600.0
454910,2024-03-05,78200.0
454910,2024-03-06,80700.0
454910,2024-03-07,79400.0
454910,2024-03-08,82400.0
454910,2024-03-11,89000.0
454910,2024-03-12,85900.0
454910,2024-03-13,89900.0
454910,2024-03-14,92000.0
454910,2024-03-15,87100.0
454910,2024-03-18,93000.0
454910,2024-03-19,93800.0
454910,2024-03-20,93500.0
454910,2024-03-21,91800.0
454910,2024-03-22,92100.0
454910,2024-03-25,90900.0
454910,2024-03-26,90900.0
454910,2024-03-27,89400.0
454910,2024-03-28,88300.0
454910,2024-03-29,88200.0
454910,2024-04-01,84900.0
454910,2024-04-02,81700.0
454910,2024-04-03,81200.0
454910,2024-04-04,80400.0
454910,2024-04-05,74700.0
457190,2024-05-16,54500.0
457190,2024-05-17,53100.0
457190,2024-05-20,55400.0
457190,2024-05-21,52400.0
457190,2024-05-22,50000.0
457190,2024-05-23,48050.0
457190,2024-05-24,46350.0
457190,2024-05-27,47550.0
457190,2024-05-28,45300.0
457190,2024-05-29,43200.0
457190,2024-05-30,45100.0
457190,2024-05-31,49400.0
457190,2024-06-03,51900.0
457190,2024-06-04,51600.0
457190,2024-06-05,53200.0
457190,2024-06-07,54500.0
457190,2024-06-10,57600.0
457190,2024-06-11,58000.0
457190,2024-06-12,56500.0
457190,2024-06-13,58000.0
457190,2024-06-14,54400.0
457190,2024-06-17,54400.0
457190,2024-06-18,52900.0
457190,2024-06-19,52600.0
457190,2024-06-20,48950.0
457190,2024-06-21,48900.0
457190,2024-06-24,47600.0
457190,2024-06-25,48800.0
457190,2024-06-26,46800.0
457190,2024-06-27,45900.0
457190,2024-06-28,47700.0
457190,2024-07-01,47550.0
457190,2024-07-02,45500.0
457190,2024-07-03,45950.0
457190,2024-07-04,44950.0
457190,2024-07-05,45100.0
457190,2024-07-25,36050.0
457190,2024-07-26,35450.0
457190,2024-07-29,35050.0
457190,2024-07-30,35300.0
457190,2024-07-31,34700.0
457190,2024-08-01,35700.0
457190,2024-08-02,33200.0
457190,2024-08-05,27800.0
457190,2024-08-06,30550.0
457190,2024-08-07,30200.0
457190,2024-08-08,29850.0
457190,2024-08-09,31200.0
457190,2024-08-12,32350.0
457190,2024-08-13,36600.0
457190,2024-08-14,38250.0
457190,2024-08-16,38150.0
457190,2024-08-19,40250.0
457190,2024-08-20,52300.0
457190,2024-08-21,48850.0
457190,2024-08-22,47450.0
457190,2024-08-23,45350.0
457190,2024-08-26,45350.0
457190,2024-08-27,43500.0
457190,2024-08-28,44150.0
457190,2024-08-29,50500.0
457190,2024-08-30,53100.0
457190,2024-09-02,53400.0
457190,2024-09-03,50800.0
457190,2024-09-04,52000.0
457190,2024-09-05,54200.0
457190,2024-09-06,48750.0
457190,2024-09-09,44400.0
457190,2024-09-10,43350.0
457190,2024-09-11,46200.0
457190,2024-09-12,47200.0
457190,2024-09-13,48000.0
462510,2024-07-22,11600.0
462510,2024-07-23,12410.0
462510,2024-07-24,12170.0
462510,2024-07-25,11110.0
462510,2024-07-26,12440.0
462510,2024-07-29,12260.0
462510,2024-07-30,12000.0
462510,2024-07-31,11970.0
462510,2024-08-01,11970.0
462510,2024-08-02,11530.0
462510,2024-08-05,9920.0
462510,2024-08-06,10200.0
462510,2024-08-07,12100.0
462510,2024-08-08,13040.0
462510,2024-08-09,12700.0
462510,2024-08-12,12520.0
462510,2024-08-13,11690.0
462510,2024-08-14,11690.0
462510,2024-08-16,14100.0
462510,2024-08-19,13500.0
462510,2024-08-20,13250.0
462510,2024-08-21,12700.0
462510,2024-08-22,12590.0
462510,2024-08-23,12450.0
462510,2024-08-26,12250.0
462510,2024-08-27,12510.0
462510,2024-08-28,12670.0
462510,2024-08-29,12480.0
462510,2024-08-30,15220.0
462510,2024-09-02,15050.0
462510,2024-09-03,16900.0
462510,2024-09-04,16630.0
462510,2024-09-05,16760.0
462510,2024-09-06,15000.0
462510,2024-09-09,14960.0
462510,2024-09-10,15110.0
462870,2024-09-12,62000.0
462870,2024-09-13,61000.0
462870,2024-09-19,58700.0
462870,2024-09-20,60300.0
462870,2024-09-23,59200.0
462870,2024-09-24,58200.0
462870,2024-09-25,57200.0
462870,2024-09-26,57900.0
462870,2024-09-27,56100.0
462870,2024-09-30,56500.0
462870,2024-10-02,55900.0
462870,2024-10-04,56200.0
462870,2024-10-07,64500.0
462870,2024-10-08,61100.0
462870,2024-10-10,60100.0
462870,2024-10-11,58700.0
462870,2024-10-14,60000.0
462870,2024-10-15,61800.0
462870,2024-10-16,58800.0
462870,2024-10-17,58400.0
462870,2024-10-18,58800.0
462870,2024-10-21,58800.0
462870,2024-10-22,60200.0
462870,2024-10-23,58900.0
462870,2024-10-24,58000.0
462870,2024-10-25,58000.0
462870,2024-10-28,61300.0
462870,2024-10-29,64000.0
462870,2024-10-30,65000.0
462870,2024-10-31,64700.0
462870,2024-11-01,66600.0
462870,2024-11-18,48450.0
462870,2024-11-19,51200.0
462870,2024-11-20,51200.0
462870,2024-11-21,51100.0
462870,2024-11-22,49400.0
462870,2024-11-25,54100.0
462870,2024-11-26,55500.0
462870,2024-11-27,56000.0
462870,2024-11-28,58000.0
462870,2024-11-29,58400.0
462870,2024-12-02,60100.0
462870,2024-12-03,59400.0
462870,2024-12-04,61000.0
462870,2024-12-05,57100.0
462870,2024-12-06,56900.0
462870,2024-12-09,53700.0
462870,2024-12-10,54900.0
462870,2024-12-11,57300.0
462870,2024-12-12,56300.0
462870,2024-12-13,63100.0
462870,2024-12-16,62300.0
462870,2024-12-17,61100.0
462870,2024-12-18,60100.0
462870,2024-12-19,61600.0
462870,2024-12-20,61000.0
462870,2024-12-23,61700.0
462870,2024-12-24,62200.0
462870,2024-12-26,60900.0
462870,2024-12-27,62700.0
462870,2024-12-30,63400.0
462870,2025-01-02,61200.0
462870,2025-01-03,60400.0
462870,2025-01-06,64300.0
462870,2025-01-07,64800.0
464080,2024-08-05,5250.0
464080,2024-08-06,5710.0
464080,2024-08-07,6090.0
464080,2024-08-08,5690.0
464080,2024-08-09,5770.0
464080,2024-08-12,5830.0
464080,2024-08-13,5800.0
464080,2024-08-14,5620.0
464080,2024-08-16,5800.0
464080,2024-08-19,5270.0
464080,2024-08-20,5450.0
464080,2024-08-21,5320.0
464080,2024-08-22,5250.0
464080,2024-08-23,5150.0
464080,2024-08-26,5920.0
464080,2024-08-27,6250.0
464080,2024-08-28,6380.0
464080,2024-08-29,6580.0
464080,2024-08-30,6750.0
464080,2024-09-02,7180.0
464080,2024-09-03,7420.0
464080,2024-09-04,7010.0
464080,2024-09-05,7820.0
464080,2024-09-06,7440.0
464080,2024-09-09,7470.0
464080,2024-09-10,6800.0
464080,2024-09-11,6930.0
464080,2024-09-12,7410.0
464080,2024-09-13,7420.0
464080,2024-09-19,7350.0
464080,2024-09-20,7000.0
464080,2024-09-23,7680.0
465770,2023-11-06,12170.0
465770,2023-11-07,11320.0
465770,2023-11-08,10970.0
465770,2023-11-09,10840.0
465770,2023-11-10,10400.0
465770,2023-11-13,12460.0
465770,2023-11-14,11700.0
465770,2023-11-15,12250.0
465770,2023-11-16,12150.0
465770,2023-11-17,11460.0
465770,2023-11-20,12140.0
465770,2023-11-21,12110.0
465770,2023-11-22,12560.0
465770,2023-11-23,12150.0
465770,2023-11-24,11710.0
465770,2023-11-27,11820.0
465770,2023-11-28,11550.0
465770,2023-11-29,11420.0
465770,2023-11-30,12810.0
465770,2023-12-01,12530.0
465770,2023-12-04,15200.0
465770,2023-12-05,15100.0
465770,2023-12-06,14950.0
465770,2023-12-07,14070.0
465770,2023-12-08,13600.0
465770,2023-12-11,13680.0
465770,2023-12-12,13960.0
465770,2023-12-13,13230.0
465770,2023-12-14,13310.0
465770,2023-12-15,12950.0
465770,2023-12-18,13890.0
465770,2023-12-19,13530.0
465770,2023-12-20,13610.0
465770,2023-12-21,13150.0
465770,2023-12-22,12980.0
466100,2024-12-02,7283.884156729131
466100,2024-12-03,7425.9625212947185
466100,2024-12-04,6819.7614991482105
466100,2024-12-05,6488.245315161839
466100,2024-12-06,6043.066439522998
466100,2024-12-09,5398.977853492333
466100,2024-12-10,5749.437819420783
466100,2024-12-11,5976.763202725724
466100,2024-12-12,5957.819420783645
466100,2024-12-13,6071.482112436115
466100,2024-12-16,6251.44804088586
466100,2024-12-17,6308.279386712095
466100,2024-12-18,6213.560477001704
466100,2024-12-19,6355.638841567291
466100,2024-12-20,5844.156729131175
466100,2024-12-23,6099.897785349233
466100,2024-12-24,7435.434412265758
466100,2024-12-26,7672.231686541737
466100,2024-12-27,7880.613287904599
466100,2024-12-30,8439.45485519591
466100,2025-01-02,10599.045996592844
466100,2025-01-03,10475.911413969336
466100,2025-01-06,10892.67461669506
466100,2025-01-07,10419.0800681431
466100,2025-01-08,10011.788756388416
466100,2025-01-09,10599.045996592844
466100,2025-01-10,10807.427597955706
466100,2025-01-13,11318.909710391825
466100,2025-01-14,11460.98807495741
466100,2025-01-15,10674.82112436116
466100,2025-01-16,11176.831345826236
466100,2025-01-17,11186.303236797274
466100,2025-01-20,11224.19080068143
466100,2025-01-21,11214.718909710393
